========================================
SLURM Job Started: 2737
========================================
Installiere Dependencies...
Defaulting to user installation because normal site-packages is not writeable
Requirement already satisfied: dominate in /workspace/home/.local/lib/python3.10/site-packages (2.9.1)
Requirement already satisfied: visdom in /workspace/home/.local/lib/python3.10/site-packages (0.2.4)
Requirement already satisfied: wandb in /workspace/home/.local/lib/python3.10/site-packages (0.25.0)
Requirement already satisfied: numpy>=1.8 in /opt/conda/lib/python3.10/site-packages (from visdom) (1.26.3)
Requirement already satisfied: scipy in /workspace/home/.local/lib/python3.10/site-packages (from visdom) (1.15.3)
Requirement already satisfied: requests in /opt/conda/lib/python3.10/site-packages (from visdom) (2.31.0)
Requirement already satisfied: tornado in /workspace/home/.local/lib/python3.10/site-packages (from visdom) (6.5.4)
Requirement already satisfied: six in /opt/conda/lib/python3.10/site-packages (from visdom) (1.16.0)
Requirement already satisfied: jsonpatch in /opt/conda/lib/python3.10/site-packages (from visdom) (1.32)
Requirement already satisfied: websocket-client in /workspace/home/.local/lib/python3.10/site-packages (from visdom) (1.9.0)
Requirement already satisfied: networkx in /opt/conda/lib/python3.10/site-packages (from visdom) (3.1)
Requirement already satisfied: pillow in /opt/conda/lib/python3.10/site-packages (from visdom) (10.2.0)
Requirement already satisfied: click>=8.0.1 in /opt/conda/lib/python3.10/site-packages (from wandb) (8.1.7)
Requirement already satisfied: gitpython!=3.1.29,>=1.0.0 in /workspace/home/.local/lib/python3.10/site-packages (from wandb) (3.1.46)
Requirement already satisfied: packaging in /opt/conda/lib/python3.10/site-packages (from wandb) (23.1)
Requirement already satisfied: platformdirs in /opt/conda/lib/python3.10/site-packages (from wandb) (3.10.0)
Requirement already satisfied: protobuf!=4.21.0,!=5.28.0,<7,>=3.19.0 in /workspace/home/.local/lib/python3.10/site-packages (from wandb) (6.33.5)
Requirement already satisfied: pydantic<3 in /workspace/home/.local/lib/python3.10/site-packages (from wandb) (2.12.5)
Requirement already satisfied: pyyaml in /opt/conda/lib/python3.10/site-packages (from wandb) (6.0.1)
Requirement already satisfied: sentry-sdk>=2.0.0 in /workspace/home/.local/lib/python3.10/site-packages (from wandb) (2.53.0)
Requirement already satisfied: typing-extensions<5,>=4.8 in /workspace/home/.local/lib/python3.10/site-packages (from wandb) (4.15.0)
Requirement already satisfied: gitdb<5,>=4.0.1 in /workspace/home/.local/lib/python3.10/site-packages (from gitpython!=3.1.29,>=1.0.0->wandb) (4.0.12)
Requirement already satisfied: annotated-types>=0.6.0 in /workspace/home/.local/lib/python3.10/site-packages (from pydantic<3->wandb) (0.7.0)
Requirement already satisfied: pydantic-core==2.41.5 in /workspace/home/.local/lib/python3.10/site-packages (from pydantic<3->wandb) (2.41.5)
Requirement already satisfied: typing-inspection>=0.4.2 in /workspace/home/.local/lib/python3.10/site-packages (from pydantic<3->wandb) (0.4.2)
Requirement already satisfied: charset-normalizer<4,>=2 in /opt/conda/lib/python3.10/site-packages (from requests->visdom) (2.0.4)
Requirement already satisfied: idna<4,>=2.5 in /opt/conda/lib/python3.10/site-packages (from requests->visdom) (3.4)
Requirement already satisfied: urllib3<3,>=1.21.1 in /opt/conda/lib/python3.10/site-packages (from requests->visdom) (2.1.0)
Requirement already satisfied: certifi>=2017.4.17 in /opt/conda/lib/python3.10/site-packages (from requests->visdom) (2024.2.2)
Requirement already satisfied: jsonpointer>=1.9 in /opt/conda/lib/python3.10/site-packages (from jsonpatch->visdom) (2.1)
Requirement already satisfied: smmap<6,>=3.0.1 in /workspace/home/.local/lib/python3.10/site-packages (from gitdb<5,>=4.0.1->gitpython!=3.1.29,>=1.0.0->wandb) (5.0.2)
Starte Stabilitäts-Finetuning ab Epoche 400...
----------------- Options ---------------
               batch_size: 8                             	[default: 1]
                    beta1: 0.5                           
          checkpoints_dir: ./checkpoints                 
           continue_train: True                          	[default: False]
                crop_size: 256                           
                 dataroot: ./datasets/sim2real           	[default: None]
             dataset_mode: unaligned                     
                direction: AtoB                          
             display_freq: 200                           	[default: 400]
          display_winsize: 256                           
                    epoch: 401                           	[default: latest]
              epoch_count: 402                           	[default: 1]
                 gan_mode: lsgan                         
                init_gain: 0.02                          
                init_type: normal                        
                 input_nc: 3                             
                  isTrain: True                          	[default: None]
                 lambda_A: 11.0                          	[default: 10.0]
                 lambda_B: 11.0                          	[default: 10.0]
          lambda_identity: 1.5                           	[default: 0.5]
                load_iter: 0                             	[default: 0]
                load_size: 286                           
                       lr: 1e-05                         	[default: 0.0002]
           lr_decay_iters: 50                            
                lr_policy: linear                        
         max_dataset_size: inf                           
                    model: cycle_gan                     
                 n_epochs: 650                           	[default: 100]
           n_epochs_decay: 20                            	[default: 100]
               n_layers_D: 3                             
                     name: sim2real_stable_finetune      	[default: experiment_name]
                      ndf: 64                            
                     netD: basic                         
                     netG: resnet_9blocks                
                      ngf: 64                            
               no_dropout: True                          
                  no_flip: True                          	[default: False]
                  no_html: False                         
                     norm: instance                      
              num_threads: 4                             
                output_nc: 3                             
                    phase: train                         
                pool_size: 50                            
               preprocess: resize_and_crop               
               print_freq: 100                           
             save_by_iter: False                         
          save_epoch_freq: 1                             	[default: 5]
         save_latest_freq: 5000                          
           serial_batches: False                         
                   suffix:                               
         update_html_freq: 1000                          
                use_wandb: False                         
                  verbose: False                         
       wandb_project_name: CycleGAN-and-pix2pix          
----------------- End -------------------
Initialized with device cuda:0
dataset [UnalignedDataset] was created
The number of training images = 1926
model [CycleGANModel] was created
Initialized with device cuda:0
initialize network with normal
loading the model from checkpoints/sim2real_stable_finetune/401_net_G_A.pth
Initialized with device cuda:0
initialize network with normal
loading the model from checkpoints/sim2real_stable_finetune/401_net_G_B.pth
Initialized with device cuda:0
initialize network with normal
loading the model from checkpoints/sim2real_stable_finetune/401_net_D_A.pth
Initialized with device cuda:0
initialize network with normal
loading the model from checkpoints/sim2real_stable_finetune/401_net_D_B.pth
---------- Networks initialized -------------
[Network G_A] Total number of parameters : 11.378 M
[Network G_B] Total number of parameters : 11.378 M
[Network D_A] Total number of parameters : 2.765 M
[Network D_B] Total number of parameters : 2.765 M
-----------------------------------------------
create web directory checkpoints/sim2real_stable_finetune/web...
[Rank 0] (epoch: 402, iters: 200, time: 0.117, data: 0.789) , D_A: 0.091, G_A: 0.551, cycle_A: 0.056, idt_A: 0.096, D_B: 0.000, G_B: 0.999, cycle_B: 0.166, idt_B: 0.041

[Rank 0] (epoch: 402, iters: 400, time: 0.030, data: 0.002) , D_A: 0.080, G_A: 0.507, cycle_A: 0.089, idt_A: 0.094, D_B: 0.000, G_B: 0.990, cycle_B: 0.170, idt_B: 0.059

[Rank 0] (epoch: 402, iters: 600, time: 0.030, data: 0.003) , D_A: 0.092, G_A: 0.512, cycle_A: 0.047, idt_A: 0.102, D_B: 0.000, G_B: 1.008, cycle_B: 0.184, idt_B: 0.037

[Rank 0] (epoch: 402, iters: 800, time: 0.030, data: 0.002) , D_A: 0.092, G_A: 0.600, cycle_A: 0.073, idt_A: 0.109, D_B: 0.000, G_B: 1.006, cycle_B: 0.190, idt_B: 0.051

[Rank 0] (epoch: 402, iters: 1000, time: 0.118, data: 0.003) , D_A: 0.119, G_A: 0.523, cycle_A: 0.076, idt_A: 0.109, D_B: 0.000, G_B: 1.003, cycle_B: 0.188, idt_B: 0.055

[Rank 0] (epoch: 402, iters: 1200, time: 0.030, data: 0.001) , D_A: 0.089, G_A: 0.529, cycle_A: 0.076, idt_A: 0.103, D_B: 0.000, G_B: 0.998, cycle_B: 0.179, idt_B: 0.052

[Rank 0] (epoch: 402, iters: 1400, time: 0.030, data: 0.003) , D_A: 0.089, G_A: 0.614, cycle_A: 0.062, idt_A: 0.088, D_B: 0.000, G_B: 0.998, cycle_B: 0.159, idt_B: 0.044

[Rank 0] (epoch: 402, iters: 1600, time: 0.030, data: 0.003) , D_A: 0.089, G_A: 0.535, cycle_A: 0.065, idt_A: 0.097, D_B: 0.000, G_B: 1.002, cycle_B: 0.183, idt_B: 0.047

[Rank 0] (epoch: 402, iters: 1800, time: 0.030, data: 0.003) , D_A: 0.077, G_A: 0.571, cycle_A: 0.079, idt_A: 0.100, D_B: 0.000, G_B: 0.981, cycle_B: 0.179, idt_B: 0.056

learning rate 0.0000100 -> 0.0000100
saving the model at the end of epoch 402, iters 1928
End of epoch 402 / 670 	 Time Taken: 55 sec
[Rank 0] (epoch: 403, iters: 72, time: 0.093, data: 0.002) , D_A: 0.100, G_A: 0.599, cycle_A: 0.057, idt_A: 0.102, D_B: 0.000, G_B: 0.990, cycle_B: 0.184, idt_B: 0.041

[Rank 0] (epoch: 403, iters: 272, time: 0.030, data: 0.001) , D_A: 0.100, G_A: 0.521, cycle_A: 0.070, idt_A: 0.099, D_B: 0.000, G_B: 1.010, cycle_B: 0.187, idt_B: 0.052

[Rank 0] (epoch: 403, iters: 472, time: 0.030, data: 0.003) , D_A: 0.100, G_A: 0.704, cycle_A: 0.075, idt_A: 0.098, D_B: 0.000, G_B: 0.997, cycle_B: 0.181, idt_B: 0.049

[Rank 0] (epoch: 403, iters: 672, time: 0.030, data: 0.003) , D_A: 0.089, G_A: 0.602, cycle_A: 0.073, idt_A: 0.112, D_B: 0.000, G_B: 0.996, cycle_B: 0.206, idt_B: 0.051

[Rank 0] (epoch: 403, iters: 872, time: 0.030, data: 0.003) , D_A: 0.084, G_A: 0.647, cycle_A: 0.108, idt_A: 0.109, D_B: 0.000, G_B: 0.994, cycle_B: 0.205, idt_B: 0.081

[Rank 0] (epoch: 403, iters: 1072, time: 0.077, data: 0.004) , D_A: 0.103, G_A: 0.536, cycle_A: 0.088, idt_A: 0.099, D_B: 0.000, G_B: 0.992, cycle_B: 0.184, idt_B: 0.063

[Rank 0] (epoch: 403, iters: 1272, time: 0.030, data: 0.003) , D_A: 0.113, G_A: 0.504, cycle_A: 0.099, idt_A: 0.110, D_B: 0.000, G_B: 0.991, cycle_B: 0.202, idt_B: 0.062

[Rank 0] (epoch: 403, iters: 1472, time: 0.030, data: 0.003) , D_A: 0.091, G_A: 0.673, cycle_A: 0.066, idt_A: 0.097, D_B: 0.000, G_B: 0.997, cycle_B: 0.183, idt_B: 0.052

[Rank 0] (epoch: 403, iters: 1672, time: 0.030, data: 0.002) , D_A: 0.087, G_A: 0.589, cycle_A: 0.094, idt_A: 0.088, D_B: 0.000, G_B: 1.001, cycle_B: 0.153, idt_B: 0.066

[Rank 0] (epoch: 403, iters: 1872, time: 0.030, data: 0.003) , D_A: 0.084, G_A: 0.556, cycle_A: 0.073, idt_A: 0.095, D_B: 0.000, G_B: 1.001, cycle_B: 0.177, idt_B: 0.052

learning rate 0.0000100 -> 0.0000100
saving the model at the end of epoch 403, iters 3856
End of epoch 403 / 670 	 Time Taken: 52 sec
[Rank 0] (epoch: 404, iters: 144, time: 0.082, data: 0.003) , D_A: 0.089, G_A: 0.551, cycle_A: 0.071, idt_A: 0.111, D_B: 0.000, G_B: 1.000, cycle_B: 0.200, idt_B: 0.050

[Rank 0] (epoch: 404, iters: 344, time: 0.030, data: 0.002) , D_A: 0.066, G_A: 0.659, cycle_A: 0.078, idt_A: 0.096, D_B: 0.000, G_B: 0.991, cycle_B: 0.172, idt_B: 0.050

[Rank 0] (epoch: 404, iters: 544, time: 0.030, data: 0.002) , D_A: 0.112, G_A: 0.505, cycle_A: 0.062, idt_A: 0.102, D_B: 0.000, G_B: 0.998, cycle_B: 0.189, idt_B: 0.045

[Rank 0] (epoch: 404, iters: 744, time: 0.030, data: 0.004) , D_A: 0.086, G_A: 0.590, cycle_A: 0.072, idt_A: 0.100, D_B: 0.000, G_B: 0.991, cycle_B: 0.182, idt_B: 0.050

[Rank 0] (epoch: 404, iters: 944, time: 0.030, data: 0.002) , D_A: 0.102, G_A: 0.561, cycle_A: 0.069, idt_A: 0.105, D_B: 0.000, G_B: 1.000, cycle_B: 0.198, idt_B: 0.053

[Rank 0] (epoch: 404, iters: 1144, time: 0.104, data: 0.003) , D_A: 0.094, G_A: 0.687, cycle_A: 0.068, idt_A: 0.091, D_B: 0.000, G_B: 0.999, cycle_B: 0.166, idt_B: 0.044

saving the latest model (epoch 404, total_iters 5000)
[Rank 0] (epoch: 404, iters: 1344, time: 0.030, data: 0.003) , D_A: 0.096, G_A: 0.593, cycle_A: 0.060, idt_A: 0.091, D_B: 0.000, G_B: 0.996, cycle_B: 0.168, idt_B: 0.044

[Rank 0] (epoch: 404, iters: 1544, time: 0.030, data: 0.003) , D_A: 0.064, G_A: 0.634, cycle_A: 0.081, idt_A: 0.103, D_B: 0.000, G_B: 0.998, cycle_B: 0.181, idt_B: 0.058

[Rank 0] (epoch: 404, iters: 1744, time: 0.030, data: 0.004) , D_A: 0.102, G_A: 0.578, cycle_A: 0.065, idt_A: 0.108, D_B: 0.000, G_B: 1.011, cycle_B: 0.207, idt_B: 0.047

learning rate 0.0000100 -> 0.0000100
saving the model at the end of epoch 404, iters 5784
End of epoch 404 / 670 	 Time Taken: 52 sec
[Rank 0] (epoch: 405, iters: 16, time: 0.128, data: 0.003) , D_A: 0.104, G_A: 0.646, cycle_A: 0.080, idt_A: 0.090, D_B: 0.000, G_B: 1.001, cycle_B: 0.170, idt_B: 0.060

[Rank 0] (epoch: 405, iters: 216, time: 0.082, data: 0.003) , D_A: 0.087, G_A: 0.691, cycle_A: 0.099, idt_A: 0.110, D_B: 0.000, G_B: 1.001, cycle_B: 0.195, idt_B: 0.074

[Rank 0] (epoch: 405, iters: 416, time: 0.029, data: 0.004) , D_A: 0.066, G_A: 0.551, cycle_A: 0.069, idt_A: 0.094, D_B: 0.000, G_B: 1.000, cycle_B: 0.170, idt_B: 0.045

[Rank 0] (epoch: 405, iters: 616, time: 0.029, data: 0.004) , D_A: 0.071, G_A: 0.639, cycle_A: 0.095, idt_A: 0.093, D_B: 0.000, G_B: 0.989, cycle_B: 0.170, idt_B: 0.063

[Rank 0] (epoch: 405, iters: 816, time: 0.030, data: 0.003) , D_A: 0.102, G_A: 0.654, cycle_A: 0.076, idt_A: 0.100, D_B: 0.000, G_B: 0.996, cycle_B: 0.186, idt_B: 0.054

[Rank 0] (epoch: 405, iters: 1016, time: 0.030, data: 0.003) , D_A: 0.096, G_A: 0.550, cycle_A: 0.068, idt_A: 0.094, D_B: 0.000, G_B: 0.999, cycle_B: 0.169, idt_B: 0.048

[Rank 0] (epoch: 405, iters: 1216, time: 0.099, data: 0.003) , D_A: 0.103, G_A: 0.582, cycle_A: 0.071, idt_A: 0.095, D_B: 0.000, G_B: 1.008, cycle_B: 0.177, idt_B: 0.052

[Rank 0] (epoch: 405, iters: 1416, time: 0.030, data: 0.002) , D_A: 0.078, G_A: 0.590, cycle_A: 0.076, idt_A: 0.107, D_B: 0.000, G_B: 1.006, cycle_B: 0.191, idt_B: 0.052

[Rank 0] (epoch: 405, iters: 1616, time: 0.031, data: 0.006) , D_A: 0.092, G_A: 0.583, cycle_A: 0.056, idt_A: 0.094, D_B: 0.000, G_B: 1.003, cycle_B: 0.173, idt_B: 0.039

[Rank 0] (epoch: 405, iters: 1816, time: 0.030, data: 0.003) , D_A: 0.112, G_A: 0.679, cycle_A: 0.067, idt_A: 0.112, D_B: 0.000, G_B: 1.004, cycle_B: 0.210, idt_B: 0.046

learning rate 0.0000100 -> 0.0000100
saving the model at the end of epoch 405, iters 7712
End of epoch 405 / 670 	 Time Taken: 54 sec
[Rank 0] (epoch: 406, iters: 88, time: 0.092, data: 0.003) , D_A: 0.082, G_A: 0.588, cycle_A: 0.077, idt_A: 0.099, D_B: 0.000, G_B: 0.987, cycle_B: 0.184, idt_B: 0.054

[Rank 0] (epoch: 406, iters: 288, time: 0.087, data: 0.005) , D_A: 0.067, G_A: 0.610, cycle_A: 0.068, idt_A: 0.100, D_B: 0.000, G_B: 0.998, cycle_B: 0.191, idt_B: 0.047

[Rank 0] (epoch: 406, iters: 488, time: 0.030, data: 0.003) , D_A: 0.097, G_A: 0.721, cycle_A: 0.094, idt_A: 0.105, D_B: 0.000, G_B: 0.991, cycle_B: 0.190, idt_B: 0.061

[Rank 0] (epoch: 406, iters: 688, time: 0.030, data: 0.003) , D_A: 0.108, G_A: 0.655, cycle_A: 0.063, idt_A: 0.091, D_B: 0.000, G_B: 0.987, cycle_B: 0.168, idt_B: 0.043

[Rank 0] (epoch: 406, iters: 888, time: 0.030, data: 0.003) , D_A: 0.079, G_A: 0.629, cycle_A: 0.093, idt_A: 0.101, D_B: 0.000, G_B: 0.993, cycle_B: 0.197, idt_B: 0.060

[Rank 0] (epoch: 406, iters: 1088, time: 0.030, data: 0.005) , D_A: 0.082, G_A: 0.628, cycle_A: 0.081, idt_A: 0.094, D_B: 0.000, G_B: 0.990, cycle_B: 0.175, idt_B: 0.058

[Rank 0] (epoch: 406, iters: 1288, time: 0.078, data: 0.003) , D_A: 0.083, G_A: 0.638, cycle_A: 0.072, idt_A: 0.082, D_B: 0.000, G_B: 0.990, cycle_B: 0.150, idt_B: 0.050

[Rank 0] (epoch: 406, iters: 1488, time: 0.030, data: 0.003) , D_A: 0.087, G_A: 0.550, cycle_A: 0.087, idt_A: 0.097, D_B: 0.000, G_B: 0.998, cycle_B: 0.182, idt_B: 0.063

[Rank 0] (epoch: 406, iters: 1688, time: 0.030, data: 0.003) , D_A: 0.106, G_A: 0.577, cycle_A: 0.061, idt_A: 0.104, D_B: 0.000, G_B: 1.008, cycle_B: 0.187, idt_B: 0.044

[Rank 0] (epoch: 406, iters: 1888, time: 0.030, data: 0.003) , D_A: 0.088, G_A: 0.675, cycle_A: 0.068, idt_A: 0.100, D_B: 0.000, G_B: 0.992, cycle_B: 0.172, idt_B: 0.047

learning rate 0.0000100 -> 0.0000100
saving the model at the end of epoch 406, iters 9640
End of epoch 406 / 670 	 Time Taken: 52 sec
[Rank 0] (epoch: 407, iters: 160, time: 0.083, data: 0.002) , D_A: 0.100, G_A: 0.487, cycle_A: 0.079, idt_A: 0.099, D_B: 0.000, G_B: 0.997, cycle_B: 0.179, idt_B: 0.055

[Rank 0] (epoch: 407, iters: 360, time: 0.091, data: 0.003) , D_A: 0.067, G_A: 0.741, cycle_A: 0.076, idt_A: 0.106, D_B: 0.000, G_B: 1.007, cycle_B: 0.196, idt_B: 0.053

saving the latest model (epoch 407, total_iters 10000)
[Rank 0] (epoch: 407, iters: 560, time: 0.030, data: 0.002) , D_A: 0.085, G_A: 0.611, cycle_A: 0.090, idt_A: 0.105, D_B: 0.000, G_B: 0.996, cycle_B: 0.195, idt_B: 0.059

[Rank 0] (epoch: 407, iters: 760, time: 0.030, data: 0.002) , D_A: 0.077, G_A: 0.704, cycle_A: 0.070, idt_A: 0.097, D_B: 0.000, G_B: 1.003, cycle_B: 0.174, idt_B: 0.048

[Rank 0] (epoch: 407, iters: 960, time: 0.030, data: 0.003) , D_A: 0.086, G_A: 0.639, cycle_A: 0.095, idt_A: 0.110, D_B: 0.000, G_B: 1.008, cycle_B: 0.201, idt_B: 0.061

[Rank 0] (epoch: 407, iters: 1160, time: 0.030, data: 0.003) , D_A: 0.108, G_A: 0.590, cycle_A: 0.065, idt_A: 0.097, D_B: 0.000, G_B: 0.982, cycle_B: 0.173, idt_B: 0.043

[Rank 0] (epoch: 407, iters: 1360, time: 0.084, data: 0.002) , D_A: 0.087, G_A: 0.635, cycle_A: 0.093, idt_A: 0.111, D_B: 0.000, G_B: 0.990, cycle_B: 0.195, idt_B: 0.067

[Rank 0] (epoch: 407, iters: 1560, time: 0.030, data: 0.003) , D_A: 0.091, G_A: 0.598, cycle_A: 0.086, idt_A: 0.117, D_B: 0.000, G_B: 1.006, cycle_B: 0.202, idt_B: 0.060

[Rank 0] (epoch: 407, iters: 1760, time: 0.030, data: 0.002) , D_A: 0.096, G_A: 0.557, cycle_A: 0.079, idt_A: 0.114, D_B: 0.000, G_B: 0.999, cycle_B: 0.208, idt_B: 0.054

learning rate 0.0000100 -> 0.0000100
saving the model at the end of epoch 407, iters 11568
End of epoch 407 / 670 	 Time Taken: 52 sec
[Rank 0] (epoch: 408, iters: 32, time: 0.089, data: 0.003) , D_A: 0.104, G_A: 0.525, cycle_A: 0.069, idt_A: 0.098, D_B: 0.000, G_B: 0.994, cycle_B: 0.179, idt_B: 0.049

[Rank 0] (epoch: 408, iters: 232, time: 0.030, data: 0.004) , D_A: 0.111, G_A: 0.591, cycle_A: 0.072, idt_A: 0.103, D_B: 0.000, G_B: 1.008, cycle_B: 0.186, idt_B: 0.053

[Rank 0] (epoch: 408, iters: 432, time: 0.086, data: 0.004) , D_A: 0.080, G_A: 0.617, cycle_A: 0.071, idt_A: 0.095, D_B: 0.000, G_B: 0.995, cycle_B: 0.170, idt_B: 0.048

[Rank 0] (epoch: 408, iters: 632, time: 0.030, data: 0.003) , D_A: 0.095, G_A: 0.595, cycle_A: 0.071, idt_A: 0.087, D_B: 0.000, G_B: 0.986, cycle_B: 0.146, idt_B: 0.052

[Rank 0] (epoch: 408, iters: 832, time: 0.030, data: 0.003) , D_A: 0.080, G_A: 0.522, cycle_A: 0.088, idt_A: 0.089, D_B: 0.000, G_B: 0.997, cycle_B: 0.160, idt_B: 0.059

[Rank 0] (epoch: 408, iters: 1032, time: 0.030, data: 0.003) , D_A: 0.103, G_A: 0.474, cycle_A: 0.062, idt_A: 0.094, D_B: 0.000, G_B: 0.998, cycle_B: 0.178, idt_B: 0.047

[Rank 0] (epoch: 408, iters: 1232, time: 0.030, data: 0.003) , D_A: 0.097, G_A: 0.623, cycle_A: 0.060, idt_A: 0.100, D_B: 0.000, G_B: 0.991, cycle_B: 0.187, idt_B: 0.040

[Rank 0] (epoch: 408, iters: 1432, time: 0.083, data: 0.003) , D_A: 0.128, G_A: 0.524, cycle_A: 0.080, idt_A: 0.112, D_B: 0.000, G_B: 1.005, cycle_B: 0.217, idt_B: 0.055

[Rank 0] (epoch: 408, iters: 1632, time: 0.030, data: 0.002) , D_A: 0.099, G_A: 0.516, cycle_A: 0.084, idt_A: 0.110, D_B: 0.000, G_B: 1.008, cycle_B: 0.197, idt_B: 0.059

[Rank 0] (epoch: 408, iters: 1832, time: 0.030, data: 0.003) , D_A: 0.089, G_A: 0.587, cycle_A: 0.077, idt_A: 0.100, D_B: 0.000, G_B: 0.995, cycle_B: 0.180, idt_B: 0.057

learning rate 0.0000100 -> 0.0000100
saving the model at the end of epoch 408, iters 13496
End of epoch 408 / 670 	 Time Taken: 52 sec
[Rank 0] (epoch: 409, iters: 104, time: 0.113, data: 0.003) , D_A: 0.095, G_A: 0.656, cycle_A: 0.061, idt_A: 0.101, D_B: 0.000, G_B: 1.004, cycle_B: 0.178, idt_B: 0.046

[Rank 0] (epoch: 409, iters: 304, time: 0.030, data: 0.003) , D_A: 0.111, G_A: 0.627, cycle_A: 0.098, idt_A: 0.101, D_B: 0.000, G_B: 0.988, cycle_B: 0.182, idt_B: 0.074

[Rank 0] (epoch: 409, iters: 504, time: 0.082, data: 0.003) , D_A: 0.061, G_A: 0.709, cycle_A: 0.074, idt_A: 0.097, D_B: 0.000, G_B: 0.992, cycle_B: 0.175, idt_B: 0.048

[Rank 0] (epoch: 409, iters: 704, time: 0.030, data: 0.003) , D_A: 0.096, G_A: 0.636, cycle_A: 0.056, idt_A: 0.101, D_B: 0.000, G_B: 1.003, cycle_B: 0.185, idt_B: 0.042

[Rank 0] (epoch: 409, iters: 904, time: 0.030, data: 0.003) , D_A: 0.097, G_A: 0.739, cycle_A: 0.080, idt_A: 0.092, D_B: 0.000, G_B: 0.999, cycle_B: 0.157, idt_B: 0.053

[Rank 0] (epoch: 409, iters: 1104, time: 0.030, data: 0.003) , D_A: 0.068, G_A: 0.612, cycle_A: 0.065, idt_A: 0.103, D_B: 0.000, G_B: 1.008, cycle_B: 0.185, idt_B: 0.046

[Rank 0] (epoch: 409, iters: 1304, time: 0.030, data: 0.003) , D_A: 0.097, G_A: 0.534, cycle_A: 0.078, idt_A: 0.102, D_B: 0.000, G_B: 0.999, cycle_B: 0.171, idt_B: 0.052

[Rank 0] (epoch: 409, iters: 1504, time: 0.078, data: 0.002) , D_A: 0.078, G_A: 0.643, cycle_A: 0.070, idt_A: 0.096, D_B: 0.000, G_B: 0.992, cycle_B: 0.176, idt_B: 0.046

saving the latest model (epoch 409, total_iters 15000)
[Rank 0] (epoch: 409, iters: 1704, time: 0.030, data: 0.003) , D_A: 0.100, G_A: 0.652, cycle_A: 0.052, idt_A: 0.105, D_B: 0.000, G_B: 1.003, cycle_B: 0.182, idt_B: 0.037

[Rank 0] (epoch: 409, iters: 1904, time: 0.030, data: 0.003) , D_A: 0.071, G_A: 0.465, cycle_A: 0.057, idt_A: 0.095, D_B: 0.000, G_B: 0.998, cycle_B: 0.171, idt_B: 0.041

learning rate 0.0000100 -> 0.0000100
saving the model at the end of epoch 409, iters 15424
End of epoch 409 / 670 	 Time Taken: 53 sec
[Rank 0] (epoch: 410, iters: 176, time: 0.087, data: 0.002) , D_A: 0.097, G_A: 0.547, cycle_A: 0.089, idt_A: 0.071, D_B: 0.000, G_B: 0.994, cycle_B: 0.125, idt_B: 0.055

[Rank 0] (epoch: 410, iters: 376, time: 0.030, data: 0.003) , D_A: 0.096, G_A: 0.593, cycle_A: 0.060, idt_A: 0.106, D_B: 0.000, G_B: 1.005, cycle_B: 0.186, idt_B: 0.043

[Rank 0] (epoch: 410, iters: 576, time: 0.083, data: 0.003) , D_A: 0.092, G_A: 0.599, cycle_A: 0.072, idt_A: 0.093, D_B: 0.000, G_B: 1.001, cycle_B: 0.172, idt_B: 0.050

[Rank 0] (epoch: 410, iters: 776, time: 0.030, data: 0.003) , D_A: 0.077, G_A: 0.530, cycle_A: 0.076, idt_A: 0.094, D_B: 0.000, G_B: 0.984, cycle_B: 0.176, idt_B: 0.049

[Rank 0] (epoch: 410, iters: 976, time: 0.030, data: 0.002) , D_A: 0.081, G_A: 0.520, cycle_A: 0.077, idt_A: 0.093, D_B: 0.000, G_B: 0.999, cycle_B: 0.165, idt_B: 0.053

[Rank 0] (epoch: 410, iters: 1176, time: 0.030, data: 0.003) , D_A: 0.083, G_A: 0.736, cycle_A: 0.057, idt_A: 0.107, D_B: 0.000, G_B: 1.007, cycle_B: 0.199, idt_B: 0.041

[Rank 0] (epoch: 410, iters: 1376, time: 0.030, data: 0.002) , D_A: 0.063, G_A: 0.846, cycle_A: 0.082, idt_A: 0.105, D_B: 0.000, G_B: 0.983, cycle_B: 0.201, idt_B: 0.057

[Rank 0] (epoch: 410, iters: 1576, time: 0.085, data: 0.002) , D_A: 0.072, G_A: 0.594, cycle_A: 0.075, idt_A: 0.094, D_B: 0.000, G_B: 0.977, cycle_B: 0.176, idt_B: 0.050

[Rank 0] (epoch: 410, iters: 1776, time: 0.030, data: 0.002) , D_A: 0.103, G_A: 0.590, cycle_A: 0.082, idt_A: 0.102, D_B: 0.000, G_B: 0.978, cycle_B: 0.186, idt_B: 0.064

learning rate 0.0000100 -> 0.0000100
saving the model at the end of epoch 410, iters 17352
End of epoch 410 / 670 	 Time Taken: 52 sec
[Rank 0] (epoch: 411, iters: 48, time: 0.083, data: 0.002) , D_A: 0.098, G_A: 0.664, cycle_A: 0.076, idt_A: 0.100, D_B: 0.000, G_B: 1.020, cycle_B: 0.183, idt_B: 0.044

[Rank 0] (epoch: 411, iters: 248, time: 0.030, data: 0.003) , D_A: 0.092, G_A: 0.553, cycle_A: 0.076, idt_A: 0.098, D_B: 0.000, G_B: 1.009, cycle_B: 0.174, idt_B: 0.047

[Rank 0] (epoch: 411, iters: 448, time: 0.030, data: 0.002) , D_A: 0.080, G_A: 0.724, cycle_A: 0.058, idt_A: 0.105, D_B: 0.000, G_B: 1.002, cycle_B: 0.193, idt_B: 0.039

[Rank 0] (epoch: 411, iters: 648, time: 0.093, data: 0.003) , D_A: 0.125, G_A: 0.588, cycle_A: 0.057, idt_A: 0.094, D_B: 0.000, G_B: 0.998, cycle_B: 0.166, idt_B: 0.037

[Rank 0] (epoch: 411, iters: 848, time: 0.030, data: 0.002) , D_A: 0.102, G_A: 0.611, cycle_A: 0.059, idt_A: 0.100, D_B: 0.000, G_B: 1.011, cycle_B: 0.185, idt_B: 0.040

[Rank 0] (epoch: 411, iters: 1048, time: 0.030, data: 0.004) , D_A: 0.092, G_A: 0.582, cycle_A: 0.094, idt_A: 0.104, D_B: 0.000, G_B: 1.018, cycle_B: 0.204, idt_B: 0.064

[Rank 0] (epoch: 411, iters: 1248, time: 0.030, data: 0.003) , D_A: 0.095, G_A: 0.571, cycle_A: 0.072, idt_A: 0.101, D_B: 0.000, G_B: 0.987, cycle_B: 0.187, idt_B: 0.049

[Rank 0] (epoch: 411, iters: 1448, time: 0.030, data: 0.003) , D_A: 0.064, G_A: 0.603, cycle_A: 0.054, idt_A: 0.093, D_B: 0.000, G_B: 0.981, cycle_B: 0.174, idt_B: 0.039

[Rank 0] (epoch: 411, iters: 1648, time: 0.084, data: 0.003) , D_A: 0.120, G_A: 0.603, cycle_A: 0.070, idt_A: 0.097, D_B: 0.000, G_B: 1.003, cycle_B: 0.188, idt_B: 0.051

[Rank 0] (epoch: 411, iters: 1848, time: 0.030, data: 0.002) , D_A: 0.101, G_A: 0.673, cycle_A: 0.066, idt_A: 0.103, D_B: 0.000, G_B: 0.974, cycle_B: 0.193, idt_B: 0.045

learning rate 0.0000100 -> 0.0000100
saving the model at the end of epoch 411, iters 19280
End of epoch 411 / 670 	 Time Taken: 52 sec
[Rank 0] (epoch: 412, iters: 120, time: 0.082, data: 0.003) , D_A: 0.106, G_A: 0.536, cycle_A: 0.074, idt_A: 0.086, D_B: 0.000, G_B: 0.971, cycle_B: 0.154, idt_B: 0.049

[Rank 0] (epoch: 412, iters: 320, time: 0.030, data: 0.001) , D_A: 0.062, G_A: 0.699, cycle_A: 0.078, idt_A: 0.102, D_B: 0.000, G_B: 1.020, cycle_B: 0.182, idt_B: 0.047

[Rank 0] (epoch: 412, iters: 520, time: 0.030, data: 0.002) , D_A: 0.080, G_A: 0.567, cycle_A: 0.071, idt_A: 0.108, D_B: 0.000, G_B: 1.013, cycle_B: 0.201, idt_B: 0.048

[Rank 0] (epoch: 412, iters: 720, time: 0.084, data: 0.003) , D_A: 0.073, G_A: 0.540, cycle_A: 0.091, idt_A: 0.097, D_B: 0.000, G_B: 1.031, cycle_B: 0.178, idt_B: 0.062

saving the latest model (epoch 412, total_iters 20000)
[Rank 0] (epoch: 412, iters: 920, time: 0.030, data: 0.003) , D_A: 0.072, G_A: 0.693, cycle_A: 0.052, idt_A: 0.095, D_B: 0.000, G_B: 0.975, cycle_B: 0.174, idt_B: 0.039

[Rank 0] (epoch: 412, iters: 1120, time: 0.030, data: 0.003) , D_A: 0.105, G_A: 0.634, cycle_A: 0.059, idt_A: 0.097, D_B: 0.000, G_B: 1.012, cycle_B: 0.177, idt_B: 0.043

[Rank 0] (epoch: 412, iters: 1320, time: 0.030, data: 0.003) , D_A: 0.099, G_A: 0.639, cycle_A: 0.074, idt_A: 0.101, D_B: 0.000, G_B: 0.999, cycle_B: 0.196, idt_B: 0.049

[Rank 0] (epoch: 412, iters: 1520, time: 0.030, data: 0.003) , D_A: 0.088, G_A: 0.592, cycle_A: 0.067, idt_A: 0.101, D_B: 0.000, G_B: 0.990, cycle_B: 0.190, idt_B: 0.046

[Rank 0] (epoch: 412, iters: 1720, time: 0.091, data: 0.004) , D_A: 0.099, G_A: 0.572, cycle_A: 0.064, idt_A: 0.103, D_B: 0.000, G_B: 1.028, cycle_B: 0.198, idt_B: 0.047

[Rank 0] (epoch: 412, iters: 1920, time: 0.030, data: 0.003) , D_A: 0.077, G_A: 0.665, cycle_A: 0.061, idt_A: 0.099, D_B: 0.000, G_B: 0.976, cycle_B: 0.179, idt_B: 0.047

learning rate 0.0000100 -> 0.0000100
saving the model at the end of epoch 412, iters 21208
End of epoch 412 / 670 	 Time Taken: 53 sec
[Rank 0] (epoch: 413, iters: 192, time: 0.082, data: 0.002) , D_A: 0.089, G_A: 0.573, cycle_A: 0.059, idt_A: 0.096, D_B: 0.000, G_B: 0.980, cycle_B: 0.177, idt_B: 0.038

[Rank 0] (epoch: 413, iters: 392, time: 0.030, data: 0.004) , D_A: 0.077, G_A: 0.543, cycle_A: 0.075, idt_A: 0.094, D_B: 0.000, G_B: 0.999, cycle_B: 0.171, idt_B: 0.050

[Rank 0] (epoch: 413, iters: 592, time: 0.030, data: 0.007) , D_A: 0.090, G_A: 0.656, cycle_A: 0.088, idt_A: 0.106, D_B: 0.000, G_B: 0.999, cycle_B: 0.195, idt_B: 0.060

[Rank 0] (epoch: 413, iters: 792, time: 0.085, data: 0.003) , D_A: 0.089, G_A: 0.594, cycle_A: 0.081, idt_A: 0.089, D_B: 0.000, G_B: 1.007, cycle_B: 0.171, idt_B: 0.051

[Rank 0] (epoch: 413, iters: 992, time: 0.030, data: 0.003) , D_A: 0.100, G_A: 0.526, cycle_A: 0.094, idt_A: 0.108, D_B: 0.000, G_B: 0.961, cycle_B: 0.182, idt_B: 0.060

[Rank 0] (epoch: 413, iters: 1192, time: 0.030, data: 0.003) , D_A: 0.136, G_A: 0.503, cycle_A: 0.071, idt_A: 0.096, D_B: 0.000, G_B: 0.992, cycle_B: 0.182, idt_B: 0.051

[Rank 0] (epoch: 413, iters: 1392, time: 0.030, data: 0.003) , D_A: 0.110, G_A: 0.592, cycle_A: 0.072, idt_A: 0.088, D_B: 0.000, G_B: 0.982, cycle_B: 0.164, idt_B: 0.049

[Rank 0] (epoch: 413, iters: 1592, time: 0.030, data: 0.003) , D_A: 0.088, G_A: 0.537, cycle_A: 0.074, idt_A: 0.099, D_B: 0.000, G_B: 0.980, cycle_B: 0.186, idt_B: 0.054

[Rank 0] (epoch: 413, iters: 1792, time: 0.079, data: 0.003) , D_A: 0.102, G_A: 0.613, cycle_A: 0.091, idt_A: 0.103, D_B: 0.000, G_B: 0.962, cycle_B: 0.190, idt_B: 0.055

learning rate 0.0000100 -> 0.0000100
saving the model at the end of epoch 413, iters 23136
End of epoch 413 / 670 	 Time Taken: 52 sec
[Rank 0] (epoch: 414, iters: 64, time: 0.091, data: 0.003) , D_A: 0.104, G_A: 0.550, cycle_A: 0.072, idt_A: 0.110, D_B: 0.000, G_B: 0.962, cycle_B: 0.201, idt_B: 0.052

[Rank 0] (epoch: 414, iters: 264, time: 0.030, data: 0.002) , D_A: 0.118, G_A: 0.558, cycle_A: 0.071, idt_A: 0.091, D_B: 0.000, G_B: 0.991, cycle_B: 0.163, idt_B: 0.051

[Rank 0] (epoch: 414, iters: 464, time: 0.030, data: 0.003) , D_A: 0.108, G_A: 0.620, cycle_A: 0.075, idt_A: 0.098, D_B: 0.000, G_B: 0.990, cycle_B: 0.179, idt_B: 0.052

[Rank 0] (epoch: 414, iters: 664, time: 0.030, data: 0.003) , D_A: 0.092, G_A: 0.521, cycle_A: 0.051, idt_A: 0.087, D_B: 0.000, G_B: 0.998, cycle_B: 0.161, idt_B: 0.036

[Rank 0] (epoch: 414, iters: 864, time: 0.082, data: 0.002) , D_A: 0.099, G_A: 0.476, cycle_A: 0.082, idt_A: 0.093, D_B: 0.000, G_B: 1.034, cycle_B: 0.174, idt_B: 0.053

[Rank 0] (epoch: 414, iters: 1064, time: 0.030, data: 0.003) , D_A: 0.104, G_A: 0.517, cycle_A: 0.076, idt_A: 0.103, D_B: 0.000, G_B: 1.017, cycle_B: 0.190, idt_B: 0.053

[Rank 0] (epoch: 414, iters: 1264, time: 0.030, data: 0.003) , D_A: 0.068, G_A: 0.540, cycle_A: 0.092, idt_A: 0.096, D_B: 0.000, G_B: 0.977, cycle_B: 0.174, idt_B: 0.068

[Rank 0] (epoch: 414, iters: 1464, time: 0.030, data: 0.003) , D_A: 0.091, G_A: 0.502, cycle_A: 0.062, idt_A: 0.110, D_B: 0.000, G_B: 0.981, cycle_B: 0.205, idt_B: 0.041

[Rank 0] (epoch: 414, iters: 1664, time: 0.030, data: 0.003) , D_A: 0.085, G_A: 0.586, cycle_A: 0.068, idt_A: 0.108, D_B: 0.000, G_B: 0.969, cycle_B: 0.196, idt_B: 0.046

[Rank 0] (epoch: 414, iters: 1864, time: 0.087, data: 0.003) , D_A: 0.089, G_A: 0.549, cycle_A: 0.087, idt_A: 0.092, D_B: 0.000, G_B: 0.978, cycle_B: 0.168, idt_B: 0.064

saving the latest model (epoch 414, total_iters 25000)
learning rate 0.0000100 -> 0.0000100
saving the model at the end of epoch 414, iters 25064
End of epoch 414 / 670 	 Time Taken: 52 sec
[Rank 0] (epoch: 415, iters: 136, time: 0.091, data: 0.002) , D_A: 0.075, G_A: 0.575, cycle_A: 0.074, idt_A: 0.097, D_B: 0.000, G_B: 0.999, cycle_B: 0.175, idt_B: 0.051

[Rank 0] (epoch: 415, iters: 336, time: 0.029, data: 0.004) , D_A: 0.081, G_A: 0.653, cycle_A: 0.069, idt_A: 0.098, D_B: 0.000, G_B: 1.001, cycle_B: 0.182, idt_B: 0.049

[Rank 0] (epoch: 415, iters: 536, time: 0.030, data: 0.003) , D_A: 0.096, G_A: 0.627, cycle_A: 0.082, idt_A: 0.098, D_B: 0.000, G_B: 0.983, cycle_B: 0.181, idt_B: 0.057

[Rank 0] (epoch: 415, iters: 736, time: 0.030, data: 0.002) , D_A: 0.091, G_A: 0.635, cycle_A: 0.069, idt_A: 0.094, D_B: 0.000, G_B: 0.970, cycle_B: 0.174, idt_B: 0.054

[Rank 0] (epoch: 415, iters: 936, time: 0.079, data: 0.002) , D_A: 0.096, G_A: 0.514, cycle_A: 0.073, idt_A: 0.106, D_B: 0.000, G_B: 1.045, cycle_B: 0.200, idt_B: 0.057

[Rank 0] (epoch: 415, iters: 1136, time: 0.030, data: 0.002) , D_A: 0.088, G_A: 0.562, cycle_A: 0.081, idt_A: 0.119, D_B: 0.000, G_B: 0.985, cycle_B: 0.225, idt_B: 0.055

[Rank 0] (epoch: 415, iters: 1336, time: 0.030, data: 0.003) , D_A: 0.065, G_A: 0.652, cycle_A: 0.065, idt_A: 0.096, D_B: 0.000, G_B: 0.976, cycle_B: 0.171, idt_B: 0.046

[Rank 0] (epoch: 415, iters: 1536, time: 0.030, data: 0.003) , D_A: 0.082, G_A: 0.698, cycle_A: 0.091, idt_A: 0.100, D_B: 0.000, G_B: 0.976, cycle_B: 0.185, idt_B: 0.063

[Rank 0] (epoch: 415, iters: 1736, time: 0.030, data: 0.003) , D_A: 0.107, G_A: 0.485, cycle_A: 0.066, idt_A: 0.101, D_B: 0.000, G_B: 1.021, cycle_B: 0.195, idt_B: 0.046

learning rate 0.0000100 -> 0.0000100
saving the model at the end of epoch 415, iters 26992
End of epoch 415 / 670 	 Time Taken: 52 sec
[Rank 0] (epoch: 416, iters: 8, time: 0.085, data: 0.004) , D_A: 0.102, G_A: 0.617, cycle_A: 0.068, idt_A: 0.091, D_B: 0.000, G_B: 1.008, cycle_B: 0.170, idt_B: 0.043

[Rank 0] (epoch: 416, iters: 208, time: 0.030, data: 0.002) , D_A: 0.073, G_A: 0.613, cycle_A: 0.056, idt_A: 0.090, D_B: 0.000, G_B: 1.000, cycle_B: 0.164, idt_B: 0.039

[Rank 0] (epoch: 416, iters: 408, time: 0.030, data: 0.007) , D_A: 0.094, G_A: 0.586, cycle_A: 0.066, idt_A: 0.105, D_B: 0.000, G_B: 0.981, cycle_B: 0.194, idt_B: 0.046

[Rank 0] (epoch: 416, iters: 608, time: 0.030, data: 0.003) , D_A: 0.074, G_A: 0.652, cycle_A: 0.086, idt_A: 0.102, D_B: 0.000, G_B: 1.003, cycle_B: 0.188, idt_B: 0.060

[Rank 0] (epoch: 416, iters: 808, time: 0.030, data: 0.008) , D_A: 0.081, G_A: 0.639, cycle_A: 0.082, idt_A: 0.101, D_B: 0.000, G_B: 1.002, cycle_B: 0.190, idt_B: 0.056

[Rank 0] (epoch: 416, iters: 1008, time: 0.078, data: 0.004) , D_A: 0.088, G_A: 0.610, cycle_A: 0.082, idt_A: 0.095, D_B: 0.000, G_B: 1.001, cycle_B: 0.177, idt_B: 0.062

[Rank 0] (epoch: 416, iters: 1208, time: 0.030, data: 0.003) , D_A: 0.090, G_A: 0.487, cycle_A: 0.086, idt_A: 0.100, D_B: 0.000, G_B: 1.009, cycle_B: 0.187, idt_B: 0.063

[Rank 0] (epoch: 416, iters: 1408, time: 0.030, data: 0.003) , D_A: 0.082, G_A: 0.550, cycle_A: 0.053, idt_A: 0.101, D_B: 0.000, G_B: 0.983, cycle_B: 0.179, idt_B: 0.037

[Rank 0] (epoch: 416, iters: 1608, time: 0.030, data: 0.004) , D_A: 0.095, G_A: 0.554, cycle_A: 0.078, idt_A: 0.104, D_B: 0.000, G_B: 1.005, cycle_B: 0.194, idt_B: 0.057

[Rank 0] (epoch: 416, iters: 1808, time: 0.030, data: 0.003) , D_A: 0.111, G_A: 0.500, cycle_A: 0.081, idt_A: 0.093, D_B: 0.000, G_B: 1.004, cycle_B: 0.170, idt_B: 0.058

learning rate 0.0000100 -> 0.0000100
saving the model at the end of epoch 416, iters 28920
End of epoch 416 / 670 	 Time Taken: 52 sec
[Rank 0] (epoch: 417, iters: 80, time: 0.083, data: 0.003) , D_A: 0.077, G_A: 0.648, cycle_A: 0.092, idt_A: 0.092, D_B: 0.000, G_B: 0.978, cycle_B: 0.174, idt_B: 0.060

[Rank 0] (epoch: 417, iters: 280, time: 0.030, data: 0.002) , D_A: 0.100, G_A: 0.554, cycle_A: 0.066, idt_A: 0.097, D_B: 0.000, G_B: 1.001, cycle_B: 0.186, idt_B: 0.047

[Rank 0] (epoch: 417, iters: 480, time: 0.030, data: 0.003) , D_A: 0.072, G_A: 0.693, cycle_A: 0.075, idt_A: 0.088, D_B: 0.000, G_B: 1.017, cycle_B: 0.161, idt_B: 0.050

[Rank 0] (epoch: 417, iters: 680, time: 0.030, data: 0.003) , D_A: 0.092, G_A: 0.603, cycle_A: 0.097, idt_A: 0.105, D_B: 0.000, G_B: 0.976, cycle_B: 0.185, idt_B: 0.063

[Rank 0] (epoch: 417, iters: 880, time: 0.030, data: 0.003) , D_A: 0.099, G_A: 0.604, cycle_A: 0.077, idt_A: 0.093, D_B: 0.000, G_B: 0.987, cycle_B: 0.173, idt_B: 0.058

[Rank 0] (epoch: 417, iters: 1080, time: 0.096, data: 0.002) , D_A: 0.087, G_A: 0.562, cycle_A: 0.065, idt_A: 0.104, D_B: 0.000, G_B: 1.011, cycle_B: 0.182, idt_B: 0.041

saving the latest model (epoch 417, total_iters 30000)
[Rank 0] (epoch: 417, iters: 1280, time: 0.030, data: 0.002) , D_A: 0.075, G_A: 0.537, cycle_A: 0.061, idt_A: 0.101, D_B: 0.000, G_B: 0.995, cycle_B: 0.186, idt_B: 0.042

[Rank 0] (epoch: 417, iters: 1480, time: 0.030, data: 0.004) , D_A: 0.106, G_A: 0.587, cycle_A: 0.097, idt_A: 0.102, D_B: 0.000, G_B: 0.994, cycle_B: 0.187, idt_B: 0.067

[Rank 0] (epoch: 417, iters: 1680, time: 0.030, data: 0.003) , D_A: 0.110, G_A: 0.646, cycle_A: 0.091, idt_A: 0.113, D_B: 0.000, G_B: 1.026, cycle_B: 0.216, idt_B: 0.062

[Rank 0] (epoch: 417, iters: 1880, time: 0.030, data: 0.003) , D_A: 0.116, G_A: 0.624, cycle_A: 0.069, idt_A: 0.092, D_B: 0.000, G_B: 0.998, cycle_B: 0.166, idt_B: 0.044

learning rate 0.0000100 -> 0.0000100
saving the model at the end of epoch 417, iters 30848
End of epoch 417 / 670 	 Time Taken: 52 sec
[Rank 0] (epoch: 418, iters: 152, time: 0.105, data: 0.002) , D_A: 0.107, G_A: 0.500, cycle_A: 0.071, idt_A: 0.103, D_B: 0.000, G_B: 0.996, cycle_B: 0.189, idt_B: 0.056

[Rank 0] (epoch: 418, iters: 352, time: 0.030, data: 0.004) , D_A: 0.102, G_A: 0.509, cycle_A: 0.075, idt_A: 0.105, D_B: 0.000, G_B: 1.001, cycle_B: 0.194, idt_B: 0.050

[Rank 0] (epoch: 418, iters: 552, time: 0.030, data: 0.003) , D_A: 0.096, G_A: 0.493, cycle_A: 0.082, idt_A: 0.090, D_B: 0.000, G_B: 0.990, cycle_B: 0.164, idt_B: 0.060

[Rank 0] (epoch: 418, iters: 752, time: 0.030, data: 0.002) , D_A: 0.095, G_A: 0.595, cycle_A: 0.066, idt_A: 0.098, D_B: 0.000, G_B: 1.000, cycle_B: 0.176, idt_B: 0.049

[Rank 0] (epoch: 418, iters: 952, time: 0.030, data: 0.003) , D_A: 0.090, G_A: 0.606, cycle_A: 0.068, idt_A: 0.097, D_B: 0.000, G_B: 1.005, cycle_B: 0.179, idt_B: 0.045

[Rank 0] (epoch: 418, iters: 1152, time: 0.099, data: 0.003) , D_A: 0.123, G_A: 0.658, cycle_A: 0.075, idt_A: 0.102, D_B: 0.000, G_B: 1.001, cycle_B: 0.187, idt_B: 0.052

[Rank 0] (epoch: 418, iters: 1352, time: 0.030, data: 0.002) , D_A: 0.087, G_A: 0.640, cycle_A: 0.086, idt_A: 0.090, D_B: 0.000, G_B: 0.985, cycle_B: 0.164, idt_B: 0.058

[Rank 0] (epoch: 418, iters: 1552, time: 0.030, data: 0.003) , D_A: 0.071, G_A: 0.609, cycle_A: 0.079, idt_A: 0.104, D_B: 0.000, G_B: 0.986, cycle_B: 0.191, idt_B: 0.059

[Rank 0] (epoch: 418, iters: 1752, time: 0.031, data: 0.003) , D_A: 0.077, G_A: 0.560, cycle_A: 0.064, idt_A: 0.104, D_B: 0.000, G_B: 1.001, cycle_B: 0.192, idt_B: 0.047

learning rate 0.0000100 -> 0.0000100
saving the model at the end of epoch 418, iters 32776
End of epoch 418 / 670 	 Time Taken: 52 sec
[Rank 0] (epoch: 419, iters: 24, time: 0.098, data: 0.004) , D_A: 0.077, G_A: 0.808, cycle_A: 0.060, idt_A: 0.096, D_B: 0.000, G_B: 0.999, cycle_B: 0.177, idt_B: 0.040

[Rank 0] (epoch: 419, iters: 224, time: 0.081, data: 0.002) , D_A: 0.080, G_A: 0.718, cycle_A: 0.089, idt_A: 0.094, D_B: 0.000, G_B: 1.007, cycle_B: 0.176, idt_B: 0.057

[Rank 0] (epoch: 419, iters: 424, time: 0.030, data: 0.002) , D_A: 0.083, G_A: 0.652, cycle_A: 0.073, idt_A: 0.105, D_B: 0.000, G_B: 0.997, cycle_B: 0.196, idt_B: 0.049

[Rank 0] (epoch: 419, iters: 624, time: 0.030, data: 0.003) , D_A: 0.089, G_A: 0.662, cycle_A: 0.069, idt_A: 0.088, D_B: 0.000, G_B: 0.996, cycle_B: 0.162, idt_B: 0.048

[Rank 0] (epoch: 419, iters: 824, time: 0.030, data: 0.003) , D_A: 0.067, G_A: 0.588, cycle_A: 0.090, idt_A: 0.096, D_B: 0.000, G_B: 1.006, cycle_B: 0.174, idt_B: 0.062

[Rank 0] (epoch: 419, iters: 1024, time: 0.030, data: 0.003) , D_A: 0.093, G_A: 0.559, cycle_A: 0.090, idt_A: 0.102, D_B: 0.000, G_B: 0.997, cycle_B: 0.186, idt_B: 0.061

[Rank 0] (epoch: 419, iters: 1224, time: 0.086, data: 0.002) , D_A: 0.093, G_A: 0.580, cycle_A: 0.071, idt_A: 0.094, D_B: 0.000, G_B: 0.996, cycle_B: 0.171, idt_B: 0.042

[Rank 0] (epoch: 419, iters: 1424, time: 0.030, data: 0.003) , D_A: 0.080, G_A: 0.651, cycle_A: 0.069, idt_A: 0.085, D_B: 0.000, G_B: 0.984, cycle_B: 0.152, idt_B: 0.044

[Rank 0] (epoch: 419, iters: 1624, time: 0.030, data: 0.003) , D_A: 0.072, G_A: 0.659, cycle_A: 0.080, idt_A: 0.114, D_B: 0.000, G_B: 1.000, cycle_B: 0.207, idt_B: 0.053

[Rank 0] (epoch: 419, iters: 1824, time: 0.030, data: 0.003) , D_A: 0.089, G_A: 0.590, cycle_A: 0.073, idt_A: 0.101, D_B: 0.000, G_B: 0.998, cycle_B: 0.189, idt_B: 0.050

learning rate 0.0000100 -> 0.0000100
saving the model at the end of epoch 419, iters 34704
End of epoch 419 / 670 	 Time Taken: 52 sec
[Rank 0] (epoch: 420, iters: 96, time: 0.085, data: 0.002) , D_A: 0.079, G_A: 0.640, cycle_A: 0.077, idt_A: 0.109, D_B: 0.000, G_B: 0.999, cycle_B: 0.188, idt_B: 0.050

[Rank 0] (epoch: 420, iters: 296, time: 0.087, data: 0.002) , D_A: 0.082, G_A: 0.607, cycle_A: 0.076, idt_A: 0.110, D_B: 0.000, G_B: 1.000, cycle_B: 0.206, idt_B: 0.048

saving the latest model (epoch 420, total_iters 35000)
[Rank 0] (epoch: 420, iters: 496, time: 0.030, data: 0.003) , D_A: 0.072, G_A: 0.743, cycle_A: 0.062, idt_A: 0.098, D_B: 0.000, G_B: 0.986, cycle_B: 0.182, idt_B: 0.040

[Rank 0] (epoch: 420, iters: 696, time: 0.030, data: 0.003) , D_A: 0.068, G_A: 0.688, cycle_A: 0.067, idt_A: 0.100, D_B: 0.000, G_B: 1.008, cycle_B: 0.176, idt_B: 0.044

[Rank 0] (epoch: 420, iters: 896, time: 0.030, data: 0.002) , D_A: 0.072, G_A: 0.630, cycle_A: 0.064, idt_A: 0.095, D_B: 0.000, G_B: 0.990, cycle_B: 0.176, idt_B: 0.044

[Rank 0] (epoch: 420, iters: 1096, time: 0.030, data: 0.003) , D_A: 0.060, G_A: 0.655, cycle_A: 0.086, idt_A: 0.100, D_B: 0.000, G_B: 0.995, cycle_B: 0.191, idt_B: 0.054

[Rank 0] (epoch: 420, iters: 1296, time: 0.081, data: 0.003) , D_A: 0.076, G_A: 0.550, cycle_A: 0.048, idt_A: 0.097, D_B: 0.000, G_B: 0.993, cycle_B: 0.177, idt_B: 0.032

[Rank 0] (epoch: 420, iters: 1496, time: 0.030, data: 0.004) , D_A: 0.083, G_A: 0.660, cycle_A: 0.064, idt_A: 0.092, D_B: 0.000, G_B: 0.990, cycle_B: 0.164, idt_B: 0.044

[Rank 0] (epoch: 420, iters: 1696, time: 0.030, data: 0.003) , D_A: 0.069, G_A: 0.584, cycle_A: 0.095, idt_A: 0.099, D_B: 0.000, G_B: 0.985, cycle_B: 0.178, idt_B: 0.064

[Rank 0] (epoch: 420, iters: 1896, time: 0.030, data: 0.003) , D_A: 0.087, G_A: 0.606, cycle_A: 0.079, idt_A: 0.099, D_B: 0.000, G_B: 0.990, cycle_B: 0.184, idt_B: 0.046

learning rate 0.0000100 -> 0.0000100
saving the model at the end of epoch 420, iters 36632
End of epoch 420 / 670 	 Time Taken: 52 sec
[Rank 0] (epoch: 421, iters: 168, time: 0.086, data: 0.002) , D_A: 0.099, G_A: 0.632, cycle_A: 0.067, idt_A: 0.092, D_B: 0.000, G_B: 0.990, cycle_B: 0.171, idt_B: 0.046

[Rank 0] (epoch: 421, iters: 368, time: 0.085, data: 0.003) , D_A: 0.099, G_A: 0.517, cycle_A: 0.071, idt_A: 0.094, D_B: 0.000, G_B: 0.988, cycle_B: 0.176, idt_B: 0.048

[Rank 0] (epoch: 421, iters: 568, time: 0.030, data: 0.003) , D_A: 0.068, G_A: 0.579, cycle_A: 0.059, idt_A: 0.086, D_B: 0.000, G_B: 1.001, cycle_B: 0.157, idt_B: 0.045

[Rank 0] (epoch: 421, iters: 768, time: 0.030, data: 0.003) , D_A: 0.080, G_A: 0.555, cycle_A: 0.083, idt_A: 0.094, D_B: 0.000, G_B: 0.996, cycle_B: 0.172, idt_B: 0.061

[Rank 0] (epoch: 421, iters: 968, time: 0.030, data: 0.003) , D_A: 0.079, G_A: 0.564, cycle_A: 0.090, idt_A: 0.090, D_B: 0.000, G_B: 0.982, cycle_B: 0.157, idt_B: 0.063

[Rank 0] (epoch: 421, iters: 1168, time: 0.030, data: 0.003) , D_A: 0.140, G_A: 0.540, cycle_A: 0.054, idt_A: 0.104, D_B: 0.000, G_B: 1.000, cycle_B: 0.190, idt_B: 0.036

[Rank 0] (epoch: 421, iters: 1368, time: 0.095, data: 0.003) , D_A: 0.101, G_A: 0.608, cycle_A: 0.086, idt_A: 0.099, D_B: 0.000, G_B: 0.997, cycle_B: 0.182, idt_B: 0.057

[Rank 0] (epoch: 421, iters: 1568, time: 0.030, data: 0.002) , D_A: 0.083, G_A: 0.589, cycle_A: 0.058, idt_A: 0.092, D_B: 0.000, G_B: 0.994, cycle_B: 0.170, idt_B: 0.037

[Rank 0] (epoch: 421, iters: 1768, time: 0.030, data: 0.002) , D_A: 0.087, G_A: 0.631, cycle_A: 0.075, idt_A: 0.103, D_B: 0.000, G_B: 1.004, cycle_B: 0.181, idt_B: 0.053

learning rate 0.0000100 -> 0.0000100
saving the model at the end of epoch 421, iters 38560
End of epoch 421 / 670 	 Time Taken: 52 sec
[Rank 0] (epoch: 422, iters: 40, time: 0.108, data: 0.004) , D_A: 0.099, G_A: 0.491, cycle_A: 0.068, idt_A: 0.094, D_B: 0.000, G_B: 1.003, cycle_B: 0.171, idt_B: 0.045

[Rank 0] (epoch: 422, iters: 240, time: 0.030, data: 0.005) , D_A: 0.082, G_A: 0.671, cycle_A: 0.078, idt_A: 0.092, D_B: 0.000, G_B: 1.000, cycle_B: 0.159, idt_B: 0.047

[Rank 0] (epoch: 422, iters: 440, time: 0.079, data: 0.002) , D_A: 0.080, G_A: 0.677, cycle_A: 0.108, idt_A: 0.101, D_B: 0.000, G_B: 1.026, cycle_B: 0.187, idt_B: 0.068

[Rank 0] (epoch: 422, iters: 640, time: 0.030, data: 0.003) , D_A: 0.062, G_A: 0.660, cycle_A: 0.058, idt_A: 0.097, D_B: 0.000, G_B: 1.003, cycle_B: 0.173, idt_B: 0.038

[Rank 0] (epoch: 422, iters: 840, time: 0.030, data: 0.003) , D_A: 0.081, G_A: 0.606, cycle_A: 0.078, idt_A: 0.105, D_B: 0.000, G_B: 1.009, cycle_B: 0.195, idt_B: 0.048

[Rank 0] (epoch: 422, iters: 1040, time: 0.030, data: 0.003) , D_A: 0.083, G_A: 0.598, cycle_A: 0.070, idt_A: 0.104, D_B: 0.000, G_B: 0.997, cycle_B: 0.190, idt_B: 0.044

[Rank 0] (epoch: 422, iters: 1240, time: 0.030, data: 0.003) , D_A: 0.081, G_A: 0.678, cycle_A: 0.064, idt_A: 0.091, D_B: 0.000, G_B: 1.006, cycle_B: 0.165, idt_B: 0.043

[Rank 0] (epoch: 422, iters: 1440, time: 0.101, data: 0.004) , D_A: 0.070, G_A: 0.602, cycle_A: 0.068, idt_A: 0.102, D_B: 0.000, G_B: 0.994, cycle_B: 0.180, idt_B: 0.046

saving the latest model (epoch 422, total_iters 40000)
[Rank 0] (epoch: 422, iters: 1640, time: 0.030, data: 0.002) , D_A: 0.122, G_A: 0.710, cycle_A: 0.071, idt_A: 0.111, D_B: 0.000, G_B: 0.999, cycle_B: 0.196, idt_B: 0.045

[Rank 0] (epoch: 422, iters: 1840, time: 0.030, data: 0.003) , D_A: 0.081, G_A: 0.548, cycle_A: 0.091, idt_A: 0.097, D_B: 0.000, G_B: 1.008, cycle_B: 0.174, idt_B: 0.060

learning rate 0.0000100 -> 0.0000100
saving the model at the end of epoch 422, iters 40488
End of epoch 422 / 670 	 Time Taken: 53 sec
[Rank 0] (epoch: 423, iters: 112, time: 0.085, data: 0.003) , D_A: 0.102, G_A: 0.478, cycle_A: 0.080, idt_A: 0.104, D_B: 0.000, G_B: 0.997, cycle_B: 0.197, idt_B: 0.056

[Rank 0] (epoch: 423, iters: 312, time: 0.030, data: 0.003) , D_A: 0.092, G_A: 0.538, cycle_A: 0.079, idt_A: 0.093, D_B: 0.000, G_B: 0.998, cycle_B: 0.173, idt_B: 0.051

[Rank 0] (epoch: 423, iters: 512, time: 0.084, data: 0.003) , D_A: 0.078, G_A: 0.566, cycle_A: 0.058, idt_A: 0.107, D_B: 0.000, G_B: 0.997, cycle_B: 0.194, idt_B: 0.036

[Rank 0] (epoch: 423, iters: 712, time: 0.030, data: 0.002) , D_A: 0.116, G_A: 0.498, cycle_A: 0.072, idt_A: 0.096, D_B: 0.000, G_B: 0.989, cycle_B: 0.172, idt_B: 0.050

[Rank 0] (epoch: 423, iters: 912, time: 0.030, data: 0.003) , D_A: 0.072, G_A: 0.618, cycle_A: 0.072, idt_A: 0.088, D_B: 0.000, G_B: 0.990, cycle_B: 0.161, idt_B: 0.050

[Rank 0] (epoch: 423, iters: 1112, time: 0.030, data: 0.003) , D_A: 0.084, G_A: 0.580, cycle_A: 0.066, idt_A: 0.101, D_B: 0.000, G_B: 0.995, cycle_B: 0.179, idt_B: 0.043

[Rank 0] (epoch: 423, iters: 1312, time: 0.030, data: 0.003) , D_A: 0.102, G_A: 0.578, cycle_A: 0.057, idt_A: 0.095, D_B: 0.000, G_B: 0.993, cycle_B: 0.165, idt_B: 0.040

[Rank 0] (epoch: 423, iters: 1512, time: 0.085, data: 0.003) , D_A: 0.099, G_A: 0.632, cycle_A: 0.068, idt_A: 0.103, D_B: 0.000, G_B: 1.001, cycle_B: 0.188, idt_B: 0.045

[Rank 0] (epoch: 423, iters: 1712, time: 0.030, data: 0.003) , D_A: 0.101, G_A: 0.824, cycle_A: 0.084, idt_A: 0.087, D_B: 0.000, G_B: 0.991, cycle_B: 0.163, idt_B: 0.057

[Rank 0] (epoch: 423, iters: 1912, time: 0.030, data: 0.004) , D_A: 0.073, G_A: 0.635, cycle_A: 0.095, idt_A: 0.107, D_B: 0.000, G_B: 1.004, cycle_B: 0.190, idt_B: 0.065

learning rate 0.0000100 -> 0.0000100
saving the model at the end of epoch 423, iters 42416
End of epoch 423 / 670 	 Time Taken: 52 sec
[Rank 0] (epoch: 424, iters: 184, time: 0.083, data: 0.002) , D_A: 0.117, G_A: 0.625, cycle_A: 0.087, idt_A: 0.094, D_B: 0.000, G_B: 1.006, cycle_B: 0.177, idt_B: 0.058

[Rank 0] (epoch: 424, iters: 384, time: 0.030, data: 0.002) , D_A: 0.119, G_A: 0.607, cycle_A: 0.072, idt_A: 0.091, D_B: 0.000, G_B: 1.005, cycle_B: 0.168, idt_B: 0.049

[Rank 0] (epoch: 424, iters: 584, time: 0.096, data: 0.004) , D_A: 0.097, G_A: 0.559, cycle_A: 0.082, idt_A: 0.099, D_B: 0.000, G_B: 1.015, cycle_B: 0.180, idt_B: 0.055

[Rank 0] (epoch: 424, iters: 784, time: 0.030, data: 0.002) , D_A: 0.083, G_A: 0.589, cycle_A: 0.072, idt_A: 0.103, D_B: 0.000, G_B: 1.002, cycle_B: 0.196, idt_B: 0.048

[Rank 0] (epoch: 424, iters: 984, time: 0.030, data: 0.003) , D_A: 0.086, G_A: 0.671, cycle_A: 0.099, idt_A: 0.098, D_B: 0.000, G_B: 1.007, cycle_B: 0.180, idt_B: 0.064

[Rank 0] (epoch: 424, iters: 1184, time: 0.030, data: 0.003) , D_A: 0.119, G_A: 0.799, cycle_A: 0.069, idt_A: 0.087, D_B: 0.000, G_B: 1.001, cycle_B: 0.158, idt_B: 0.044

[Rank 0] (epoch: 424, iters: 1384, time: 0.030, data: 0.003) , D_A: 0.078, G_A: 0.679, cycle_A: 0.072, idt_A: 0.090, D_B: 0.000, G_B: 0.995, cycle_B: 0.161, idt_B: 0.049

[Rank 0] (epoch: 424, iters: 1584, time: 0.080, data: 0.003) , D_A: 0.073, G_A: 0.594, cycle_A: 0.078, idt_A: 0.090, D_B: 0.000, G_B: 0.984, cycle_B: 0.163, idt_B: 0.052

[Rank 0] (epoch: 424, iters: 1784, time: 0.030, data: 0.003) , D_A: 0.078, G_A: 0.529, cycle_A: 0.074, idt_A: 0.093, D_B: 0.000, G_B: 1.011, cycle_B: 0.170, idt_B: 0.054

learning rate 0.0000100 -> 0.0000100
saving the model at the end of epoch 424, iters 44344
End of epoch 424 / 670 	 Time Taken: 52 sec
[Rank 0] (epoch: 425, iters: 56, time: 0.087, data: 0.002) , D_A: 0.050, G_A: 0.651, cycle_A: 0.074, idt_A: 0.095, D_B: 0.000, G_B: 0.986, cycle_B: 0.173, idt_B: 0.049

[Rank 0] (epoch: 425, iters: 256, time: 0.030, data: 0.002) , D_A: 0.063, G_A: 0.717, cycle_A: 0.088, idt_A: 0.099, D_B: 0.000, G_B: 0.994, cycle_B: 0.171, idt_B: 0.059

[Rank 0] (epoch: 425, iters: 456, time: 0.030, data: 0.003) , D_A: 0.085, G_A: 0.539, cycle_A: 0.084, idt_A: 0.106, D_B: 0.000, G_B: 0.981, cycle_B: 0.195, idt_B: 0.057

[Rank 0] (epoch: 425, iters: 656, time: 0.075, data: 0.004) , D_A: 0.078, G_A: 0.618, cycle_A: 0.073, idt_A: 0.109, D_B: 0.000, G_B: 1.008, cycle_B: 0.190, idt_B: 0.049

saving the latest model (epoch 425, total_iters 45000)
[Rank 0] (epoch: 425, iters: 856, time: 0.030, data: 0.003) , D_A: 0.080, G_A: 0.593, cycle_A: 0.068, idt_A: 0.099, D_B: 0.000, G_B: 0.991, cycle_B: 0.180, idt_B: 0.044

[Rank 0] (epoch: 425, iters: 1056, time: 0.030, data: 0.003) , D_A: 0.070, G_A: 0.750, cycle_A: 0.083, idt_A: 0.101, D_B: 0.000, G_B: 0.994, cycle_B: 0.180, idt_B: 0.058

[Rank 0] (epoch: 425, iters: 1256, time: 0.030, data: 0.003) , D_A: 0.073, G_A: 0.760, cycle_A: 0.076, idt_A: 0.096, D_B: 0.000, G_B: 1.005, cycle_B: 0.179, idt_B: 0.054

[Rank 0] (epoch: 425, iters: 1456, time: 0.030, data: 0.003) , D_A: 0.075, G_A: 0.666, cycle_A: 0.084, idt_A: 0.098, D_B: 0.000, G_B: 0.980, cycle_B: 0.181, idt_B: 0.055

[Rank 0] (epoch: 425, iters: 1656, time: 0.081, data: 0.003) , D_A: 0.082, G_A: 0.725, cycle_A: 0.067, idt_A: 0.087, D_B: 0.000, G_B: 0.999, cycle_B: 0.156, idt_B: 0.049

[Rank 0] (epoch: 425, iters: 1856, time: 0.029, data: 0.003) , D_A: 0.086, G_A: 0.664, cycle_A: 0.066, idt_A: 0.110, D_B: 0.000, G_B: 0.989, cycle_B: 0.211, idt_B: 0.045

learning rate 0.0000100 -> 0.0000100
saving the model at the end of epoch 425, iters 46272
End of epoch 425 / 670 	 Time Taken: 52 sec
[Rank 0] (epoch: 426, iters: 128, time: 0.101, data: 0.002) , D_A: 0.095, G_A: 0.547, cycle_A: 0.065, idt_A: 0.092, D_B: 0.000, G_B: 0.990, cycle_B: 0.170, idt_B: 0.039

[Rank 0] (epoch: 426, iters: 328, time: 0.030, data: 0.003) , D_A: 0.088, G_A: 0.571, cycle_A: 0.074, idt_A: 0.104, D_B: 0.000, G_B: 0.999, cycle_B: 0.193, idt_B: 0.051

[Rank 0] (epoch: 426, iters: 528, time: 0.029, data: 0.003) , D_A: 0.072, G_A: 0.705, cycle_A: 0.068, idt_A: 0.094, D_B: 0.000, G_B: 0.993, cycle_B: 0.175, idt_B: 0.048

[Rank 0] (epoch: 426, iters: 728, time: 0.080, data: 0.002) , D_A: 0.063, G_A: 0.662, cycle_A: 0.074, idt_A: 0.094, D_B: 0.000, G_B: 0.997, cycle_B: 0.177, idt_B: 0.053

[Rank 0] (epoch: 426, iters: 928, time: 0.030, data: 0.003) , D_A: 0.078, G_A: 0.616, cycle_A: 0.077, idt_A: 0.102, D_B: 0.000, G_B: 0.999, cycle_B: 0.196, idt_B: 0.055

[Rank 0] (epoch: 426, iters: 1128, time: 0.030, data: 0.003) , D_A: 0.070, G_A: 0.658, cycle_A: 0.049, idt_A: 0.094, D_B: 0.000, G_B: 1.001, cycle_B: 0.171, idt_B: 0.036

[Rank 0] (epoch: 426, iters: 1328, time: 0.030, data: 0.003) , D_A: 0.058, G_A: 0.596, cycle_A: 0.053, idt_A: 0.099, D_B: 0.000, G_B: 0.995, cycle_B: 0.184, idt_B: 0.038

[Rank 0] (epoch: 426, iters: 1528, time: 0.030, data: 0.003) , D_A: 0.112, G_A: 0.702, cycle_A: 0.097, idt_A: 0.109, D_B: 0.000, G_B: 1.003, cycle_B: 0.204, idt_B: 0.066

[Rank 0] (epoch: 426, iters: 1728, time: 0.087, data: 0.003) , D_A: 0.076, G_A: 0.618, cycle_A: 0.088, idt_A: 0.099, D_B: 0.000, G_B: 0.994, cycle_B: 0.180, idt_B: 0.058

[Rank 0] (epoch: 426, iters: 1928, time: 0.024, data: 0.002) , D_A: 0.111, G_A: 0.731, cycle_A: 0.090, idt_A: 0.103, D_B: 0.000, G_B: 1.001, cycle_B: 0.196, idt_B: 0.058

learning rate 0.0000100 -> 0.0000100
saving the model at the end of epoch 426, iters 48200
End of epoch 426 / 670 	 Time Taken: 52 sec
[Rank 0] (epoch: 427, iters: 200, time: 0.093, data: 0.859) , D_A: 0.077, G_A: 0.595, cycle_A: 0.046, idt_A: 0.097, D_B: 0.000, G_B: 1.001, cycle_B: 0.170, idt_B: 0.033

[Rank 0] (epoch: 427, iters: 400, time: 0.030, data: 0.003) , D_A: 0.081, G_A: 0.575, cycle_A: 0.070, idt_A: 0.099, D_B: 0.000, G_B: 0.999, cycle_B: 0.181, idt_B: 0.054

[Rank 0] (epoch: 427, iters: 600, time: 0.030, data: 0.004) , D_A: 0.085, G_A: 0.667, cycle_A: 0.069, idt_A: 0.098, D_B: 0.000, G_B: 0.991, cycle_B: 0.179, idt_B: 0.046

[Rank 0] (epoch: 427, iters: 800, time: 0.091, data: 0.003) , D_A: 0.070, G_A: 0.600, cycle_A: 0.082, idt_A: 0.082, D_B: 0.000, G_B: 0.986, cycle_B: 0.157, idt_B: 0.057

[Rank 0] (epoch: 427, iters: 1000, time: 0.030, data: 0.004) , D_A: 0.099, G_A: 0.737, cycle_A: 0.072, idt_A: 0.084, D_B: 0.000, G_B: 0.996, cycle_B: 0.158, idt_B: 0.046

[Rank 0] (epoch: 427, iters: 1200, time: 0.030, data: 0.007) , D_A: 0.077, G_A: 0.654, cycle_A: 0.070, idt_A: 0.100, D_B: 0.000, G_B: 0.989, cycle_B: 0.185, idt_B: 0.049

[Rank 0] (epoch: 427, iters: 1400, time: 0.030, data: 0.003) , D_A: 0.060, G_A: 0.627, cycle_A: 0.073, idt_A: 0.111, D_B: 0.000, G_B: 1.004, cycle_B: 0.207, idt_B: 0.051

[Rank 0] (epoch: 427, iters: 1600, time: 0.030, data: 0.003) , D_A: 0.068, G_A: 0.702, cycle_A: 0.073, idt_A: 0.088, D_B: 0.000, G_B: 0.988, cycle_B: 0.160, idt_B: 0.049

[Rank 0] (epoch: 427, iters: 1800, time: 0.083, data: 0.004) , D_A: 0.060, G_A: 0.731, cycle_A: 0.093, idt_A: 0.103, D_B: 0.000, G_B: 0.998, cycle_B: 0.183, idt_B: 0.061

saving the latest model (epoch 427, total_iters 50000)
learning rate 0.0000100 -> 0.0000100
saving the model at the end of epoch 427, iters 50128
End of epoch 427 / 670 	 Time Taken: 53 sec
[Rank 0] (epoch: 428, iters: 72, time: 0.102, data: 0.004) , D_A: 0.068, G_A: 0.510, cycle_A: 0.068, idt_A: 0.096, D_B: 0.000, G_B: 0.988, cycle_B: 0.173, idt_B: 0.045

[Rank 0] (epoch: 428, iters: 272, time: 0.030, data: 0.003) , D_A: 0.062, G_A: 0.685, cycle_A: 0.091, idt_A: 0.095, D_B: 0.000, G_B: 0.995, cycle_B: 0.175, idt_B: 0.061

[Rank 0] (epoch: 428, iters: 472, time: 0.030, data: 0.004) , D_A: 0.092, G_A: 0.807, cycle_A: 0.067, idt_A: 0.098, D_B: 0.000, G_B: 0.996, cycle_B: 0.180, idt_B: 0.046

[Rank 0] (epoch: 428, iters: 672, time: 0.030, data: 0.004) , D_A: 0.079, G_A: 0.672, cycle_A: 0.080, idt_A: 0.088, D_B: 0.000, G_B: 0.997, cycle_B: 0.167, idt_B: 0.051

[Rank 0] (epoch: 428, iters: 872, time: 0.093, data: 0.003) , D_A: 0.081, G_A: 0.685, cycle_A: 0.096, idt_A: 0.106, D_B: 0.000, G_B: 1.000, cycle_B: 0.200, idt_B: 0.067

[Rank 0] (epoch: 428, iters: 1072, time: 0.030, data: 0.002) , D_A: 0.066, G_A: 0.673, cycle_A: 0.054, idt_A: 0.114, D_B: 0.000, G_B: 0.996, cycle_B: 0.208, idt_B: 0.036

[Rank 0] (epoch: 428, iters: 1272, time: 0.029, data: 0.003) , D_A: 0.088, G_A: 0.563, cycle_A: 0.054, idt_A: 0.106, D_B: 0.000, G_B: 1.003, cycle_B: 0.192, idt_B: 0.039

[Rank 0] (epoch: 428, iters: 1472, time: 0.030, data: 0.002) , D_A: 0.088, G_A: 0.631, cycle_A: 0.072, idt_A: 0.095, D_B: 0.000, G_B: 0.999, cycle_B: 0.182, idt_B: 0.049

[Rank 0] (epoch: 428, iters: 1672, time: 0.030, data: 0.003) , D_A: 0.075, G_A: 0.644, cycle_A: 0.073, idt_A: 0.109, D_B: 0.000, G_B: 0.990, cycle_B: 0.200, idt_B: 0.049

[Rank 0] (epoch: 428, iters: 1872, time: 0.080, data: 0.002) , D_A: 0.084, G_A: 0.726, cycle_A: 0.092, idt_A: 0.095, D_B: 0.000, G_B: 0.998, cycle_B: 0.189, idt_B: 0.062

learning rate 0.0000100 -> 0.0000100
saving the model at the end of epoch 428, iters 52056
End of epoch 428 / 670 	 Time Taken: 52 sec
[Rank 0] (epoch: 429, iters: 144, time: 0.089, data: 0.003) , D_A: 0.075, G_A: 0.606, cycle_A: 0.070, idt_A: 0.105, D_B: 0.000, G_B: 1.004, cycle_B: 0.191, idt_B: 0.045

[Rank 0] (epoch: 429, iters: 344, time: 0.030, data: 0.003) , D_A: 0.063, G_A: 0.712, cycle_A: 0.085, idt_A: 0.088, D_B: 0.000, G_B: 1.002, cycle_B: 0.166, idt_B: 0.059

[Rank 0] (epoch: 429, iters: 544, time: 0.030, data: 0.003) , D_A: 0.093, G_A: 0.713, cycle_A: 0.073, idt_A: 0.100, D_B: 0.000, G_B: 0.989, cycle_B: 0.176, idt_B: 0.049

[Rank 0] (epoch: 429, iters: 744, time: 0.030, data: 0.003) , D_A: 0.111, G_A: 0.725, cycle_A: 0.084, idt_A: 0.120, D_B: 0.000, G_B: 0.995, cycle_B: 0.224, idt_B: 0.058

[Rank 0] (epoch: 429, iters: 944, time: 0.080, data: 0.003) , D_A: 0.066, G_A: 0.683, cycle_A: 0.080, idt_A: 0.108, D_B: 0.000, G_B: 0.984, cycle_B: 0.193, idt_B: 0.060

[Rank 0] (epoch: 429, iters: 1144, time: 0.030, data: 0.004) , D_A: 0.087, G_A: 0.635, cycle_A: 0.069, idt_A: 0.105, D_B: 0.000, G_B: 1.001, cycle_B: 0.194, idt_B: 0.051

[Rank 0] (epoch: 429, iters: 1344, time: 0.030, data: 0.003) , D_A: 0.071, G_A: 0.578, cycle_A: 0.058, idt_A: 0.098, D_B: 0.000, G_B: 1.005, cycle_B: 0.178, idt_B: 0.042

[Rank 0] (epoch: 429, iters: 1544, time: 0.030, data: 0.003) , D_A: 0.067, G_A: 0.676, cycle_A: 0.060, idt_A: 0.105, D_B: 0.000, G_B: 0.996, cycle_B: 0.201, idt_B: 0.039

[Rank 0] (epoch: 429, iters: 1744, time: 0.030, data: 0.003) , D_A: 0.083, G_A: 0.688, cycle_A: 0.076, idt_A: 0.099, D_B: 0.000, G_B: 0.991, cycle_B: 0.189, idt_B: 0.056

learning rate 0.0000100 -> 0.0000100
saving the model at the end of epoch 429, iters 53984
End of epoch 429 / 670 	 Time Taken: 52 sec
[Rank 0] (epoch: 430, iters: 16, time: 0.096, data: 0.003) , D_A: 0.075, G_A: 0.549, cycle_A: 0.066, idt_A: 0.096, D_B: 0.000, G_B: 0.997, cycle_B: 0.184, idt_B: 0.051

[Rank 0] (epoch: 430, iters: 216, time: 0.030, data: 0.003) , D_A: 0.102, G_A: 0.534, cycle_A: 0.084, idt_A: 0.100, D_B: 0.000, G_B: 1.006, cycle_B: 0.186, idt_B: 0.059

[Rank 0] (epoch: 430, iters: 416, time: 0.030, data: 0.003) , D_A: 0.097, G_A: 0.621, cycle_A: 0.075, idt_A: 0.102, D_B: 0.000, G_B: 0.997, cycle_B: 0.190, idt_B: 0.057

[Rank 0] (epoch: 430, iters: 616, time: 0.030, data: 0.003) , D_A: 0.073, G_A: 0.612, cycle_A: 0.092, idt_A: 0.097, D_B: 0.000, G_B: 0.983, cycle_B: 0.183, idt_B: 0.068

[Rank 0] (epoch: 430, iters: 816, time: 0.030, data: 0.003) , D_A: 0.095, G_A: 0.625, cycle_A: 0.078, idt_A: 0.100, D_B: 0.000, G_B: 0.998, cycle_B: 0.189, idt_B: 0.049

[Rank 0] (epoch: 430, iters: 1016, time: 0.081, data: 0.003) , D_A: 0.088, G_A: 0.670, cycle_A: 0.070, idt_A: 0.099, D_B: 0.000, G_B: 0.995, cycle_B: 0.179, idt_B: 0.050

saving the latest model (epoch 430, total_iters 55000)
[Rank 0] (epoch: 430, iters: 1216, time: 0.030, data: 0.003) , D_A: 0.067, G_A: 0.619, cycle_A: 0.067, idt_A: 0.091, D_B: 0.000, G_B: 0.992, cycle_B: 0.180, idt_B: 0.047

[Rank 0] (epoch: 430, iters: 1416, time: 0.030, data: 0.003) , D_A: 0.068, G_A: 0.738, cycle_A: 0.077, idt_A: 0.106, D_B: 0.000, G_B: 1.002, cycle_B: 0.198, idt_B: 0.053

[Rank 0] (epoch: 430, iters: 1616, time: 0.030, data: 0.003) , D_A: 0.071, G_A: 0.651, cycle_A: 0.069, idt_A: 0.111, D_B: 0.000, G_B: 0.993, cycle_B: 0.213, idt_B: 0.048

[Rank 0] (epoch: 430, iters: 1816, time: 0.030, data: 0.003) , D_A: 0.078, G_A: 0.677, cycle_A: 0.079, idt_A: 0.105, D_B: 0.000, G_B: 1.000, cycle_B: 0.207, idt_B: 0.057

learning rate 0.0000100 -> 0.0000100
saving the model at the end of epoch 430, iters 55912
End of epoch 430 / 670 	 Time Taken: 52 sec
[Rank 0] (epoch: 431, iters: 88, time: 0.095, data: 0.004) , D_A: 0.088, G_A: 0.772, cycle_A: 0.089, idt_A: 0.089, D_B: 0.000, G_B: 0.989, cycle_B: 0.164, idt_B: 0.059

[Rank 0] (epoch: 431, iters: 288, time: 0.030, data: 0.003) , D_A: 0.068, G_A: 0.710, cycle_A: 0.079, idt_A: 0.104, D_B: 0.000, G_B: 1.008, cycle_B: 0.192, idt_B: 0.051

[Rank 0] (epoch: 431, iters: 488, time: 0.030, data: 0.001) , D_A: 0.107, G_A: 0.630, cycle_A: 0.061, idt_A: 0.120, D_B: 0.000, G_B: 1.013, cycle_B: 0.231, idt_B: 0.038

[Rank 0] (epoch: 431, iters: 688, time: 0.030, data: 0.003) , D_A: 0.083, G_A: 0.620, cycle_A: 0.074, idt_A: 0.094, D_B: 0.000, G_B: 0.989, cycle_B: 0.184, idt_B: 0.055

[Rank 0] (epoch: 431, iters: 888, time: 0.030, data: 0.003) , D_A: 0.072, G_A: 0.638, cycle_A: 0.080, idt_A: 0.105, D_B: 0.000, G_B: 0.973, cycle_B: 0.204, idt_B: 0.048

[Rank 0] (epoch: 431, iters: 1088, time: 0.080, data: 0.004) , D_A: 0.101, G_A: 0.596, cycle_A: 0.082, idt_A: 0.093, D_B: 0.000, G_B: 1.003, cycle_B: 0.176, idt_B: 0.050

[Rank 0] (epoch: 431, iters: 1288, time: 0.030, data: 0.002) , D_A: 0.053, G_A: 0.890, cycle_A: 0.096, idt_A: 0.098, D_B: 0.000, G_B: 0.985, cycle_B: 0.194, idt_B: 0.072

[Rank 0] (epoch: 431, iters: 1488, time: 0.030, data: 0.004) , D_A: 0.086, G_A: 0.628, cycle_A: 0.072, idt_A: 0.089, D_B: 0.000, G_B: 0.987, cycle_B: 0.173, idt_B: 0.050

[Rank 0] (epoch: 431, iters: 1688, time: 0.030, data: 0.003) , D_A: 0.080, G_A: 0.642, cycle_A: 0.085, idt_A: 0.103, D_B: 0.000, G_B: 0.977, cycle_B: 0.201, idt_B: 0.059

[Rank 0] (epoch: 431, iters: 1888, time: 0.030, data: 0.003) , D_A: 0.101, G_A: 0.720, cycle_A: 0.075, idt_A: 0.095, D_B: 0.000, G_B: 0.990, cycle_B: 0.181, idt_B: 0.052

learning rate 0.0000100 -> 0.0000100
saving the model at the end of epoch 431, iters 57840
End of epoch 431 / 670 	 Time Taken: 52 sec
[Rank 0] (epoch: 432, iters: 160, time: 0.099, data: 0.002) , D_A: 0.077, G_A: 0.753, cycle_A: 0.053, idt_A: 0.093, D_B: 0.000, G_B: 1.001, cycle_B: 0.181, idt_B: 0.036

[Rank 0] (epoch: 432, iters: 360, time: 0.030, data: 0.004) , D_A: 0.077, G_A: 0.767, cycle_A: 0.081, idt_A: 0.094, D_B: 0.000, G_B: 0.985, cycle_B: 0.180, idt_B: 0.053

[Rank 0] (epoch: 432, iters: 560, time: 0.030, data: 0.003) , D_A: 0.094, G_A: 0.706, cycle_A: 0.087, idt_A: 0.099, D_B: 0.000, G_B: 0.992, cycle_B: 0.198, idt_B: 0.057

[Rank 0] (epoch: 432, iters: 760, time: 0.030, data: 0.003) , D_A: 0.107, G_A: 0.701, cycle_A: 0.093, idt_A: 0.099, D_B: 0.000, G_B: 0.999, cycle_B: 0.198, idt_B: 0.065

[Rank 0] (epoch: 432, iters: 960, time: 0.030, data: 0.003) , D_A: 0.085, G_A: 0.745, cycle_A: 0.082, idt_A: 0.093, D_B: 0.000, G_B: 1.014, cycle_B: 0.183, idt_B: 0.058

[Rank 0] (epoch: 432, iters: 1160, time: 0.082, data: 0.003) , D_A: 0.081, G_A: 0.647, cycle_A: 0.074, idt_A: 0.098, D_B: 0.000, G_B: 0.974, cycle_B: 0.198, idt_B: 0.049

[Rank 0] (epoch: 432, iters: 1360, time: 0.030, data: 0.003) , D_A: 0.083, G_A: 0.564, cycle_A: 0.091, idt_A: 0.098, D_B: 0.000, G_B: 0.991, cycle_B: 0.194, idt_B: 0.056

[Rank 0] (epoch: 432, iters: 1560, time: 0.030, data: 0.003) , D_A: 0.075, G_A: 0.634, cycle_A: 0.091, idt_A: 0.100, D_B: 0.000, G_B: 1.000, cycle_B: 0.199, idt_B: 0.062

[Rank 0] (epoch: 432, iters: 1760, time: 0.030, data: 0.003) , D_A: 0.086, G_A: 0.631, cycle_A: 0.059, idt_A: 0.107, D_B: 0.000, G_B: 1.006, cycle_B: 0.207, idt_B: 0.038

learning rate 0.0000100 -> 0.0000100
saving the model at the end of epoch 432, iters 59768
End of epoch 432 / 670 	 Time Taken: 52 sec
[Rank 0] (epoch: 433, iters: 32, time: 0.097, data: 0.003) , D_A: 0.065, G_A: 0.675, cycle_A: 0.099, idt_A: 0.087, D_B: 0.000, G_B: 0.969, cycle_B: 0.167, idt_B: 0.070

[Rank 0] (epoch: 433, iters: 232, time: 0.097, data: 0.003) , D_A: 0.097, G_A: 0.595, cycle_A: 0.069, idt_A: 0.096, D_B: 0.000, G_B: 1.001, cycle_B: 0.188, idt_B: 0.045

saving the latest model (epoch 433, total_iters 60000)
[Rank 0] (epoch: 433, iters: 432, time: 0.030, data: 0.004) , D_A: 0.131, G_A: 0.546, cycle_A: 0.054, idt_A: 0.103, D_B: 0.000, G_B: 0.991, cycle_B: 0.208, idt_B: 0.038

[Rank 0] (epoch: 433, iters: 632, time: 0.031, data: 0.004) , D_A: 0.088, G_A: 0.647, cycle_A: 0.063, idt_A: 0.094, D_B: 0.000, G_B: 0.979, cycle_B: 0.187, idt_B: 0.046

[Rank 0] (epoch: 433, iters: 832, time: 0.030, data: 0.003) , D_A: 0.082, G_A: 0.551, cycle_A: 0.084, idt_A: 0.086, D_B: 0.000, G_B: 0.991, cycle_B: 0.174, idt_B: 0.059

[Rank 0] (epoch: 433, iters: 1032, time: 0.030, data: 0.002) , D_A: 0.086, G_A: 0.626, cycle_A: 0.077, idt_A: 0.100, D_B: 0.000, G_B: 0.965, cycle_B: 0.203, idt_B: 0.054

[Rank 0] (epoch: 433, iters: 1232, time: 0.097, data: 0.003) , D_A: 0.091, G_A: 0.531, cycle_A: 0.067, idt_A: 0.106, D_B: 0.000, G_B: 1.017, cycle_B: 0.222, idt_B: 0.044

[Rank 0] (epoch: 433, iters: 1432, time: 0.030, data: 0.002) , D_A: 0.112, G_A: 0.719, cycle_A: 0.065, idt_A: 0.099, D_B: 0.001, G_B: 0.999, cycle_B: 0.208, idt_B: 0.043

[Rank 0] (epoch: 433, iters: 1632, time: 0.029, data: 0.006) , D_A: 0.104, G_A: 0.615, cycle_A: 0.081, idt_A: 0.102, D_B: 0.001, G_B: 0.995, cycle_B: 0.217, idt_B: 0.057

[Rank 0] (epoch: 433, iters: 1832, time: 0.030, data: 0.003) , D_A: 0.082, G_A: 0.732, cycle_A: 0.088, idt_A: 0.098, D_B: 0.001, G_B: 0.996, cycle_B: 0.211, idt_B: 0.065

learning rate 0.0000100 -> 0.0000100
saving the model at the end of epoch 433, iters 61696
End of epoch 433 / 670 	 Time Taken: 53 sec
[Rank 0] (epoch: 434, iters: 104, time: 0.091, data: 0.003) , D_A: 0.076, G_A: 0.528, cycle_A: 0.070, idt_A: 0.102, D_B: 0.003, G_B: 0.838, cycle_B: 0.232, idt_B: 0.049

[Rank 0] (epoch: 434, iters: 304, time: 0.080, data: 0.003) , D_A: 0.061, G_A: 0.763, cycle_A: 0.095, idt_A: 0.100, D_B: 0.003, G_B: 0.866, cycle_B: 0.241, idt_B: 0.067

[Rank 0] (epoch: 434, iters: 504, time: 0.030, data: 0.003) , D_A: 0.086, G_A: 0.685, cycle_A: 0.097, idt_A: 0.097, D_B: 0.041, G_B: 0.850, cycle_B: 0.245, idt_B: 0.069

[Rank 0] (epoch: 434, iters: 704, time: 0.030, data: 0.003) , D_A: 0.096, G_A: 0.628, cycle_A: 0.062, idt_A: 0.106, D_B: 0.012, G_B: 0.958, cycle_B: 0.260, idt_B: 0.044

[Rank 0] (epoch: 434, iters: 904, time: 0.030, data: 0.003) , D_A: 0.073, G_A: 0.604, cycle_A: 0.093, idt_A: 0.101, D_B: 0.009, G_B: 0.762, cycle_B: 0.265, idt_B: 0.073

[Rank 0] (epoch: 434, iters: 1104, time: 0.030, data: 0.004) , D_A: 0.077, G_A: 0.661, cycle_A: 0.080, idt_A: 0.095, D_B: 0.006, G_B: 0.933, cycle_B: 0.229, idt_B: 0.051

[Rank 0] (epoch: 434, iters: 1304, time: 0.098, data: 0.004) , D_A: 0.090, G_A: 0.614, cycle_A: 0.083, idt_A: 0.088, D_B: 0.008, G_B: 0.830, cycle_B: 0.233, idt_B: 0.055

[Rank 0] (epoch: 434, iters: 1504, time: 0.030, data: 0.002) , D_A: 0.075, G_A: 0.602, cycle_A: 0.113, idt_A: 0.100, D_B: 0.009, G_B: 0.773, cycle_B: 0.266, idt_B: 0.076

[Rank 0] (epoch: 434, iters: 1704, time: 0.030, data: 0.003) , D_A: 0.080, G_A: 0.694, cycle_A: 0.107, idt_A: 0.099, D_B: 0.036, G_B: 0.794, cycle_B: 0.279, idt_B: 0.072

[Rank 0] (epoch: 434, iters: 1904, time: 0.030, data: 0.002) , D_A: 0.119, G_A: 0.626, cycle_A: 0.089, idt_A: 0.111, D_B: 0.006, G_B: 0.848, cycle_B: 0.306, idt_B: 0.067

learning rate 0.0000100 -> 0.0000100
saving the model at the end of epoch 434, iters 63624
End of epoch 434 / 670 	 Time Taken: 52 sec
[Rank 0] (epoch: 435, iters: 176, time: 0.099, data: 0.002) , D_A: 0.087, G_A: 0.668, cycle_A: 0.063, idt_A: 0.091, D_B: 0.007, G_B: 0.917, cycle_B: 0.237, idt_B: 0.044

[Rank 0] (epoch: 435, iters: 376, time: 0.091, data: 0.003) , D_A: 0.074, G_A: 0.759, cycle_A: 0.076, idt_A: 0.118, D_B: 0.013, G_B: 1.033, cycle_B: 0.309, idt_B: 0.057

[Rank 0] (epoch: 435, iters: 576, time: 0.030, data: 0.003) , D_A: 0.090, G_A: 0.555, cycle_A: 0.078, idt_A: 0.112, D_B: 0.004, G_B: 0.837, cycle_B: 0.281, idt_B: 0.062

[Rank 0] (epoch: 435, iters: 776, time: 0.030, data: 0.003) , D_A: 0.092, G_A: 0.545, cycle_A: 0.060, idt_A: 0.100, D_B: 0.010, G_B: 0.643, cycle_B: 0.262, idt_B: 0.042

[Rank 0] (epoch: 435, iters: 976, time: 0.030, data: 0.003) , D_A: 0.111, G_A: 0.735, cycle_A: 0.074, idt_A: 0.102, D_B: 0.028, G_B: 0.770, cycle_B: 0.264, idt_B: 0.053

[Rank 0] (epoch: 435, iters: 1176, time: 0.030, data: 0.003) , D_A: 0.082, G_A: 0.703, cycle_A: 0.069, idt_A: 0.092, D_B: 0.009, G_B: 0.799, cycle_B: 0.238, idt_B: 0.045

[Rank 0] (epoch: 435, iters: 1376, time: 0.081, data: 0.003) , D_A: 0.074, G_A: 0.659, cycle_A: 0.080, idt_A: 0.110, D_B: 0.049, G_B: 1.032, cycle_B: 0.275, idt_B: 0.051

saving the latest model (epoch 435, total_iters 65000)
[Rank 0] (epoch: 435, iters: 1576, time: 0.030, data: 0.003) , D_A: 0.078, G_A: 0.602, cycle_A: 0.081, idt_A: 0.095, D_B: 0.038, G_B: 0.761, cycle_B: 0.241, idt_B: 0.056

[Rank 0] (epoch: 435, iters: 1776, time: 0.030, data: 0.003) , D_A: 0.101, G_A: 0.724, cycle_A: 0.085, idt_A: 0.098, D_B: 0.021, G_B: 0.660, cycle_B: 0.257, idt_B: 0.057

learning rate 0.0000100 -> 0.0000100
saving the model at the end of epoch 435, iters 65552
End of epoch 435 / 670 	 Time Taken: 52 sec
[Rank 0] (epoch: 436, iters: 48, time: 0.091, data: 0.003) , D_A: 0.105, G_A: 0.661, cycle_A: 0.087, idt_A: 0.088, D_B: 0.027, G_B: 0.703, cycle_B: 0.228, idt_B: 0.065

[Rank 0] (epoch: 436, iters: 248, time: 0.030, data: 0.003) , D_A: 0.123, G_A: 0.672, cycle_A: 0.083, idt_A: 0.097, D_B: 0.028, G_B: 0.695, cycle_B: 0.253, idt_B: 0.051

[Rank 0] (epoch: 436, iters: 448, time: 0.087, data: 0.004) , D_A: 0.075, G_A: 0.706, cycle_A: 0.087, idt_A: 0.098, D_B: 0.064, G_B: 0.599, cycle_B: 0.269, idt_B: 0.069

[Rank 0] (epoch: 436, iters: 648, time: 0.030, data: 0.002) , D_A: 0.086, G_A: 0.700, cycle_A: 0.089, idt_A: 0.107, D_B: 0.052, G_B: 0.816, cycle_B: 0.320, idt_B: 0.051

[Rank 0] (epoch: 436, iters: 848, time: 0.030, data: 0.003) , D_A: 0.072, G_A: 0.754, cycle_A: 0.085, idt_A: 0.086, D_B: 0.044, G_B: 0.705, cycle_B: 0.238, idt_B: 0.060

[Rank 0] (epoch: 436, iters: 1048, time: 0.030, data: 0.003) , D_A: 0.077, G_A: 0.755, cycle_A: 0.081, idt_A: 0.108, D_B: 0.048, G_B: 0.795, cycle_B: 0.299, idt_B: 0.058

[Rank 0] (epoch: 436, iters: 1248, time: 0.030, data: 0.003) , D_A: 0.084, G_A: 0.555, cycle_A: 0.057, idt_A: 0.104, D_B: 0.018, G_B: 0.767, cycle_B: 0.294, idt_B: 0.044

[Rank 0] (epoch: 436, iters: 1448, time: 0.091, data: 0.003) , D_A: 0.083, G_A: 0.588, cycle_A: 0.080, idt_A: 0.107, D_B: 0.026, G_B: 0.653, cycle_B: 0.306, idt_B: 0.056

[Rank 0] (epoch: 436, iters: 1648, time: 0.030, data: 0.003) , D_A: 0.076, G_A: 0.604, cycle_A: 0.086, idt_A: 0.095, D_B: 0.035, G_B: 0.765, cycle_B: 0.281, idt_B: 0.057

[Rank 0] (epoch: 436, iters: 1848, time: 0.030, data: 0.004) , D_A: 0.070, G_A: 0.570, cycle_A: 0.083, idt_A: 0.094, D_B: 0.029, G_B: 0.776, cycle_B: 0.276, idt_B: 0.060

learning rate 0.0000100 -> 0.0000100
saving the model at the end of epoch 436, iters 67480
End of epoch 436 / 670 	 Time Taken: 52 sec
[Rank 0] (epoch: 437, iters: 120, time: 0.094, data: 0.003) , D_A: 0.053, G_A: 0.714, cycle_A: 0.092, idt_A: 0.095, D_B: 0.021, G_B: 0.862, cycle_B: 0.281, idt_B: 0.059

[Rank 0] (epoch: 437, iters: 320, time: 0.030, data: 0.001) , D_A: 0.099, G_A: 0.610, cycle_A: 0.089, idt_A: 0.100, D_B: 0.063, G_B: 0.849, cycle_B: 0.289, idt_B: 0.060

[Rank 0] (epoch: 437, iters: 520, time: 0.090, data: 0.002) , D_A: 0.069, G_A: 0.614, cycle_A: 0.065, idt_A: 0.109, D_B: 0.042, G_B: 0.762, cycle_B: 0.303, idt_B: 0.043

[Rank 0] (epoch: 437, iters: 720, time: 0.030, data: 0.003) , D_A: 0.083, G_A: 0.718, cycle_A: 0.062, idt_A: 0.117, D_B: 0.031, G_B: 0.780, cycle_B: 0.338, idt_B: 0.044

[Rank 0] (epoch: 437, iters: 920, time: 0.030, data: 0.003) , D_A: 0.094, G_A: 0.601, cycle_A: 0.065, idt_A: 0.105, D_B: 0.024, G_B: 0.931, cycle_B: 0.275, idt_B: 0.046

[Rank 0] (epoch: 437, iters: 1120, time: 0.030, data: 0.003) , D_A: 0.071, G_A: 0.724, cycle_A: 0.087, idt_A: 0.097, D_B: 0.041, G_B: 0.886, cycle_B: 0.256, idt_B: 0.061

[Rank 0] (epoch: 437, iters: 1320, time: 0.029, data: 0.007) , D_A: 0.072, G_A: 0.701, cycle_A: 0.098, idt_A: 0.106, D_B: 0.028, G_B: 0.521, cycle_B: 0.302, idt_B: 0.066

[Rank 0] (epoch: 437, iters: 1520, time: 0.086, data: 0.006) , D_A: 0.067, G_A: 0.717, cycle_A: 0.057, idt_A: 0.100, D_B: 0.020, G_B: 0.731, cycle_B: 0.277, idt_B: 0.040

[Rank 0] (epoch: 437, iters: 1720, time: 0.030, data: 0.003) , D_A: 0.109, G_A: 0.781, cycle_A: 0.061, idt_A: 0.107, D_B: 0.016, G_B: 0.818, cycle_B: 0.312, idt_B: 0.044

[Rank 0] (epoch: 437, iters: 1920, time: 0.030, data: 0.003) , D_A: 0.081, G_A: 0.637, cycle_A: 0.089, idt_A: 0.101, D_B: 0.009, G_B: 0.976, cycle_B: 0.299, idt_B: 0.067

learning rate 0.0000100 -> 0.0000100
saving the model at the end of epoch 437, iters 69408
End of epoch 437 / 670 	 Time Taken: 53 sec
[Rank 0] (epoch: 438, iters: 192, time: 0.101, data: 0.002) , D_A: 0.075, G_A: 0.707, cycle_A: 0.087, idt_A: 0.101, D_B: 0.014, G_B: 0.822, cycle_B: 0.301, idt_B: 0.059

[Rank 0] (epoch: 438, iters: 392, time: 0.030, data: 0.003) , D_A: 0.101, G_A: 0.636, cycle_A: 0.104, idt_A: 0.101, D_B: 0.007, G_B: 0.858, cycle_B: 0.292, idt_B: 0.080

[Rank 0] (epoch: 438, iters: 592, time: 0.081, data: 0.003) , D_A: 0.078, G_A: 0.735, cycle_A: 0.046, idt_A: 0.109, D_B: 0.013, G_B: 0.891, cycle_B: 0.325, idt_B: 0.031

saving the latest model (epoch 438, total_iters 70000)
[Rank 0] (epoch: 438, iters: 792, time: 0.030, data: 0.003) , D_A: 0.107, G_A: 0.688, cycle_A: 0.069, idt_A: 0.109, D_B: 0.030, G_B: 0.783, cycle_B: 0.320, idt_B: 0.046

[Rank 0] (epoch: 438, iters: 992, time: 0.030, data: 0.003) , D_A: 0.083, G_A: 0.690, cycle_A: 0.087, idt_A: 0.102, D_B: 0.037, G_B: 0.886, cycle_B: 0.301, idt_B: 0.066

[Rank 0] (epoch: 438, iters: 1192, time: 0.030, data: 0.003) , D_A: 0.098, G_A: 0.637, cycle_A: 0.078, idt_A: 0.098, D_B: 0.040, G_B: 0.686, cycle_B: 0.284, idt_B: 0.051

[Rank 0] (epoch: 438, iters: 1392, time: 0.030, data: 0.003) , D_A: 0.079, G_A: 0.594, cycle_A: 0.068, idt_A: 0.093, D_B: 0.009, G_B: 0.814, cycle_B: 0.260, idt_B: 0.047

[Rank 0] (epoch: 438, iters: 1592, time: 0.103, data: 0.003) , D_A: 0.116, G_A: 0.527, cycle_A: 0.098, idt_A: 0.106, D_B: 0.020, G_B: 0.829, cycle_B: 0.309, idt_B: 0.072

[Rank 0] (epoch: 438, iters: 1792, time: 0.030, data: 0.002) , D_A: 0.084, G_A: 0.643, cycle_A: 0.092, idt_A: 0.100, D_B: 0.009, G_B: 0.829, cycle_B: 0.274, idt_B: 0.066

learning rate 0.0000100 -> 0.0000100
saving the model at the end of epoch 438, iters 71336
End of epoch 438 / 670 	 Time Taken: 53 sec
[Rank 0] (epoch: 439, iters: 64, time: 0.110, data: 0.002) , D_A: 0.078, G_A: 0.565, cycle_A: 0.099, idt_A: 0.106, D_B: 0.023, G_B: 0.854, cycle_B: 0.309, idt_B: 0.069

[Rank 0] (epoch: 439, iters: 264, time: 0.030, data: 0.006) , D_A: 0.090, G_A: 0.614, cycle_A: 0.079, idt_A: 0.101, D_B: 0.018, G_B: 0.873, cycle_B: 0.287, idt_B: 0.052

[Rank 0] (epoch: 439, iters: 464, time: 0.030, data: 0.006) , D_A: 0.091, G_A: 0.486, cycle_A: 0.079, idt_A: 0.087, D_B: 0.007, G_B: 0.928, cycle_B: 0.237, idt_B: 0.057

[Rank 0] (epoch: 439, iters: 664, time: 0.097, data: 0.004) , D_A: 0.101, G_A: 0.596, cycle_A: 0.074, idt_A: 0.096, D_B: 0.017, G_B: 0.887, cycle_B: 0.266, idt_B: 0.051

[Rank 0] (epoch: 439, iters: 864, time: 0.030, data: 0.003) , D_A: 0.094, G_A: 0.664, cycle_A: 0.071, idt_A: 0.099, D_B: 0.034, G_B: 0.791, cycle_B: 0.274, idt_B: 0.051

[Rank 0] (epoch: 439, iters: 1064, time: 0.030, data: 0.004) , D_A: 0.106, G_A: 0.773, cycle_A: 0.072, idt_A: 0.089, D_B: 0.032, G_B: 0.749, cycle_B: 0.235, idt_B: 0.055

[Rank 0] (epoch: 439, iters: 1264, time: 0.030, data: 0.007) , D_A: 0.079, G_A: 0.697, cycle_A: 0.061, idt_A: 0.096, D_B: 0.036, G_B: 0.931, cycle_B: 0.259, idt_B: 0.041

[Rank 0] (epoch: 439, iters: 1464, time: 0.030, data: 0.002) , D_A: 0.083, G_A: 0.820, cycle_A: 0.085, idt_A: 0.092, D_B: 0.021, G_B: 0.840, cycle_B: 0.244, idt_B: 0.056

[Rank 0] (epoch: 439, iters: 1664, time: 0.094, data: 0.003) , D_A: 0.068, G_A: 0.722, cycle_A: 0.063, idt_A: 0.106, D_B: 0.024, G_B: 0.761, cycle_B: 0.275, idt_B: 0.044

[Rank 0] (epoch: 439, iters: 1864, time: 0.030, data: 0.003) , D_A: 0.053, G_A: 0.577, cycle_A: 0.073, idt_A: 0.102, D_B: 0.028, G_B: 0.881, cycle_B: 0.314, idt_B: 0.057

learning rate 0.0000100 -> 0.0000100
saving the model at the end of epoch 439, iters 73264
End of epoch 439 / 670 	 Time Taken: 53 sec
[Rank 0] (epoch: 440, iters: 136, time: 0.087, data: 0.003) , D_A: 0.087, G_A: 0.685, cycle_A: 0.089, idt_A: 0.105, D_B: 0.012, G_B: 0.927, cycle_B: 0.287, idt_B: 0.061

[Rank 0] (epoch: 440, iters: 336, time: 0.030, data: 0.002) , D_A: 0.104, G_A: 0.698, cycle_A: 0.078, idt_A: 0.104, D_B: 0.014, G_B: 0.858, cycle_B: 0.275, idt_B: 0.050

[Rank 0] (epoch: 440, iters: 536, time: 0.030, data: 0.002) , D_A: 0.116, G_A: 0.542, cycle_A: 0.080, idt_A: 0.112, D_B: 0.013, G_B: 0.940, cycle_B: 0.301, idt_B: 0.053

[Rank 0] (epoch: 440, iters: 736, time: 0.082, data: 0.003) , D_A: 0.093, G_A: 0.552, cycle_A: 0.060, idt_A: 0.100, D_B: 0.030, G_B: 0.875, cycle_B: 0.257, idt_B: 0.043

[Rank 0] (epoch: 440, iters: 936, time: 0.030, data: 0.003) , D_A: 0.081, G_A: 0.651, cycle_A: 0.092, idt_A: 0.091, D_B: 0.021, G_B: 0.820, cycle_B: 0.245, idt_B: 0.070

[Rank 0] (epoch: 440, iters: 1136, time: 0.030, data: 0.004) , D_A: 0.067, G_A: 0.689, cycle_A: 0.059, idt_A: 0.092, D_B: 0.021, G_B: 0.828, cycle_B: 0.234, idt_B: 0.042

[Rank 0] (epoch: 440, iters: 1336, time: 0.030, data: 0.003) , D_A: 0.065, G_A: 0.746, cycle_A: 0.074, idt_A: 0.095, D_B: 0.017, G_B: 1.045, cycle_B: 0.241, idt_B: 0.046

[Rank 0] (epoch: 440, iters: 1536, time: 0.030, data: 0.003) , D_A: 0.087, G_A: 0.648, cycle_A: 0.067, idt_A: 0.094, D_B: 0.009, G_B: 0.897, cycle_B: 0.250, idt_B: 0.047

[Rank 0] (epoch: 440, iters: 1736, time: 0.089, data: 0.003) , D_A: 0.075, G_A: 0.620, cycle_A: 0.072, idt_A: 0.110, D_B: 0.013, G_B: 0.784, cycle_B: 0.296, idt_B: 0.048

saving the latest model (epoch 440, total_iters 75000)
learning rate 0.0000100 -> 0.0000100
saving the model at the end of epoch 440, iters 75192
End of epoch 440 / 670 	 Time Taken: 52 sec
[Rank 0] (epoch: 441, iters: 8, time: 0.105, data: 0.002) , D_A: 0.117, G_A: 0.787, cycle_A: 0.073, idt_A: 0.102, D_B: 0.008, G_B: 0.992, cycle_B: 0.296, idt_B: 0.049

[Rank 0] (epoch: 441, iters: 208, time: 0.030, data: 0.004) , D_A: 0.056, G_A: 0.740, cycle_A: 0.076, idt_A: 0.093, D_B: 0.022, G_B: 0.725, cycle_B: 0.248, idt_B: 0.050

[Rank 0] (epoch: 441, iters: 408, time: 0.030, data: 0.003) , D_A: 0.074, G_A: 0.608, cycle_A: 0.091, idt_A: 0.110, D_B: 0.008, G_B: 0.951, cycle_B: 0.298, idt_B: 0.061

[Rank 0] (epoch: 441, iters: 608, time: 0.030, data: 0.003) , D_A: 0.077, G_A: 0.561, cycle_A: 0.059, idt_A: 0.104, D_B: 0.007, G_B: 0.868, cycle_B: 0.282, idt_B: 0.041

[Rank 0] (epoch: 441, iters: 808, time: 0.091, data: 0.003) , D_A: 0.064, G_A: 0.665, cycle_A: 0.090, idt_A: 0.103, D_B: 0.010, G_B: 0.769, cycle_B: 0.262, idt_B: 0.060

[Rank 0] (epoch: 441, iters: 1008, time: 0.030, data: 0.004) , D_A: 0.076, G_A: 0.674, cycle_A: 0.048, idt_A: 0.089, D_B: 0.006, G_B: 0.878, cycle_B: 0.237, idt_B: 0.035

[Rank 0] (epoch: 441, iters: 1208, time: 0.030, data: 0.003) , D_A: 0.103, G_A: 0.591, cycle_A: 0.079, idt_A: 0.094, D_B: 0.005, G_B: 0.979, cycle_B: 0.241, idt_B: 0.057

[Rank 0] (epoch: 441, iters: 1408, time: 0.030, data: 0.003) , D_A: 0.059, G_A: 0.678, cycle_A: 0.092, idt_A: 0.105, D_B: 0.007, G_B: 0.865, cycle_B: 0.274, idt_B: 0.065

[Rank 0] (epoch: 441, iters: 1608, time: 0.030, data: 0.003) , D_A: 0.107, G_A: 0.580, cycle_A: 0.078, idt_A: 0.101, D_B: 0.005, G_B: 0.932, cycle_B: 0.264, idt_B: 0.058

[Rank 0] (epoch: 441, iters: 1808, time: 0.096, data: 0.003) , D_A: 0.056, G_A: 0.882, cycle_A: 0.083, idt_A: 0.104, D_B: 0.004, G_B: 1.001, cycle_B: 0.280, idt_B: 0.056

learning rate 0.0000100 -> 0.0000100
saving the model at the end of epoch 441, iters 77120
End of epoch 441 / 670 	 Time Taken: 52 sec
[Rank 0] (epoch: 442, iters: 80, time: 0.102, data: 0.003) , D_A: 0.061, G_A: 0.674, cycle_A: 0.070, idt_A: 0.112, D_B: 0.015, G_B: 0.967, cycle_B: 0.306, idt_B: 0.049

[Rank 0] (epoch: 442, iters: 280, time: 0.030, data: 0.002) , D_A: 0.063, G_A: 0.732, cycle_A: 0.094, idt_A: 0.093, D_B: 0.036, G_B: 0.826, cycle_B: 0.283, idt_B: 0.076

[Rank 0] (epoch: 442, iters: 480, time: 0.030, data: 0.004) , D_A: 0.060, G_A: 0.654, cycle_A: 0.092, idt_A: 0.098, D_B: 0.011, G_B: 0.786, cycle_B: 0.280, idt_B: 0.064

[Rank 0] (epoch: 442, iters: 680, time: 0.030, data: 0.002) , D_A: 0.073, G_A: 0.607, cycle_A: 0.068, idt_A: 0.107, D_B: 0.015, G_B: 0.941, cycle_B: 0.296, idt_B: 0.048

[Rank 0] (epoch: 442, iters: 880, time: 0.098, data: 0.002) , D_A: 0.103, G_A: 0.597, cycle_A: 0.096, idt_A: 0.104, D_B: 0.014, G_B: 0.927, cycle_B: 0.275, idt_B: 0.066

[Rank 0] (epoch: 442, iters: 1080, time: 0.030, data: 0.002) , D_A: 0.071, G_A: 0.710, cycle_A: 0.068, idt_A: 0.092, D_B: 0.014, G_B: 0.815, cycle_B: 0.244, idt_B: 0.050

[Rank 0] (epoch: 442, iters: 1280, time: 0.030, data: 0.003) , D_A: 0.080, G_A: 0.518, cycle_A: 0.094, idt_A: 0.103, D_B: 0.013, G_B: 0.841, cycle_B: 0.272, idt_B: 0.062

[Rank 0] (epoch: 442, iters: 1480, time: 0.030, data: 0.004) , D_A: 0.106, G_A: 0.644, cycle_A: 0.080, idt_A: 0.106, D_B: 0.032, G_B: 0.590, cycle_B: 0.275, idt_B: 0.051

[Rank 0] (epoch: 442, iters: 1680, time: 0.030, data: 0.003) , D_A: 0.070, G_A: 0.608, cycle_A: 0.104, idt_A: 0.109, D_B: 0.049, G_B: 0.789, cycle_B: 0.278, idt_B: 0.068

[Rank 0] (epoch: 442, iters: 1880, time: 0.091, data: 0.003) , D_A: 0.080, G_A: 0.713, cycle_A: 0.070, idt_A: 0.100, D_B: 0.007, G_B: 0.922, cycle_B: 0.264, idt_B: 0.050

learning rate 0.0000100 -> 0.0000100
saving the model at the end of epoch 442, iters 79048
End of epoch 442 / 670 	 Time Taken: 53 sec
[Rank 0] (epoch: 443, iters: 152, time: 0.086, data: 0.002) , D_A: 0.063, G_A: 0.851, cycle_A: 0.084, idt_A: 0.101, D_B: 0.010, G_B: 0.798, cycle_B: 0.281, idt_B: 0.055

[Rank 0] (epoch: 443, iters: 352, time: 0.030, data: 0.002) , D_A: 0.086, G_A: 0.578, cycle_A: 0.072, idt_A: 0.119, D_B: 0.024, G_B: 0.754, cycle_B: 0.319, idt_B: 0.047

[Rank 0] (epoch: 443, iters: 552, time: 0.030, data: 0.002) , D_A: 0.062, G_A: 0.644, cycle_A: 0.051, idt_A: 0.094, D_B: 0.024, G_B: 0.840, cycle_B: 0.252, idt_B: 0.036

[Rank 0] (epoch: 443, iters: 752, time: 0.030, data: 0.003) , D_A: 0.067, G_A: 0.660, cycle_A: 0.081, idt_A: 0.101, D_B: 0.009, G_B: 0.882, cycle_B: 0.273, idt_B: 0.057

[Rank 0] (epoch: 443, iters: 952, time: 0.090, data: 0.004) , D_A: 0.046, G_A: 0.682, cycle_A: 0.073, idt_A: 0.087, D_B: 0.021, G_B: 0.738, cycle_B: 0.236, idt_B: 0.049

saving the latest model (epoch 443, total_iters 80000)
[Rank 0] (epoch: 443, iters: 1152, time: 0.030, data: 0.002) , D_A: 0.078, G_A: 0.696, cycle_A: 0.073, idt_A: 0.106, D_B: 0.022, G_B: 0.823, cycle_B: 0.285, idt_B: 0.051

[Rank 0] (epoch: 443, iters: 1352, time: 0.030, data: 0.003) , D_A: 0.075, G_A: 0.678, cycle_A: 0.092, idt_A: 0.098, D_B: 0.019, G_B: 0.712, cycle_B: 0.266, idt_B: 0.066

[Rank 0] (epoch: 443, iters: 1552, time: 0.030, data: 0.003) , D_A: 0.066, G_A: 0.644, cycle_A: 0.122, idt_A: 0.110, D_B: 0.035, G_B: 0.788, cycle_B: 0.282, idt_B: 0.084

[Rank 0] (epoch: 443, iters: 1752, time: 0.030, data: 0.002) , D_A: 0.086, G_A: 0.714, cycle_A: 0.080, idt_A: 0.096, D_B: 0.019, G_B: 0.870, cycle_B: 0.254, idt_B: 0.052

learning rate 0.0000100 -> 0.0000100
saving the model at the end of epoch 443, iters 80976
End of epoch 443 / 670 	 Time Taken: 52 sec
[Rank 0] (epoch: 444, iters: 24, time: 0.103, data: 0.003) , D_A: 0.101, G_A: 0.738, cycle_A: 0.090, idt_A: 0.097, D_B: 0.026, G_B: 0.844, cycle_B: 0.271, idt_B: 0.065

[Rank 0] (epoch: 444, iters: 224, time: 0.030, data: 0.002) , D_A: 0.090, G_A: 0.570, cycle_A: 0.065, idt_A: 0.101, D_B: 0.010, G_B: 1.020, cycle_B: 0.263, idt_B: 0.049

[Rank 0] (epoch: 444, iters: 424, time: 0.030, data: 0.003) , D_A: 0.063, G_A: 0.645, cycle_A: 0.071, idt_A: 0.100, D_B: 0.007, G_B: 0.878, cycle_B: 0.245, idt_B: 0.047

[Rank 0] (epoch: 444, iters: 624, time: 0.030, data: 0.003) , D_A: 0.057, G_A: 0.673, cycle_A: 0.061, idt_A: 0.103, D_B: 0.012, G_B: 0.846, cycle_B: 0.256, idt_B: 0.042

[Rank 0] (epoch: 444, iters: 824, time: 0.030, data: 0.003) , D_A: 0.074, G_A: 0.579, cycle_A: 0.080, idt_A: 0.092, D_B: 0.006, G_B: 0.865, cycle_B: 0.229, idt_B: 0.055

[Rank 0] (epoch: 444, iters: 1024, time: 0.082, data: 0.003) , D_A: 0.078, G_A: 0.717, cycle_A: 0.078, idt_A: 0.087, D_B: 0.009, G_B: 0.869, cycle_B: 0.210, idt_B: 0.056

[Rank 0] (epoch: 444, iters: 1224, time: 0.030, data: 0.003) , D_A: 0.118, G_A: 0.748, cycle_A: 0.092, idt_A: 0.105, D_B: 0.043, G_B: 0.856, cycle_B: 0.277, idt_B: 0.060

[Rank 0] (epoch: 444, iters: 1424, time: 0.030, data: 0.003) , D_A: 0.096, G_A: 0.623, cycle_A: 0.098, idt_A: 0.094, D_B: 0.027, G_B: 0.806, cycle_B: 0.254, idt_B: 0.062

[Rank 0] (epoch: 444, iters: 1624, time: 0.030, data: 0.007) , D_A: 0.075, G_A: 0.646, cycle_A: 0.078, idt_A: 0.102, D_B: 0.016, G_B: 1.119, cycle_B: 0.274, idt_B: 0.055

[Rank 0] (epoch: 444, iters: 1824, time: 0.029, data: 0.003) , D_A: 0.076, G_A: 0.585, cycle_A: 0.084, idt_A: 0.105, D_B: 0.019, G_B: 0.686, cycle_B: 0.287, idt_B: 0.060

learning rate 0.0000100 -> 0.0000100
saving the model at the end of epoch 444, iters 82904
End of epoch 444 / 670 	 Time Taken: 52 sec
[Rank 0] (epoch: 445, iters: 96, time: 0.092, data: 0.002) , D_A: 0.058, G_A: 0.686, cycle_A: 0.059, idt_A: 0.113, D_B: 0.026, G_B: 0.765, cycle_B: 0.308, idt_B: 0.041

[Rank 0] (epoch: 445, iters: 296, time: 0.030, data: 0.003) , D_A: 0.097, G_A: 0.627, cycle_A: 0.069, idt_A: 0.114, D_B: 0.020, G_B: 0.779, cycle_B: 0.299, idt_B: 0.046

[Rank 0] (epoch: 445, iters: 496, time: 0.030, data: 0.003) , D_A: 0.083, G_A: 0.534, cycle_A: 0.077, idt_A: 0.106, D_B: 0.047, G_B: 0.616, cycle_B: 0.295, idt_B: 0.055

[Rank 0] (epoch: 445, iters: 696, time: 0.030, data: 0.003) , D_A: 0.068, G_A: 0.861, cycle_A: 0.096, idt_A: 0.089, D_B: 0.025, G_B: 0.808, cycle_B: 0.232, idt_B: 0.061

[Rank 0] (epoch: 445, iters: 896, time: 0.030, data: 0.004) , D_A: 0.097, G_A: 0.732, cycle_A: 0.070, idt_A: 0.103, D_B: 0.014, G_B: 0.854, cycle_B: 0.272, idt_B: 0.048

[Rank 0] (epoch: 445, iters: 1096, time: 0.082, data: 0.003) , D_A: 0.083, G_A: 0.594, cycle_A: 0.089, idt_A: 0.109, D_B: 0.017, G_B: 0.742, cycle_B: 0.295, idt_B: 0.064

[Rank 0] (epoch: 445, iters: 1296, time: 0.030, data: 0.003) , D_A: 0.090, G_A: 0.541, cycle_A: 0.054, idt_A: 0.093, D_B: 0.028, G_B: 0.700, cycle_B: 0.263, idt_B: 0.038

[Rank 0] (epoch: 445, iters: 1496, time: 0.030, data: 0.002) , D_A: 0.083, G_A: 0.840, cycle_A: 0.090, idt_A: 0.103, D_B: 0.022, G_B: 0.883, cycle_B: 0.270, idt_B: 0.064

[Rank 0] (epoch: 445, iters: 1696, time: 0.030, data: 0.003) , D_A: 0.086, G_A: 0.660, cycle_A: 0.087, idt_A: 0.095, D_B: 0.026, G_B: 0.912, cycle_B: 0.245, idt_B: 0.059

[Rank 0] (epoch: 445, iters: 1896, time: 0.030, data: 0.003) , D_A: 0.086, G_A: 0.634, cycle_A: 0.087, idt_A: 0.090, D_B: 0.022, G_B: 0.960, cycle_B: 0.223, idt_B: 0.058

learning rate 0.0000100 -> 0.0000100
saving the model at the end of epoch 445, iters 84832
End of epoch 445 / 670 	 Time Taken: 52 sec
[Rank 0] (epoch: 446, iters: 168, time: 0.091, data: 0.002) , D_A: 0.097, G_A: 0.624, cycle_A: 0.081, idt_A: 0.109, D_B: 0.013, G_B: 0.819, cycle_B: 0.255, idt_B: 0.061

saving the latest model (epoch 446, total_iters 85000)
[Rank 0] (epoch: 446, iters: 368, time: 0.030, data: 0.002) , D_A: 0.097, G_A: 0.572, cycle_A: 0.075, idt_A: 0.106, D_B: 0.009, G_B: 0.885, cycle_B: 0.265, idt_B: 0.051

[Rank 0] (epoch: 446, iters: 568, time: 0.030, data: 0.004) , D_A: 0.079, G_A: 0.609, cycle_A: 0.073, idt_A: 0.112, D_B: 0.013, G_B: 0.953, cycle_B: 0.269, idt_B: 0.051

[Rank 0] (epoch: 446, iters: 768, time: 0.030, data: 0.003) , D_A: 0.069, G_A: 0.633, cycle_A: 0.074, idt_A: 0.104, D_B: 0.012, G_B: 0.881, cycle_B: 0.256, idt_B: 0.056

[Rank 0] (epoch: 446, iters: 968, time: 0.030, data: 0.003) , D_A: 0.066, G_A: 0.684, cycle_A: 0.084, idt_A: 0.101, D_B: 0.012, G_B: 0.774, cycle_B: 0.238, idt_B: 0.058

[Rank 0] (epoch: 446, iters: 1168, time: 0.083, data: 0.003) , D_A: 0.078, G_A: 0.711, cycle_A: 0.056, idt_A: 0.101, D_B: 0.019, G_B: 0.998, cycle_B: 0.229, idt_B: 0.041

[Rank 0] (epoch: 446, iters: 1368, time: 0.030, data: 0.003) , D_A: 0.075, G_A: 0.538, cycle_A: 0.073, idt_A: 0.094, D_B: 0.038, G_B: 0.496, cycle_B: 0.238, idt_B: 0.045

[Rank 0] (epoch: 446, iters: 1568, time: 0.030, data: 0.003) , D_A: 0.076, G_A: 0.621, cycle_A: 0.059, idt_A: 0.107, D_B: 0.051, G_B: 0.963, cycle_B: 0.260, idt_B: 0.041

[Rank 0] (epoch: 446, iters: 1768, time: 0.030, data: 0.003) , D_A: 0.051, G_A: 0.679, cycle_A: 0.061, idt_A: 0.104, D_B: 0.049, G_B: 0.976, cycle_B: 0.248, idt_B: 0.048

learning rate 0.0000100 -> 0.0000100
saving the model at the end of epoch 446, iters 86760
End of epoch 446 / 670 	 Time Taken: 52 sec
[Rank 0] (epoch: 447, iters: 40, time: 0.093, data: 0.002) , D_A: 0.099, G_A: 0.826, cycle_A: 0.096, idt_A: 0.093, D_B: 0.011, G_B: 0.857, cycle_B: 0.229, idt_B: 0.070

[Rank 0] (epoch: 447, iters: 240, time: 0.082, data: 0.002) , D_A: 0.073, G_A: 0.643, cycle_A: 0.070, idt_A: 0.099, D_B: 0.007, G_B: 0.941, cycle_B: 0.231, idt_B: 0.051

[Rank 0] (epoch: 447, iters: 440, time: 0.030, data: 0.004) , D_A: 0.069, G_A: 0.725, cycle_A: 0.084, idt_A: 0.100, D_B: 0.007, G_B: 0.966, cycle_B: 0.231, idt_B: 0.063

[Rank 0] (epoch: 447, iters: 640, time: 0.030, data: 0.003) , D_A: 0.090, G_A: 0.557, cycle_A: 0.065, idt_A: 0.111, D_B: 0.010, G_B: 0.820, cycle_B: 0.258, idt_B: 0.045

[Rank 0] (epoch: 447, iters: 840, time: 0.030, data: 0.003) , D_A: 0.056, G_A: 0.624, cycle_A: 0.059, idt_A: 0.090, D_B: 0.029, G_B: 0.750, cycle_B: 0.214, idt_B: 0.042

[Rank 0] (epoch: 447, iters: 1040, time: 0.030, data: 0.003) , D_A: 0.095, G_A: 0.750, cycle_A: 0.075, idt_A: 0.098, D_B: 0.006, G_B: 0.933, cycle_B: 0.238, idt_B: 0.051

[Rank 0] (epoch: 447, iters: 1240, time: 0.096, data: 0.003) , D_A: 0.062, G_A: 0.653, cycle_A: 0.070, idt_A: 0.096, D_B: 0.040, G_B: 1.019, cycle_B: 0.223, idt_B: 0.050

[Rank 0] (epoch: 447, iters: 1440, time: 0.030, data: 0.002) , D_A: 0.056, G_A: 0.598, cycle_A: 0.074, idt_A: 0.095, D_B: 0.004, G_B: 0.954, cycle_B: 0.216, idt_B: 0.053

[Rank 0] (epoch: 447, iters: 1640, time: 0.030, data: 0.002) , D_A: 0.065, G_A: 0.810, cycle_A: 0.105, idt_A: 0.092, D_B: 0.007, G_B: 0.930, cycle_B: 0.227, idt_B: 0.068

[Rank 0] (epoch: 447, iters: 1840, time: 0.030, data: 0.003) , D_A: 0.071, G_A: 0.775, cycle_A: 0.088, idt_A: 0.084, D_B: 0.006, G_B: 0.874, cycle_B: 0.203, idt_B: 0.059

learning rate 0.0000100 -> 0.0000100
saving the model at the end of epoch 447, iters 88688
End of epoch 447 / 670 	 Time Taken: 52 sec
[Rank 0] (epoch: 448, iters: 112, time: 0.087, data: 0.004) , D_A: 0.087, G_A: 0.509, cycle_A: 0.068, idt_A: 0.095, D_B: 0.016, G_B: 0.707, cycle_B: 0.224, idt_B: 0.050

[Rank 0] (epoch: 448, iters: 312, time: 0.092, data: 0.002) , D_A: 0.071, G_A: 0.638, cycle_A: 0.077, idt_A: 0.102, D_B: 0.008, G_B: 0.844, cycle_B: 0.239, idt_B: 0.055

[Rank 0] (epoch: 448, iters: 512, time: 0.030, data: 0.003) , D_A: 0.089, G_A: 0.799, cycle_A: 0.096, idt_A: 0.108, D_B: 0.008, G_B: 1.012, cycle_B: 0.259, idt_B: 0.069

[Rank 0] (epoch: 448, iters: 712, time: 0.030, data: 0.002) , D_A: 0.075, G_A: 0.701, cycle_A: 0.092, idt_A: 0.090, D_B: 0.008, G_B: 0.916, cycle_B: 0.212, idt_B: 0.068

[Rank 0] (epoch: 448, iters: 912, time: 0.030, data: 0.003) , D_A: 0.073, G_A: 0.655, cycle_A: 0.079, idt_A: 0.101, D_B: 0.006, G_B: 0.925, cycle_B: 0.258, idt_B: 0.057

[Rank 0] (epoch: 448, iters: 1112, time: 0.030, data: 0.003) , D_A: 0.074, G_A: 0.666, cycle_A: 0.101, idt_A: 0.101, D_B: 0.008, G_B: 0.955, cycle_B: 0.242, idt_B: 0.066

[Rank 0] (epoch: 448, iters: 1312, time: 0.098, data: 0.003) , D_A: 0.080, G_A: 0.825, cycle_A: 0.097, idt_A: 0.098, D_B: 0.006, G_B: 0.951, cycle_B: 0.248, idt_B: 0.070

saving the latest model (epoch 448, total_iters 90000)
[Rank 0] (epoch: 448, iters: 1512, time: 0.029, data: 0.002) , D_A: 0.079, G_A: 0.761, cycle_A: 0.067, idt_A: 0.095, D_B: 0.032, G_B: 0.917, cycle_B: 0.239, idt_B: 0.044

[Rank 0] (epoch: 448, iters: 1712, time: 0.030, data: 0.004) , D_A: 0.079, G_A: 0.653, cycle_A: 0.114, idt_A: 0.080, D_B: 0.004, G_B: 0.946, cycle_B: 0.203, idt_B: 0.082

[Rank 0] (epoch: 448, iters: 1912, time: 0.030, data: 0.003) , D_A: 0.062, G_A: 0.678, cycle_A: 0.078, idt_A: 0.087, D_B: 0.005, G_B: 0.899, cycle_B: 0.219, idt_B: 0.060

learning rate 0.0000100 -> 0.0000100
saving the model at the end of epoch 448, iters 90616
End of epoch 448 / 670 	 Time Taken: 52 sec
[Rank 0] (epoch: 449, iters: 184, time: 0.093, data: 0.002) , D_A: 0.071, G_A: 0.610, cycle_A: 0.075, idt_A: 0.096, D_B: 0.004, G_B: 0.991, cycle_B: 0.241, idt_B: 0.053

[Rank 0] (epoch: 449, iters: 384, time: 0.086, data: 0.002) , D_A: 0.082, G_A: 0.529, cycle_A: 0.092, idt_A: 0.111, D_B: 0.007, G_B: 0.864, cycle_B: 0.259, idt_B: 0.062

[Rank 0] (epoch: 449, iters: 584, time: 0.030, data: 0.002) , D_A: 0.098, G_A: 0.620, cycle_A: 0.068, idt_A: 0.097, D_B: 0.006, G_B: 0.989, cycle_B: 0.237, idt_B: 0.048

[Rank 0] (epoch: 449, iters: 784, time: 0.030, data: 0.003) , D_A: 0.079, G_A: 0.704, cycle_A: 0.068, idt_A: 0.100, D_B: 0.004, G_B: 0.971, cycle_B: 0.245, idt_B: 0.044

[Rank 0] (epoch: 449, iters: 984, time: 0.030, data: 0.003) , D_A: 0.096, G_A: 0.687, cycle_A: 0.076, idt_A: 0.085, D_B: 0.052, G_B: 0.978, cycle_B: 0.211, idt_B: 0.052

[Rank 0] (epoch: 449, iters: 1184, time: 0.030, data: 0.003) , D_A: 0.076, G_A: 0.775, cycle_A: 0.082, idt_A: 0.091, D_B: 0.008, G_B: 0.857, cycle_B: 0.219, idt_B: 0.059

[Rank 0] (epoch: 449, iters: 1384, time: 0.087, data: 0.003) , D_A: 0.104, G_A: 0.573, cycle_A: 0.098, idt_A: 0.086, D_B: 0.005, G_B: 0.928, cycle_B: 0.208, idt_B: 0.063

[Rank 0] (epoch: 449, iters: 1584, time: 0.030, data: 0.002) , D_A: 0.089, G_A: 0.808, cycle_A: 0.090, idt_A: 0.100, D_B: 0.008, G_B: 0.969, cycle_B: 0.243, idt_B: 0.057

[Rank 0] (epoch: 449, iters: 1784, time: 0.030, data: 0.002) , D_A: 0.062, G_A: 0.655, cycle_A: 0.080, idt_A: 0.097, D_B: 0.012, G_B: 0.794, cycle_B: 0.242, idt_B: 0.057

learning rate 0.0000100 -> 0.0000100
saving the model at the end of epoch 449, iters 92544
End of epoch 449 / 670 	 Time Taken: 52 sec
[Rank 0] (epoch: 450, iters: 56, time: 0.109, data: 0.003) , D_A: 0.096, G_A: 0.744, cycle_A: 0.071, idt_A: 0.101, D_B: 0.005, G_B: 0.962, cycle_B: 0.235, idt_B: 0.050

[Rank 0] (epoch: 450, iters: 256, time: 0.030, data: 0.002) , D_A: 0.092, G_A: 0.589, cycle_A: 0.083, idt_A: 0.107, D_B: 0.009, G_B: 0.877, cycle_B: 0.264, idt_B: 0.062

[Rank 0] (epoch: 450, iters: 456, time: 0.108, data: 0.004) , D_A: 0.086, G_A: 0.554, cycle_A: 0.079, idt_A: 0.104, D_B: 0.005, G_B: 0.862, cycle_B: 0.236, idt_B: 0.061

[Rank 0] (epoch: 450, iters: 656, time: 0.030, data: 0.002) , D_A: 0.092, G_A: 0.543, cycle_A: 0.078, idt_A: 0.111, D_B: 0.003, G_B: 0.972, cycle_B: 0.238, idt_B: 0.057

[Rank 0] (epoch: 450, iters: 856, time: 0.030, data: 0.003) , D_A: 0.075, G_A: 0.836, cycle_A: 0.094, idt_A: 0.095, D_B: 0.005, G_B: 0.917, cycle_B: 0.228, idt_B: 0.064

[Rank 0] (epoch: 450, iters: 1056, time: 0.030, data: 0.003) , D_A: 0.068, G_A: 0.656, cycle_A: 0.083, idt_A: 0.104, D_B: 0.005, G_B: 0.986, cycle_B: 0.236, idt_B: 0.058

[Rank 0] (epoch: 450, iters: 1256, time: 0.030, data: 0.003) , D_A: 0.095, G_A: 0.619, cycle_A: 0.082, idt_A: 0.106, D_B: 0.033, G_B: 0.951, cycle_B: 0.239, idt_B: 0.056

[Rank 0] (epoch: 450, iters: 1456, time: 0.091, data: 0.003) , D_A: 0.080, G_A: 0.616, cycle_A: 0.102, idt_A: 0.100, D_B: 0.007, G_B: 0.916, cycle_B: 0.247, idt_B: 0.067

[Rank 0] (epoch: 450, iters: 1656, time: 0.030, data: 0.003) , D_A: 0.068, G_A: 0.665, cycle_A: 0.082, idt_A: 0.090, D_B: 0.027, G_B: 0.926, cycle_B: 0.222, idt_B: 0.049

[Rank 0] (epoch: 450, iters: 1856, time: 0.030, data: 0.003) , D_A: 0.077, G_A: 0.757, cycle_A: 0.080, idt_A: 0.106, D_B: 0.006, G_B: 0.861, cycle_B: 0.252, idt_B: 0.053

learning rate 0.0000100 -> 0.0000100
saving the model at the end of epoch 450, iters 94472
End of epoch 450 / 670 	 Time Taken: 53 sec
[Rank 0] (epoch: 451, iters: 128, time: 0.117, data: 0.003) , D_A: 0.070, G_A: 0.632, cycle_A: 0.081, idt_A: 0.098, D_B: 0.008, G_B: 0.825, cycle_B: 0.241, idt_B: 0.053

[Rank 0] (epoch: 451, iters: 328, time: 0.030, data: 0.003) , D_A: 0.074, G_A: 0.578, cycle_A: 0.067, idt_A: 0.093, D_B: 0.039, G_B: 0.731, cycle_B: 0.224, idt_B: 0.050

[Rank 0] (epoch: 451, iters: 528, time: 0.093, data: 0.002) , D_A: 0.091, G_A: 0.560, cycle_A: 0.067, idt_A: 0.108, D_B: 0.003, G_B: 1.000, cycle_B: 0.246, idt_B: 0.045

saving the latest model (epoch 451, total_iters 95000)
[Rank 0] (epoch: 451, iters: 728, time: 0.030, data: 0.002) , D_A: 0.079, G_A: 0.678, cycle_A: 0.085, idt_A: 0.101, D_B: 0.008, G_B: 0.968, cycle_B: 0.235, idt_B: 0.060

[Rank 0] (epoch: 451, iters: 928, time: 0.030, data: 0.003) , D_A: 0.074, G_A: 0.587, cycle_A: 0.067, idt_A: 0.101, D_B: 0.004, G_B: 0.965, cycle_B: 0.236, idt_B: 0.049

[Rank 0] (epoch: 451, iters: 1128, time: 0.030, data: 0.002) , D_A: 0.068, G_A: 0.643, cycle_A: 0.097, idt_A: 0.100, D_B: 0.005, G_B: 0.890, cycle_B: 0.230, idt_B: 0.060

[Rank 0] (epoch: 451, iters: 1328, time: 0.030, data: 0.002) , D_A: 0.051, G_A: 0.687, cycle_A: 0.104, idt_A: 0.102, D_B: 0.007, G_B: 0.918, cycle_B: 0.232, idt_B: 0.070

[Rank 0] (epoch: 451, iters: 1528, time: 0.088, data: 0.003) , D_A: 0.077, G_A: 0.605, cycle_A: 0.092, idt_A: 0.111, D_B: 0.005, G_B: 1.015, cycle_B: 0.276, idt_B: 0.069

[Rank 0] (epoch: 451, iters: 1728, time: 0.030, data: 0.003) , D_A: 0.064, G_A: 0.692, cycle_A: 0.092, idt_A: 0.098, D_B: 0.004, G_B: 0.941, cycle_B: 0.220, idt_B: 0.067

[Rank 0] (epoch: 451, iters: 1928, time: 0.024, data: 0.003) , D_A: 0.076, G_A: 0.689, cycle_A: 0.102, idt_A: 0.114, D_B: 0.021, G_B: 0.927, cycle_B: 0.276, idt_B: 0.069

learning rate 0.0000100 -> 0.0000100
saving the model at the end of epoch 451, iters 96400
End of epoch 451 / 670 	 Time Taken: 53 sec
[Rank 0] (epoch: 452, iters: 200, time: 0.099, data: 0.840) , D_A: 0.063, G_A: 0.583, cycle_A: 0.074, idt_A: 0.090, D_B: 0.004, G_B: 0.938, cycle_B: 0.213, idt_B: 0.052

[Rank 0] (epoch: 452, iters: 400, time: 0.030, data: 0.003) , D_A: 0.056, G_A: 0.797, cycle_A: 0.081, idt_A: 0.112, D_B: 0.005, G_B: 0.959, cycle_B: 0.256, idt_B: 0.056

[Rank 0] (epoch: 452, iters: 600, time: 0.092, data: 0.003) , D_A: 0.076, G_A: 0.633, cycle_A: 0.063, idt_A: 0.101, D_B: 0.042, G_B: 0.884, cycle_B: 0.231, idt_B: 0.048

[Rank 0] (epoch: 452, iters: 800, time: 0.030, data: 0.004) , D_A: 0.063, G_A: 0.587, cycle_A: 0.071, idt_A: 0.099, D_B: 0.013, G_B: 0.809, cycle_B: 0.248, idt_B: 0.042

[Rank 0] (epoch: 452, iters: 1000, time: 0.030, data: 0.002) , D_A: 0.077, G_A: 0.594, cycle_A: 0.078, idt_A: 0.094, D_B: 0.009, G_B: 0.864, cycle_B: 0.247, idt_B: 0.051

[Rank 0] (epoch: 452, iters: 1200, time: 0.030, data: 0.003) , D_A: 0.068, G_A: 0.768, cycle_A: 0.073, idt_A: 0.082, D_B: 0.019, G_B: 0.752, cycle_B: 0.216, idt_B: 0.051

[Rank 0] (epoch: 452, iters: 1400, time: 0.030, data: 0.003) , D_A: 0.082, G_A: 0.642, cycle_A: 0.080, idt_A: 0.097, D_B: 0.006, G_B: 0.880, cycle_B: 0.244, idt_B: 0.060

[Rank 0] (epoch: 452, iters: 1600, time: 0.100, data: 0.003) , D_A: 0.116, G_A: 0.669, cycle_A: 0.077, idt_A: 0.099, D_B: 0.006, G_B: 0.910, cycle_B: 0.240, idt_B: 0.052

[Rank 0] (epoch: 452, iters: 1800, time: 0.030, data: 0.002) , D_A: 0.073, G_A: 0.639, cycle_A: 0.109, idt_A: 0.098, D_B: 0.005, G_B: 0.906, cycle_B: 0.240, idt_B: 0.075

learning rate 0.0000100 -> 0.0000100
saving the model at the end of epoch 452, iters 98328
End of epoch 452 / 670 	 Time Taken: 53 sec
[Rank 0] (epoch: 453, iters: 72, time: 0.149, data: 0.003) , D_A: 0.075, G_A: 0.605, cycle_A: 0.117, idt_A: 0.075, D_B: 0.007, G_B: 0.838, cycle_B: 0.175, idt_B: 0.081

[Rank 0] (epoch: 453, iters: 272, time: 0.030, data: 0.005) , D_A: 0.094, G_A: 0.680, cycle_A: 0.070, idt_A: 0.098, D_B: 0.012, G_B: 0.796, cycle_B: 0.249, idt_B: 0.043

[Rank 0] (epoch: 453, iters: 472, time: 0.030, data: 0.002) , D_A: 0.080, G_A: 0.657, cycle_A: 0.078, idt_A: 0.109, D_B: 0.035, G_B: 0.949, cycle_B: 0.272, idt_B: 0.060

[Rank 0] (epoch: 453, iters: 672, time: 0.110, data: 0.008) , D_A: 0.060, G_A: 0.698, cycle_A: 0.080, idt_A: 0.109, D_B: 0.006, G_B: 0.857, cycle_B: 0.255, idt_B: 0.049

[Rank 0] (epoch: 453, iters: 872, time: 0.030, data: 0.003) , D_A: 0.082, G_A: 0.602, cycle_A: 0.073, idt_A: 0.099, D_B: 0.008, G_B: 0.948, cycle_B: 0.240, idt_B: 0.050

[Rank 0] (epoch: 453, iters: 1072, time: 0.030, data: 0.004) , D_A: 0.079, G_A: 0.717, cycle_A: 0.082, idt_A: 0.116, D_B: 0.008, G_B: 0.970, cycle_B: 0.262, idt_B: 0.052

[Rank 0] (epoch: 453, iters: 1272, time: 0.030, data: 0.003) , D_A: 0.077, G_A: 0.608, cycle_A: 0.092, idt_A: 0.097, D_B: 0.016, G_B: 0.980, cycle_B: 0.218, idt_B: 0.069

[Rank 0] (epoch: 453, iters: 1472, time: 0.030, data: 0.010) , D_A: 0.100, G_A: 0.651, cycle_A: 0.076, idt_A: 0.096, D_B: 0.020, G_B: 0.937, cycle_B: 0.224, idt_B: 0.053

[Rank 0] (epoch: 453, iters: 1672, time: 0.085, data: 0.003) , D_A: 0.066, G_A: 0.708, cycle_A: 0.101, idt_A: 0.101, D_B: 0.009, G_B: 0.888, cycle_B: 0.240, idt_B: 0.069

saving the latest model (epoch 453, total_iters 100000)
[Rank 0] (epoch: 453, iters: 1872, time: 0.030, data: 0.003) , D_A: 0.066, G_A: 0.685, cycle_A: 0.075, idt_A: 0.090, D_B: 0.003, G_B: 0.948, cycle_B: 0.207, idt_B: 0.053

learning rate 0.0000100 -> 0.0000100
saving the model at the end of epoch 453, iters 100256
End of epoch 453 / 670 	 Time Taken: 54 sec
[Rank 0] (epoch: 454, iters: 144, time: 0.093, data: 0.002) , D_A: 0.065, G_A: 0.698, cycle_A: 0.098, idt_A: 0.096, D_B: 0.004, G_B: 1.053, cycle_B: 0.229, idt_B: 0.072

[Rank 0] (epoch: 454, iters: 344, time: 0.030, data: 0.002) , D_A: 0.094, G_A: 0.762, cycle_A: 0.086, idt_A: 0.096, D_B: 0.003, G_B: 0.949, cycle_B: 0.230, idt_B: 0.055

[Rank 0] (epoch: 454, iters: 544, time: 0.029, data: 0.008) , D_A: 0.073, G_A: 0.639, cycle_A: 0.067, idt_A: 0.097, D_B: 0.007, G_B: 0.963, cycle_B: 0.233, idt_B: 0.047

[Rank 0] (epoch: 454, iters: 744, time: 0.103, data: 0.003) , D_A: 0.082, G_A: 0.695, cycle_A: 0.080, idt_A: 0.105, D_B: 0.003, G_B: 0.972, cycle_B: 0.252, idt_B: 0.054

[Rank 0] (epoch: 454, iters: 944, time: 0.030, data: 0.003) , D_A: 0.060, G_A: 0.718, cycle_A: 0.058, idt_A: 0.099, D_B: 0.004, G_B: 0.958, cycle_B: 0.241, idt_B: 0.039

[Rank 0] (epoch: 454, iters: 1144, time: 0.030, data: 0.004) , D_A: 0.086, G_A: 0.650, cycle_A: 0.064, idt_A: 0.106, D_B: 0.004, G_B: 1.055, cycle_B: 0.249, idt_B: 0.045

[Rank 0] (epoch: 454, iters: 1344, time: 0.030, data: 0.003) , D_A: 0.060, G_A: 0.684, cycle_A: 0.107, idt_A: 0.087, D_B: 0.003, G_B: 0.905, cycle_B: 0.205, idt_B: 0.074

[Rank 0] (epoch: 454, iters: 1544, time: 0.030, data: 0.003) , D_A: 0.060, G_A: 0.627, cycle_A: 0.088, idt_A: 0.102, D_B: 0.004, G_B: 1.017, cycle_B: 0.237, idt_B: 0.065

[Rank 0] (epoch: 454, iters: 1744, time: 0.089, data: 0.002) , D_A: 0.090, G_A: 0.481, cycle_A: 0.074, idt_A: 0.101, D_B: 0.006, G_B: 1.073, cycle_B: 0.242, idt_B: 0.053

learning rate 0.0000100 -> 0.0000100
saving the model at the end of epoch 454, iters 102184
End of epoch 454 / 670 	 Time Taken: 53 sec
[Rank 0] (epoch: 455, iters: 16, time: 0.127, data: 0.003) , D_A: 0.086, G_A: 0.620, cycle_A: 0.057, idt_A: 0.108, D_B: 0.004, G_B: 0.948, cycle_B: 0.266, idt_B: 0.039

[Rank 0] (epoch: 455, iters: 216, time: 0.030, data: 0.005) , D_A: 0.098, G_A: 0.646, cycle_A: 0.072, idt_A: 0.103, D_B: 0.005, G_B: 0.840, cycle_B: 0.256, idt_B: 0.049

[Rank 0] (epoch: 455, iters: 416, time: 0.030, data: 0.004) , D_A: 0.102, G_A: 0.624, cycle_A: 0.070, idt_A: 0.099, D_B: 0.008, G_B: 0.813, cycle_B: 0.235, idt_B: 0.053

[Rank 0] (epoch: 455, iters: 616, time: 0.030, data: 0.003) , D_A: 0.127, G_A: 0.624, cycle_A: 0.053, idt_A: 0.085, D_B: 0.004, G_B: 0.901, cycle_B: 0.207, idt_B: 0.037

[Rank 0] (epoch: 455, iters: 816, time: 0.098, data: 0.003) , D_A: 0.071, G_A: 0.727, cycle_A: 0.076, idt_A: 0.097, D_B: 0.023, G_B: 0.954, cycle_B: 0.229, idt_B: 0.054

[Rank 0] (epoch: 455, iters: 1016, time: 0.030, data: 0.003) , D_A: 0.071, G_A: 0.592, cycle_A: 0.082, idt_A: 0.109, D_B: 0.005, G_B: 0.929, cycle_B: 0.262, idt_B: 0.058

[Rank 0] (epoch: 455, iters: 1216, time: 0.030, data: 0.004) , D_A: 0.082, G_A: 0.706, cycle_A: 0.072, idt_A: 0.102, D_B: 0.004, G_B: 0.944, cycle_B: 0.245, idt_B: 0.049

[Rank 0] (epoch: 455, iters: 1416, time: 0.030, data: 0.004) , D_A: 0.096, G_A: 0.630, cycle_A: 0.074, idt_A: 0.094, D_B: 0.005, G_B: 1.020, cycle_B: 0.232, idt_B: 0.049

[Rank 0] (epoch: 455, iters: 1616, time: 0.030, data: 0.002) , D_A: 0.078, G_A: 0.547, cycle_A: 0.095, idt_A: 0.110, D_B: 0.003, G_B: 0.968, cycle_B: 0.267, idt_B: 0.070

[Rank 0] (epoch: 455, iters: 1816, time: 0.086, data: 0.003) , D_A: 0.092, G_A: 0.692, cycle_A: 0.090, idt_A: 0.098, D_B: 0.004, G_B: 0.945, cycle_B: 0.245, idt_B: 0.070

learning rate 0.0000100 -> 0.0000100
saving the model at the end of epoch 455, iters 104112
End of epoch 455 / 670 	 Time Taken: 53 sec
[Rank 0] (epoch: 456, iters: 88, time: 0.097, data: 0.004) , D_A: 0.067, G_A: 0.606, cycle_A: 0.076, idt_A: 0.104, D_B: 0.002, G_B: 0.954, cycle_B: 0.258, idt_B: 0.053

[Rank 0] (epoch: 456, iters: 288, time: 0.030, data: 0.003) , D_A: 0.072, G_A: 0.580, cycle_A: 0.075, idt_A: 0.097, D_B: 0.004, G_B: 0.932, cycle_B: 0.243, idt_B: 0.054

[Rank 0] (epoch: 456, iters: 488, time: 0.029, data: 0.003) , D_A: 0.075, G_A: 0.613, cycle_A: 0.075, idt_A: 0.102, D_B: 0.004, G_B: 0.912, cycle_B: 0.255, idt_B: 0.052

[Rank 0] (epoch: 456, iters: 688, time: 0.030, data: 0.003) , D_A: 0.084, G_A: 0.664, cycle_A: 0.072, idt_A: 0.102, D_B: 0.005, G_B: 1.004, cycle_B: 0.259, idt_B: 0.050

[Rank 0] (epoch: 456, iters: 888, time: 0.085, data: 0.002) , D_A: 0.061, G_A: 0.730, cycle_A: 0.081, idt_A: 0.091, D_B: 0.006, G_B: 1.091, cycle_B: 0.250, idt_B: 0.057

saving the latest model (epoch 456, total_iters 105000)
[Rank 0] (epoch: 456, iters: 1088, time: 0.030, data: 0.003) , D_A: 0.066, G_A: 0.713, cycle_A: 0.089, idt_A: 0.101, D_B: 0.014, G_B: 0.841, cycle_B: 0.268, idt_B: 0.063

[Rank 0] (epoch: 456, iters: 1288, time: 0.030, data: 0.003) , D_A: 0.092, G_A: 0.695, cycle_A: 0.067, idt_A: 0.102, D_B: 0.027, G_B: 0.548, cycle_B: 0.269, idt_B: 0.049

[Rank 0] (epoch: 456, iters: 1488, time: 0.030, data: 0.003) , D_A: 0.067, G_A: 0.617, cycle_A: 0.098, idt_A: 0.105, D_B: 0.010, G_B: 0.830, cycle_B: 0.271, idt_B: 0.068

[Rank 0] (epoch: 456, iters: 1688, time: 0.030, data: 0.008) , D_A: 0.108, G_A: 0.647, cycle_A: 0.079, idt_A: 0.099, D_B: 0.009, G_B: 0.936, cycle_B: 0.264, idt_B: 0.051

[Rank 0] (epoch: 456, iters: 1888, time: 0.094, data: 0.006) , D_A: 0.084, G_A: 0.653, cycle_A: 0.066, idt_A: 0.105, D_B: 0.009, G_B: 0.946, cycle_B: 0.263, idt_B: 0.050

learning rate 0.0000100 -> 0.0000100
saving the model at the end of epoch 456, iters 106040
End of epoch 456 / 670 	 Time Taken: 53 sec
[Rank 0] (epoch: 457, iters: 160, time: 0.103, data: 0.002) , D_A: 0.101, G_A: 0.774, cycle_A: 0.063, idt_A: 0.105, D_B: 0.020, G_B: 0.871, cycle_B: 0.260, idt_B: 0.049

[Rank 0] (epoch: 457, iters: 360, time: 0.030, data: 0.003) , D_A: 0.088, G_A: 0.772, cycle_A: 0.093, idt_A: 0.108, D_B: 0.007, G_B: 0.989, cycle_B: 0.266, idt_B: 0.063

[Rank 0] (epoch: 457, iters: 560, time: 0.030, data: 0.003) , D_A: 0.083, G_A: 0.674, cycle_A: 0.061, idt_A: 0.085, D_B: 0.005, G_B: 0.975, cycle_B: 0.215, idt_B: 0.043

[Rank 0] (epoch: 457, iters: 760, time: 0.030, data: 0.003) , D_A: 0.092, G_A: 0.577, cycle_A: 0.077, idt_A: 0.101, D_B: 0.005, G_B: 0.910, cycle_B: 0.245, idt_B: 0.055

[Rank 0] (epoch: 457, iters: 960, time: 0.094, data: 0.003) , D_A: 0.097, G_A: 0.566, cycle_A: 0.087, idt_A: 0.095, D_B: 0.007, G_B: 1.002, cycle_B: 0.232, idt_B: 0.062

[Rank 0] (epoch: 457, iters: 1160, time: 0.030, data: 0.003) , D_A: 0.084, G_A: 0.591, cycle_A: 0.089, idt_A: 0.102, D_B: 0.012, G_B: 0.678, cycle_B: 0.248, idt_B: 0.062

[Rank 0] (epoch: 457, iters: 1360, time: 0.030, data: 0.003) , D_A: 0.080, G_A: 0.764, cycle_A: 0.082, idt_A: 0.095, D_B: 0.015, G_B: 0.934, cycle_B: 0.237, idt_B: 0.057

[Rank 0] (epoch: 457, iters: 1560, time: 0.030, data: 0.003) , D_A: 0.087, G_A: 0.506, cycle_A: 0.054, idt_A: 0.094, D_B: 0.024, G_B: 0.886, cycle_B: 0.230, idt_B: 0.040

[Rank 0] (epoch: 457, iters: 1760, time: 0.030, data: 0.002) , D_A: 0.090, G_A: 0.624, cycle_A: 0.072, idt_A: 0.096, D_B: 0.006, G_B: 0.916, cycle_B: 0.232, idt_B: 0.054

learning rate 0.0000100 -> 0.0000100
saving the model at the end of epoch 457, iters 107968
End of epoch 457 / 670 	 Time Taken: 52 sec
[Rank 0] (epoch: 458, iters: 32, time: 0.109, data: 0.002) , D_A: 0.105, G_A: 0.451, cycle_A: 0.075, idt_A: 0.101, D_B: 0.035, G_B: 1.043, cycle_B: 0.264, idt_B: 0.049

[Rank 0] (epoch: 458, iters: 232, time: 0.029, data: 0.004) , D_A: 0.086, G_A: 0.691, cycle_A: 0.105, idt_A: 0.092, D_B: 0.015, G_B: 0.932, cycle_B: 0.234, idt_B: 0.074

[Rank 0] (epoch: 458, iters: 432, time: 0.030, data: 0.003) , D_A: 0.075, G_A: 0.573, cycle_A: 0.070, idt_A: 0.111, D_B: 0.006, G_B: 0.854, cycle_B: 0.276, idt_B: 0.052

[Rank 0] (epoch: 458, iters: 632, time: 0.030, data: 0.003) , D_A: 0.078, G_A: 0.645, cycle_A: 0.080, idt_A: 0.105, D_B: 0.006, G_B: 0.907, cycle_B: 0.256, idt_B: 0.059

[Rank 0] (epoch: 458, iters: 832, time: 0.030, data: 0.003) , D_A: 0.068, G_A: 0.600, cycle_A: 0.080, idt_A: 0.094, D_B: 0.006, G_B: 0.930, cycle_B: 0.239, idt_B: 0.062

[Rank 0] (epoch: 458, iters: 1032, time: 0.095, data: 0.003) , D_A: 0.077, G_A: 0.598, cycle_A: 0.084, idt_A: 0.103, D_B: 0.006, G_B: 0.900, cycle_B: 0.262, idt_B: 0.058

[Rank 0] (epoch: 458, iters: 1232, time: 0.030, data: 0.003) , D_A: 0.112, G_A: 0.702, cycle_A: 0.070, idt_A: 0.103, D_B: 0.008, G_B: 0.899, cycle_B: 0.258, idt_B: 0.052

[Rank 0] (epoch: 458, iters: 1432, time: 0.030, data: 0.007) , D_A: 0.104, G_A: 0.758, cycle_A: 0.066, idt_A: 0.100, D_B: 0.011, G_B: 0.830, cycle_B: 0.260, idt_B: 0.048

[Rank 0] (epoch: 458, iters: 1632, time: 0.030, data: 0.002) , D_A: 0.074, G_A: 0.557, cycle_A: 0.089, idt_A: 0.096, D_B: 0.014, G_B: 0.736, cycle_B: 0.238, idt_B: 0.066

[Rank 0] (epoch: 458, iters: 1832, time: 0.030, data: 0.003) , D_A: 0.070, G_A: 0.589, cycle_A: 0.070, idt_A: 0.097, D_B: 0.024, G_B: 0.911, cycle_B: 0.249, idt_B: 0.053

learning rate 0.0000100 -> 0.0000100
saving the model at the end of epoch 458, iters 109896
End of epoch 458 / 670 	 Time Taken: 52 sec
[Rank 0] (epoch: 459, iters: 104, time: 0.112, data: 0.003) , D_A: 0.089, G_A: 0.638, cycle_A: 0.064, idt_A: 0.101, D_B: 0.005, G_B: 0.977, cycle_B: 0.254, idt_B: 0.046

saving the latest model (epoch 459, total_iters 110000)
[Rank 0] (epoch: 459, iters: 304, time: 0.030, data: 0.002) , D_A: 0.071, G_A: 0.738, cycle_A: 0.116, idt_A: 0.091, D_B: 0.008, G_B: 0.897, cycle_B: 0.229, idt_B: 0.081

[Rank 0] (epoch: 459, iters: 504, time: 0.030, data: 0.003) , D_A: 0.059, G_A: 0.611, cycle_A: 0.076, idt_A: 0.090, D_B: 0.043, G_B: 0.909, cycle_B: 0.239, idt_B: 0.052

[Rank 0] (epoch: 459, iters: 704, time: 0.030, data: 0.002) , D_A: 0.124, G_A: 0.584, cycle_A: 0.097, idt_A: 0.116, D_B: 0.011, G_B: 0.897, cycle_B: 0.299, idt_B: 0.068

[Rank 0] (epoch: 459, iters: 904, time: 0.030, data: 0.003) , D_A: 0.074, G_A: 0.656, cycle_A: 0.082, idt_A: 0.113, D_B: 0.025, G_B: 0.979, cycle_B: 0.304, idt_B: 0.058

[Rank 0] (epoch: 459, iters: 1104, time: 0.096, data: 0.003) , D_A: 0.102, G_A: 0.555, cycle_A: 0.068, idt_A: 0.102, D_B: 0.012, G_B: 0.912, cycle_B: 0.262, idt_B: 0.046

[Rank 0] (epoch: 459, iters: 1304, time: 0.030, data: 0.002) , D_A: 0.074, G_A: 0.572, cycle_A: 0.078, idt_A: 0.113, D_B: 0.005, G_B: 0.905, cycle_B: 0.276, idt_B: 0.056

[Rank 0] (epoch: 459, iters: 1504, time: 0.030, data: 0.002) , D_A: 0.088, G_A: 0.536, cycle_A: 0.073, idt_A: 0.089, D_B: 0.004, G_B: 0.937, cycle_B: 0.217, idt_B: 0.056

[Rank 0] (epoch: 459, iters: 1704, time: 0.030, data: 0.003) , D_A: 0.074, G_A: 0.627, cycle_A: 0.078, idt_A: 0.099, D_B: 0.003, G_B: 0.999, cycle_B: 0.234, idt_B: 0.060

[Rank 0] (epoch: 459, iters: 1904, time: 0.030, data: 0.002) , D_A: 0.078, G_A: 0.598, cycle_A: 0.074, idt_A: 0.096, D_B: 0.003, G_B: 0.954, cycle_B: 0.234, idt_B: 0.052

learning rate 0.0000100 -> 0.0000100
saving the model at the end of epoch 459, iters 111824
End of epoch 459 / 670 	 Time Taken: 52 sec
[Rank 0] (epoch: 460, iters: 176, time: 0.104, data: 0.002) , D_A: 0.066, G_A: 0.708, cycle_A: 0.071, idt_A: 0.089, D_B: 0.002, G_B: 0.977, cycle_B: 0.215, idt_B: 0.055

[Rank 0] (epoch: 460, iters: 376, time: 0.030, data: 0.003) , D_A: 0.067, G_A: 0.572, cycle_A: 0.101, idt_A: 0.088, D_B: 0.003, G_B: 0.988, cycle_B: 0.228, idt_B: 0.069

[Rank 0] (epoch: 460, iters: 576, time: 0.030, data: 0.003) , D_A: 0.083, G_A: 0.623, cycle_A: 0.097, idt_A: 0.095, D_B: 0.123, G_B: 0.875, cycle_B: 0.242, idt_B: 0.070

[Rank 0] (epoch: 460, iters: 776, time: 0.030, data: 0.002) , D_A: 0.104, G_A: 0.599, cycle_A: 0.077, idt_A: 0.101, D_B: 0.018, G_B: 0.938, cycle_B: 0.241, idt_B: 0.058

[Rank 0] (epoch: 460, iters: 976, time: 0.030, data: 0.003) , D_A: 0.054, G_A: 0.668, cycle_A: 0.100, idt_A: 0.106, D_B: 0.016, G_B: 0.921, cycle_B: 0.251, idt_B: 0.069

[Rank 0] (epoch: 460, iters: 1176, time: 0.093, data: 0.003) , D_A: 0.092, G_A: 0.518, cycle_A: 0.089, idt_A: 0.095, D_B: 0.046, G_B: 0.823, cycle_B: 0.219, idt_B: 0.064

[Rank 0] (epoch: 460, iters: 1376, time: 0.030, data: 0.003) , D_A: 0.090, G_A: 0.543, cycle_A: 0.107, idt_A: 0.088, D_B: 0.051, G_B: 0.963, cycle_B: 0.207, idt_B: 0.074

[Rank 0] (epoch: 460, iters: 1576, time: 0.030, data: 0.002) , D_A: 0.073, G_A: 0.689, cycle_A: 0.073, idt_A: 0.107, D_B: 0.012, G_B: 0.982, cycle_B: 0.236, idt_B: 0.046

[Rank 0] (epoch: 460, iters: 1776, time: 0.030, data: 0.003) , D_A: 0.078, G_A: 0.619, cycle_A: 0.068, idt_A: 0.110, D_B: 0.038, G_B: 1.005, cycle_B: 0.257, idt_B: 0.049

learning rate 0.0000100 -> 0.0000100
saving the model at the end of epoch 460, iters 113752
End of epoch 460 / 670 	 Time Taken: 52 sec
[Rank 0] (epoch: 461, iters: 48, time: 0.111, data: 0.003) , D_A: 0.088, G_A: 0.662, cycle_A: 0.082, idt_A: 0.099, D_B: 0.007, G_B: 0.951, cycle_B: 0.230, idt_B: 0.053

[Rank 0] (epoch: 461, iters: 248, time: 0.084, data: 0.001) , D_A: 0.105, G_A: 0.679, cycle_A: 0.079, idt_A: 0.086, D_B: 0.068, G_B: 0.924, cycle_B: 0.203, idt_B: 0.056

[Rank 0] (epoch: 461, iters: 448, time: 0.030, data: 0.003) , D_A: 0.066, G_A: 0.635, cycle_A: 0.092, idt_A: 0.089, D_B: 0.006, G_B: 0.878, cycle_B: 0.209, idt_B: 0.061

[Rank 0] (epoch: 461, iters: 648, time: 0.030, data: 0.004) , D_A: 0.104, G_A: 0.771, cycle_A: 0.083, idt_A: 0.110, D_B: 0.010, G_B: 0.980, cycle_B: 0.259, idt_B: 0.063

[Rank 0] (epoch: 461, iters: 848, time: 0.030, data: 0.003) , D_A: 0.089, G_A: 0.773, cycle_A: 0.066, idt_A: 0.093, D_B: 0.004, G_B: 1.021, cycle_B: 0.232, idt_B: 0.047

[Rank 0] (epoch: 461, iters: 1048, time: 0.030, data: 0.003) , D_A: 0.065, G_A: 0.676, cycle_A: 0.110, idt_A: 0.110, D_B: 0.011, G_B: 0.817, cycle_B: 0.256, idt_B: 0.078

[Rank 0] (epoch: 461, iters: 1248, time: 0.108, data: 0.003) , D_A: 0.097, G_A: 0.661, cycle_A: 0.084, idt_A: 0.096, D_B: 0.022, G_B: 0.848, cycle_B: 0.228, idt_B: 0.060

saving the latest model (epoch 461, total_iters 115000)
[Rank 0] (epoch: 461, iters: 1448, time: 0.030, data: 0.002) , D_A: 0.085, G_A: 0.572, cycle_A: 0.072, idt_A: 0.093, D_B: 0.006, G_B: 0.904, cycle_B: 0.223, idt_B: 0.052

[Rank 0] (epoch: 461, iters: 1648, time: 0.030, data: 0.003) , D_A: 0.088, G_A: 0.810, cycle_A: 0.073, idt_A: 0.095, D_B: 0.011, G_B: 0.878, cycle_B: 0.227, idt_B: 0.044

[Rank 0] (epoch: 461, iters: 1848, time: 0.030, data: 0.002) , D_A: 0.073, G_A: 0.693, cycle_A: 0.083, idt_A: 0.106, D_B: 0.035, G_B: 0.490, cycle_B: 0.250, idt_B: 0.061

learning rate 0.0000100 -> 0.0000100
saving the model at the end of epoch 461, iters 115680
End of epoch 461 / 670 	 Time Taken: 53 sec
[Rank 0] (epoch: 462, iters: 120, time: 0.117, data: 0.003) , D_A: 0.083, G_A: 0.628, cycle_A: 0.072, idt_A: 0.087, D_B: 0.080, G_B: 0.803, cycle_B: 0.205, idt_B: 0.053

[Rank 0] (epoch: 462, iters: 320, time: 0.103, data: 0.004) , D_A: 0.054, G_A: 0.739, cycle_A: 0.072, idt_A: 0.100, D_B: 0.009, G_B: 0.794, cycle_B: 0.224, idt_B: 0.048

[Rank 0] (epoch: 462, iters: 520, time: 0.030, data: 0.002) , D_A: 0.069, G_A: 0.689, cycle_A: 0.078, idt_A: 0.098, D_B: 0.026, G_B: 0.943, cycle_B: 0.234, idt_B: 0.055

[Rank 0] (epoch: 462, iters: 720, time: 0.030, data: 0.003) , D_A: 0.068, G_A: 0.697, cycle_A: 0.068, idt_A: 0.087, D_B: 0.008, G_B: 0.837, cycle_B: 0.200, idt_B: 0.047

[Rank 0] (epoch: 462, iters: 920, time: 0.030, data: 0.002) , D_A: 0.107, G_A: 0.700, cycle_A: 0.103, idt_A: 0.095, D_B: 0.004, G_B: 0.973, cycle_B: 0.225, idt_B: 0.073

[Rank 0] (epoch: 462, iters: 1120, time: 0.030, data: 0.004) , D_A: 0.057, G_A: 0.844, cycle_A: 0.091, idt_A: 0.100, D_B: 0.005, G_B: 0.949, cycle_B: 0.238, idt_B: 0.064

[Rank 0] (epoch: 462, iters: 1320, time: 0.090, data: 0.003) , D_A: 0.084, G_A: 0.651, cycle_A: 0.077, idt_A: 0.087, D_B: 0.008, G_B: 0.917, cycle_B: 0.208, idt_B: 0.055

[Rank 0] (epoch: 462, iters: 1520, time: 0.030, data: 0.002) , D_A: 0.091, G_A: 0.743, cycle_A: 0.071, idt_A: 0.092, D_B: 0.017, G_B: 0.902, cycle_B: 0.213, idt_B: 0.043

[Rank 0] (epoch: 462, iters: 1720, time: 0.030, data: 0.003) , D_A: 0.072, G_A: 0.694, cycle_A: 0.078, idt_A: 0.097, D_B: 0.005, G_B: 0.876, cycle_B: 0.217, idt_B: 0.054

[Rank 0] (epoch: 462, iters: 1920, time: 0.030, data: 0.002) , D_A: 0.061, G_A: 0.645, cycle_A: 0.071, idt_A: 0.091, D_B: 0.034, G_B: 0.842, cycle_B: 0.212, idt_B: 0.049

learning rate 0.0000100 -> 0.0000100
saving the model at the end of epoch 462, iters 117608
End of epoch 462 / 670 	 Time Taken: 53 sec
[Rank 0] (epoch: 463, iters: 192, time: 0.098, data: 0.002) , D_A: 0.067, G_A: 0.582, cycle_A: 0.081, idt_A: 0.088, D_B: 0.006, G_B: 0.839, cycle_B: 0.206, idt_B: 0.058

[Rank 0] (epoch: 463, iters: 392, time: 0.085, data: 0.006) , D_A: 0.070, G_A: 0.700, cycle_A: 0.074, idt_A: 0.103, D_B: 0.003, G_B: 0.920, cycle_B: 0.222, idt_B: 0.051

[Rank 0] (epoch: 463, iters: 592, time: 0.030, data: 0.002) , D_A: 0.076, G_A: 0.741, cycle_A: 0.092, idt_A: 0.115, D_B: 0.006, G_B: 1.072, cycle_B: 0.251, idt_B: 0.061

[Rank 0] (epoch: 463, iters: 792, time: 0.031, data: 0.003) , D_A: 0.062, G_A: 0.777, cycle_A: 0.070, idt_A: 0.090, D_B: 0.003, G_B: 0.974, cycle_B: 0.201, idt_B: 0.053

[Rank 0] (epoch: 463, iters: 992, time: 0.030, data: 0.003) , D_A: 0.057, G_A: 0.714, cycle_A: 0.077, idt_A: 0.092, D_B: 0.015, G_B: 1.001, cycle_B: 0.205, idt_B: 0.055

[Rank 0] (epoch: 463, iters: 1192, time: 0.030, data: 0.002) , D_A: 0.095, G_A: 0.651, cycle_A: 0.089, idt_A: 0.095, D_B: 0.027, G_B: 0.489, cycle_B: 0.253, idt_B: 0.058

[Rank 0] (epoch: 463, iters: 1392, time: 0.095, data: 0.003) , D_A: 0.116, G_A: 0.589, cycle_A: 0.078, idt_A: 0.105, D_B: 0.028, G_B: 0.872, cycle_B: 0.257, idt_B: 0.058

[Rank 0] (epoch: 463, iters: 1592, time: 0.030, data: 0.004) , D_A: 0.101, G_A: 0.521, cycle_A: 0.070, idt_A: 0.102, D_B: 0.027, G_B: 1.022, cycle_B: 0.268, idt_B: 0.053

[Rank 0] (epoch: 463, iters: 1792, time: 0.030, data: 0.003) , D_A: 0.119, G_A: 0.624, cycle_A: 0.072, idt_A: 0.094, D_B: 0.016, G_B: 0.725, cycle_B: 0.224, idt_B: 0.047

learning rate 0.0000100 -> 0.0000100
saving the model at the end of epoch 463, iters 119536
End of epoch 463 / 670 	 Time Taken: 53 sec
[Rank 0] (epoch: 464, iters: 64, time: 0.109, data: 0.002) , D_A: 0.105, G_A: 0.520, cycle_A: 0.094, idt_A: 0.092, D_B: 0.008, G_B: 0.917, cycle_B: 0.217, idt_B: 0.066

[Rank 0] (epoch: 464, iters: 264, time: 0.030, data: 0.003) , D_A: 0.114, G_A: 0.402, cycle_A: 0.067, idt_A: 0.095, D_B: 0.007, G_B: 0.842, cycle_B: 0.220, idt_B: 0.048

[Rank 0] (epoch: 464, iters: 464, time: 0.090, data: 0.003) , D_A: 0.123, G_A: 0.543, cycle_A: 0.066, idt_A: 0.103, D_B: 0.004, G_B: 0.905, cycle_B: 0.235, idt_B: 0.044

saving the latest model (epoch 464, total_iters 120000)
[Rank 0] (epoch: 464, iters: 664, time: 0.030, data: 0.003) , D_A: 0.091, G_A: 0.611, cycle_A: 0.088, idt_A: 0.096, D_B: 0.044, G_B: 1.002, cycle_B: 0.217, idt_B: 0.056

[Rank 0] (epoch: 464, iters: 864, time: 0.030, data: 0.003) , D_A: 0.119, G_A: 0.510, cycle_A: 0.102, idt_A: 0.089, D_B: 0.056, G_B: 0.999, cycle_B: 0.203, idt_B: 0.070

[Rank 0] (epoch: 464, iters: 1064, time: 0.030, data: 0.002) , D_A: 0.101, G_A: 0.574, cycle_A: 0.059, idt_A: 0.106, D_B: 0.008, G_B: 0.825, cycle_B: 0.241, idt_B: 0.042

[Rank 0] (epoch: 464, iters: 1264, time: 0.029, data: 0.003) , D_A: 0.083, G_A: 0.669, cycle_A: 0.098, idt_A: 0.091, D_B: 0.005, G_B: 0.983, cycle_B: 0.206, idt_B: 0.061

[Rank 0] (epoch: 464, iters: 1464, time: 0.094, data: 0.004) , D_A: 0.137, G_A: 0.465, cycle_A: 0.081, idt_A: 0.096, D_B: 0.005, G_B: 0.927, cycle_B: 0.228, idt_B: 0.057

[Rank 0] (epoch: 464, iters: 1664, time: 0.030, data: 0.003) , D_A: 0.098, G_A: 0.545, cycle_A: 0.061, idt_A: 0.095, D_B: 0.005, G_B: 0.923, cycle_B: 0.217, idt_B: 0.046

[Rank 0] (epoch: 464, iters: 1864, time: 0.030, data: 0.008) , D_A: 0.097, G_A: 0.488, cycle_A: 0.072, idt_A: 0.106, D_B: 0.003, G_B: 0.977, cycle_B: 0.225, idt_B: 0.053

learning rate 0.0000100 -> 0.0000100
saving the model at the end of epoch 464, iters 121464
End of epoch 464 / 670 	 Time Taken: 53 sec
[Rank 0] (epoch: 465, iters: 136, time: 0.101, data: 0.003) , D_A: 0.089, G_A: 0.705, cycle_A: 0.072, idt_A: 0.115, D_B: 0.005, G_B: 0.940, cycle_B: 0.253, idt_B: 0.054

[Rank 0] (epoch: 465, iters: 336, time: 0.030, data: 0.002) , D_A: 0.090, G_A: 0.531, cycle_A: 0.076, idt_A: 0.087, D_B: 0.004, G_B: 0.888, cycle_B: 0.195, idt_B: 0.056

[Rank 0] (epoch: 465, iters: 536, time: 0.102, data: 0.003) , D_A: 0.070, G_A: 0.618, cycle_A: 0.079, idt_A: 0.086, D_B: 0.023, G_B: 0.937, cycle_B: 0.182, idt_B: 0.056

[Rank 0] (epoch: 465, iters: 736, time: 0.030, data: 0.003) , D_A: 0.107, G_A: 0.480, cycle_A: 0.085, idt_A: 0.108, D_B: 0.010, G_B: 0.768, cycle_B: 0.255, idt_B: 0.061

[Rank 0] (epoch: 465, iters: 936, time: 0.030, data: 0.002) , D_A: 0.082, G_A: 0.569, cycle_A: 0.094, idt_A: 0.105, D_B: 0.009, G_B: 0.852, cycle_B: 0.252, idt_B: 0.070

[Rank 0] (epoch: 465, iters: 1136, time: 0.029, data: 0.003) , D_A: 0.127, G_A: 0.534, cycle_A: 0.072, idt_A: 0.098, D_B: 0.022, G_B: 0.826, cycle_B: 0.224, idt_B: 0.052

[Rank 0] (epoch: 465, iters: 1336, time: 0.030, data: 0.004) , D_A: 0.091, G_A: 0.641, cycle_A: 0.062, idt_A: 0.098, D_B: 0.006, G_B: 0.886, cycle_B: 0.223, idt_B: 0.042

[Rank 0] (epoch: 465, iters: 1536, time: 0.092, data: 0.004) , D_A: 0.085, G_A: 0.659, cycle_A: 0.079, idt_A: 0.100, D_B: 0.009, G_B: 0.893, cycle_B: 0.230, idt_B: 0.053

[Rank 0] (epoch: 465, iters: 1736, time: 0.029, data: 0.002) , D_A: 0.089, G_A: 0.619, cycle_A: 0.091, idt_A: 0.097, D_B: 0.006, G_B: 0.896, cycle_B: 0.226, idt_B: 0.067

learning rate 0.0000100 -> 0.0000100
saving the model at the end of epoch 465, iters 123392
End of epoch 465 / 670 	 Time Taken: 52 sec
[Rank 0] (epoch: 466, iters: 8, time: 0.122, data: 0.004) , D_A: 0.097, G_A: 0.687, cycle_A: 0.085, idt_A: 0.101, D_B: 0.004, G_B: 0.978, cycle_B: 0.236, idt_B: 0.063

[Rank 0] (epoch: 466, iters: 208, time: 0.030, data: 0.002) , D_A: 0.097, G_A: 0.478, cycle_A: 0.074, idt_A: 0.092, D_B: 0.003, G_B: 0.959, cycle_B: 0.207, idt_B: 0.051

[Rank 0] (epoch: 466, iters: 408, time: 0.030, data: 0.008) , D_A: 0.115, G_A: 0.593, cycle_A: 0.071, idt_A: 0.098, D_B: 0.004, G_B: 0.927, cycle_B: 0.227, idt_B: 0.051

[Rank 0] (epoch: 466, iters: 608, time: 0.102, data: 0.003) , D_A: 0.091, G_A: 0.638, cycle_A: 0.082, idt_A: 0.109, D_B: 0.065, G_B: 0.932, cycle_B: 0.246, idt_B: 0.061

[Rank 0] (epoch: 466, iters: 808, time: 0.030, data: 0.005) , D_A: 0.071, G_A: 0.643, cycle_A: 0.092, idt_A: 0.091, D_B: 0.004, G_B: 0.954, cycle_B: 0.201, idt_B: 0.070

[Rank 0] (epoch: 466, iters: 1008, time: 0.030, data: 0.004) , D_A: 0.107, G_A: 0.782, cycle_A: 0.076, idt_A: 0.096, D_B: 0.006, G_B: 0.938, cycle_B: 0.207, idt_B: 0.055

[Rank 0] (epoch: 466, iters: 1208, time: 0.030, data: 0.003) , D_A: 0.067, G_A: 0.691, cycle_A: 0.095, idt_A: 0.088, D_B: 0.003, G_B: 0.942, cycle_B: 0.189, idt_B: 0.067

[Rank 0] (epoch: 466, iters: 1408, time: 0.030, data: 0.002) , D_A: 0.089, G_A: 0.628, cycle_A: 0.083, idt_A: 0.093, D_B: 0.003, G_B: 0.972, cycle_B: 0.210, idt_B: 0.063

[Rank 0] (epoch: 466, iters: 1608, time: 0.091, data: 0.003) , D_A: 0.100, G_A: 0.599, cycle_A: 0.086, idt_A: 0.098, D_B: 0.003, G_B: 0.914, cycle_B: 0.213, idt_B: 0.057

saving the latest model (epoch 466, total_iters 125000)
[Rank 0] (epoch: 466, iters: 1808, time: 0.030, data: 0.002) , D_A: 0.073, G_A: 0.627, cycle_A: 0.066, idt_A: 0.087, D_B: 0.009, G_B: 0.947, cycle_B: 0.191, idt_B: 0.042

learning rate 0.0000100 -> 0.0000100
saving the model at the end of epoch 466, iters 125320
End of epoch 466 / 670 	 Time Taken: 53 sec
[Rank 0] (epoch: 467, iters: 80, time: 0.091, data: 0.004) , D_A: 0.094, G_A: 0.532, cycle_A: 0.066, idt_A: 0.112, D_B: 0.005, G_B: 0.983, cycle_B: 0.242, idt_B: 0.047

[Rank 0] (epoch: 467, iters: 280, time: 0.030, data: 0.002) , D_A: 0.089, G_A: 0.537, cycle_A: 0.087, idt_A: 0.096, D_B: 0.002, G_B: 0.974, cycle_B: 0.203, idt_B: 0.060

[Rank 0] (epoch: 467, iters: 480, time: 0.030, data: 0.003) , D_A: 0.116, G_A: 0.748, cycle_A: 0.068, idt_A: 0.096, D_B: 0.003, G_B: 0.967, cycle_B: 0.210, idt_B: 0.048

[Rank 0] (epoch: 467, iters: 680, time: 0.092, data: 0.002) , D_A: 0.086, G_A: 0.694, cycle_A: 0.060, idt_A: 0.099, D_B: 0.003, G_B: 0.995, cycle_B: 0.212, idt_B: 0.041

[Rank 0] (epoch: 467, iters: 880, time: 0.030, data: 0.003) , D_A: 0.073, G_A: 0.731, cycle_A: 0.083, idt_A: 0.102, D_B: 0.002, G_B: 1.017, cycle_B: 0.226, idt_B: 0.060

[Rank 0] (epoch: 467, iters: 1080, time: 0.030, data: 0.003) , D_A: 0.083, G_A: 0.479, cycle_A: 0.077, idt_A: 0.095, D_B: 0.007, G_B: 0.888, cycle_B: 0.213, idt_B: 0.053

[Rank 0] (epoch: 467, iters: 1280, time: 0.030, data: 0.003) , D_A: 0.072, G_A: 0.606, cycle_A: 0.063, idt_A: 0.108, D_B: 0.004, G_B: 1.005, cycle_B: 0.241, idt_B: 0.041

[Rank 0] (epoch: 467, iters: 1480, time: 0.030, data: 0.003) , D_A: 0.074, G_A: 0.599, cycle_A: 0.068, idt_A: 0.106, D_B: 0.003, G_B: 0.990, cycle_B: 0.248, idt_B: 0.048

[Rank 0] (epoch: 467, iters: 1680, time: 0.100, data: 0.003) , D_A: 0.083, G_A: 0.663, cycle_A: 0.065, idt_A: 0.109, D_B: 0.018, G_B: 0.928, cycle_B: 0.250, idt_B: 0.045

[Rank 0] (epoch: 467, iters: 1880, time: 0.030, data: 0.002) , D_A: 0.074, G_A: 0.647, cycle_A: 0.084, idt_A: 0.098, D_B: 0.028, G_B: 0.950, cycle_B: 0.225, idt_B: 0.052

learning rate 0.0000100 -> 0.0000100
saving the model at the end of epoch 467, iters 127248
End of epoch 467 / 670 	 Time Taken: 53 sec
[Rank 0] (epoch: 468, iters: 152, time: 0.095, data: 0.002) , D_A: 0.106, G_A: 0.677, cycle_A: 0.068, idt_A: 0.117, D_B: 0.007, G_B: 0.985, cycle_B: 0.264, idt_B: 0.049

[Rank 0] (epoch: 468, iters: 352, time: 0.030, data: 0.001) , D_A: 0.070, G_A: 0.687, cycle_A: 0.107, idt_A: 0.106, D_B: 0.005, G_B: 0.884, cycle_B: 0.239, idt_B: 0.077

[Rank 0] (epoch: 468, iters: 552, time: 0.030, data: 0.002) , D_A: 0.093, G_A: 0.623, cycle_A: 0.084, idt_A: 0.108, D_B: 0.003, G_B: 0.966, cycle_B: 0.228, idt_B: 0.064

[Rank 0] (epoch: 468, iters: 752, time: 0.092, data: 0.002) , D_A: 0.072, G_A: 0.623, cycle_A: 0.097, idt_A: 0.092, D_B: 0.005, G_B: 0.859, cycle_B: 0.222, idt_B: 0.067

[Rank 0] (epoch: 468, iters: 952, time: 0.030, data: 0.003) , D_A: 0.091, G_A: 0.563, cycle_A: 0.076, idt_A: 0.092, D_B: 0.004, G_B: 0.885, cycle_B: 0.208, idt_B: 0.057

[Rank 0] (epoch: 468, iters: 1152, time: 0.030, data: 0.003) , D_A: 0.097, G_A: 0.599, cycle_A: 0.075, idt_A: 0.103, D_B: 0.003, G_B: 1.029, cycle_B: 0.223, idt_B: 0.046

[Rank 0] (epoch: 468, iters: 1352, time: 0.030, data: 0.002) , D_A: 0.087, G_A: 0.690, cycle_A: 0.069, idt_A: 0.093, D_B: 0.002, G_B: 0.981, cycle_B: 0.202, idt_B: 0.052

[Rank 0] (epoch: 468, iters: 1552, time: 0.030, data: 0.003) , D_A: 0.104, G_A: 0.685, cycle_A: 0.067, idt_A: 0.094, D_B: 0.005, G_B: 0.977, cycle_B: 0.208, idt_B: 0.046

[Rank 0] (epoch: 468, iters: 1752, time: 0.086, data: 0.002) , D_A: 0.079, G_A: 0.845, cycle_A: 0.105, idt_A: 0.088, D_B: 0.002, G_B: 0.963, cycle_B: 0.191, idt_B: 0.077

learning rate 0.0000100 -> 0.0000100
saving the model at the end of epoch 468, iters 129176
End of epoch 468 / 670 	 Time Taken: 53 sec
[Rank 0] (epoch: 469, iters: 24, time: 0.096, data: 0.003) , D_A: 0.106, G_A: 0.576, cycle_A: 0.070, idt_A: 0.117, D_B: 0.003, G_B: 0.947, cycle_B: 0.253, idt_B: 0.048

[Rank 0] (epoch: 469, iters: 224, time: 0.030, data: 0.003) , D_A: 0.059, G_A: 0.559, cycle_A: 0.069, idt_A: 0.096, D_B: 0.005, G_B: 0.926, cycle_B: 0.212, idt_B: 0.046

[Rank 0] (epoch: 469, iters: 424, time: 0.030, data: 0.007) , D_A: 0.078, G_A: 0.619, cycle_A: 0.057, idt_A: 0.101, D_B: 0.008, G_B: 0.793, cycle_B: 0.215, idt_B: 0.041

[Rank 0] (epoch: 469, iters: 624, time: 0.030, data: 0.002) , D_A: 0.096, G_A: 0.582, cycle_A: 0.088, idt_A: 0.096, D_B: 0.004, G_B: 0.902, cycle_B: 0.211, idt_B: 0.063

[Rank 0] (epoch: 469, iters: 824, time: 0.086, data: 0.003) , D_A: 0.077, G_A: 0.732, cycle_A: 0.073, idt_A: 0.101, D_B: 0.002, G_B: 0.977, cycle_B: 0.225, idt_B: 0.046

saving the latest model (epoch 469, total_iters 130000)
[Rank 0] (epoch: 469, iters: 1024, time: 0.030, data: 0.002) , D_A: 0.079, G_A: 0.648, cycle_A: 0.070, idt_A: 0.099, D_B: 0.003, G_B: 1.003, cycle_B: 0.211, idt_B: 0.051

[Rank 0] (epoch: 469, iters: 1224, time: 0.030, data: 0.004) , D_A: 0.077, G_A: 0.657, cycle_A: 0.075, idt_A: 0.099, D_B: 0.003, G_B: 0.925, cycle_B: 0.206, idt_B: 0.052

[Rank 0] (epoch: 469, iters: 1424, time: 0.030, data: 0.003) , D_A: 0.067, G_A: 0.663, cycle_A: 0.075, idt_A: 0.102, D_B: 0.003, G_B: 0.969, cycle_B: 0.219, idt_B: 0.051

[Rank 0] (epoch: 469, iters: 1624, time: 0.030, data: 0.002) , D_A: 0.086, G_A: 0.678, cycle_A: 0.085, idt_A: 0.105, D_B: 0.002, G_B: 0.944, cycle_B: 0.237, idt_B: 0.060

[Rank 0] (epoch: 469, iters: 1824, time: 0.098, data: 0.003) , D_A: 0.108, G_A: 0.687, cycle_A: 0.091, idt_A: 0.107, D_B: 0.015, G_B: 0.877, cycle_B: 0.252, idt_B: 0.068

learning rate 0.0000100 -> 0.0000100
saving the model at the end of epoch 469, iters 131104
End of epoch 469 / 670 	 Time Taken: 53 sec
[Rank 0] (epoch: 470, iters: 96, time: 0.105, data: 0.004) , D_A: 0.093, G_A: 0.573, cycle_A: 0.093, idt_A: 0.103, D_B: 0.013, G_B: 0.794, cycle_B: 0.260, idt_B: 0.064

[Rank 0] (epoch: 470, iters: 296, time: 0.030, data: 0.003) , D_A: 0.086, G_A: 0.638, cycle_A: 0.076, idt_A: 0.089, D_B: 0.012, G_B: 0.848, cycle_B: 0.265, idt_B: 0.047

[Rank 0] (epoch: 470, iters: 496, time: 0.030, data: 0.003) , D_A: 0.093, G_A: 0.736, cycle_A: 0.092, idt_A: 0.092, D_B: 0.007, G_B: 0.934, cycle_B: 0.241, idt_B: 0.069

[Rank 0] (epoch: 470, iters: 696, time: 0.030, data: 0.002) , D_A: 0.081, G_A: 0.740, cycle_A: 0.105, idt_A: 0.098, D_B: 0.070, G_B: 0.955, cycle_B: 0.264, idt_B: 0.068

[Rank 0] (epoch: 470, iters: 896, time: 0.100, data: 0.003) , D_A: 0.106, G_A: 0.708, cycle_A: 0.091, idt_A: 0.097, D_B: 0.006, G_B: 0.940, cycle_B: 0.257, idt_B: 0.065

[Rank 0] (epoch: 470, iters: 1096, time: 0.030, data: 0.003) , D_A: 0.069, G_A: 0.784, cycle_A: 0.075, idt_A: 0.103, D_B: 0.007, G_B: 0.890, cycle_B: 0.269, idt_B: 0.060

[Rank 0] (epoch: 470, iters: 1296, time: 0.030, data: 0.003) , D_A: 0.081, G_A: 0.637, cycle_A: 0.081, idt_A: 0.118, D_B: 0.018, G_B: 0.857, cycle_B: 0.297, idt_B: 0.055

[Rank 0] (epoch: 470, iters: 1496, time: 0.030, data: 0.004) , D_A: 0.105, G_A: 0.727, cycle_A: 0.086, idt_A: 0.092, D_B: 0.009, G_B: 0.842, cycle_B: 0.250, idt_B: 0.063

[Rank 0] (epoch: 470, iters: 1696, time: 0.030, data: 0.003) , D_A: 0.069, G_A: 0.726, cycle_A: 0.083, idt_A: 0.123, D_B: 0.010, G_B: 0.845, cycle_B: 0.321, idt_B: 0.058

[Rank 0] (epoch: 470, iters: 1896, time: 0.085, data: 0.003) , D_A: 0.051, G_A: 0.656, cycle_A: 0.085, idt_A: 0.105, D_B: 0.013, G_B: 0.814, cycle_B: 0.257, idt_B: 0.054

learning rate 0.0000100 -> 0.0000100
saving the model at the end of epoch 470, iters 133032
End of epoch 470 / 670 	 Time Taken: 53 sec
[Rank 0] (epoch: 471, iters: 168, time: 0.099, data: 0.002) , D_A: 0.075, G_A: 0.602, cycle_A: 0.073, idt_A: 0.098, D_B: 0.019, G_B: 0.758, cycle_B: 0.222, idt_B: 0.048

[Rank 0] (epoch: 471, iters: 368, time: 0.030, data: 0.005) , D_A: 0.088, G_A: 0.624, cycle_A: 0.106, idt_A: 0.093, D_B: 0.009, G_B: 0.835, cycle_B: 0.215, idt_B: 0.068

[Rank 0] (epoch: 471, iters: 568, time: 0.030, data: 0.002) , D_A: 0.076, G_A: 0.701, cycle_A: 0.075, idt_A: 0.108, D_B: 0.019, G_B: 0.962, cycle_B: 0.272, idt_B: 0.048

[Rank 0] (epoch: 471, iters: 768, time: 0.030, data: 0.003) , D_A: 0.082, G_A: 0.693, cycle_A: 0.114, idt_A: 0.096, D_B: 0.010, G_B: 0.799, cycle_B: 0.221, idt_B: 0.077

[Rank 0] (epoch: 471, iters: 968, time: 0.096, data: 0.002) , D_A: 0.069, G_A: 0.587, cycle_A: 0.080, idt_A: 0.104, D_B: 0.006, G_B: 1.004, cycle_B: 0.248, idt_B: 0.054

[Rank 0] (epoch: 471, iters: 1168, time: 0.030, data: 0.002) , D_A: 0.057, G_A: 0.640, cycle_A: 0.066, idt_A: 0.096, D_B: 0.008, G_B: 0.799, cycle_B: 0.224, idt_B: 0.041

[Rank 0] (epoch: 471, iters: 1368, time: 0.030, data: 0.002) , D_A: 0.078, G_A: 0.688, cycle_A: 0.088, idt_A: 0.100, D_B: 0.050, G_B: 0.982, cycle_B: 0.229, idt_B: 0.057

[Rank 0] (epoch: 471, iters: 1568, time: 0.030, data: 0.003) , D_A: 0.062, G_A: 0.778, cycle_A: 0.083, idt_A: 0.098, D_B: 0.033, G_B: 0.880, cycle_B: 0.224, idt_B: 0.052

[Rank 0] (epoch: 471, iters: 1768, time: 0.030, data: 0.002) , D_A: 0.051, G_A: 0.742, cycle_A: 0.100, idt_A: 0.109, D_B: 0.005, G_B: 0.928, cycle_B: 0.244, idt_B: 0.076

learning rate 0.0000100 -> 0.0000100
saving the model at the end of epoch 471, iters 134960
End of epoch 471 / 670 	 Time Taken: 52 sec
[Rank 0] (epoch: 472, iters: 40, time: 0.120, data: 0.003) , D_A: 0.070, G_A: 0.923, cycle_A: 0.077, idt_A: 0.092, D_B: 0.003, G_B: 1.016, cycle_B: 0.201, idt_B: 0.053

saving the latest model (epoch 472, total_iters 135000)
[Rank 0] (epoch: 472, iters: 240, time: 0.030, data: 0.005) , D_A: 0.068, G_A: 0.624, cycle_A: 0.102, idt_A: 0.091, D_B: 0.013, G_B: 0.683, cycle_B: 0.217, idt_B: 0.066

[Rank 0] (epoch: 472, iters: 440, time: 0.030, data: 0.003) , D_A: 0.070, G_A: 0.654, cycle_A: 0.078, idt_A: 0.091, D_B: 0.010, G_B: 0.860, cycle_B: 0.207, idt_B: 0.051

[Rank 0] (epoch: 472, iters: 640, time: 0.030, data: 0.002) , D_A: 0.068, G_A: 0.684, cycle_A: 0.109, idt_A: 0.081, D_B: 0.007, G_B: 1.053, cycle_B: 0.193, idt_B: 0.071

[Rank 0] (epoch: 472, iters: 840, time: 0.030, data: 0.003) , D_A: 0.076, G_A: 0.598, cycle_A: 0.089, idt_A: 0.101, D_B: 0.015, G_B: 0.886, cycle_B: 0.263, idt_B: 0.062

[Rank 0] (epoch: 472, iters: 1040, time: 0.094, data: 0.003) , D_A: 0.071, G_A: 0.712, cycle_A: 0.085, idt_A: 0.100, D_B: 0.009, G_B: 0.876, cycle_B: 0.236, idt_B: 0.059

[Rank 0] (epoch: 472, iters: 1240, time: 0.030, data: 0.003) , D_A: 0.077, G_A: 0.750, cycle_A: 0.056, idt_A: 0.091, D_B: 0.010, G_B: 0.897, cycle_B: 0.226, idt_B: 0.039

[Rank 0] (epoch: 472, iters: 1440, time: 0.030, data: 0.003) , D_A: 0.108, G_A: 0.646, cycle_A: 0.054, idt_A: 0.106, D_B: 0.009, G_B: 0.923, cycle_B: 0.247, idt_B: 0.041

[Rank 0] (epoch: 472, iters: 1640, time: 0.030, data: 0.003) , D_A: 0.086, G_A: 0.655, cycle_A: 0.085, idt_A: 0.104, D_B: 0.011, G_B: 0.909, cycle_B: 0.251, idt_B: 0.064

[Rank 0] (epoch: 472, iters: 1840, time: 0.030, data: 0.003) , D_A: 0.054, G_A: 0.696, cycle_A: 0.080, idt_A: 0.090, D_B: 0.008, G_B: 0.855, cycle_B: 0.215, idt_B: 0.049

learning rate 0.0000100 -> 0.0000100
saving the model at the end of epoch 472, iters 136888
End of epoch 472 / 670 	 Time Taken: 52 sec
[Rank 0] (epoch: 473, iters: 112, time: 0.091, data: 0.003) , D_A: 0.098, G_A: 0.570, cycle_A: 0.083, idt_A: 0.091, D_B: 0.010, G_B: 0.977, cycle_B: 0.224, idt_B: 0.060

[Rank 0] (epoch: 473, iters: 312, time: 0.030, data: 0.002) , D_A: 0.090, G_A: 0.620, cycle_A: 0.068, idt_A: 0.100, D_B: 0.006, G_B: 0.911, cycle_B: 0.235, idt_B: 0.050

[Rank 0] (epoch: 473, iters: 512, time: 0.030, data: 0.004) , D_A: 0.081, G_A: 0.585, cycle_A: 0.077, idt_A: 0.101, D_B: 0.065, G_B: 0.911, cycle_B: 0.236, idt_B: 0.052

[Rank 0] (epoch: 473, iters: 712, time: 0.030, data: 0.003) , D_A: 0.097, G_A: 0.585, cycle_A: 0.093, idt_A: 0.104, D_B: 0.004, G_B: 0.997, cycle_B: 0.237, idt_B: 0.059

[Rank 0] (epoch: 473, iters: 912, time: 0.030, data: 0.003) , D_A: 0.070, G_A: 0.611, cycle_A: 0.095, idt_A: 0.108, D_B: 0.033, G_B: 1.082, cycle_B: 0.259, idt_B: 0.066

[Rank 0] (epoch: 473, iters: 1112, time: 0.095, data: 0.003) , D_A: 0.060, G_A: 0.720, cycle_A: 0.052, idt_A: 0.100, D_B: 0.043, G_B: 1.000, cycle_B: 0.214, idt_B: 0.036

[Rank 0] (epoch: 473, iters: 1312, time: 0.030, data: 0.003) , D_A: 0.066, G_A: 0.655, cycle_A: 0.076, idt_A: 0.093, D_B: 0.009, G_B: 0.970, cycle_B: 0.214, idt_B: 0.056

[Rank 0] (epoch: 473, iters: 1512, time: 0.030, data: 0.003) , D_A: 0.068, G_A: 0.677, cycle_A: 0.071, idt_A: 0.096, D_B: 0.012, G_B: 0.767, cycle_B: 0.220, idt_B: 0.052

[Rank 0] (epoch: 473, iters: 1712, time: 0.030, data: 0.003) , D_A: 0.077, G_A: 0.630, cycle_A: 0.066, idt_A: 0.100, D_B: 0.012, G_B: 0.882, cycle_B: 0.229, idt_B: 0.047

[Rank 0] (epoch: 473, iters: 1912, time: 0.030, data: 0.002) , D_A: 0.054, G_A: 0.681, cycle_A: 0.068, idt_A: 0.092, D_B: 0.007, G_B: 0.971, cycle_B: 0.213, idt_B: 0.048

learning rate 0.0000100 -> 0.0000100
saving the model at the end of epoch 473, iters 138816
End of epoch 473 / 670 	 Time Taken: 52 sec
[Rank 0] (epoch: 474, iters: 184, time: 0.098, data: 0.003) , D_A: 0.069, G_A: 0.642, cycle_A: 0.092, idt_A: 0.107, D_B: 0.006, G_B: 0.866, cycle_B: 0.239, idt_B: 0.062

[Rank 0] (epoch: 474, iters: 384, time: 0.029, data: 0.002) , D_A: 0.068, G_A: 0.842, cycle_A: 0.088, idt_A: 0.114, D_B: 0.006, G_B: 0.894, cycle_B: 0.252, idt_B: 0.059

[Rank 0] (epoch: 474, iters: 584, time: 0.030, data: 0.003) , D_A: 0.075, G_A: 0.639, cycle_A: 0.100, idt_A: 0.081, D_B: 0.004, G_B: 1.012, cycle_B: 0.186, idt_B: 0.074

[Rank 0] (epoch: 474, iters: 784, time: 0.030, data: 0.003) , D_A: 0.071, G_A: 0.550, cycle_A: 0.101, idt_A: 0.104, D_B: 0.004, G_B: 1.028, cycle_B: 0.235, idt_B: 0.071

[Rank 0] (epoch: 474, iters: 984, time: 0.030, data: 0.002) , D_A: 0.068, G_A: 0.628, cycle_A: 0.089, idt_A: 0.095, D_B: 0.003, G_B: 1.008, cycle_B: 0.211, idt_B: 0.061

[Rank 0] (epoch: 474, iters: 1184, time: 0.100, data: 0.003) , D_A: 0.082, G_A: 0.706, cycle_A: 0.101, idt_A: 0.093, D_B: 0.005, G_B: 0.935, cycle_B: 0.213, idt_B: 0.064

saving the latest model (epoch 474, total_iters 140000)
[Rank 0] (epoch: 474, iters: 1384, time: 0.030, data: 0.002) , D_A: 0.089, G_A: 0.715, cycle_A: 0.090, idt_A: 0.089, D_B: 0.017, G_B: 0.739, cycle_B: 0.214, idt_B: 0.061

[Rank 0] (epoch: 474, iters: 1584, time: 0.030, data: 0.003) , D_A: 0.070, G_A: 0.654, cycle_A: 0.095, idt_A: 0.097, D_B: 0.008, G_B: 0.865, cycle_B: 0.223, idt_B: 0.062

[Rank 0] (epoch: 474, iters: 1784, time: 0.030, data: 0.002) , D_A: 0.084, G_A: 0.565, cycle_A: 0.090, idt_A: 0.101, D_B: 0.016, G_B: 0.893, cycle_B: 0.226, idt_B: 0.066

learning rate 0.0000100 -> 0.0000100
saving the model at the end of epoch 474, iters 140744
End of epoch 474 / 670 	 Time Taken: 52 sec
[Rank 0] (epoch: 475, iters: 56, time: 0.130, data: 0.003) , D_A: 0.094, G_A: 0.634, cycle_A: 0.083, idt_A: 0.094, D_B: 0.011, G_B: 0.951, cycle_B: 0.218, idt_B: 0.055

[Rank 0] (epoch: 475, iters: 256, time: 0.093, data: 0.002) , D_A: 0.078, G_A: 0.584, cycle_A: 0.063, idt_A: 0.099, D_B: 0.069, G_B: 1.081, cycle_B: 0.219, idt_B: 0.044

[Rank 0] (epoch: 475, iters: 456, time: 0.030, data: 0.003) , D_A: 0.140, G_A: 0.660, cycle_A: 0.061, idt_A: 0.097, D_B: 0.005, G_B: 0.957, cycle_B: 0.216, idt_B: 0.046

[Rank 0] (epoch: 475, iters: 656, time: 0.030, data: 0.003) , D_A: 0.077, G_A: 0.686, cycle_A: 0.057, idt_A: 0.100, D_B: 0.006, G_B: 0.979, cycle_B: 0.225, idt_B: 0.040

[Rank 0] (epoch: 475, iters: 856, time: 0.030, data: 0.002) , D_A: 0.072, G_A: 0.716, cycle_A: 0.097, idt_A: 0.101, D_B: 0.013, G_B: 0.768, cycle_B: 0.231, idt_B: 0.060

[Rank 0] (epoch: 475, iters: 1056, time: 0.030, data: 0.002) , D_A: 0.091, G_A: 0.584, cycle_A: 0.081, idt_A: 0.087, D_B: 0.019, G_B: 0.766, cycle_B: 0.211, idt_B: 0.058

[Rank 0] (epoch: 475, iters: 1256, time: 0.098, data: 0.004) , D_A: 0.107, G_A: 0.835, cycle_A: 0.075, idt_A: 0.090, D_B: 0.016, G_B: 0.842, cycle_B: 0.223, idt_B: 0.048

[Rank 0] (epoch: 475, iters: 1456, time: 0.030, data: 0.002) , D_A: 0.102, G_A: 0.735, cycle_A: 0.088, idt_A: 0.092, D_B: 0.018, G_B: 0.854, cycle_B: 0.242, idt_B: 0.058

[Rank 0] (epoch: 475, iters: 1656, time: 0.030, data: 0.002) , D_A: 0.090, G_A: 0.619, cycle_A: 0.065, idt_A: 0.102, D_B: 0.023, G_B: 0.775, cycle_B: 0.246, idt_B: 0.041

[Rank 0] (epoch: 475, iters: 1856, time: 0.030, data: 0.003) , D_A: 0.103, G_A: 0.825, cycle_A: 0.078, idt_A: 0.093, D_B: 0.014, G_B: 0.769, cycle_B: 0.230, idt_B: 0.054

learning rate 0.0000100 -> 0.0000100
saving the model at the end of epoch 475, iters 142672
End of epoch 475 / 670 	 Time Taken: 53 sec
[Rank 0] (epoch: 476, iters: 128, time: 0.098, data: 0.008) , D_A: 0.084, G_A: 0.539, cycle_A: 0.098, idt_A: 0.093, D_B: 0.015, G_B: 0.748, cycle_B: 0.224, idt_B: 0.071

[Rank 0] (epoch: 476, iters: 328, time: 0.100, data: 0.002) , D_A: 0.074, G_A: 0.577, cycle_A: 0.087, idt_A: 0.088, D_B: 0.016, G_B: 0.948, cycle_B: 0.217, idt_B: 0.063

[Rank 0] (epoch: 476, iters: 528, time: 0.030, data: 0.002) , D_A: 0.084, G_A: 0.611, cycle_A: 0.088, idt_A: 0.100, D_B: 0.017, G_B: 0.849, cycle_B: 0.244, idt_B: 0.063

[Rank 0] (epoch: 476, iters: 728, time: 0.030, data: 0.003) , D_A: 0.080, G_A: 0.614, cycle_A: 0.071, idt_A: 0.094, D_B: 0.025, G_B: 0.864, cycle_B: 0.221, idt_B: 0.044

[Rank 0] (epoch: 476, iters: 928, time: 0.030, data: 0.002) , D_A: 0.084, G_A: 0.522, cycle_A: 0.081, idt_A: 0.090, D_B: 0.012, G_B: 0.823, cycle_B: 0.220, idt_B: 0.055

[Rank 0] (epoch: 476, iters: 1128, time: 0.030, data: 0.004) , D_A: 0.110, G_A: 0.691, cycle_A: 0.094, idt_A: 0.100, D_B: 0.015, G_B: 0.719, cycle_B: 0.239, idt_B: 0.063

[Rank 0] (epoch: 476, iters: 1328, time: 0.105, data: 0.001) , D_A: 0.084, G_A: 0.859, cycle_A: 0.070, idt_A: 0.101, D_B: 0.023, G_B: 0.951, cycle_B: 0.247, idt_B: 0.047

[Rank 0] (epoch: 476, iters: 1528, time: 0.030, data: 0.002) , D_A: 0.087, G_A: 0.479, cycle_A: 0.075, idt_A: 0.097, D_B: 0.008, G_B: 0.854, cycle_B: 0.233, idt_B: 0.049

[Rank 0] (epoch: 476, iters: 1728, time: 0.031, data: 0.003) , D_A: 0.076, G_A: 0.565, cycle_A: 0.077, idt_A: 0.098, D_B: 0.010, G_B: 0.883, cycle_B: 0.232, idt_B: 0.052

[Rank 0] (epoch: 476, iters: 1928, time: 0.024, data: 0.007) , D_A: 0.120, G_A: 0.485, cycle_A: 0.082, idt_A: 0.096, D_B: 0.009, G_B: 0.827, cycle_B: 0.233, idt_B: 0.049

learning rate 0.0000100 -> 0.0000100
saving the model at the end of epoch 476, iters 144600
End of epoch 476 / 670 	 Time Taken: 53 sec
[Rank 0] (epoch: 477, iters: 200, time: 0.091, data: 0.927) , D_A: 0.092, G_A: 0.503, cycle_A: 0.068, idt_A: 0.101, D_B: 0.009, G_B: 0.875, cycle_B: 0.251, idt_B: 0.047

[Rank 0] (epoch: 477, iters: 400, time: 0.109, data: 0.002) , D_A: 0.077, G_A: 0.677, cycle_A: 0.070, idt_A: 0.092, D_B: 0.006, G_B: 0.867, cycle_B: 0.219, idt_B: 0.044

saving the latest model (epoch 477, total_iters 145000)
[Rank 0] (epoch: 477, iters: 600, time: 0.030, data: 0.003) , D_A: 0.098, G_A: 0.622, cycle_A: 0.105, idt_A: 0.103, D_B: 0.009, G_B: 0.872, cycle_B: 0.256, idt_B: 0.065

[Rank 0] (epoch: 477, iters: 800, time: 0.030, data: 0.004) , D_A: 0.086, G_A: 0.594, cycle_A: 0.075, idt_A: 0.090, D_B: 0.009, G_B: 0.951, cycle_B: 0.222, idt_B: 0.052

[Rank 0] (epoch: 477, iters: 1000, time: 0.030, data: 0.003) , D_A: 0.078, G_A: 0.641, cycle_A: 0.100, idt_A: 0.092, D_B: 0.007, G_B: 0.883, cycle_B: 0.221, idt_B: 0.065

[Rank 0] (epoch: 477, iters: 1200, time: 0.030, data: 0.003) , D_A: 0.090, G_A: 0.655, cycle_A: 0.080, idt_A: 0.098, D_B: 0.026, G_B: 0.903, cycle_B: 0.241, idt_B: 0.054

[Rank 0] (epoch: 477, iters: 1400, time: 0.101, data: 0.004) , D_A: 0.071, G_A: 0.640, cycle_A: 0.061, idt_A: 0.095, D_B: 0.018, G_B: 0.677, cycle_B: 0.239, idt_B: 0.042

[Rank 0] (epoch: 477, iters: 1600, time: 0.030, data: 0.003) , D_A: 0.077, G_A: 0.610, cycle_A: 0.090, idt_A: 0.098, D_B: 0.021, G_B: 0.931, cycle_B: 0.252, idt_B: 0.061

[Rank 0] (epoch: 477, iters: 1800, time: 0.030, data: 0.003) , D_A: 0.094, G_A: 0.710, cycle_A: 0.073, idt_A: 0.088, D_B: 0.014, G_B: 0.966, cycle_B: 0.230, idt_B: 0.058

learning rate 0.0000100 -> 0.0000100
saving the model at the end of epoch 477, iters 146528
End of epoch 477 / 670 	 Time Taken: 53 sec
[Rank 0] (epoch: 478, iters: 72, time: 0.095, data: 0.007) , D_A: 0.079, G_A: 0.625, cycle_A: 0.072, idt_A: 0.100, D_B: 0.015, G_B: 0.835, cycle_B: 0.241, idt_B: 0.053

[Rank 0] (epoch: 478, iters: 272, time: 0.030, data: 0.002) , D_A: 0.136, G_A: 0.523, cycle_A: 0.066, idt_A: 0.089, D_B: 0.031, G_B: 0.854, cycle_B: 0.235, idt_B: 0.049

[Rank 0] (epoch: 478, iters: 472, time: 0.095, data: 0.004) , D_A: 0.093, G_A: 0.466, cycle_A: 0.074, idt_A: 0.102, D_B: 0.014, G_B: 0.983, cycle_B: 0.258, idt_B: 0.056

[Rank 0] (epoch: 478, iters: 672, time: 0.030, data: 0.003) , D_A: 0.077, G_A: 0.590, cycle_A: 0.101, idt_A: 0.099, D_B: 0.008, G_B: 1.026, cycle_B: 0.244, idt_B: 0.065

[Rank 0] (epoch: 478, iters: 872, time: 0.030, data: 0.003) , D_A: 0.096, G_A: 0.550, cycle_A: 0.097, idt_A: 0.111, D_B: 0.009, G_B: 0.969, cycle_B: 0.287, idt_B: 0.066

[Rank 0] (epoch: 478, iters: 1072, time: 0.029, data: 0.003) , D_A: 0.067, G_A: 0.634, cycle_A: 0.077, idt_A: 0.088, D_B: 0.026, G_B: 0.798, cycle_B: 0.229, idt_B: 0.053

[Rank 0] (epoch: 478, iters: 1272, time: 0.030, data: 0.002) , D_A: 0.067, G_A: 0.555, cycle_A: 0.099, idt_A: 0.102, D_B: 0.010, G_B: 0.996, cycle_B: 0.256, idt_B: 0.065

[Rank 0] (epoch: 478, iters: 1472, time: 0.088, data: 0.002) , D_A: 0.073, G_A: 0.650, cycle_A: 0.101, idt_A: 0.101, D_B: 0.013, G_B: 0.860, cycle_B: 0.248, idt_B: 0.073

[Rank 0] (epoch: 478, iters: 1672, time: 0.030, data: 0.002) , D_A: 0.097, G_A: 0.525, cycle_A: 0.077, idt_A: 0.097, D_B: 0.011, G_B: 0.861, cycle_B: 0.246, idt_B: 0.057

[Rank 0] (epoch: 478, iters: 1872, time: 0.030, data: 0.002) , D_A: 0.081, G_A: 0.597, cycle_A: 0.080, idt_A: 0.092, D_B: 0.020, G_B: 0.720, cycle_B: 0.232, idt_B: 0.058

learning rate 0.0000100 -> 0.0000100
saving the model at the end of epoch 478, iters 148456
End of epoch 478 / 670 	 Time Taken: 52 sec
[Rank 0] (epoch: 479, iters: 144, time: 0.111, data: 0.003) , D_A: 0.071, G_A: 0.620, cycle_A: 0.057, idt_A: 0.100, D_B: 0.018, G_B: 0.797, cycle_B: 0.245, idt_B: 0.039

[Rank 0] (epoch: 479, iters: 344, time: 0.030, data: 0.003) , D_A: 0.090, G_A: 0.640, cycle_A: 0.093, idt_A: 0.107, D_B: 0.023, G_B: 0.950, cycle_B: 0.267, idt_B: 0.060

[Rank 0] (epoch: 479, iters: 544, time: 0.084, data: 0.003) , D_A: 0.093, G_A: 0.733, cycle_A: 0.079, idt_A: 0.092, D_B: 0.038, G_B: 0.823, cycle_B: 0.223, idt_B: 0.053

[Rank 0] (epoch: 479, iters: 744, time: 0.030, data: 0.003) , D_A: 0.082, G_A: 0.665, cycle_A: 0.090, idt_A: 0.104, D_B: 0.023, G_B: 0.717, cycle_B: 0.289, idt_B: 0.065

[Rank 0] (epoch: 479, iters: 944, time: 0.030, data: 0.003) , D_A: 0.081, G_A: 0.590, cycle_A: 0.084, idt_A: 0.089, D_B: 0.031, G_B: 0.624, cycle_B: 0.228, idt_B: 0.057

[Rank 0] (epoch: 479, iters: 1144, time: 0.030, data: 0.003) , D_A: 0.073, G_A: 0.717, cycle_A: 0.060, idt_A: 0.098, D_B: 0.031, G_B: 0.838, cycle_B: 0.267, idt_B: 0.043

[Rank 0] (epoch: 479, iters: 1344, time: 0.030, data: 0.002) , D_A: 0.062, G_A: 0.781, cycle_A: 0.076, idt_A: 0.093, D_B: 0.036, G_B: 0.572, cycle_B: 0.251, idt_B: 0.050

[Rank 0] (epoch: 479, iters: 1544, time: 0.102, data: 0.002) , D_A: 0.105, G_A: 0.702, cycle_A: 0.090, idt_A: 0.088, D_B: 0.031, G_B: 0.785, cycle_B: 0.227, idt_B: 0.059

saving the latest model (epoch 479, total_iters 150000)
[Rank 0] (epoch: 479, iters: 1744, time: 0.030, data: 0.002) , D_A: 0.077, G_A: 0.726, cycle_A: 0.091, idt_A: 0.099, D_B: 0.013, G_B: 0.758, cycle_B: 0.260, idt_B: 0.061

learning rate 0.0000100 -> 0.0000100
saving the model at the end of epoch 479, iters 150384
End of epoch 479 / 670 	 Time Taken: 53 sec
[Rank 0] (epoch: 480, iters: 16, time: 0.100, data: 0.003) , D_A: 0.086, G_A: 0.580, cycle_A: 0.072, idt_A: 0.097, D_B: 0.013, G_B: 0.838, cycle_B: 0.262, idt_B: 0.049

[Rank 0] (epoch: 480, iters: 216, time: 0.029, data: 0.002) , D_A: 0.090, G_A: 0.793, cycle_A: 0.094, idt_A: 0.094, D_B: 0.023, G_B: 0.889, cycle_B: 0.245, idt_B: 0.062

[Rank 0] (epoch: 480, iters: 416, time: 0.030, data: 0.002) , D_A: 0.122, G_A: 0.587, cycle_A: 0.106, idt_A: 0.098, D_B: 0.021, G_B: 0.620, cycle_B: 0.261, idt_B: 0.072

[Rank 0] (epoch: 480, iters: 616, time: 0.103, data: 0.003) , D_A: 0.095, G_A: 0.576, cycle_A: 0.079, idt_A: 0.095, D_B: 0.020, G_B: 0.812, cycle_B: 0.241, idt_B: 0.056

[Rank 0] (epoch: 480, iters: 816, time: 0.030, data: 0.002) , D_A: 0.103, G_A: 0.556, cycle_A: 0.083, idt_A: 0.098, D_B: 0.036, G_B: 0.829, cycle_B: 0.245, idt_B: 0.054

[Rank 0] (epoch: 480, iters: 1016, time: 0.030, data: 0.005) , D_A: 0.067, G_A: 0.528, cycle_A: 0.085, idt_A: 0.103, D_B: 0.020, G_B: 0.800, cycle_B: 0.274, idt_B: 0.061

[Rank 0] (epoch: 480, iters: 1216, time: 0.030, data: 0.003) , D_A: 0.082, G_A: 0.577, cycle_A: 0.097, idt_A: 0.100, D_B: 0.015, G_B: 0.927, cycle_B: 0.264, idt_B: 0.066

[Rank 0] (epoch: 480, iters: 1416, time: 0.030, data: 0.003) , D_A: 0.062, G_A: 0.672, cycle_A: 0.069, idt_A: 0.099, D_B: 0.016, G_B: 1.023, cycle_B: 0.251, idt_B: 0.048

[Rank 0] (epoch: 480, iters: 1616, time: 0.095, data: 0.002) , D_A: 0.087, G_A: 0.608, cycle_A: 0.063, idt_A: 0.090, D_B: 0.011, G_B: 0.870, cycle_B: 0.237, idt_B: 0.044

[Rank 0] (epoch: 480, iters: 1816, time: 0.030, data: 0.002) , D_A: 0.108, G_A: 0.707, cycle_A: 0.083, idt_A: 0.099, D_B: 0.008, G_B: 0.994, cycle_B: 0.255, idt_B: 0.056

learning rate 0.0000100 -> 0.0000100
saving the model at the end of epoch 480, iters 152312
End of epoch 480 / 670 	 Time Taken: 53 sec
[Rank 0] (epoch: 481, iters: 88, time: 0.113, data: 0.003) , D_A: 0.072, G_A: 0.588, cycle_A: 0.099, idt_A: 0.100, D_B: 0.012, G_B: 0.855, cycle_B: 0.254, idt_B: 0.072

[Rank 0] (epoch: 481, iters: 288, time: 0.030, data: 0.002) , D_A: 0.074, G_A: 0.669, cycle_A: 0.068, idt_A: 0.098, D_B: 0.013, G_B: 0.783, cycle_B: 0.241, idt_B: 0.051

[Rank 0] (epoch: 481, iters: 488, time: 0.030, data: 0.003) , D_A: 0.079, G_A: 0.615, cycle_A: 0.080, idt_A: 0.099, D_B: 0.042, G_B: 1.083, cycle_B: 0.259, idt_B: 0.056

[Rank 0] (epoch: 481, iters: 688, time: 0.105, data: 0.002) , D_A: 0.077, G_A: 0.786, cycle_A: 0.062, idt_A: 0.101, D_B: 0.047, G_B: 0.899, cycle_B: 0.248, idt_B: 0.042

[Rank 0] (epoch: 481, iters: 888, time: 0.030, data: 0.003) , D_A: 0.087, G_A: 0.554, cycle_A: 0.094, idt_A: 0.094, D_B: 0.012, G_B: 0.821, cycle_B: 0.231, idt_B: 0.061

[Rank 0] (epoch: 481, iters: 1088, time: 0.030, data: 0.002) , D_A: 0.068, G_A: 0.642, cycle_A: 0.102, idt_A: 0.092, D_B: 0.011, G_B: 0.937, cycle_B: 0.233, idt_B: 0.070

[Rank 0] (epoch: 481, iters: 1288, time: 0.030, data: 0.003) , D_A: 0.079, G_A: 0.617, cycle_A: 0.077, idt_A: 0.091, D_B: 0.016, G_B: 0.720, cycle_B: 0.216, idt_B: 0.054

[Rank 0] (epoch: 481, iters: 1488, time: 0.030, data: 0.002) , D_A: 0.087, G_A: 0.540, cycle_A: 0.080, idt_A: 0.098, D_B: 0.013, G_B: 0.958, cycle_B: 0.252, idt_B: 0.054

[Rank 0] (epoch: 481, iters: 1688, time: 0.095, data: 0.003) , D_A: 0.098, G_A: 0.622, cycle_A: 0.083, idt_A: 0.096, D_B: 0.015, G_B: 0.844, cycle_B: 0.237, idt_B: 0.053

[Rank 0] (epoch: 481, iters: 1888, time: 0.030, data: 0.001) , D_A: 0.072, G_A: 0.726, cycle_A: 0.093, idt_A: 0.098, D_B: 0.038, G_B: 0.932, cycle_B: 0.230, idt_B: 0.069

learning rate 0.0000100 -> 0.0000100
saving the model at the end of epoch 481, iters 154240
End of epoch 481 / 670 	 Time Taken: 53 sec
[Rank 0] (epoch: 482, iters: 160, time: 0.117, data: 0.002) , D_A: 0.097, G_A: 0.710, cycle_A: 0.077, idt_A: 0.102, D_B: 0.004, G_B: 0.952, cycle_B: 0.237, idt_B: 0.056

[Rank 0] (epoch: 482, iters: 360, time: 0.030, data: 0.002) , D_A: 0.069, G_A: 0.754, cycle_A: 0.086, idt_A: 0.105, D_B: 0.006, G_B: 0.982, cycle_B: 0.244, idt_B: 0.056

[Rank 0] (epoch: 482, iters: 560, time: 0.029, data: 0.002) , D_A: 0.085, G_A: 0.701, cycle_A: 0.064, idt_A: 0.097, D_B: 0.034, G_B: 1.040, cycle_B: 0.226, idt_B: 0.045

[Rank 0] (epoch: 482, iters: 760, time: 0.098, data: 0.002) , D_A: 0.089, G_A: 0.595, cycle_A: 0.076, idt_A: 0.088, D_B: 0.009, G_B: 1.030, cycle_B: 0.211, idt_B: 0.054

saving the latest model (epoch 482, total_iters 155000)
[Rank 0] (epoch: 482, iters: 960, time: 0.029, data: 0.002) , D_A: 0.093, G_A: 0.658, cycle_A: 0.072, idt_A: 0.095, D_B: 0.043, G_B: 1.007, cycle_B: 0.220, idt_B: 0.055

[Rank 0] (epoch: 482, iters: 1160, time: 0.030, data: 0.002) , D_A: 0.078, G_A: 0.771, cycle_A: 0.069, idt_A: 0.101, D_B: 0.016, G_B: 0.872, cycle_B: 0.231, idt_B: 0.047

[Rank 0] (epoch: 482, iters: 1360, time: 0.030, data: 0.003) , D_A: 0.088, G_A: 0.572, cycle_A: 0.092, idt_A: 0.083, D_B: 0.003, G_B: 1.033, cycle_B: 0.194, idt_B: 0.063

[Rank 0] (epoch: 482, iters: 1560, time: 0.030, data: 0.002) , D_A: 0.101, G_A: 0.589, cycle_A: 0.067, idt_A: 0.092, D_B: 0.016, G_B: 0.967, cycle_B: 0.213, idt_B: 0.046

[Rank 0] (epoch: 482, iters: 1760, time: 0.097, data: 0.003) , D_A: 0.087, G_A: 0.644, cycle_A: 0.063, idt_A: 0.103, D_B: 0.011, G_B: 0.982, cycle_B: 0.235, idt_B: 0.042

learning rate 0.0000100 -> 0.0000100
saving the model at the end of epoch 482, iters 156168
End of epoch 482 / 670 	 Time Taken: 53 sec
[Rank 0] (epoch: 483, iters: 32, time: 0.126, data: 0.001) , D_A: 0.064, G_A: 0.714, cycle_A: 0.092, idt_A: 0.089, D_B: 0.021, G_B: 0.603, cycle_B: 0.200, idt_B: 0.062

[Rank 0] (epoch: 483, iters: 232, time: 0.030, data: 0.004) , D_A: 0.081, G_A: 0.635, cycle_A: 0.056, idt_A: 0.096, D_B: 0.044, G_B: 0.922, cycle_B: 0.225, idt_B: 0.038

[Rank 0] (epoch: 483, iters: 432, time: 0.030, data: 0.003) , D_A: 0.076, G_A: 0.645, cycle_A: 0.081, idt_A: 0.090, D_B: 0.008, G_B: 0.979, cycle_B: 0.211, idt_B: 0.055

[Rank 0] (epoch: 483, iters: 632, time: 0.030, data: 0.003) , D_A: 0.069, G_A: 0.509, cycle_A: 0.068, idt_A: 0.100, D_B: 0.009, G_B: 0.927, cycle_B: 0.232, idt_B: 0.044

[Rank 0] (epoch: 483, iters: 832, time: 0.090, data: 0.003) , D_A: 0.068, G_A: 0.582, cycle_A: 0.068, idt_A: 0.101, D_B: 0.012, G_B: 0.986, cycle_B: 0.227, idt_B: 0.043

[Rank 0] (epoch: 483, iters: 1032, time: 0.030, data: 0.003) , D_A: 0.119, G_A: 0.699, cycle_A: 0.095, idt_A: 0.107, D_B: 0.008, G_B: 0.975, cycle_B: 0.245, idt_B: 0.069

[Rank 0] (epoch: 483, iters: 1232, time: 0.030, data: 0.003) , D_A: 0.061, G_A: 0.653, cycle_A: 0.091, idt_A: 0.109, D_B: 0.009, G_B: 0.825, cycle_B: 0.254, idt_B: 0.067

[Rank 0] (epoch: 483, iters: 1432, time: 0.030, data: 0.003) , D_A: 0.093, G_A: 0.624, cycle_A: 0.080, idt_A: 0.103, D_B: 0.006, G_B: 0.975, cycle_B: 0.243, idt_B: 0.056

[Rank 0] (epoch: 483, iters: 1632, time: 0.030, data: 0.002) , D_A: 0.069, G_A: 0.629, cycle_A: 0.084, idt_A: 0.089, D_B: 0.004, G_B: 0.921, cycle_B: 0.204, idt_B: 0.058

[Rank 0] (epoch: 483, iters: 1832, time: 0.095, data: 0.002) , D_A: 0.062, G_A: 0.668, cycle_A: 0.091, idt_A: 0.104, D_B: 0.005, G_B: 0.935, cycle_B: 0.231, idt_B: 0.065

learning rate 0.0000100 -> 0.0000100
saving the model at the end of epoch 483, iters 158096
End of epoch 483 / 670 	 Time Taken: 52 sec
[Rank 0] (epoch: 484, iters: 104, time: 0.108, data: 0.003) , D_A: 0.099, G_A: 0.501, cycle_A: 0.077, idt_A: 0.093, D_B: 0.006, G_B: 1.092, cycle_B: 0.232, idt_B: 0.048

[Rank 0] (epoch: 484, iters: 304, time: 0.030, data: 0.002) , D_A: 0.085, G_A: 0.637, cycle_A: 0.083, idt_A: 0.092, D_B: 0.016, G_B: 0.845, cycle_B: 0.222, idt_B: 0.055

[Rank 0] (epoch: 484, iters: 504, time: 0.030, data: 0.004) , D_A: 0.090, G_A: 0.552, cycle_A: 0.080, idt_A: 0.103, D_B: 0.041, G_B: 0.893, cycle_B: 0.263, idt_B: 0.054

[Rank 0] (epoch: 484, iters: 704, time: 0.030, data: 0.003) , D_A: 0.098, G_A: 0.631, cycle_A: 0.080, idt_A: 0.086, D_B: 0.013, G_B: 0.895, cycle_B: 0.213, idt_B: 0.056

[Rank 0] (epoch: 484, iters: 904, time: 0.103, data: 0.004) , D_A: 0.089, G_A: 0.727, cycle_A: 0.067, idt_A: 0.095, D_B: 0.028, G_B: 0.881, cycle_B: 0.240, idt_B: 0.045

[Rank 0] (epoch: 484, iters: 1104, time: 0.030, data: 0.003) , D_A: 0.112, G_A: 0.800, cycle_A: 0.079, idt_A: 0.113, D_B: 0.011, G_B: 0.847, cycle_B: 0.254, idt_B: 0.057

[Rank 0] (epoch: 484, iters: 1304, time: 0.030, data: 0.002) , D_A: 0.064, G_A: 0.662, cycle_A: 0.088, idt_A: 0.094, D_B: 0.004, G_B: 0.941, cycle_B: 0.206, idt_B: 0.058

[Rank 0] (epoch: 484, iters: 1504, time: 0.029, data: 0.003) , D_A: 0.073, G_A: 0.742, cycle_A: 0.064, idt_A: 0.102, D_B: 0.009, G_B: 0.971, cycle_B: 0.234, idt_B: 0.047

[Rank 0] (epoch: 484, iters: 1704, time: 0.030, data: 0.003) , D_A: 0.065, G_A: 0.622, cycle_A: 0.069, idt_A: 0.101, D_B: 0.007, G_B: 0.971, cycle_B: 0.223, idt_B: 0.047

[Rank 0] (epoch: 484, iters: 1904, time: 0.092, data: 0.003) , D_A: 0.106, G_A: 0.831, cycle_A: 0.080, idt_A: 0.103, D_B: 0.004, G_B: 0.946, cycle_B: 0.230, idt_B: 0.053

saving the latest model (epoch 484, total_iters 160000)
learning rate 0.0000100 -> 0.0000100
saving the model at the end of epoch 484, iters 160024
End of epoch 484 / 670 	 Time Taken: 53 sec
[Rank 0] (epoch: 485, iters: 176, time: 0.117, data: 0.001) , D_A: 0.068, G_A: 0.609, cycle_A: 0.083, idt_A: 0.099, D_B: 0.008, G_B: 0.819, cycle_B: 0.231, idt_B: 0.054

[Rank 0] (epoch: 485, iters: 376, time: 0.029, data: 0.002) , D_A: 0.087, G_A: 0.532, cycle_A: 0.091, idt_A: 0.097, D_B: 0.006, G_B: 0.943, cycle_B: 0.222, idt_B: 0.059

[Rank 0] (epoch: 485, iters: 576, time: 0.030, data: 0.002) , D_A: 0.063, G_A: 0.673, cycle_A: 0.058, idt_A: 0.101, D_B: 0.006, G_B: 0.807, cycle_B: 0.244, idt_B: 0.041

[Rank 0] (epoch: 485, iters: 776, time: 0.029, data: 0.003) , D_A: 0.086, G_A: 0.685, cycle_A: 0.091, idt_A: 0.094, D_B: 0.007, G_B: 1.130, cycle_B: 0.243, idt_B: 0.062

[Rank 0] (epoch: 485, iters: 976, time: 0.095, data: 0.003) , D_A: 0.088, G_A: 0.696, cycle_A: 0.073, idt_A: 0.097, D_B: 0.046, G_B: 0.906, cycle_B: 0.248, idt_B: 0.053

[Rank 0] (epoch: 485, iters: 1176, time: 0.029, data: 0.003) , D_A: 0.064, G_A: 0.559, cycle_A: 0.093, idt_A: 0.104, D_B: 0.010, G_B: 0.946, cycle_B: 0.267, idt_B: 0.065

[Rank 0] (epoch: 485, iters: 1376, time: 0.029, data: 0.003) , D_A: 0.089, G_A: 0.538, cycle_A: 0.067, idt_A: 0.096, D_B: 0.043, G_B: 0.823, cycle_B: 0.250, idt_B: 0.050

[Rank 0] (epoch: 485, iters: 1576, time: 0.029, data: 0.003) , D_A: 0.072, G_A: 0.681, cycle_A: 0.077, idt_A: 0.101, D_B: 0.006, G_B: 0.888, cycle_B: 0.260, idt_B: 0.058

[Rank 0] (epoch: 485, iters: 1776, time: 0.029, data: 0.003) , D_A: 0.075, G_A: 0.551, cycle_A: 0.063, idt_A: 0.102, D_B: 0.022, G_B: 0.786, cycle_B: 0.267, idt_B: 0.046

learning rate 0.0000100 -> 0.0000100
saving the model at the end of epoch 485, iters 161952
End of epoch 485 / 670 	 Time Taken: 52 sec
[Rank 0] (epoch: 486, iters: 48, time: 0.121, data: 0.003) , D_A: 0.084, G_A: 0.563, cycle_A: 0.065, idt_A: 0.092, D_B: 0.007, G_B: 0.891, cycle_B: 0.231, idt_B: 0.046

[Rank 0] (epoch: 486, iters: 248, time: 0.029, data: 0.004) , D_A: 0.077, G_A: 0.646, cycle_A: 0.106, idt_A: 0.100, D_B: 0.005, G_B: 0.977, cycle_B: 0.250, idt_B: 0.076

[Rank 0] (epoch: 486, iters: 448, time: 0.030, data: 0.003) , D_A: 0.079, G_A: 0.533, cycle_A: 0.076, idt_A: 0.103, D_B: 0.051, G_B: 1.043, cycle_B: 0.246, idt_B: 0.054

[Rank 0] (epoch: 486, iters: 648, time: 0.029, data: 0.004) , D_A: 0.057, G_A: 0.672, cycle_A: 0.065, idt_A: 0.103, D_B: 0.071, G_B: 0.973, cycle_B: 0.255, idt_B: 0.045

[Rank 0] (epoch: 486, iters: 848, time: 0.029, data: 0.003) , D_A: 0.107, G_A: 0.652, cycle_A: 0.074, idt_A: 0.101, D_B: 0.016, G_B: 0.915, cycle_B: 0.243, idt_B: 0.055

[Rank 0] (epoch: 486, iters: 1048, time: 0.098, data: 0.003) , D_A: 0.072, G_A: 0.712, cycle_A: 0.089, idt_A: 0.101, D_B: 0.047, G_B: 0.619, cycle_B: 0.239, idt_B: 0.067

[Rank 0] (epoch: 486, iters: 1248, time: 0.029, data: 0.002) , D_A: 0.072, G_A: 0.720, cycle_A: 0.070, idt_A: 0.092, D_B: 0.011, G_B: 0.968, cycle_B: 0.233, idt_B: 0.050

[Rank 0] (epoch: 486, iters: 1448, time: 0.029, data: 0.003) , D_A: 0.073, G_A: 0.683, cycle_A: 0.086, idt_A: 0.096, D_B: 0.011, G_B: 0.925, cycle_B: 0.233, idt_B: 0.061

[Rank 0] (epoch: 486, iters: 1648, time: 0.029, data: 0.003) , D_A: 0.071, G_A: 0.674, cycle_A: 0.087, idt_A: 0.103, D_B: 0.010, G_B: 0.822, cycle_B: 0.260, idt_B: 0.053

[Rank 0] (epoch: 486, iters: 1848, time: 0.029, data: 0.003) , D_A: 0.078, G_A: 0.598, cycle_A: 0.079, idt_A: 0.093, D_B: 0.027, G_B: 0.932, cycle_B: 0.224, idt_B: 0.055

learning rate 0.0000100 -> 0.0000100
saving the model at the end of epoch 486, iters 163880
End of epoch 486 / 670 	 Time Taken: 52 sec
[Rank 0] (epoch: 487, iters: 120, time: 0.131, data: 0.003) , D_A: 0.075, G_A: 0.687, cycle_A: 0.072, idt_A: 0.090, D_B: 0.008, G_B: 0.891, cycle_B: 0.216, idt_B: 0.050

[Rank 0] (epoch: 487, iters: 320, time: 0.029, data: 0.002) , D_A: 0.073, G_A: 0.573, cycle_A: 0.070, idt_A: 0.102, D_B: 0.012, G_B: 1.000, cycle_B: 0.239, idt_B: 0.045

[Rank 0] (epoch: 487, iters: 520, time: 0.029, data: 0.003) , D_A: 0.074, G_A: 0.632, cycle_A: 0.076, idt_A: 0.082, D_B: 0.016, G_B: 0.990, cycle_B: 0.186, idt_B: 0.048

[Rank 0] (epoch: 487, iters: 720, time: 0.029, data: 0.003) , D_A: 0.043, G_A: 0.983, cycle_A: 0.078, idt_A: 0.122, D_B: 0.005, G_B: 1.010, cycle_B: 0.267, idt_B: 0.051

[Rank 0] (epoch: 487, iters: 920, time: 0.030, data: 0.005) , D_A: 0.056, G_A: 0.706, cycle_A: 0.081, idt_A: 0.106, D_B: 0.006, G_B: 0.996, cycle_B: 0.239, idt_B: 0.057

[Rank 0] (epoch: 487, iters: 1120, time: 0.100, data: 0.003) , D_A: 0.064, G_A: 0.592, cycle_A: 0.092, idt_A: 0.094, D_B: 0.005, G_B: 0.959, cycle_B: 0.212, idt_B: 0.070

saving the latest model (epoch 487, total_iters 165000)
[Rank 0] (epoch: 487, iters: 1320, time: 0.029, data: 0.004) , D_A: 0.072, G_A: 0.648, cycle_A: 0.078, idt_A: 0.100, D_B: 0.004, G_B: 0.951, cycle_B: 0.228, idt_B: 0.059

[Rank 0] (epoch: 487, iters: 1520, time: 0.030, data: 0.003) , D_A: 0.070, G_A: 0.654, cycle_A: 0.076, idt_A: 0.091, D_B: 0.003, G_B: 0.927, cycle_B: 0.214, idt_B: 0.054

[Rank 0] (epoch: 487, iters: 1720, time: 0.029, data: 0.003) , D_A: 0.103, G_A: 0.741, cycle_A: 0.091, idt_A: 0.101, D_B: 0.004, G_B: 0.921, cycle_B: 0.233, idt_B: 0.061

[Rank 0] (epoch: 487, iters: 1920, time: 0.030, data: 0.003) , D_A: 0.044, G_A: 0.643, cycle_A: 0.110, idt_A: 0.098, D_B: 0.005, G_B: 0.908, cycle_B: 0.223, idt_B: 0.074

learning rate 0.0000100 -> 0.0000100
saving the model at the end of epoch 487, iters 165808
End of epoch 487 / 670 	 Time Taken: 52 sec
[Rank 0] (epoch: 488, iters: 192, time: 0.127, data: 0.002) , D_A: 0.068, G_A: 0.704, cycle_A: 0.078, idt_A: 0.095, D_B: 0.004, G_B: 0.886, cycle_B: 0.224, idt_B: 0.050

[Rank 0] (epoch: 488, iters: 392, time: 0.029, data: 0.002) , D_A: 0.087, G_A: 0.770, cycle_A: 0.087, idt_A: 0.105, D_B: 0.054, G_B: 0.974, cycle_B: 0.246, idt_B: 0.054

[Rank 0] (epoch: 488, iters: 592, time: 0.029, data: 0.003) , D_A: 0.085, G_A: 0.718, cycle_A: 0.069, idt_A: 0.087, D_B: 0.003, G_B: 0.974, cycle_B: 0.198, idt_B: 0.049

[Rank 0] (epoch: 488, iters: 792, time: 0.030, data: 0.003) , D_A: 0.100, G_A: 0.729, cycle_A: 0.089, idt_A: 0.091, D_B: 0.004, G_B: 0.930, cycle_B: 0.199, idt_B: 0.057

[Rank 0] (epoch: 488, iters: 992, time: 0.029, data: 0.003) , D_A: 0.059, G_A: 0.704, cycle_A: 0.086, idt_A: 0.089, D_B: 0.003, G_B: 0.971, cycle_B: 0.198, idt_B: 0.059

[Rank 0] (epoch: 488, iters: 1192, time: 0.096, data: 0.003) , D_A: 0.099, G_A: 0.691, cycle_A: 0.063, idt_A: 0.091, D_B: 0.024, G_B: 0.969, cycle_B: 0.207, idt_B: 0.045

[Rank 0] (epoch: 488, iters: 1392, time: 0.029, data: 0.002) , D_A: 0.112, G_A: 0.537, cycle_A: 0.100, idt_A: 0.106, D_B: 0.005, G_B: 0.924, cycle_B: 0.249, idt_B: 0.071

[Rank 0] (epoch: 488, iters: 1592, time: 0.029, data: 0.003) , D_A: 0.078, G_A: 0.565, cycle_A: 0.109, idt_A: 0.094, D_B: 0.008, G_B: 0.869, cycle_B: 0.229, idt_B: 0.077

[Rank 0] (epoch: 488, iters: 1792, time: 0.029, data: 0.003) , D_A: 0.070, G_A: 0.606, cycle_A: 0.082, idt_A: 0.092, D_B: 0.010, G_B: 0.828, cycle_B: 0.218, idt_B: 0.059

learning rate 0.0000100 -> 0.0000100
saving the model at the end of epoch 488, iters 167736
End of epoch 488 / 670 	 Time Taken: 52 sec
[Rank 0] (epoch: 489, iters: 64, time: 0.107, data: 0.003) , D_A: 0.061, G_A: 0.693, cycle_A: 0.093, idt_A: 0.092, D_B: 0.012, G_B: 0.904, cycle_B: 0.227, idt_B: 0.064

[Rank 0] (epoch: 489, iters: 264, time: 0.098, data: 0.003) , D_A: 0.075, G_A: 0.719, cycle_A: 0.078, idt_A: 0.106, D_B: 0.005, G_B: 0.979, cycle_B: 0.253, idt_B: 0.050

[Rank 0] (epoch: 489, iters: 464, time: 0.029, data: 0.001) , D_A: 0.060, G_A: 0.627, cycle_A: 0.089, idt_A: 0.096, D_B: 0.006, G_B: 0.858, cycle_B: 0.235, idt_B: 0.058

[Rank 0] (epoch: 489, iters: 664, time: 0.029, data: 0.002) , D_A: 0.096, G_A: 0.709, cycle_A: 0.074, idt_A: 0.099, D_B: 0.018, G_B: 1.073, cycle_B: 0.258, idt_B: 0.055

[Rank 0] (epoch: 489, iters: 864, time: 0.030, data: 0.003) , D_A: 0.076, G_A: 0.653, cycle_A: 0.095, idt_A: 0.092, D_B: 0.032, G_B: 0.982, cycle_B: 0.218, idt_B: 0.056

[Rank 0] (epoch: 489, iters: 1064, time: 0.029, data: 0.003) , D_A: 0.063, G_A: 0.614, cycle_A: 0.079, idt_A: 0.084, D_B: 0.008, G_B: 0.978, cycle_B: 0.214, idt_B: 0.056

[Rank 0] (epoch: 489, iters: 1264, time: 0.087, data: 0.003) , D_A: 0.085, G_A: 0.638, cycle_A: 0.085, idt_A: 0.104, D_B: 0.006, G_B: 0.908, cycle_B: 0.268, idt_B: 0.056

[Rank 0] (epoch: 489, iters: 1464, time: 0.029, data: 0.003) , D_A: 0.088, G_A: 0.816, cycle_A: 0.071, idt_A: 0.092, D_B: 0.016, G_B: 0.881, cycle_B: 0.230, idt_B: 0.048

[Rank 0] (epoch: 489, iters: 1664, time: 0.029, data: 0.003) , D_A: 0.082, G_A: 0.621, cycle_A: 0.088, idt_A: 0.092, D_B: 0.010, G_B: 0.818, cycle_B: 0.231, idt_B: 0.061

[Rank 0] (epoch: 489, iters: 1864, time: 0.029, data: 0.003) , D_A: 0.082, G_A: 0.649, cycle_A: 0.064, idt_A: 0.096, D_B: 0.005, G_B: 0.970, cycle_B: 0.225, idt_B: 0.046

learning rate 0.0000100 -> 0.0000100
saving the model at the end of epoch 489, iters 169664
End of epoch 489 / 670 	 Time Taken: 52 sec
[Rank 0] (epoch: 490, iters: 136, time: 0.126, data: 0.002) , D_A: 0.087, G_A: 0.710, cycle_A: 0.085, idt_A: 0.101, D_B: 0.014, G_B: 0.960, cycle_B: 0.249, idt_B: 0.056

[Rank 0] (epoch: 490, iters: 336, time: 0.094, data: 0.002) , D_A: 0.089, G_A: 0.714, cycle_A: 0.064, idt_A: 0.102, D_B: 0.029, G_B: 0.935, cycle_B: 0.239, idt_B: 0.042

saving the latest model (epoch 490, total_iters 170000)
[Rank 0] (epoch: 490, iters: 536, time: 0.029, data: 0.003) , D_A: 0.064, G_A: 0.760, cycle_A: 0.063, idt_A: 0.105, D_B: 0.004, G_B: 0.969, cycle_B: 0.250, idt_B: 0.046

[Rank 0] (epoch: 490, iters: 736, time: 0.030, data: 0.003) , D_A: 0.078, G_A: 0.469, cycle_A: 0.079, idt_A: 0.106, D_B: 0.004, G_B: 0.962, cycle_B: 0.240, idt_B: 0.058

[Rank 0] (epoch: 490, iters: 936, time: 0.029, data: 0.003) , D_A: 0.092, G_A: 0.600, cycle_A: 0.082, idt_A: 0.108, D_B: 0.005, G_B: 0.913, cycle_B: 0.246, idt_B: 0.056

[Rank 0] (epoch: 490, iters: 1136, time: 0.030, data: 0.003) , D_A: 0.101, G_A: 0.575, cycle_A: 0.079, idt_A: 0.098, D_B: 0.004, G_B: 1.029, cycle_B: 0.233, idt_B: 0.058

[Rank 0] (epoch: 490, iters: 1336, time: 0.096, data: 0.003) , D_A: 0.076, G_A: 0.520, cycle_A: 0.090, idt_A: 0.100, D_B: 0.003, G_B: 1.024, cycle_B: 0.229, idt_B: 0.064

[Rank 0] (epoch: 490, iters: 1536, time: 0.029, data: 0.002) , D_A: 0.108, G_A: 0.503, cycle_A: 0.086, idt_A: 0.089, D_B: 0.003, G_B: 0.987, cycle_B: 0.205, idt_B: 0.064

[Rank 0] (epoch: 490, iters: 1736, time: 0.029, data: 0.003) , D_A: 0.072, G_A: 0.636, cycle_A: 0.097, idt_A: 0.089, D_B: 0.071, G_B: 0.878, cycle_B: 0.197, idt_B: 0.066

learning rate 0.0000100 -> 0.0000100
saving the model at the end of epoch 490, iters 171592
End of epoch 490 / 670 	 Time Taken: 53 sec
[Rank 0] (epoch: 491, iters: 8, time: 0.125, data: 0.003) , D_A: 0.102, G_A: 0.675, cycle_A: 0.064, idt_A: 0.109, D_B: 0.006, G_B: 0.915, cycle_B: 0.247, idt_B: 0.045

[Rank 0] (epoch: 491, iters: 208, time: 0.029, data: 0.001) , D_A: 0.077, G_A: 0.670, cycle_A: 0.074, idt_A: 0.088, D_B: 0.004, G_B: 0.919, cycle_B: 0.199, idt_B: 0.046

[Rank 0] (epoch: 491, iters: 408, time: 0.100, data: 0.003) , D_A: 0.081, G_A: 0.809, cycle_A: 0.075, idt_A: 0.100, D_B: 0.002, G_B: 0.967, cycle_B: 0.232, idt_B: 0.047

[Rank 0] (epoch: 491, iters: 608, time: 0.029, data: 0.002) , D_A: 0.074, G_A: 0.654, cycle_A: 0.054, idt_A: 0.111, D_B: 0.015, G_B: 0.951, cycle_B: 0.247, idt_B: 0.038

[Rank 0] (epoch: 491, iters: 808, time: 0.029, data: 0.003) , D_A: 0.098, G_A: 0.711, cycle_A: 0.077, idt_A: 0.099, D_B: 0.003, G_B: 0.991, cycle_B: 0.229, idt_B: 0.054

[Rank 0] (epoch: 491, iters: 1008, time: 0.030, data: 0.003) , D_A: 0.085, G_A: 0.664, cycle_A: 0.057, idt_A: 0.099, D_B: 0.004, G_B: 0.858, cycle_B: 0.242, idt_B: 0.036

[Rank 0] (epoch: 491, iters: 1208, time: 0.029, data: 0.003) , D_A: 0.091, G_A: 0.676, cycle_A: 0.077, idt_A: 0.094, D_B: 0.002, G_B: 0.969, cycle_B: 0.218, idt_B: 0.046

[Rank 0] (epoch: 491, iters: 1408, time: 0.099, data: 0.003) , D_A: 0.077, G_A: 0.604, cycle_A: 0.087, idt_A: 0.095, D_B: 0.003, G_B: 0.946, cycle_B: 0.221, idt_B: 0.065

[Rank 0] (epoch: 491, iters: 1608, time: 0.029, data: 0.002) , D_A: 0.079, G_A: 0.566, cycle_A: 0.080, idt_A: 0.096, D_B: 0.006, G_B: 0.857, cycle_B: 0.221, idt_B: 0.059

[Rank 0] (epoch: 491, iters: 1808, time: 0.029, data: 0.003) , D_A: 0.087, G_A: 0.723, cycle_A: 0.072, idt_A: 0.100, D_B: 0.011, G_B: 1.004, cycle_B: 0.243, idt_B: 0.052

learning rate 0.0000100 -> 0.0000100
saving the model at the end of epoch 491, iters 173520
End of epoch 491 / 670 	 Time Taken: 53 sec
[Rank 0] (epoch: 492, iters: 80, time: 0.128, data: 0.004) , D_A: 0.072, G_A: 0.703, cycle_A: 0.065, idt_A: 0.089, D_B: 0.005, G_B: 0.924, cycle_B: 0.209, idt_B: 0.045

[Rank 0] (epoch: 492, iters: 280, time: 0.029, data: 0.005) , D_A: 0.077, G_A: 0.667, cycle_A: 0.074, idt_A: 0.098, D_B: 0.006, G_B: 1.023, cycle_B: 0.271, idt_B: 0.052

[Rank 0] (epoch: 492, iters: 480, time: 0.099, data: 0.003) , D_A: 0.094, G_A: 0.505, cycle_A: 0.086, idt_A: 0.094, D_B: 0.008, G_B: 1.001, cycle_B: 0.232, idt_B: 0.062

[Rank 0] (epoch: 492, iters: 680, time: 0.029, data: 0.003) , D_A: 0.095, G_A: 0.745, cycle_A: 0.091, idt_A: 0.100, D_B: 0.048, G_B: 0.840, cycle_B: 0.252, idt_B: 0.065

[Rank 0] (epoch: 492, iters: 880, time: 0.029, data: 0.003) , D_A: 0.079, G_A: 0.667, cycle_A: 0.086, idt_A: 0.098, D_B: 0.004, G_B: 1.027, cycle_B: 0.249, idt_B: 0.058

[Rank 0] (epoch: 492, iters: 1080, time: 0.030, data: 0.002) , D_A: 0.076, G_A: 0.685, cycle_A: 0.068, idt_A: 0.109, D_B: 0.032, G_B: 0.955, cycle_B: 0.264, idt_B: 0.051

[Rank 0] (epoch: 492, iters: 1280, time: 0.029, data: 0.006) , D_A: 0.103, G_A: 0.595, cycle_A: 0.081, idt_A: 0.101, D_B: 0.004, G_B: 0.939, cycle_B: 0.243, idt_B: 0.059

[Rank 0] (epoch: 492, iters: 1480, time: 0.116, data: 0.003) , D_A: 0.107, G_A: 0.706, cycle_A: 0.065, idt_A: 0.104, D_B: 0.007, G_B: 0.982, cycle_B: 0.253, idt_B: 0.043

saving the latest model (epoch 492, total_iters 175000)
[Rank 0] (epoch: 492, iters: 1680, time: 0.029, data: 0.002) , D_A: 0.075, G_A: 0.695, cycle_A: 0.081, idt_A: 0.106, D_B: 0.004, G_B: 0.894, cycle_B: 0.259, idt_B: 0.062

[Rank 0] (epoch: 492, iters: 1880, time: 0.030, data: 0.004) , D_A: 0.082, G_A: 0.567, cycle_A: 0.098, idt_A: 0.103, D_B: 0.004, G_B: 0.949, cycle_B: 0.231, idt_B: 0.069

learning rate 0.0000100 -> 0.0000100
saving the model at the end of epoch 492, iters 175448
End of epoch 492 / 670 	 Time Taken: 53 sec
[Rank 0] (epoch: 493, iters: 152, time: 0.116, data: 0.002) , D_A: 0.076, G_A: 0.619, cycle_A: 0.087, idt_A: 0.095, D_B: 0.006, G_B: 0.882, cycle_B: 0.226, idt_B: 0.057

[Rank 0] (epoch: 493, iters: 352, time: 0.029, data: 0.002) , D_A: 0.069, G_A: 0.727, cycle_A: 0.112, idt_A: 0.106, D_B: 0.008, G_B: 0.829, cycle_B: 0.253, idt_B: 0.083

[Rank 0] (epoch: 493, iters: 552, time: 0.088, data: 0.002) , D_A: 0.082, G_A: 0.653, cycle_A: 0.104, idt_A: 0.085, D_B: 0.006, G_B: 0.955, cycle_B: 0.195, idt_B: 0.071

[Rank 0] (epoch: 493, iters: 752, time: 0.029, data: 0.002) , D_A: 0.070, G_A: 0.570, cycle_A: 0.083, idt_A: 0.092, D_B: 0.005, G_B: 0.878, cycle_B: 0.220, idt_B: 0.054

[Rank 0] (epoch: 493, iters: 952, time: 0.029, data: 0.007) , D_A: 0.093, G_A: 0.704, cycle_A: 0.078, idt_A: 0.101, D_B: 0.003, G_B: 0.913, cycle_B: 0.233, idt_B: 0.052

[Rank 0] (epoch: 493, iters: 1152, time: 0.029, data: 0.012) , D_A: 0.098, G_A: 0.631, cycle_A: 0.084, idt_A: 0.091, D_B: 0.006, G_B: 0.903, cycle_B: 0.203, idt_B: 0.060

[Rank 0] (epoch: 493, iters: 1352, time: 0.030, data: 0.002) , D_A: 0.092, G_A: 0.783, cycle_A: 0.079, idt_A: 0.104, D_B: 0.004, G_B: 0.881, cycle_B: 0.241, idt_B: 0.051

[Rank 0] (epoch: 493, iters: 1552, time: 0.113, data: 0.004) , D_A: 0.132, G_A: 0.831, cycle_A: 0.072, idt_A: 0.087, D_B: 0.002, G_B: 0.974, cycle_B: 0.189, idt_B: 0.044

[Rank 0] (epoch: 493, iters: 1752, time: 0.029, data: 0.003) , D_A: 0.081, G_A: 0.670, cycle_A: 0.078, idt_A: 0.100, D_B: 0.065, G_B: 0.953, cycle_B: 0.222, idt_B: 0.053

learning rate 0.0000100 -> 0.0000100
saving the model at the end of epoch 493, iters 177376
End of epoch 493 / 670 	 Time Taken: 53 sec
[Rank 0] (epoch: 494, iters: 24, time: 0.127, data: 0.003) , D_A: 0.090, G_A: 0.667, cycle_A: 0.079, idt_A: 0.103, D_B: 0.002, G_B: 0.969, cycle_B: 0.220, idt_B: 0.056

[Rank 0] (epoch: 494, iters: 224, time: 0.029, data: 0.002) , D_A: 0.071, G_A: 0.551, cycle_A: 0.066, idt_A: 0.104, D_B: 0.045, G_B: 0.994, cycle_B: 0.218, idt_B: 0.044

[Rank 0] (epoch: 494, iters: 424, time: 0.029, data: 0.002) , D_A: 0.078, G_A: 0.652, cycle_A: 0.079, idt_A: 0.095, D_B: 0.002, G_B: 0.965, cycle_B: 0.208, idt_B: 0.058

[Rank 0] (epoch: 494, iters: 624, time: 0.099, data: 0.003) , D_A: 0.059, G_A: 0.594, cycle_A: 0.083, idt_A: 0.095, D_B: 0.003, G_B: 0.866, cycle_B: 0.215, idt_B: 0.058

[Rank 0] (epoch: 494, iters: 824, time: 0.029, data: 0.002) , D_A: 0.110, G_A: 0.709, cycle_A: 0.088, idt_A: 0.100, D_B: 0.003, G_B: 0.930, cycle_B: 0.210, idt_B: 0.066

[Rank 0] (epoch: 494, iters: 1024, time: 0.029, data: 0.003) , D_A: 0.071, G_A: 0.692, cycle_A: 0.073, idt_A: 0.094, D_B: 0.002, G_B: 1.008, cycle_B: 0.202, idt_B: 0.047

[Rank 0] (epoch: 494, iters: 1224, time: 0.026, data: 0.003) , D_A: 0.069, G_A: 0.706, cycle_A: 0.081, idt_A: 0.102, D_B: 0.016, G_B: 1.153, cycle_B: 0.229, idt_B: 0.051

[Rank 0] (epoch: 494, iters: 1424, time: 0.029, data: 0.003) , D_A: 0.073, G_A: 0.649, cycle_A: 0.065, idt_A: 0.117, D_B: 0.003, G_B: 0.882, cycle_B: 0.244, idt_B: 0.047

[Rank 0] (epoch: 494, iters: 1624, time: 0.119, data: 0.002) , D_A: 0.067, G_A: 0.717, cycle_A: 0.088, idt_A: 0.119, D_B: 0.004, G_B: 0.915, cycle_B: 0.247, idt_B: 0.056

[Rank 0] (epoch: 494, iters: 1824, time: 0.029, data: 0.002) , D_A: 0.053, G_A: 0.981, cycle_A: 0.072, idt_A: 0.098, D_B: 0.003, G_B: 0.936, cycle_B: 0.201, idt_B: 0.050

learning rate 0.0000100 -> 0.0000100
saving the model at the end of epoch 494, iters 179304
End of epoch 494 / 670 	 Time Taken: 53 sec
[Rank 0] (epoch: 495, iters: 96, time: 0.117, data: 0.003) , D_A: 0.078, G_A: 0.600, cycle_A: 0.083, idt_A: 0.095, D_B: 0.003, G_B: 0.986, cycle_B: 0.215, idt_B: 0.057

[Rank 0] (epoch: 495, iters: 296, time: 0.029, data: 0.003) , D_A: 0.061, G_A: 0.624, cycle_A: 0.076, idt_A: 0.099, D_B: 0.005, G_B: 0.873, cycle_B: 0.214, idt_B: 0.053

[Rank 0] (epoch: 495, iters: 496, time: 0.029, data: 0.003) , D_A: 0.073, G_A: 0.672, cycle_A: 0.076, idt_A: 0.100, D_B: 0.002, G_B: 0.971, cycle_B: 0.209, idt_B: 0.045

[Rank 0] (epoch: 495, iters: 696, time: 0.086, data: 0.002) , D_A: 0.089, G_A: 0.811, cycle_A: 0.077, idt_A: 0.110, D_B: 0.002, G_B: 0.991, cycle_B: 0.238, idt_B: 0.055

saving the latest model (epoch 495, total_iters 180000)
[Rank 0] (epoch: 495, iters: 896, time: 0.030, data: 0.003) , D_A: 0.063, G_A: 0.740, cycle_A: 0.106, idt_A: 0.102, D_B: 0.003, G_B: 1.011, cycle_B: 0.213, idt_B: 0.071

[Rank 0] (epoch: 495, iters: 1096, time: 0.030, data: 0.003) , D_A: 0.091, G_A: 0.585, cycle_A: 0.069, idt_A: 0.087, D_B: 0.001, G_B: 0.993, cycle_B: 0.176, idt_B: 0.045

[Rank 0] (epoch: 495, iters: 1296, time: 0.030, data: 0.002) , D_A: 0.078, G_A: 0.634, cycle_A: 0.083, idt_A: 0.094, D_B: 0.003, G_B: 0.909, cycle_B: 0.194, idt_B: 0.056

[Rank 0] (epoch: 495, iters: 1496, time: 0.029, data: 0.010) , D_A: 0.055, G_A: 0.738, cycle_A: 0.067, idt_A: 0.107, D_B: 0.002, G_B: 1.047, cycle_B: 0.228, idt_B: 0.043

[Rank 0] (epoch: 495, iters: 1696, time: 0.126, data: 0.002) , D_A: 0.079, G_A: 0.617, cycle_A: 0.087, idt_A: 0.102, D_B: 0.002, G_B: 0.985, cycle_B: 0.213, idt_B: 0.058

[Rank 0] (epoch: 495, iters: 1896, time: 0.030, data: 0.003) , D_A: 0.074, G_A: 0.596, cycle_A: 0.086, idt_A: 0.101, D_B: 0.002, G_B: 0.984, cycle_B: 0.200, idt_B: 0.056

learning rate 0.0000100 -> 0.0000100
saving the model at the end of epoch 495, iters 181232
End of epoch 495 / 670 	 Time Taken: 54 sec
[Rank 0] (epoch: 496, iters: 168, time: 0.102, data: 0.002) , D_A: 0.078, G_A: 0.688, cycle_A: 0.111, idt_A: 0.094, D_B: 0.002, G_B: 0.965, cycle_B: 0.186, idt_B: 0.074

[Rank 0] (epoch: 496, iters: 368, time: 0.029, data: 0.002) , D_A: 0.069, G_A: 0.644, cycle_A: 0.084, idt_A: 0.107, D_B: 0.002, G_B: 1.015, cycle_B: 0.225, idt_B: 0.055

[Rank 0] (epoch: 496, iters: 568, time: 0.030, data: 0.003) , D_A: 0.071, G_A: 0.813, cycle_A: 0.079, idt_A: 0.096, D_B: 0.002, G_B: 0.971, cycle_B: 0.213, idt_B: 0.052

[Rank 0] (epoch: 496, iters: 768, time: 0.119, data: 0.003) , D_A: 0.063, G_A: 0.867, cycle_A: 0.068, idt_A: 0.101, D_B: 0.007, G_B: 0.958, cycle_B: 0.210, idt_B: 0.048

[Rank 0] (epoch: 496, iters: 968, time: 0.030, data: 0.003) , D_A: 0.057, G_A: 0.614, cycle_A: 0.090, idt_A: 0.096, D_B: 0.003, G_B: 0.897, cycle_B: 0.194, idt_B: 0.059

[Rank 0] (epoch: 496, iters: 1168, time: 0.029, data: 0.008) , D_A: 0.076, G_A: 0.701, cycle_A: 0.097, idt_A: 0.095, D_B: 0.002, G_B: 0.966, cycle_B: 0.202, idt_B: 0.064

[Rank 0] (epoch: 496, iters: 1368, time: 0.029, data: 0.002) , D_A: 0.074, G_A: 0.723, cycle_A: 0.075, idt_A: 0.084, D_B: 0.002, G_B: 0.991, cycle_B: 0.177, idt_B: 0.047

[Rank 0] (epoch: 496, iters: 1568, time: 0.029, data: 0.003) , D_A: 0.121, G_A: 0.649, cycle_A: 0.097, idt_A: 0.085, D_B: 0.003, G_B: 0.925, cycle_B: 0.174, idt_B: 0.071

[Rank 0] (epoch: 496, iters: 1768, time: 0.124, data: 0.002) , D_A: 0.111, G_A: 0.639, cycle_A: 0.073, idt_A: 0.108, D_B: 0.003, G_B: 0.889, cycle_B: 0.231, idt_B: 0.050

learning rate 0.0000100 -> 0.0000100
saving the model at the end of epoch 496, iters 183160
End of epoch 496 / 670 	 Time Taken: 53 sec
[Rank 0] (epoch: 497, iters: 40, time: 0.116, data: 0.002) , D_A: 0.079, G_A: 0.841, cycle_A: 0.083, idt_A: 0.093, D_B: 0.003, G_B: 0.901, cycle_B: 0.198, idt_B: 0.056

[Rank 0] (epoch: 497, iters: 240, time: 0.029, data: 0.002) , D_A: 0.071, G_A: 0.873, cycle_A: 0.103, idt_A: 0.100, D_B: 0.002, G_B: 0.970, cycle_B: 0.207, idt_B: 0.061

[Rank 0] (epoch: 497, iters: 440, time: 0.029, data: 0.003) , D_A: 0.088, G_A: 0.703, cycle_A: 0.081, idt_A: 0.089, D_B: 0.006, G_B: 0.961, cycle_B: 0.191, idt_B: 0.055

[Rank 0] (epoch: 497, iters: 640, time: 0.029, data: 0.003) , D_A: 0.100, G_A: 0.619, cycle_A: 0.069, idt_A: 0.094, D_B: 0.010, G_B: 0.949, cycle_B: 0.224, idt_B: 0.049

[Rank 0] (epoch: 497, iters: 840, time: 0.110, data: 0.002) , D_A: 0.101, G_A: 0.391, cycle_A: 0.066, idt_A: 0.093, D_B: 0.003, G_B: 0.949, cycle_B: 0.211, idt_B: 0.048

[Rank 0] (epoch: 497, iters: 1040, time: 0.029, data: 0.002) , D_A: 0.065, G_A: 0.621, cycle_A: 0.067, idt_A: 0.101, D_B: 0.011, G_B: 0.963, cycle_B: 0.226, idt_B: 0.047

[Rank 0] (epoch: 497, iters: 1240, time: 0.030, data: 0.003) , D_A: 0.075, G_A: 0.638, cycle_A: 0.098, idt_A: 0.104, D_B: 0.002, G_B: 0.973, cycle_B: 0.231, idt_B: 0.072

[Rank 0] (epoch: 497, iters: 1440, time: 0.029, data: 0.003) , D_A: 0.080, G_A: 0.679, cycle_A: 0.050, idt_A: 0.099, D_B: 0.002, G_B: 0.941, cycle_B: 0.225, idt_B: 0.036

[Rank 0] (epoch: 497, iters: 1640, time: 0.029, data: 0.003) , D_A: 0.074, G_A: 0.872, cycle_A: 0.083, idt_A: 0.090, D_B: 0.002, G_B: 0.969, cycle_B: 0.200, idt_B: 0.051

[Rank 0] (epoch: 497, iters: 1840, time: 0.101, data: 0.003) , D_A: 0.093, G_A: 0.606, cycle_A: 0.085, idt_A: 0.087, D_B: 0.006, G_B: 0.836, cycle_B: 0.201, idt_B: 0.055

saving the latest model (epoch 497, total_iters 185000)
learning rate 0.0000100 -> 0.0000100
saving the model at the end of epoch 497, iters 185088
End of epoch 497 / 670 	 Time Taken: 53 sec
[Rank 0] (epoch: 498, iters: 112, time: 0.112, data: 0.003) , D_A: 0.065, G_A: 0.702, cycle_A: 0.075, idt_A: 0.091, D_B: 0.080, G_B: 0.956, cycle_B: 0.210, idt_B: 0.050

[Rank 0] (epoch: 498, iters: 312, time: 0.030, data: 0.003) , D_A: 0.085, G_A: 0.636, cycle_A: 0.090, idt_A: 0.097, D_B: 0.003, G_B: 0.981, cycle_B: 0.236, idt_B: 0.063

[Rank 0] (epoch: 498, iters: 512, time: 0.029, data: 0.003) , D_A: 0.060, G_A: 0.766, cycle_A: 0.081, idt_A: 0.100, D_B: 0.004, G_B: 0.955, cycle_B: 0.236, idt_B: 0.059

[Rank 0] (epoch: 498, iters: 712, time: 0.028, data: 0.002) , D_A: 0.066, G_A: 0.545, cycle_A: 0.065, idt_A: 0.085, D_B: 0.002, G_B: 0.933, cycle_B: 0.192, idt_B: 0.041

[Rank 0] (epoch: 498, iters: 912, time: 0.113, data: 0.002) , D_A: 0.067, G_A: 0.689, cycle_A: 0.052, idt_A: 0.096, D_B: 0.005, G_B: 0.870, cycle_B: 0.215, idt_B: 0.036

[Rank 0] (epoch: 498, iters: 1112, time: 0.029, data: 0.002) , D_A: 0.085, G_A: 0.725, cycle_A: 0.084, idt_A: 0.101, D_B: 0.003, G_B: 1.039, cycle_B: 0.236, idt_B: 0.060

[Rank 0] (epoch: 498, iters: 1312, time: 0.030, data: 0.006) , D_A: 0.088, G_A: 0.708, cycle_A: 0.071, idt_A: 0.111, D_B: 0.066, G_B: 0.969, cycle_B: 0.250, idt_B: 0.043

[Rank 0] (epoch: 498, iters: 1512, time: 0.029, data: 0.010) , D_A: 0.071, G_A: 0.604, cycle_A: 0.076, idt_A: 0.094, D_B: 0.002, G_B: 0.957, cycle_B: 0.222, idt_B: 0.050

[Rank 0] (epoch: 498, iters: 1712, time: 0.029, data: 0.003) , D_A: 0.100, G_A: 0.455, cycle_A: 0.093, idt_A: 0.101, D_B: 0.002, G_B: 0.961, cycle_B: 0.231, idt_B: 0.062

[Rank 0] (epoch: 498, iters: 1912, time: 0.094, data: 0.002) , D_A: 0.067, G_A: 0.802, cycle_A: 0.096, idt_A: 0.094, D_B: 0.005, G_B: 0.956, cycle_B: 0.222, idt_B: 0.059

learning rate 0.0000100 -> 0.0000100
saving the model at the end of epoch 498, iters 187016
End of epoch 498 / 670 	 Time Taken: 53 sec
[Rank 0] (epoch: 499, iters: 184, time: 0.101, data: 0.003) , D_A: 0.068, G_A: 0.712, cycle_A: 0.073, idt_A: 0.094, D_B: 0.004, G_B: 0.897, cycle_B: 0.213, idt_B: 0.046

[Rank 0] (epoch: 499, iters: 384, time: 0.029, data: 0.002) , D_A: 0.077, G_A: 0.486, cycle_A: 0.077, idt_A: 0.090, D_B: 0.003, G_B: 0.971, cycle_B: 0.213, idt_B: 0.056

[Rank 0] (epoch: 499, iters: 584, time: 0.029, data: 0.003) , D_A: 0.070, G_A: 0.834, cycle_A: 0.080, idt_A: 0.098, D_B: 0.003, G_B: 0.922, cycle_B: 0.231, idt_B: 0.058

[Rank 0] (epoch: 499, iters: 784, time: 0.030, data: 0.002) , D_A: 0.095, G_A: 0.514, cycle_A: 0.056, idt_A: 0.107, D_B: 0.003, G_B: 1.035, cycle_B: 0.245, idt_B: 0.040

[Rank 0] (epoch: 499, iters: 984, time: 0.087, data: 0.003) , D_A: 0.086, G_A: 0.644, cycle_A: 0.064, idt_A: 0.106, D_B: 0.004, G_B: 1.025, cycle_B: 0.246, idt_B: 0.047

[Rank 0] (epoch: 499, iters: 1184, time: 0.029, data: 0.002) , D_A: 0.095, G_A: 0.537, cycle_A: 0.094, idt_A: 0.093, D_B: 0.002, G_B: 0.984, cycle_B: 0.214, idt_B: 0.066

[Rank 0] (epoch: 499, iters: 1384, time: 0.029, data: 0.003) , D_A: 0.092, G_A: 0.683, cycle_A: 0.087, idt_A: 0.095, D_B: 0.002, G_B: 0.975, cycle_B: 0.215, idt_B: 0.063

[Rank 0] (epoch: 499, iters: 1584, time: 0.030, data: 0.002) , D_A: 0.077, G_A: 0.849, cycle_A: 0.068, idt_A: 0.093, D_B: 0.002, G_B: 0.953, cycle_B: 0.211, idt_B: 0.047

[Rank 0] (epoch: 499, iters: 1784, time: 0.029, data: 0.003) , D_A: 0.066, G_A: 0.664, cycle_A: 0.075, idt_A: 0.094, D_B: 0.002, G_B: 0.967, cycle_B: 0.212, idt_B: 0.050

learning rate 0.0000100 -> 0.0000100
saving the model at the end of epoch 499, iters 188944
End of epoch 499 / 670 	 Time Taken: 52 sec
[Rank 0] (epoch: 500, iters: 56, time: 0.127, data: 0.002) , D_A: 0.074, G_A: 0.670, cycle_A: 0.085, idt_A: 0.096, D_B: 0.003, G_B: 0.964, cycle_B: 0.218, idt_B: 0.054

[Rank 0] (epoch: 500, iters: 256, time: 0.029, data: 0.002) , D_A: 0.072, G_A: 0.598, cycle_A: 0.090, idt_A: 0.097, D_B: 0.002, G_B: 1.001, cycle_B: 0.223, idt_B: 0.060

[Rank 0] (epoch: 500, iters: 456, time: 0.029, data: 0.003) , D_A: 0.062, G_A: 0.727, cycle_A: 0.069, idt_A: 0.090, D_B: 0.007, G_B: 0.919, cycle_B: 0.204, idt_B: 0.048

[Rank 0] (epoch: 500, iters: 656, time: 0.030, data: 0.003) , D_A: 0.074, G_A: 0.733, cycle_A: 0.110, idt_A: 0.098, D_B: 0.002, G_B: 0.995, cycle_B: 0.231, idt_B: 0.077

[Rank 0] (epoch: 500, iters: 856, time: 0.030, data: 0.004) , D_A: 0.096, G_A: 0.569, cycle_A: 0.080, idt_A: 0.108, D_B: 0.019, G_B: 0.864, cycle_B: 0.249, idt_B: 0.056

[Rank 0] (epoch: 500, iters: 1056, time: 0.118, data: 0.003) , D_A: 0.090, G_A: 0.733, cycle_A: 0.087, idt_A: 0.105, D_B: 0.003, G_B: 0.963, cycle_B: 0.242, idt_B: 0.059

saving the latest model (epoch 500, total_iters 190000)
[Rank 0] (epoch: 500, iters: 1256, time: 0.029, data: 0.002) , D_A: 0.077, G_A: 0.682, cycle_A: 0.080, idt_A: 0.099, D_B: 0.003, G_B: 0.955, cycle_B: 0.226, idt_B: 0.052

[Rank 0] (epoch: 500, iters: 1456, time: 0.029, data: 0.026) , D_A: 0.082, G_A: 0.742, cycle_A: 0.075, idt_A: 0.113, D_B: 0.003, G_B: 0.946, cycle_B: 0.255, idt_B: 0.057

[Rank 0] (epoch: 500, iters: 1656, time: 0.030, data: 0.004) , D_A: 0.071, G_A: 0.664, cycle_A: 0.090, idt_A: 0.094, D_B: 0.004, G_B: 0.989, cycle_B: 0.216, idt_B: 0.067

[Rank 0] (epoch: 500, iters: 1856, time: 0.030, data: 0.002) , D_A: 0.068, G_A: 0.605, cycle_A: 0.068, idt_A: 0.090, D_B: 0.022, G_B: 0.977, cycle_B: 0.199, idt_B: 0.046

learning rate 0.0000100 -> 0.0000100
saving the model at the end of epoch 500, iters 190872
End of epoch 500 / 670 	 Time Taken: 53 sec
[Rank 0] (epoch: 501, iters: 128, time: 0.114, data: 0.002) , D_A: 0.097, G_A: 0.808, cycle_A: 0.081, idt_A: 0.096, D_B: 0.077, G_B: 0.972, cycle_B: 0.212, idt_B: 0.053

[Rank 0] (epoch: 501, iters: 328, time: 0.029, data: 0.003) , D_A: 0.072, G_A: 0.677, cycle_A: 0.068, idt_A: 0.113, D_B: 0.007, G_B: 0.812, cycle_B: 0.245, idt_B: 0.048

[Rank 0] (epoch: 501, iters: 528, time: 0.029, data: 0.002) , D_A: 0.107, G_A: 0.673, cycle_A: 0.075, idt_A: 0.105, D_B: 0.002, G_B: 0.948, cycle_B: 0.228, idt_B: 0.051

[Rank 0] (epoch: 501, iters: 728, time: 0.030, data: 0.003) , D_A: 0.073, G_A: 0.826, cycle_A: 0.096, idt_A: 0.093, D_B: 0.003, G_B: 0.998, cycle_B: 0.196, idt_B: 0.067

[Rank 0] (epoch: 501, iters: 928, time: 0.030, data: 0.005) , D_A: 0.082, G_A: 0.597, cycle_A: 0.064, idt_A: 0.100, D_B: 0.049, G_B: 0.872, cycle_B: 0.208, idt_B: 0.042

[Rank 0] (epoch: 501, iters: 1128, time: 0.131, data: 0.003) , D_A: 0.098, G_A: 0.641, cycle_A: 0.079, idt_A: 0.105, D_B: 0.002, G_B: 0.926, cycle_B: 0.223, idt_B: 0.052

[Rank 0] (epoch: 501, iters: 1328, time: 0.030, data: 0.003) , D_A: 0.072, G_A: 0.695, cycle_A: 0.058, idt_A: 0.098, D_B: 0.002, G_B: 0.957, cycle_B: 0.205, idt_B: 0.041

[Rank 0] (epoch: 501, iters: 1528, time: 0.030, data: 0.002) , D_A: 0.086, G_A: 0.653, cycle_A: 0.087, idt_A: 0.079, D_B: 0.002, G_B: 0.949, cycle_B: 0.162, idt_B: 0.062

[Rank 0] (epoch: 501, iters: 1728, time: 0.030, data: 0.003) , D_A: 0.065, G_A: 0.656, cycle_A: 0.085, idt_A: 0.103, D_B: 0.004, G_B: 0.904, cycle_B: 0.212, idt_B: 0.057

[Rank 0] (epoch: 501, iters: 1928, time: 0.023, data: 0.006) , D_A: 0.079, G_A: 0.680, cycle_A: 0.077, idt_A: 0.095, D_B: 0.002, G_B: 0.966, cycle_B: 0.196, idt_B: 0.049

learning rate 0.0000100 -> 0.0000100
saving the model at the end of epoch 501, iters 192800
End of epoch 501 / 670 	 Time Taken: 53 sec
[Rank 0] (epoch: 502, iters: 200, time: 0.106, data: 1.109) , D_A: 0.094, G_A: 0.749, cycle_A: 0.081, idt_A: 0.104, D_B: 0.069, G_B: 0.993, cycle_B: 0.214, idt_B: 0.051

[Rank 0] (epoch: 502, iters: 400, time: 0.029, data: 0.001) , D_A: 0.099, G_A: 0.838, cycle_A: 0.066, idt_A: 0.089, D_B: 0.007, G_B: 0.968, cycle_B: 0.186, idt_B: 0.041

[Rank 0] (epoch: 502, iters: 600, time: 0.030, data: 0.002) , D_A: 0.060, G_A: 0.742, cycle_A: 0.097, idt_A: 0.099, D_B: 0.005, G_B: 0.854, cycle_B: 0.207, idt_B: 0.064

[Rank 0] (epoch: 502, iters: 800, time: 0.029, data: 0.004) , D_A: 0.060, G_A: 0.621, cycle_A: 0.084, idt_A: 0.102, D_B: 0.002, G_B: 1.027, cycle_B: 0.209, idt_B: 0.059

[Rank 0] (epoch: 502, iters: 1000, time: 0.030, data: 0.003) , D_A: 0.074, G_A: 0.731, cycle_A: 0.086, idt_A: 0.103, D_B: 0.004, G_B: 0.949, cycle_B: 0.217, idt_B: 0.056

[Rank 0] (epoch: 502, iters: 1200, time: 0.132, data: 0.003) , D_A: 0.091, G_A: 0.592, cycle_A: 0.077, idt_A: 0.100, D_B: 0.021, G_B: 0.960, cycle_B: 0.210, idt_B: 0.056

[Rank 0] (epoch: 502, iters: 1400, time: 0.029, data: 0.003) , D_A: 0.073, G_A: 0.629, cycle_A: 0.089, idt_A: 0.096, D_B: 0.003, G_B: 0.977, cycle_B: 0.203, idt_B: 0.062

[Rank 0] (epoch: 502, iters: 1600, time: 0.030, data: 0.002) , D_A: 0.084, G_A: 0.551, cycle_A: 0.076, idt_A: 0.097, D_B: 0.001, G_B: 0.993, cycle_B: 0.208, idt_B: 0.053

[Rank 0] (epoch: 502, iters: 1800, time: 0.029, data: 0.008) , D_A: 0.087, G_A: 0.831, cycle_A: 0.084, idt_A: 0.099, D_B: 0.006, G_B: 0.860, cycle_B: 0.216, idt_B: 0.058

learning rate 0.0000100 -> 0.0000100
saving the model at the end of epoch 502, iters 194728
End of epoch 502 / 670 	 Time Taken: 53 sec
[Rank 0] (epoch: 503, iters: 72, time: 0.116, data: 0.068) , D_A: 0.081, G_A: 0.616, cycle_A: 0.088, idt_A: 0.093, D_B: 0.002, G_B: 0.965, cycle_B: 0.198, idt_B: 0.057

[Rank 0] (epoch: 503, iters: 272, time: 0.089, data: 0.001) , D_A: 0.064, G_A: 0.730, cycle_A: 0.083, idt_A: 0.097, D_B: 0.002, G_B: 1.007, cycle_B: 0.207, idt_B: 0.054

saving the latest model (epoch 503, total_iters 195000)
[Rank 0] (epoch: 503, iters: 472, time: 0.029, data: 0.003) , D_A: 0.061, G_A: 0.785, cycle_A: 0.055, idt_A: 0.110, D_B: 0.001, G_B: 0.994, cycle_B: 0.233, idt_B: 0.037

[Rank 0] (epoch: 503, iters: 672, time: 0.029, data: 0.002) , D_A: 0.108, G_A: 0.787, cycle_A: 0.086, idt_A: 0.091, D_B: 0.002, G_B: 0.902, cycle_B: 0.185, idt_B: 0.056

[Rank 0] (epoch: 503, iters: 872, time: 0.029, data: 0.003) , D_A: 0.076, G_A: 0.755, cycle_A: 0.075, idt_A: 0.088, D_B: 0.003, G_B: 0.954, cycle_B: 0.184, idt_B: 0.047

[Rank 0] (epoch: 503, iters: 1072, time: 0.030, data: 0.002) , D_A: 0.084, G_A: 0.729, cycle_A: 0.093, idt_A: 0.092, D_B: 0.002, G_B: 0.948, cycle_B: 0.190, idt_B: 0.061

[Rank 0] (epoch: 503, iters: 1272, time: 0.095, data: 0.004) , D_A: 0.070, G_A: 0.662, cycle_A: 0.063, idt_A: 0.102, D_B: 0.085, G_B: 0.970, cycle_B: 0.213, idt_B: 0.043

[Rank 0] (epoch: 503, iters: 1472, time: 0.029, data: 0.002) , D_A: 0.073, G_A: 0.601, cycle_A: 0.071, idt_A: 0.097, D_B: 0.002, G_B: 0.943, cycle_B: 0.202, idt_B: 0.049

[Rank 0] (epoch: 503, iters: 1672, time: 0.029, data: 0.003) , D_A: 0.074, G_A: 0.703, cycle_A: 0.073, idt_A: 0.101, D_B: 0.002, G_B: 0.957, cycle_B: 0.216, idt_B: 0.054

[Rank 0] (epoch: 503, iters: 1872, time: 0.030, data: 0.002) , D_A: 0.074, G_A: 0.749, cycle_A: 0.093, idt_A: 0.106, D_B: 0.003, G_B: 0.921, cycle_B: 0.219, idt_B: 0.064

learning rate 0.0000100 -> 0.0000100
saving the model at the end of epoch 503, iters 196656
End of epoch 503 / 670 	 Time Taken: 53 sec
[Rank 0] (epoch: 504, iters: 144, time: 0.095, data: 0.003) , D_A: 0.082, G_A: 0.762, cycle_A: 0.071, idt_A: 0.102, D_B: 0.002, G_B: 0.928, cycle_B: 0.217, idt_B: 0.046

[Rank 0] (epoch: 504, iters: 344, time: 0.111, data: 0.001) , D_A: 0.067, G_A: 0.720, cycle_A: 0.069, idt_A: 0.115, D_B: 0.002, G_B: 0.917, cycle_B: 0.232, idt_B: 0.051

[Rank 0] (epoch: 504, iters: 544, time: 0.029, data: 0.002) , D_A: 0.072, G_A: 0.597, cycle_A: 0.088, idt_A: 0.105, D_B: 0.002, G_B: 0.959, cycle_B: 0.219, idt_B: 0.064

[Rank 0] (epoch: 504, iters: 744, time: 0.030, data: 0.007) , D_A: 0.086, G_A: 0.739, cycle_A: 0.079, idt_A: 0.104, D_B: 0.003, G_B: 0.964, cycle_B: 0.224, idt_B: 0.047

[Rank 0] (epoch: 504, iters: 944, time: 0.030, data: 0.005) , D_A: 0.064, G_A: 0.778, cycle_A: 0.103, idt_A: 0.105, D_B: 0.002, G_B: 0.983, cycle_B: 0.226, idt_B: 0.066

[Rank 0] (epoch: 504, iters: 1144, time: 0.030, data: 0.002) , D_A: 0.073, G_A: 0.657, cycle_A: 0.077, idt_A: 0.098, D_B: 0.001, G_B: 0.999, cycle_B: 0.207, idt_B: 0.050

[Rank 0] (epoch: 504, iters: 1344, time: 0.108, data: 0.007) , D_A: 0.082, G_A: 0.594, cycle_A: 0.087, idt_A: 0.104, D_B: 0.002, G_B: 0.973, cycle_B: 0.225, idt_B: 0.065

[Rank 0] (epoch: 504, iters: 1544, time: 0.029, data: 0.002) , D_A: 0.079, G_A: 0.710, cycle_A: 0.094, idt_A: 0.096, D_B: 0.002, G_B: 0.936, cycle_B: 0.217, idt_B: 0.072

[Rank 0] (epoch: 504, iters: 1744, time: 0.030, data: 0.003) , D_A: 0.076, G_A: 0.670, cycle_A: 0.095, idt_A: 0.105, D_B: 0.036, G_B: 0.840, cycle_B: 0.228, idt_B: 0.063

learning rate 0.0000100 -> 0.0000100
saving the model at the end of epoch 504, iters 198584
End of epoch 504 / 670 	 Time Taken: 53 sec
[Rank 0] (epoch: 505, iters: 16, time: 0.116, data: 0.003) , D_A: 0.100, G_A: 0.689, cycle_A: 0.097, idt_A: 0.094, D_B: 0.002, G_B: 0.938, cycle_B: 0.199, idt_B: 0.071

[Rank 0] (epoch: 505, iters: 216, time: 0.030, data: 0.003) , D_A: 0.078, G_A: 0.679, cycle_A: 0.083, idt_A: 0.096, D_B: 0.052, G_B: 0.987, cycle_B: 0.208, idt_B: 0.060

[Rank 0] (epoch: 505, iters: 416, time: 0.093, data: 0.003) , D_A: 0.077, G_A: 0.683, cycle_A: 0.064, idt_A: 0.088, D_B: 0.004, G_B: 0.936, cycle_B: 0.177, idt_B: 0.042

[Rank 0] (epoch: 505, iters: 616, time: 0.029, data: 0.003) , D_A: 0.069, G_A: 0.547, cycle_A: 0.074, idt_A: 0.096, D_B: 0.001, G_B: 1.006, cycle_B: 0.200, idt_B: 0.052

[Rank 0] (epoch: 505, iters: 816, time: 0.029, data: 0.002) , D_A: 0.080, G_A: 0.696, cycle_A: 0.089, idt_A: 0.094, D_B: 0.001, G_B: 0.980, cycle_B: 0.192, idt_B: 0.059

[Rank 0] (epoch: 505, iters: 1016, time: 0.029, data: 0.003) , D_A: 0.097, G_A: 0.675, cycle_A: 0.073, idt_A: 0.102, D_B: 0.011, G_B: 1.225, cycle_B: 0.265, idt_B: 0.049

[Rank 0] (epoch: 505, iters: 1216, time: 0.030, data: 0.002) , D_A: 0.068, G_A: 0.604, cycle_A: 0.092, idt_A: 0.101, D_B: 0.006, G_B: 0.828, cycle_B: 0.217, idt_B: 0.064

[Rank 0] (epoch: 505, iters: 1416, time: 0.094, data: 0.004) , D_A: 0.064, G_A: 0.625, cycle_A: 0.090, idt_A: 0.088, D_B: 0.007, G_B: 0.820, cycle_B: 0.198, idt_B: 0.055

saving the latest model (epoch 505, total_iters 200000)
[Rank 0] (epoch: 505, iters: 1616, time: 0.029, data: 0.002) , D_A: 0.083, G_A: 0.507, cycle_A: 0.089, idt_A: 0.091, D_B: 0.012, G_B: 0.760, cycle_B: 0.234, idt_B: 0.060

[Rank 0] (epoch: 505, iters: 1816, time: 0.030, data: 0.002) , D_A: 0.066, G_A: 0.670, cycle_A: 0.078, idt_A: 0.099, D_B: 0.020, G_B: 0.786, cycle_B: 0.238, idt_B: 0.051

learning rate 0.0000100 -> 0.0000100
saving the model at the end of epoch 505, iters 200512
End of epoch 505 / 670 	 Time Taken: 52 sec
[Rank 0] (epoch: 506, iters: 88, time: 0.092, data: 0.003) , D_A: 0.072, G_A: 0.641, cycle_A: 0.060, idt_A: 0.102, D_B: 0.008, G_B: 0.746, cycle_B: 0.243, idt_B: 0.041

[Rank 0] (epoch: 506, iters: 288, time: 0.029, data: 0.002) , D_A: 0.071, G_A: 0.608, cycle_A: 0.064, idt_A: 0.104, D_B: 0.008, G_B: 0.884, cycle_B: 0.241, idt_B: 0.043

[Rank 0] (epoch: 506, iters: 488, time: 0.105, data: 0.002) , D_A: 0.072, G_A: 0.646, cycle_A: 0.066, idt_A: 0.108, D_B: 0.013, G_B: 0.971, cycle_B: 0.244, idt_B: 0.044

[Rank 0] (epoch: 506, iters: 688, time: 0.029, data: 0.003) , D_A: 0.077, G_A: 0.681, cycle_A: 0.080, idt_A: 0.097, D_B: 0.010, G_B: 0.802, cycle_B: 0.211, idt_B: 0.053

[Rank 0] (epoch: 506, iters: 888, time: 0.030, data: 0.002) , D_A: 0.088, G_A: 0.511, cycle_A: 0.077, idt_A: 0.107, D_B: 0.005, G_B: 0.859, cycle_B: 0.236, idt_B: 0.055

[Rank 0] (epoch: 506, iters: 1088, time: 0.029, data: 0.003) , D_A: 0.092, G_A: 0.568, cycle_A: 0.080, idt_A: 0.092, D_B: 0.003, G_B: 1.031, cycle_B: 0.189, idt_B: 0.060

[Rank 0] (epoch: 506, iters: 1288, time: 0.029, data: 0.003) , D_A: 0.078, G_A: 0.674, cycle_A: 0.079, idt_A: 0.092, D_B: 0.004, G_B: 0.986, cycle_B: 0.196, idt_B: 0.051

[Rank 0] (epoch: 506, iters: 1488, time: 0.112, data: 0.003) , D_A: 0.120, G_A: 0.702, cycle_A: 0.074, idt_A: 0.092, D_B: 0.006, G_B: 0.835, cycle_B: 0.210, idt_B: 0.050

[Rank 0] (epoch: 506, iters: 1688, time: 0.030, data: 0.001) , D_A: 0.092, G_A: 0.755, cycle_A: 0.076, idt_A: 0.100, D_B: 0.003, G_B: 0.953, cycle_B: 0.219, idt_B: 0.050

[Rank 0] (epoch: 506, iters: 1888, time: 0.030, data: 0.003) , D_A: 0.070, G_A: 0.666, cycle_A: 0.070, idt_A: 0.096, D_B: 0.065, G_B: 1.012, cycle_B: 0.204, idt_B: 0.048

learning rate 0.0000100 -> 0.0000100
saving the model at the end of epoch 506, iters 202440
End of epoch 506 / 670 	 Time Taken: 53 sec
[Rank 0] (epoch: 507, iters: 160, time: 0.104, data: 0.002) , D_A: 0.077, G_A: 0.609, cycle_A: 0.071, idt_A: 0.089, D_B: 0.033, G_B: 0.940, cycle_B: 0.189, idt_B: 0.048

[Rank 0] (epoch: 507, iters: 360, time: 0.029, data: 0.002) , D_A: 0.103, G_A: 0.507, cycle_A: 0.066, idt_A: 0.086, D_B: 0.002, G_B: 0.999, cycle_B: 0.185, idt_B: 0.046

[Rank 0] (epoch: 507, iters: 560, time: 0.096, data: 0.002) , D_A: 0.059, G_A: 0.693, cycle_A: 0.102, idt_A: 0.105, D_B: 0.002, G_B: 0.947, cycle_B: 0.217, idt_B: 0.066

[Rank 0] (epoch: 507, iters: 760, time: 0.029, data: 0.002) , D_A: 0.069, G_A: 0.863, cycle_A: 0.068, idt_A: 0.106, D_B: 0.003, G_B: 1.013, cycle_B: 0.229, idt_B: 0.049

[Rank 0] (epoch: 507, iters: 960, time: 0.029, data: 0.003) , D_A: 0.058, G_A: 0.888, cycle_A: 0.080, idt_A: 0.101, D_B: 0.003, G_B: 0.924, cycle_B: 0.215, idt_B: 0.055

[Rank 0] (epoch: 507, iters: 1160, time: 0.029, data: 0.003) , D_A: 0.083, G_A: 0.513, cycle_A: 0.075, idt_A: 0.085, D_B: 0.002, G_B: 0.997, cycle_B: 0.175, idt_B: 0.049

[Rank 0] (epoch: 507, iters: 1360, time: 0.030, data: 0.003) , D_A: 0.062, G_A: 0.638, cycle_A: 0.098, idt_A: 0.094, D_B: 0.002, G_B: 0.914, cycle_B: 0.184, idt_B: 0.064

[Rank 0] (epoch: 507, iters: 1560, time: 0.087, data: 0.003) , D_A: 0.084, G_A: 0.663, cycle_A: 0.070, idt_A: 0.097, D_B: 0.004, G_B: 0.982, cycle_B: 0.216, idt_B: 0.044

[Rank 0] (epoch: 507, iters: 1760, time: 0.029, data: 0.002) , D_A: 0.063, G_A: 0.689, cycle_A: 0.060, idt_A: 0.112, D_B: 0.002, G_B: 0.961, cycle_B: 0.226, idt_B: 0.043

learning rate 0.0000100 -> 0.0000100
saving the model at the end of epoch 507, iters 204368
End of epoch 507 / 670 	 Time Taken: 52 sec
[Rank 0] (epoch: 508, iters: 32, time: 0.116, data: 0.003) , D_A: 0.076, G_A: 0.652, cycle_A: 0.088, idt_A: 0.104, D_B: 0.002, G_B: 0.990, cycle_B: 0.220, idt_B: 0.064

[Rank 0] (epoch: 508, iters: 232, time: 0.029, data: 0.004) , D_A: 0.107, G_A: 0.507, cycle_A: 0.092, idt_A: 0.095, D_B: 0.003, G_B: 0.913, cycle_B: 0.189, idt_B: 0.065

[Rank 0] (epoch: 508, iters: 432, time: 0.029, data: 0.002) , D_A: 0.084, G_A: 0.619, cycle_A: 0.088, idt_A: 0.097, D_B: 0.004, G_B: 0.884, cycle_B: 0.198, idt_B: 0.059

[Rank 0] (epoch: 508, iters: 632, time: 0.124, data: 0.006) , D_A: 0.100, G_A: 0.631, cycle_A: 0.071, idt_A: 0.103, D_B: 0.002, G_B: 0.982, cycle_B: 0.217, idt_B: 0.046

saving the latest model (epoch 508, total_iters 205000)
[Rank 0] (epoch: 508, iters: 832, time: 0.030, data: 0.002) , D_A: 0.073, G_A: 0.785, cycle_A: 0.090, idt_A: 0.088, D_B: 0.004, G_B: 0.894, cycle_B: 0.189, idt_B: 0.061

[Rank 0] (epoch: 508, iters: 1032, time: 0.029, data: 0.003) , D_A: 0.080, G_A: 0.584, cycle_A: 0.060, idt_A: 0.094, D_B: 0.060, G_B: 0.814, cycle_B: 0.210, idt_B: 0.043

[Rank 0] (epoch: 508, iters: 1232, time: 0.029, data: 0.008) , D_A: 0.074, G_A: 0.552, cycle_A: 0.088, idt_A: 0.097, D_B: 0.003, G_B: 0.903, cycle_B: 0.214, idt_B: 0.060

[Rank 0] (epoch: 508, iters: 1432, time: 0.029, data: 0.006) , D_A: 0.053, G_A: 0.803, cycle_A: 0.082, idt_A: 0.100, D_B: 0.004, G_B: 0.961, cycle_B: 0.219, idt_B: 0.062

[Rank 0] (epoch: 508, iters: 1632, time: 0.114, data: 0.003) , D_A: 0.075, G_A: 0.666, cycle_A: 0.078, idt_A: 0.092, D_B: 0.006, G_B: 0.859, cycle_B: 0.194, idt_B: 0.051

[Rank 0] (epoch: 508, iters: 1832, time: 0.029, data: 0.002) , D_A: 0.080, G_A: 0.666, cycle_A: 0.059, idt_A: 0.094, D_B: 0.016, G_B: 0.912, cycle_B: 0.203, idt_B: 0.039

learning rate 0.0000100 -> 0.0000100
saving the model at the end of epoch 508, iters 206296
End of epoch 508 / 670 	 Time Taken: 53 sec
[Rank 0] (epoch: 509, iters: 104, time: 0.102, data: 0.003) , D_A: 0.094, G_A: 0.540, cycle_A: 0.056, idt_A: 0.090, D_B: 0.007, G_B: 0.880, cycle_B: 0.195, idt_B: 0.039

[Rank 0] (epoch: 509, iters: 304, time: 0.030, data: 0.002) , D_A: 0.090, G_A: 0.664, cycle_A: 0.089, idt_A: 0.105, D_B: 0.037, G_B: 0.959, cycle_B: 0.228, idt_B: 0.057

[Rank 0] (epoch: 509, iters: 504, time: 0.029, data: 0.003) , D_A: 0.053, G_A: 0.669, cycle_A: 0.084, idt_A: 0.104, D_B: 0.007, G_B: 0.997, cycle_B: 0.233, idt_B: 0.054

[Rank 0] (epoch: 509, iters: 704, time: 0.095, data: 0.003) , D_A: 0.081, G_A: 0.798, cycle_A: 0.116, idt_A: 0.088, D_B: 0.003, G_B: 1.006, cycle_B: 0.198, idt_B: 0.078

[Rank 0] (epoch: 509, iters: 904, time: 0.029, data: 0.003) , D_A: 0.071, G_A: 0.883, cycle_A: 0.073, idt_A: 0.090, D_B: 0.009, G_B: 0.835, cycle_B: 0.210, idt_B: 0.050

[Rank 0] (epoch: 509, iters: 1104, time: 0.030, data: 0.002) , D_A: 0.089, G_A: 0.776, cycle_A: 0.083, idt_A: 0.091, D_B: 0.004, G_B: 0.930, cycle_B: 0.191, idt_B: 0.060

[Rank 0] (epoch: 509, iters: 1304, time: 0.029, data: 0.003) , D_A: 0.083, G_A: 0.658, cycle_A: 0.080, idt_A: 0.102, D_B: 0.002, G_B: 0.991, cycle_B: 0.218, idt_B: 0.053

[Rank 0] (epoch: 509, iters: 1504, time: 0.030, data: 0.002) , D_A: 0.080, G_A: 0.647, cycle_A: 0.060, idt_A: 0.101, D_B: 0.002, G_B: 0.974, cycle_B: 0.212, idt_B: 0.045

[Rank 0] (epoch: 509, iters: 1704, time: 0.098, data: 0.003) , D_A: 0.101, G_A: 0.719, cycle_A: 0.069, idt_A: 0.103, D_B: 0.002, G_B: 0.976, cycle_B: 0.207, idt_B: 0.049

[Rank 0] (epoch: 509, iters: 1904, time: 0.030, data: 0.002) , D_A: 0.087, G_A: 0.698, cycle_A: 0.077, idt_A: 0.091, D_B: 0.002, G_B: 0.988, cycle_B: 0.178, idt_B: 0.054

learning rate 0.0000100 -> 0.0000100
saving the model at the end of epoch 509, iters 208224
End of epoch 509 / 670 	 Time Taken: 52 sec
[Rank 0] (epoch: 510, iters: 176, time: 0.107, data: 0.002) , D_A: 0.072, G_A: 0.836, cycle_A: 0.075, idt_A: 0.090, D_B: 0.057, G_B: 1.010, cycle_B: 0.188, idt_B: 0.054

[Rank 0] (epoch: 510, iters: 376, time: 0.029, data: 0.002) , D_A: 0.074, G_A: 0.738, cycle_A: 0.090, idt_A: 0.095, D_B: 0.002, G_B: 0.943, cycle_B: 0.196, idt_B: 0.069

[Rank 0] (epoch: 510, iters: 576, time: 0.029, data: 0.003) , D_A: 0.066, G_A: 0.790, cycle_A: 0.093, idt_A: 0.110, D_B: 0.002, G_B: 0.967, cycle_B: 0.219, idt_B: 0.062

[Rank 0] (epoch: 510, iters: 776, time: 0.119, data: 0.002) , D_A: 0.080, G_A: 0.614, cycle_A: 0.045, idt_A: 0.088, D_B: 0.001, G_B: 0.989, cycle_B: 0.182, idt_B: 0.033

[Rank 0] (epoch: 510, iters: 976, time: 0.029, data: 0.002) , D_A: 0.089, G_A: 0.611, cycle_A: 0.075, idt_A: 0.101, D_B: 0.002, G_B: 0.990, cycle_B: 0.203, idt_B: 0.050

[Rank 0] (epoch: 510, iters: 1176, time: 0.030, data: 0.003) , D_A: 0.054, G_A: 0.774, cycle_A: 0.102, idt_A: 0.102, D_B: 0.004, G_B: 0.854, cycle_B: 0.202, idt_B: 0.072

[Rank 0] (epoch: 510, iters: 1376, time: 0.030, data: 0.004) , D_A: 0.065, G_A: 0.646, cycle_A: 0.085, idt_A: 0.110, D_B: 0.001, G_B: 0.973, cycle_B: 0.216, idt_B: 0.061

[Rank 0] (epoch: 510, iters: 1576, time: 0.030, data: 0.003) , D_A: 0.057, G_A: 0.709, cycle_A: 0.094, idt_A: 0.102, D_B: 0.003, G_B: 1.026, cycle_B: 0.203, idt_B: 0.067

[Rank 0] (epoch: 510, iters: 1776, time: 0.104, data: 0.003) , D_A: 0.093, G_A: 0.829, cycle_A: 0.083, idt_A: 0.115, D_B: 0.002, G_B: 0.976, cycle_B: 0.223, idt_B: 0.058

saving the latest model (epoch 510, total_iters 210000)
learning rate 0.0000100 -> 0.0000100
saving the model at the end of epoch 510, iters 210152
End of epoch 510 / 670 	 Time Taken: 53 sec
[Rank 0] (epoch: 511, iters: 48, time: 0.119, data: 0.002) , D_A: 0.063, G_A: 0.590, cycle_A: 0.073, idt_A: 0.099, D_B: 0.002, G_B: 0.986, cycle_B: 0.194, idt_B: 0.055

[Rank 0] (epoch: 511, iters: 248, time: 0.029, data: 0.001) , D_A: 0.088, G_A: 0.797, cycle_A: 0.070, idt_A: 0.095, D_B: 0.002, G_B: 0.960, cycle_B: 0.205, idt_B: 0.048

[Rank 0] (epoch: 511, iters: 448, time: 0.029, data: 0.006) , D_A: 0.075, G_A: 0.784, cycle_A: 0.075, idt_A: 0.103, D_B: 0.003, G_B: 0.865, cycle_B: 0.233, idt_B: 0.050

[Rank 0] (epoch: 511, iters: 648, time: 0.029, data: 0.003) , D_A: 0.105, G_A: 0.709, cycle_A: 0.074, idt_A: 0.095, D_B: 0.002, G_B: 0.961, cycle_B: 0.207, idt_B: 0.052

[Rank 0] (epoch: 511, iters: 848, time: 0.121, data: 0.002) , D_A: 0.076, G_A: 0.695, cycle_A: 0.092, idt_A: 0.088, D_B: 0.002, G_B: 0.975, cycle_B: 0.185, idt_B: 0.053

[Rank 0] (epoch: 511, iters: 1048, time: 0.030, data: 0.003) , D_A: 0.100, G_A: 0.654, cycle_A: 0.095, idt_A: 0.092, D_B: 0.002, G_B: 0.973, cycle_B: 0.198, idt_B: 0.063

[Rank 0] (epoch: 511, iters: 1248, time: 0.029, data: 0.003) , D_A: 0.070, G_A: 0.643, cycle_A: 0.074, idt_A: 0.094, D_B: 0.002, G_B: 0.975, cycle_B: 0.198, idt_B: 0.053

[Rank 0] (epoch: 511, iters: 1448, time: 0.029, data: 0.003) , D_A: 0.065, G_A: 0.862, cycle_A: 0.085, idt_A: 0.106, D_B: 0.002, G_B: 0.988, cycle_B: 0.220, idt_B: 0.056

[Rank 0] (epoch: 511, iters: 1648, time: 0.029, data: 0.003) , D_A: 0.071, G_A: 0.584, cycle_A: 0.094, idt_A: 0.086, D_B: 0.001, G_B: 0.975, cycle_B: 0.177, idt_B: 0.070

[Rank 0] (epoch: 511, iters: 1848, time: 0.089, data: 0.003) , D_A: 0.109, G_A: 0.742, cycle_A: 0.072, idt_A: 0.102, D_B: 0.002, G_B: 0.945, cycle_B: 0.211, idt_B: 0.051

learning rate 0.0000100 -> 0.0000100
saving the model at the end of epoch 511, iters 212080
End of epoch 511 / 670 	 Time Taken: 53 sec
[Rank 0] (epoch: 512, iters: 120, time: 0.121, data: 0.003) , D_A: 0.064, G_A: 0.847, cycle_A: 0.074, idt_A: 0.094, D_B: 0.002, G_B: 0.919, cycle_B: 0.191, idt_B: 0.052

[Rank 0] (epoch: 512, iters: 320, time: 0.029, data: 0.002) , D_A: 0.059, G_A: 0.761, cycle_A: 0.089, idt_A: 0.102, D_B: 0.002, G_B: 0.955, cycle_B: 0.224, idt_B: 0.060

[Rank 0] (epoch: 512, iters: 520, time: 0.030, data: 0.003) , D_A: 0.058, G_A: 0.777, cycle_A: 0.080, idt_A: 0.089, D_B: 0.002, G_B: 0.984, cycle_B: 0.178, idt_B: 0.054

[Rank 0] (epoch: 512, iters: 720, time: 0.030, data: 0.004) , D_A: 0.088, G_A: 0.651, cycle_A: 0.095, idt_A: 0.086, D_B: 0.002, G_B: 0.957, cycle_B: 0.184, idt_B: 0.065

[Rank 0] (epoch: 512, iters: 920, time: 0.127, data: 0.002) , D_A: 0.083, G_A: 0.742, cycle_A: 0.084, idt_A: 0.101, D_B: 0.003, G_B: 0.914, cycle_B: 0.209, idt_B: 0.061

[Rank 0] (epoch: 512, iters: 1120, time: 0.029, data: 0.002) , D_A: 0.060, G_A: 0.680, cycle_A: 0.083, idt_A: 0.097, D_B: 0.002, G_B: 0.983, cycle_B: 0.200, idt_B: 0.055

[Rank 0] (epoch: 512, iters: 1320, time: 0.029, data: 0.004) , D_A: 0.055, G_A: 0.683, cycle_A: 0.095, idt_A: 0.093, D_B: 0.001, G_B: 0.949, cycle_B: 0.192, idt_B: 0.068

[Rank 0] (epoch: 512, iters: 1520, time: 0.029, data: 0.002) , D_A: 0.106, G_A: 0.756, cycle_A: 0.072, idt_A: 0.096, D_B: 0.001, G_B: 1.004, cycle_B: 0.197, idt_B: 0.050

[Rank 0] (epoch: 512, iters: 1720, time: 0.030, data: 0.002) , D_A: 0.100, G_A: 0.578, cycle_A: 0.055, idt_A: 0.092, D_B: 0.002, G_B: 0.968, cycle_B: 0.189, idt_B: 0.037

[Rank 0] (epoch: 512, iters: 1920, time: 0.088, data: 0.003) , D_A: 0.077, G_A: 0.646, cycle_A: 0.102, idt_A: 0.092, D_B: 0.003, G_B: 0.994, cycle_B: 0.192, idt_B: 0.067

learning rate 0.0000100 -> 0.0000100
saving the model at the end of epoch 512, iters 214008
End of epoch 512 / 670 	 Time Taken: 53 sec
[Rank 0] (epoch: 513, iters: 192, time: 0.099, data: 0.002) , D_A: 0.063, G_A: 0.831, cycle_A: 0.087, idt_A: 0.095, D_B: 0.001, G_B: 0.963, cycle_B: 0.196, idt_B: 0.066

[Rank 0] (epoch: 513, iters: 392, time: 0.029, data: 0.003) , D_A: 0.086, G_A: 0.657, cycle_A: 0.082, idt_A: 0.097, D_B: 0.002, G_B: 0.947, cycle_B: 0.210, idt_B: 0.062

[Rank 0] (epoch: 513, iters: 592, time: 0.029, data: 0.002) , D_A: 0.086, G_A: 0.658, cycle_A: 0.082, idt_A: 0.104, D_B: 0.002, G_B: 0.970, cycle_B: 0.216, idt_B: 0.061

[Rank 0] (epoch: 513, iters: 792, time: 0.029, data: 0.003) , D_A: 0.064, G_A: 0.616, cycle_A: 0.071, idt_A: 0.102, D_B: 0.003, G_B: 0.902, cycle_B: 0.207, idt_B: 0.048

[Rank 0] (epoch: 513, iters: 992, time: 0.098, data: 0.002) , D_A: 0.054, G_A: 0.696, cycle_A: 0.074, idt_A: 0.088, D_B: 0.002, G_B: 0.968, cycle_B: 0.199, idt_B: 0.051

saving the latest model (epoch 513, total_iters 215000)
[Rank 0] (epoch: 513, iters: 1192, time: 0.029, data: 0.002) , D_A: 0.062, G_A: 0.814, cycle_A: 0.087, idt_A: 0.091, D_B: 0.004, G_B: 0.884, cycle_B: 0.195, idt_B: 0.059

[Rank 0] (epoch: 513, iters: 1392, time: 0.029, data: 0.003) , D_A: 0.063, G_A: 0.700, cycle_A: 0.069, idt_A: 0.106, D_B: 0.002, G_B: 0.936, cycle_B: 0.225, idt_B: 0.045

[Rank 0] (epoch: 513, iters: 1592, time: 0.029, data: 0.003) , D_A: 0.082, G_A: 0.659, cycle_A: 0.072, idt_A: 0.090, D_B: 0.002, G_B: 0.968, cycle_B: 0.196, idt_B: 0.048

[Rank 0] (epoch: 513, iters: 1792, time: 0.030, data: 0.002) , D_A: 0.081, G_A: 0.856, cycle_A: 0.092, idt_A: 0.102, D_B: 0.007, G_B: 0.804, cycle_B: 0.203, idt_B: 0.065

learning rate 0.0000100 -> 0.0000100
saving the model at the end of epoch 513, iters 215936
End of epoch 513 / 670 	 Time Taken: 52 sec
[Rank 0] (epoch: 514, iters: 64, time: 0.104, data: 0.003) , D_A: 0.065, G_A: 0.789, cycle_A: 0.089, idt_A: 0.092, D_B: 0.001, G_B: 0.981, cycle_B: 0.188, idt_B: 0.057

[Rank 0] (epoch: 514, iters: 264, time: 0.029, data: 0.003) , D_A: 0.079, G_A: 0.673, cycle_A: 0.052, idt_A: 0.096, D_B: 0.058, G_B: 1.002, cycle_B: 0.197, idt_B: 0.034

[Rank 0] (epoch: 514, iters: 464, time: 0.030, data: 0.003) , D_A: 0.056, G_A: 0.760, cycle_A: 0.091, idt_A: 0.090, D_B: 0.002, G_B: 0.960, cycle_B: 0.186, idt_B: 0.067

[Rank 0] (epoch: 514, iters: 664, time: 0.029, data: 0.003) , D_A: 0.057, G_A: 0.806, cycle_A: 0.099, idt_A: 0.100, D_B: 0.001, G_B: 0.974, cycle_B: 0.204, idt_B: 0.069

[Rank 0] (epoch: 514, iters: 864, time: 0.030, data: 0.002) , D_A: 0.066, G_A: 0.648, cycle_A: 0.105, idt_A: 0.105, D_B: 0.002, G_B: 1.017, cycle_B: 0.215, idt_B: 0.074

[Rank 0] (epoch: 514, iters: 1064, time: 0.097, data: 0.003) , D_A: 0.066, G_A: 0.594, cycle_A: 0.069, idt_A: 0.091, D_B: 0.003, G_B: 0.860, cycle_B: 0.174, idt_B: 0.042

[Rank 0] (epoch: 514, iters: 1264, time: 0.029, data: 0.002) , D_A: 0.098, G_A: 0.611, cycle_A: 0.076, idt_A: 0.092, D_B: 0.001, G_B: 0.961, cycle_B: 0.192, idt_B: 0.057

[Rank 0] (epoch: 514, iters: 1464, time: 0.029, data: 0.003) , D_A: 0.062, G_A: 0.647, cycle_A: 0.054, idt_A: 0.091, D_B: 0.115, G_B: 0.988, cycle_B: 0.186, idt_B: 0.038

[Rank 0] (epoch: 514, iters: 1664, time: 0.030, data: 0.002) , D_A: 0.088, G_A: 0.707, cycle_A: 0.068, idt_A: 0.102, D_B: 0.002, G_B: 0.989, cycle_B: 0.205, idt_B: 0.048

[Rank 0] (epoch: 514, iters: 1864, time: 0.029, data: 0.003) , D_A: 0.085, G_A: 0.689, cycle_A: 0.053, idt_A: 0.102, D_B: 0.001, G_B: 0.969, cycle_B: 0.210, idt_B: 0.036

learning rate 0.0000100 -> 0.0000100
saving the model at the end of epoch 514, iters 217864
End of epoch 514 / 670 	 Time Taken: 52 sec
[Rank 0] (epoch: 515, iters: 136, time: 0.126, data: 0.002) , D_A: 0.074, G_A: 0.664, cycle_A: 0.085, idt_A: 0.097, D_B: 0.001, G_B: 0.981, cycle_B: 0.200, idt_B: 0.061

[Rank 0] (epoch: 515, iters: 336, time: 0.030, data: 0.003) , D_A: 0.067, G_A: 0.569, cycle_A: 0.052, idt_A: 0.090, D_B: 0.006, G_B: 1.001, cycle_B: 0.185, idt_B: 0.036

[Rank 0] (epoch: 515, iters: 536, time: 0.029, data: 0.003) , D_A: 0.111, G_A: 0.532, cycle_A: 0.098, idt_A: 0.093, D_B: 0.001, G_B: 1.016, cycle_B: 0.192, idt_B: 0.066

[Rank 0] (epoch: 515, iters: 736, time: 0.030, data: 0.003) , D_A: 0.084, G_A: 0.722, cycle_A: 0.057, idt_A: 0.083, D_B: 0.005, G_B: 0.977, cycle_B: 0.177, idt_B: 0.041

[Rank 0] (epoch: 515, iters: 936, time: 0.029, data: 0.003) , D_A: 0.097, G_A: 0.589, cycle_A: 0.064, idt_A: 0.092, D_B: 0.003, G_B: 0.989, cycle_B: 0.193, idt_B: 0.042

[Rank 0] (epoch: 515, iters: 1136, time: 0.099, data: 0.003) , D_A: 0.087, G_A: 0.579, cycle_A: 0.096, idt_A: 0.101, D_B: 0.002, G_B: 0.981, cycle_B: 0.205, idt_B: 0.061

[Rank 0] (epoch: 515, iters: 1336, time: 0.029, data: 0.003) , D_A: 0.058, G_A: 0.615, cycle_A: 0.071, idt_A: 0.088, D_B: 0.006, G_B: 0.832, cycle_B: 0.173, idt_B: 0.050

[Rank 0] (epoch: 515, iters: 1536, time: 0.030, data: 0.002) , D_A: 0.065, G_A: 0.784, cycle_A: 0.064, idt_A: 0.093, D_B: 0.060, G_B: 1.006, cycle_B: 0.194, idt_B: 0.041

[Rank 0] (epoch: 515, iters: 1736, time: 0.029, data: 0.003) , D_A: 0.053, G_A: 0.658, cycle_A: 0.081, idt_A: 0.106, D_B: 0.001, G_B: 0.997, cycle_B: 0.224, idt_B: 0.056

learning rate 0.0000100 -> 0.0000100
saving the model at the end of epoch 515, iters 219792
End of epoch 515 / 670 	 Time Taken: 52 sec
[Rank 0] (epoch: 516, iters: 8, time: 0.129, data: 0.002) , D_A: 0.084, G_A: 0.538, cycle_A: 0.062, idt_A: 0.090, D_B: 0.011, G_B: 0.999, cycle_B: 0.189, idt_B: 0.043

[Rank 0] (epoch: 516, iters: 208, time: 0.107, data: 0.003) , D_A: 0.104, G_A: 0.505, cycle_A: 0.072, idt_A: 0.090, D_B: 0.002, G_B: 1.010, cycle_B: 0.178, idt_B: 0.052

saving the latest model (epoch 516, total_iters 220000)
[Rank 0] (epoch: 516, iters: 408, time: 0.029, data: 0.002) , D_A: 0.072, G_A: 0.689, cycle_A: 0.076, idt_A: 0.110, D_B: 0.001, G_B: 1.001, cycle_B: 0.217, idt_B: 0.054

[Rank 0] (epoch: 516, iters: 608, time: 0.030, data: 0.002) , D_A: 0.079, G_A: 0.632, cycle_A: 0.088, idt_A: 0.090, D_B: 0.002, G_B: 0.994, cycle_B: 0.177, idt_B: 0.064

[Rank 0] (epoch: 516, iters: 808, time: 0.029, data: 0.003) , D_A: 0.088, G_A: 0.679, cycle_A: 0.083, idt_A: 0.089, D_B: 0.006, G_B: 0.892, cycle_B: 0.186, idt_B: 0.056

[Rank 0] (epoch: 516, iters: 1008, time: 0.030, data: 0.002) , D_A: 0.080, G_A: 0.639, cycle_A: 0.085, idt_A: 0.086, D_B: 0.002, G_B: 0.974, cycle_B: 0.171, idt_B: 0.057

[Rank 0] (epoch: 516, iters: 1208, time: 0.115, data: 0.002) , D_A: 0.099, G_A: 0.683, cycle_A: 0.093, idt_A: 0.094, D_B: 0.003, G_B: 0.986, cycle_B: 0.192, idt_B: 0.060

[Rank 0] (epoch: 516, iters: 1408, time: 0.030, data: 0.003) , D_A: 0.070, G_A: 0.654, cycle_A: 0.073, idt_A: 0.093, D_B: 0.007, G_B: 0.822, cycle_B: 0.188, idt_B: 0.053

[Rank 0] (epoch: 516, iters: 1608, time: 0.028, data: 0.003) , D_A: 0.106, G_A: 0.586, cycle_A: 0.083, idt_A: 0.104, D_B: 0.001, G_B: 0.979, cycle_B: 0.216, idt_B: 0.056

[Rank 0] (epoch: 516, iters: 1808, time: 0.029, data: 0.002) , D_A: 0.057, G_A: 0.704, cycle_A: 0.077, idt_A: 0.097, D_B: 0.001, G_B: 0.989, cycle_B: 0.198, idt_B: 0.050

learning rate 0.0000100 -> 0.0000100
saving the model at the end of epoch 516, iters 221720
End of epoch 516 / 670 	 Time Taken: 53 sec
[Rank 0] (epoch: 517, iters: 80, time: 0.097, data: 0.002) , D_A: 0.090, G_A: 0.502, cycle_A: 0.071, idt_A: 0.097, D_B: 0.001, G_B: 0.984, cycle_B: 0.196, idt_B: 0.050

[Rank 0] (epoch: 517, iters: 280, time: 0.095, data: 0.001) , D_A: 0.084, G_A: 0.714, cycle_A: 0.088, idt_A: 0.098, D_B: 0.001, G_B: 0.997, cycle_B: 0.204, idt_B: 0.050

[Rank 0] (epoch: 517, iters: 480, time: 0.029, data: 0.003) , D_A: 0.116, G_A: 0.682, cycle_A: 0.069, idt_A: 0.100, D_B: 0.001, G_B: 1.011, cycle_B: 0.191, idt_B: 0.049

[Rank 0] (epoch: 517, iters: 680, time: 0.030, data: 0.003) , D_A: 0.085, G_A: 0.777, cycle_A: 0.083, idt_A: 0.092, D_B: 0.001, G_B: 0.998, cycle_B: 0.174, idt_B: 0.053

[Rank 0] (epoch: 517, iters: 880, time: 0.029, data: 0.003) , D_A: 0.072, G_A: 0.623, cycle_A: 0.078, idt_A: 0.099, D_B: 0.022, G_B: 0.880, cycle_B: 0.205, idt_B: 0.050

[Rank 0] (epoch: 517, iters: 1080, time: 0.030, data: 0.002) , D_A: 0.101, G_A: 0.567, cycle_A: 0.077, idt_A: 0.098, D_B: 0.002, G_B: 0.932, cycle_B: 0.208, idt_B: 0.052

[Rank 0] (epoch: 517, iters: 1280, time: 0.095, data: 0.003) , D_A: 0.100, G_A: 0.724, cycle_A: 0.086, idt_A: 0.103, D_B: 0.005, G_B: 0.897, cycle_B: 0.224, idt_B: 0.051

[Rank 0] (epoch: 517, iters: 1480, time: 0.029, data: 0.002) , D_A: 0.067, G_A: 0.762, cycle_A: 0.105, idt_A: 0.100, D_B: 0.017, G_B: 1.043, cycle_B: 0.238, idt_B: 0.056

[Rank 0] (epoch: 517, iters: 1680, time: 0.030, data: 0.002) , D_A: 0.068, G_A: 0.628, cycle_A: 0.164, idt_A: 0.093, D_B: 0.009, G_B: 1.006, cycle_B: 0.249, idt_B: 0.066

[Rank 0] (epoch: 517, iters: 1880, time: 0.030, data: 0.003) , D_A: 0.069, G_A: 0.634, cycle_A: 0.094, idt_A: 0.093, D_B: 0.034, G_B: 0.719, cycle_B: 0.222, idt_B: 0.054

learning rate 0.0000100 -> 0.0000100
saving the model at the end of epoch 517, iters 223648
End of epoch 517 / 670 	 Time Taken: 52 sec
[Rank 0] (epoch: 518, iters: 152, time: 0.103, data: 0.002) , D_A: 0.073, G_A: 0.642, cycle_A: 0.111, idt_A: 0.106, D_B: 0.019, G_B: 0.811, cycle_B: 0.268, idt_B: 0.070

[Rank 0] (epoch: 518, iters: 352, time: 0.126, data: 0.002) , D_A: 0.074, G_A: 0.537, cycle_A: 0.072, idt_A: 0.094, D_B: 0.025, G_B: 0.683, cycle_B: 0.226, idt_B: 0.047

[Rank 0] (epoch: 518, iters: 552, time: 0.030, data: 0.002) , D_A: 0.084, G_A: 0.658, cycle_A: 0.074, idt_A: 0.097, D_B: 0.012, G_B: 0.949, cycle_B: 0.240, idt_B: 0.048

[Rank 0] (epoch: 518, iters: 752, time: 0.030, data: 0.003) , D_A: 0.088, G_A: 0.504, cycle_A: 0.093, idt_A: 0.108, D_B: 0.010, G_B: 0.958, cycle_B: 0.277, idt_B: 0.068

[Rank 0] (epoch: 518, iters: 952, time: 0.030, data: 0.003) , D_A: 0.066, G_A: 0.705, cycle_A: 0.102, idt_A: 0.092, D_B: 0.007, G_B: 0.995, cycle_B: 0.243, idt_B: 0.065

[Rank 0] (epoch: 518, iters: 1152, time: 0.029, data: 0.003) , D_A: 0.095, G_A: 0.559, cycle_A: 0.071, idt_A: 0.091, D_B: 0.018, G_B: 0.910, cycle_B: 0.260, idt_B: 0.051

[Rank 0] (epoch: 518, iters: 1352, time: 0.122, data: 0.003) , D_A: 0.090, G_A: 0.717, cycle_A: 0.071, idt_A: 0.087, D_B: 0.029, G_B: 0.635, cycle_B: 0.250, idt_B: 0.051

saving the latest model (epoch 518, total_iters 225000)
[Rank 0] (epoch: 518, iters: 1552, time: 0.029, data: 0.002) , D_A: 0.075, G_A: 0.830, cycle_A: 0.076, idt_A: 0.109, D_B: 0.017, G_B: 0.832, cycle_B: 0.338, idt_B: 0.054

[Rank 0] (epoch: 518, iters: 1752, time: 0.030, data: 0.003) , D_A: 0.074, G_A: 0.730, cycle_A: 0.078, idt_A: 0.090, D_B: 0.032, G_B: 0.709, cycle_B: 0.338, idt_B: 0.053

learning rate 0.0000100 -> 0.0000100
saving the model at the end of epoch 518, iters 225576
End of epoch 518 / 670 	 Time Taken: 53 sec
[Rank 0] (epoch: 519, iters: 24, time: 0.110, data: 0.003) , D_A: 0.093, G_A: 0.678, cycle_A: 0.079, idt_A: 0.096, D_B: 0.019, G_B: 1.024, cycle_B: 0.306, idt_B: 0.060

[Rank 0] (epoch: 519, iters: 224, time: 0.029, data: 0.002) , D_A: 0.069, G_A: 0.717, cycle_A: 0.102, idt_A: 0.100, D_B: 0.014, G_B: 0.932, cycle_B: 0.312, idt_B: 0.067

[Rank 0] (epoch: 519, iters: 424, time: 0.098, data: 0.002) , D_A: 0.084, G_A: 0.631, cycle_A: 0.101, idt_A: 0.107, D_B: 0.021, G_B: 0.977, cycle_B: 0.324, idt_B: 0.066

[Rank 0] (epoch: 519, iters: 624, time: 0.030, data: 0.002) , D_A: 0.090, G_A: 0.652, cycle_A: 0.089, idt_A: 0.109, D_B: 0.010, G_B: 1.155, cycle_B: 0.298, idt_B: 0.059

[Rank 0] (epoch: 519, iters: 824, time: 0.030, data: 0.002) , D_A: 0.091, G_A: 0.519, cycle_A: 0.068, idt_A: 0.098, D_B: 0.013, G_B: 0.884, cycle_B: 0.309, idt_B: 0.047

[Rank 0] (epoch: 519, iters: 1024, time: 0.029, data: 0.003) , D_A: 0.066, G_A: 0.787, cycle_A: 0.070, idt_A: 0.095, D_B: 0.008, G_B: 0.942, cycle_B: 0.282, idt_B: 0.047

[Rank 0] (epoch: 519, iters: 1224, time: 0.030, data: 0.003) , D_A: 0.068, G_A: 0.568, cycle_A: 0.054, idt_A: 0.091, D_B: 0.012, G_B: 0.908, cycle_B: 0.281, idt_B: 0.035

[Rank 0] (epoch: 519, iters: 1424, time: 0.099, data: 0.003) , D_A: 0.073, G_A: 0.751, cycle_A: 0.083, idt_A: 0.096, D_B: 0.016, G_B: 0.909, cycle_B: 0.286, idt_B: 0.052

[Rank 0] (epoch: 519, iters: 1624, time: 0.030, data: 0.002) , D_A: 0.096, G_A: 0.741, cycle_A: 0.073, idt_A: 0.106, D_B: 0.017, G_B: 0.754, cycle_B: 0.329, idt_B: 0.054

[Rank 0] (epoch: 519, iters: 1824, time: 0.029, data: 0.003) , D_A: 0.085, G_A: 0.671, cycle_A: 0.082, idt_A: 0.105, D_B: 0.034, G_B: 0.846, cycle_B: 0.332, idt_B: 0.055

learning rate 0.0000100 -> 0.0000100
saving the model at the end of epoch 519, iters 227504
End of epoch 519 / 670 	 Time Taken: 53 sec
[Rank 0] (epoch: 520, iters: 96, time: 0.120, data: 0.003) , D_A: 0.067, G_A: 0.678, cycle_A: 0.089, idt_A: 0.088, D_B: 0.019, G_B: 0.983, cycle_B: 0.282, idt_B: 0.061

[Rank 0] (epoch: 520, iters: 296, time: 0.030, data: 0.001) , D_A: 0.083, G_A: 0.598, cycle_A: 0.092, idt_A: 0.085, D_B: 0.024, G_B: 0.987, cycle_B: 0.248, idt_B: 0.065

[Rank 0] (epoch: 520, iters: 496, time: 0.088, data: 0.003) , D_A: 0.070, G_A: 0.622, cycle_A: 0.061, idt_A: 0.092, D_B: 0.007, G_B: 0.908, cycle_B: 0.277, idt_B: 0.040

[Rank 0] (epoch: 520, iters: 696, time: 0.029, data: 0.002) , D_A: 0.060, G_A: 0.653, cycle_A: 0.082, idt_A: 0.089, D_B: 0.010, G_B: 0.784, cycle_B: 0.273, idt_B: 0.057

[Rank 0] (epoch: 520, iters: 896, time: 0.029, data: 0.003) , D_A: 0.077, G_A: 0.763, cycle_A: 0.092, idt_A: 0.100, D_B: 0.009, G_B: 1.010, cycle_B: 0.299, idt_B: 0.060

[Rank 0] (epoch: 520, iters: 1096, time: 0.030, data: 0.002) , D_A: 0.062, G_A: 0.789, cycle_A: 0.118, idt_A: 0.102, D_B: 0.011, G_B: 0.917, cycle_B: 0.306, idt_B: 0.084

[Rank 0] (epoch: 520, iters: 1296, time: 0.029, data: 0.003) , D_A: 0.097, G_A: 0.588, cycle_A: 0.081, idt_A: 0.104, D_B: 0.017, G_B: 0.847, cycle_B: 0.284, idt_B: 0.054

[Rank 0] (epoch: 520, iters: 1496, time: 0.109, data: 0.002) , D_A: 0.081, G_A: 0.648, cycle_A: 0.078, idt_A: 0.086, D_B: 0.023, G_B: 0.731, cycle_B: 0.246, idt_B: 0.052

[Rank 0] (epoch: 520, iters: 1696, time: 0.029, data: 0.003) , D_A: 0.095, G_A: 0.538, cycle_A: 0.081, idt_A: 0.102, D_B: 0.026, G_B: 0.599, cycle_B: 0.297, idt_B: 0.055

[Rank 0] (epoch: 520, iters: 1896, time: 0.030, data: 0.002) , D_A: 0.065, G_A: 0.709, cycle_A: 0.078, idt_A: 0.100, D_B: 0.014, G_B: 0.966, cycle_B: 0.291, idt_B: 0.053

learning rate 0.0000100 -> 0.0000100
saving the model at the end of epoch 520, iters 229432
End of epoch 520 / 670 	 Time Taken: 52 sec
[Rank 0] (epoch: 521, iters: 168, time: 0.103, data: 0.002) , D_A: 0.088, G_A: 0.670, cycle_A: 0.088, idt_A: 0.089, D_B: 0.012, G_B: 0.977, cycle_B: 0.256, idt_B: 0.062

[Rank 0] (epoch: 521, iters: 368, time: 0.030, data: 0.002) , D_A: 0.062, G_A: 0.697, cycle_A: 0.100, idt_A: 0.104, D_B: 0.017, G_B: 0.835, cycle_B: 0.280, idt_B: 0.064

[Rank 0] (epoch: 521, iters: 568, time: 0.104, data: 0.003) , D_A: 0.091, G_A: 0.614, cycle_A: 0.086, idt_A: 0.096, D_B: 0.007, G_B: 0.909, cycle_B: 0.245, idt_B: 0.062

saving the latest model (epoch 521, total_iters 230000)
[Rank 0] (epoch: 521, iters: 768, time: 0.029, data: 0.002) , D_A: 0.096, G_A: 0.778, cycle_A: 0.120, idt_A: 0.096, D_B: 0.005, G_B: 1.006, cycle_B: 0.233, idt_B: 0.081

[Rank 0] (epoch: 521, iters: 968, time: 0.029, data: 0.004) , D_A: 0.086, G_A: 0.715, cycle_A: 0.093, idt_A: 0.109, D_B: 0.004, G_B: 0.961, cycle_B: 0.266, idt_B: 0.066

[Rank 0] (epoch: 521, iters: 1168, time: 0.029, data: 0.003) , D_A: 0.058, G_A: 0.707, cycle_A: 0.082, idt_A: 0.103, D_B: 0.003, G_B: 0.933, cycle_B: 0.250, idt_B: 0.057

[Rank 0] (epoch: 521, iters: 1368, time: 0.029, data: 0.004) , D_A: 0.084, G_A: 0.679, cycle_A: 0.068, idt_A: 0.105, D_B: 0.011, G_B: 0.934, cycle_B: 0.259, idt_B: 0.049

[Rank 0] (epoch: 521, iters: 1568, time: 0.109, data: 0.006) , D_A: 0.070, G_A: 0.564, cycle_A: 0.060, idt_A: 0.098, D_B: 0.002, G_B: 0.929, cycle_B: 0.223, idt_B: 0.040

[Rank 0] (epoch: 521, iters: 1768, time: 0.029, data: 0.002) , D_A: 0.075, G_A: 0.670, cycle_A: 0.087, idt_A: 0.087, D_B: 0.003, G_B: 0.979, cycle_B: 0.209, idt_B: 0.061

learning rate 0.0000100 -> 0.0000100
saving the model at the end of epoch 521, iters 231360
End of epoch 521 / 670 	 Time Taken: 53 sec
[Rank 0] (epoch: 522, iters: 40, time: 0.117, data: 0.003) , D_A: 0.065, G_A: 0.856, cycle_A: 0.065, idt_A: 0.092, D_B: 0.005, G_B: 0.846, cycle_B: 0.216, idt_B: 0.040

[Rank 0] (epoch: 522, iters: 240, time: 0.030, data: 0.003) , D_A: 0.101, G_A: 0.779, cycle_A: 0.076, idt_A: 0.109, D_B: 0.005, G_B: 0.899, cycle_B: 0.261, idt_B: 0.053

[Rank 0] (epoch: 522, iters: 440, time: 0.029, data: 0.003) , D_A: 0.083, G_A: 0.798, cycle_A: 0.083, idt_A: 0.090, D_B: 0.006, G_B: 1.011, cycle_B: 0.218, idt_B: 0.056

[Rank 0] (epoch: 522, iters: 640, time: 0.115, data: 0.005) , D_A: 0.069, G_A: 0.608, cycle_A: 0.096, idt_A: 0.097, D_B: 0.012, G_B: 0.799, cycle_B: 0.249, idt_B: 0.064

[Rank 0] (epoch: 522, iters: 840, time: 0.029, data: 0.001) , D_A: 0.085, G_A: 0.711, cycle_A: 0.083, idt_A: 0.092, D_B: 0.011, G_B: 0.866, cycle_B: 0.228, idt_B: 0.061

[Rank 0] (epoch: 522, iters: 1040, time: 0.029, data: 0.003) , D_A: 0.093, G_A: 0.532, cycle_A: 0.075, idt_A: 0.107, D_B: 0.014, G_B: 1.013, cycle_B: 0.279, idt_B: 0.051

[Rank 0] (epoch: 522, iters: 1240, time: 0.030, data: 0.003) , D_A: 0.079, G_A: 0.608, cycle_A: 0.081, idt_A: 0.100, D_B: 0.018, G_B: 0.742, cycle_B: 0.256, idt_B: 0.058

[Rank 0] (epoch: 522, iters: 1440, time: 0.029, data: 0.003) , D_A: 0.082, G_A: 0.707, cycle_A: 0.089, idt_A: 0.090, D_B: 0.006, G_B: 0.961, cycle_B: 0.210, idt_B: 0.059

[Rank 0] (epoch: 522, iters: 1640, time: 0.135, data: 0.002) , D_A: 0.099, G_A: 0.744, cycle_A: 0.100, idt_A: 0.101, D_B: 0.003, G_B: 0.937, cycle_B: 0.238, idt_B: 0.064

[Rank 0] (epoch: 522, iters: 1840, time: 0.029, data: 0.003) , D_A: 0.076, G_A: 0.904, cycle_A: 0.081, idt_A: 0.089, D_B: 0.004, G_B: 0.902, cycle_B: 0.210, idt_B: 0.047

learning rate 0.0000100 -> 0.0000100
saving the model at the end of epoch 522, iters 233288
End of epoch 522 / 670 	 Time Taken: 53 sec
[Rank 0] (epoch: 523, iters: 112, time: 0.117, data: 0.003) , D_A: 0.104, G_A: 0.656, cycle_A: 0.082, idt_A: 0.100, D_B: 0.005, G_B: 1.000, cycle_B: 0.230, idt_B: 0.060

[Rank 0] (epoch: 523, iters: 312, time: 0.029, data: 0.002) , D_A: 0.067, G_A: 0.743, cycle_A: 0.079, idt_A: 0.095, D_B: 0.005, G_B: 0.936, cycle_B: 0.226, idt_B: 0.053

[Rank 0] (epoch: 523, iters: 512, time: 0.030, data: 0.003) , D_A: 0.077, G_A: 0.628, cycle_A: 0.087, idt_A: 0.101, D_B: 0.005, G_B: 0.907, cycle_B: 0.244, idt_B: 0.060

[Rank 0] (epoch: 523, iters: 712, time: 0.102, data: 0.002) , D_A: 0.062, G_A: 0.808, cycle_A: 0.064, idt_A: 0.096, D_B: 0.005, G_B: 0.872, cycle_B: 0.220, idt_B: 0.044

[Rank 0] (epoch: 523, iters: 912, time: 0.030, data: 0.004) , D_A: 0.078, G_A: 0.672, cycle_A: 0.090, idt_A: 0.101, D_B: 0.003, G_B: 0.959, cycle_B: 0.239, idt_B: 0.062

[Rank 0] (epoch: 523, iters: 1112, time: 0.030, data: 0.003) , D_A: 0.088, G_A: 0.607, cycle_A: 0.068, idt_A: 0.114, D_B: 0.004, G_B: 1.085, cycle_B: 0.279, idt_B: 0.048

[Rank 0] (epoch: 523, iters: 1312, time: 0.029, data: 0.009) , D_A: 0.059, G_A: 0.653, cycle_A: 0.060, idt_A: 0.087, D_B: 0.013, G_B: 0.964, cycle_B: 0.210, idt_B: 0.042

[Rank 0] (epoch: 523, iters: 1512, time: 0.029, data: 0.003) , D_A: 0.079, G_A: 0.614, cycle_A: 0.076, idt_A: 0.091, D_B: 0.002, G_B: 0.991, cycle_B: 0.208, idt_B: 0.053

[Rank 0] (epoch: 523, iters: 1712, time: 0.104, data: 0.003) , D_A: 0.073, G_A: 0.658, cycle_A: 0.086, idt_A: 0.104, D_B: 0.003, G_B: 0.958, cycle_B: 0.241, idt_B: 0.056

saving the latest model (epoch 523, total_iters 235000)
[Rank 0] (epoch: 523, iters: 1912, time: 0.030, data: 0.002) , D_A: 0.056, G_A: 0.690, cycle_A: 0.085, idt_A: 0.100, D_B: 0.029, G_B: 0.651, cycle_B: 0.258, idt_B: 0.062

learning rate 0.0000100 -> 0.0000100
saving the model at the end of epoch 523, iters 235216
End of epoch 523 / 670 	 Time Taken: 53 sec
[Rank 0] (epoch: 524, iters: 184, time: 0.115, data: 0.002) , D_A: 0.067, G_A: 0.689, cycle_A: 0.086, idt_A: 0.104, D_B: 0.020, G_B: 1.066, cycle_B: 0.284, idt_B: 0.060

[Rank 0] (epoch: 524, iters: 384, time: 0.030, data: 0.002) , D_A: 0.105, G_A: 0.726, cycle_A: 0.092, idt_A: 0.095, D_B: 0.006, G_B: 0.954, cycle_B: 0.222, idt_B: 0.061

[Rank 0] (epoch: 524, iters: 584, time: 0.029, data: 0.003) , D_A: 0.089, G_A: 0.584, cycle_A: 0.072, idt_A: 0.092, D_B: 0.010, G_B: 0.855, cycle_B: 0.230, idt_B: 0.048

[Rank 0] (epoch: 524, iters: 784, time: 0.090, data: 0.002) , D_A: 0.067, G_A: 0.659, cycle_A: 0.077, idt_A: 0.108, D_B: 0.009, G_B: 0.981, cycle_B: 0.266, idt_B: 0.054

[Rank 0] (epoch: 524, iters: 984, time: 0.030, data: 0.003) , D_A: 0.064, G_A: 0.704, cycle_A: 0.069, idt_A: 0.098, D_B: 0.005, G_B: 1.035, cycle_B: 0.239, idt_B: 0.046

[Rank 0] (epoch: 524, iters: 1184, time: 0.030, data: 0.003) , D_A: 0.097, G_A: 0.631, cycle_A: 0.074, idt_A: 0.096, D_B: 0.006, G_B: 0.920, cycle_B: 0.236, idt_B: 0.048

[Rank 0] (epoch: 524, iters: 1384, time: 0.029, data: 0.003) , D_A: 0.092, G_A: 0.619, cycle_A: 0.055, idt_A: 0.091, D_B: 0.011, G_B: 0.830, cycle_B: 0.224, idt_B: 0.037

[Rank 0] (epoch: 524, iters: 1584, time: 0.029, data: 0.002) , D_A: 0.079, G_A: 0.655, cycle_A: 0.098, idt_A: 0.098, D_B: 0.008, G_B: 0.956, cycle_B: 0.243, idt_B: 0.071

[Rank 0] (epoch: 524, iters: 1784, time: 0.106, data: 0.003) , D_A: 0.096, G_A: 0.710, cycle_A: 0.089, idt_A: 0.108, D_B: 0.023, G_B: 0.963, cycle_B: 0.258, idt_B: 0.064

learning rate 0.0000100 -> 0.0000100
saving the model at the end of epoch 524, iters 237144
End of epoch 524 / 670 	 Time Taken: 52 sec
[Rank 0] (epoch: 525, iters: 56, time: 0.110, data: 0.002) , D_A: 0.077, G_A: 0.471, cycle_A: 0.087, idt_A: 0.095, D_B: 0.015, G_B: 0.904, cycle_B: 0.237, idt_B: 0.063

[Rank 0] (epoch: 525, iters: 256, time: 0.029, data: 0.002) , D_A: 0.072, G_A: 0.717, cycle_A: 0.082, idt_A: 0.091, D_B: 0.017, G_B: 0.969, cycle_B: 0.229, idt_B: 0.057

[Rank 0] (epoch: 525, iters: 456, time: 0.029, data: 0.002) , D_A: 0.074, G_A: 0.571, cycle_A: 0.077, idt_A: 0.097, D_B: 0.014, G_B: 0.879, cycle_B: 0.251, idt_B: 0.051

[Rank 0] (epoch: 525, iters: 656, time: 0.029, data: 0.003) , D_A: 0.078, G_A: 0.670, cycle_A: 0.081, idt_A: 0.097, D_B: 0.029, G_B: 0.976, cycle_B: 0.256, idt_B: 0.052

[Rank 0] (epoch: 525, iters: 856, time: 0.095, data: 0.002) , D_A: 0.074, G_A: 0.590, cycle_A: 0.106, idt_A: 0.090, D_B: 0.008, G_B: 0.895, cycle_B: 0.230, idt_B: 0.067

[Rank 0] (epoch: 525, iters: 1056, time: 0.029, data: 0.003) , D_A: 0.087, G_A: 0.752, cycle_A: 0.087, idt_A: 0.100, D_B: 0.012, G_B: 0.921, cycle_B: 0.267, idt_B: 0.058

[Rank 0] (epoch: 525, iters: 1256, time: 0.030, data: 0.002) , D_A: 0.080, G_A: 0.679, cycle_A: 0.114, idt_A: 0.100, D_B: 0.008, G_B: 0.867, cycle_B: 0.268, idt_B: 0.075

[Rank 0] (epoch: 525, iters: 1456, time: 0.029, data: 0.003) , D_A: 0.071, G_A: 0.610, cycle_A: 0.088, idt_A: 0.096, D_B: 0.014, G_B: 0.992, cycle_B: 0.243, idt_B: 0.060

[Rank 0] (epoch: 525, iters: 1656, time: 0.030, data: 0.002) , D_A: 0.086, G_A: 0.586, cycle_A: 0.081, idt_A: 0.108, D_B: 0.013, G_B: 0.963, cycle_B: 0.267, idt_B: 0.055

[Rank 0] (epoch: 525, iters: 1856, time: 0.102, data: 0.003) , D_A: 0.078, G_A: 0.758, cycle_A: 0.104, idt_A: 0.082, D_B: 0.008, G_B: 0.927, cycle_B: 0.217, idt_B: 0.067

learning rate 0.0000100 -> 0.0000100
saving the model at the end of epoch 525, iters 239072
End of epoch 525 / 670 	 Time Taken: 52 sec
[Rank 0] (epoch: 526, iters: 128, time: 0.106, data: 0.002) , D_A: 0.095, G_A: 0.703, cycle_A: 0.063, idt_A: 0.087, D_B: 0.022, G_B: 0.852, cycle_B: 0.219, idt_B: 0.044

[Rank 0] (epoch: 526, iters: 328, time: 0.029, data: 0.002) , D_A: 0.136, G_A: 0.533, cycle_A: 0.068, idt_A: 0.089, D_B: 0.013, G_B: 0.898, cycle_B: 0.229, idt_B: 0.048

[Rank 0] (epoch: 526, iters: 528, time: 0.030, data: 0.001) , D_A: 0.096, G_A: 0.600, cycle_A: 0.080, idt_A: 0.097, D_B: 0.016, G_B: 0.781, cycle_B: 0.263, idt_B: 0.051

[Rank 0] (epoch: 526, iters: 728, time: 0.029, data: 0.003) , D_A: 0.099, G_A: 0.422, cycle_A: 0.070, idt_A: 0.098, D_B: 0.011, G_B: 0.991, cycle_B: 0.258, idt_B: 0.050

[Rank 0] (epoch: 526, iters: 928, time: 0.107, data: 0.002) , D_A: 0.068, G_A: 0.621, cycle_A: 0.083, idt_A: 0.100, D_B: 0.031, G_B: 0.953, cycle_B: 0.278, idt_B: 0.057

saving the latest model (epoch 526, total_iters 240000)
[Rank 0] (epoch: 526, iters: 1128, time: 0.029, data: 0.003) , D_A: 0.066, G_A: 0.772, cycle_A: 0.086, idt_A: 0.108, D_B: 0.007, G_B: 0.948, cycle_B: 0.279, idt_B: 0.059

[Rank 0] (epoch: 526, iters: 1328, time: 0.030, data: 0.002) , D_A: 0.067, G_A: 0.578, cycle_A: 0.071, idt_A: 0.093, D_B: 0.012, G_B: 0.855, cycle_B: 0.254, idt_B: 0.047

[Rank 0] (epoch: 526, iters: 1528, time: 0.029, data: 0.003) , D_A: 0.069, G_A: 0.881, cycle_A: 0.060, idt_A: 0.099, D_B: 0.031, G_B: 0.690, cycle_B: 0.259, idt_B: 0.040

[Rank 0] (epoch: 526, iters: 1728, time: 0.029, data: 0.002) , D_A: 0.069, G_A: 0.545, cycle_A: 0.078, idt_A: 0.110, D_B: 0.008, G_B: 0.925, cycle_B: 0.284, idt_B: 0.060

[Rank 0] (epoch: 526, iters: 1928, time: 0.084, data: 0.003) , D_A: 0.089, G_A: 0.561, cycle_A: 0.079, idt_A: 0.091, D_B: 0.010, G_B: 0.960, cycle_B: 0.244, idt_B: 0.048

learning rate 0.0000100 -> 0.0000100
saving the model at the end of epoch 526, iters 241000
End of epoch 526 / 670 	 Time Taken: 52 sec
[Rank 0] (epoch: 527, iters: 200, time: 0.100, data: 1.185) , D_A: 0.084, G_A: 0.672, cycle_A: 0.087, idt_A: 0.101, D_B: 0.012, G_B: 0.806, cycle_B: 0.262, idt_B: 0.056

[Rank 0] (epoch: 527, iters: 400, time: 0.029, data: 0.002) , D_A: 0.099, G_A: 0.550, cycle_A: 0.065, idt_A: 0.097, D_B: 0.024, G_B: 1.196, cycle_B: 0.258, idt_B: 0.046

[Rank 0] (epoch: 527, iters: 600, time: 0.029, data: 0.003) , D_A: 0.106, G_A: 0.568, cycle_A: 0.114, idt_A: 0.096, D_B: 0.009, G_B: 0.858, cycle_B: 0.267, idt_B: 0.078

[Rank 0] (epoch: 527, iters: 800, time: 0.029, data: 0.003) , D_A: 0.084, G_A: 0.526, cycle_A: 0.092, idt_A: 0.097, D_B: 0.015, G_B: 1.036, cycle_B: 0.255, idt_B: 0.054

[Rank 0] (epoch: 527, iters: 1000, time: 0.124, data: 0.003) , D_A: 0.108, G_A: 0.594, cycle_A: 0.083, idt_A: 0.112, D_B: 0.006, G_B: 0.855, cycle_B: 0.271, idt_B: 0.051

[Rank 0] (epoch: 527, iters: 1200, time: 0.030, data: 0.002) , D_A: 0.073, G_A: 0.623, cycle_A: 0.077, idt_A: 0.095, D_B: 0.018, G_B: 0.800, cycle_B: 0.237, idt_B: 0.054

[Rank 0] (epoch: 527, iters: 1400, time: 0.030, data: 0.003) , D_A: 0.071, G_A: 0.735, cycle_A: 0.063, idt_A: 0.094, D_B: 0.009, G_B: 0.910, cycle_B: 0.236, idt_B: 0.044

[Rank 0] (epoch: 527, iters: 1600, time: 0.030, data: 0.003) , D_A: 0.099, G_A: 0.602, cycle_A: 0.078, idt_A: 0.081, D_B: 0.013, G_B: 0.877, cycle_B: 0.209, idt_B: 0.055

[Rank 0] (epoch: 527, iters: 1800, time: 0.029, data: 0.017) , D_A: 0.093, G_A: 0.533, cycle_A: 0.083, idt_A: 0.099, D_B: 0.008, G_B: 0.832, cycle_B: 0.246, idt_B: 0.051

learning rate 0.0000100 -> 0.0000100
saving the model at the end of epoch 527, iters 242928
End of epoch 527 / 670 	 Time Taken: 52 sec
[Rank 0] (epoch: 528, iters: 72, time: 0.115, data: 0.002) , D_A: 0.082, G_A: 0.580, cycle_A: 0.087, idt_A: 0.106, D_B: 0.012, G_B: 0.882, cycle_B: 0.253, idt_B: 0.061

[Rank 0] (epoch: 528, iters: 272, time: 0.030, data: 0.002) , D_A: 0.078, G_A: 0.744, cycle_A: 0.070, idt_A: 0.112, D_B: 0.010, G_B: 0.932, cycle_B: 0.270, idt_B: 0.049

[Rank 0] (epoch: 528, iters: 472, time: 0.030, data: 0.002) , D_A: 0.077, G_A: 0.569, cycle_A: 0.077, idt_A: 0.097, D_B: 0.005, G_B: 0.988, cycle_B: 0.239, idt_B: 0.056

[Rank 0] (epoch: 528, iters: 672, time: 0.028, data: 0.007) , D_A: 0.070, G_A: 0.657, cycle_A: 0.062, idt_A: 0.088, D_B: 0.004, G_B: 0.981, cycle_B: 0.215, idt_B: 0.042

[Rank 0] (epoch: 528, iters: 872, time: 0.030, data: 0.002) , D_A: 0.094, G_A: 0.685, cycle_A: 0.085, idt_A: 0.103, D_B: 0.005, G_B: 1.037, cycle_B: 0.252, idt_B: 0.055

[Rank 0] (epoch: 528, iters: 1072, time: 0.103, data: 0.003) , D_A: 0.087, G_A: 0.645, cycle_A: 0.071, idt_A: 0.105, D_B: 0.007, G_B: 0.995, cycle_B: 0.260, idt_B: 0.051

[Rank 0] (epoch: 528, iters: 1272, time: 0.029, data: 0.002) , D_A: 0.105, G_A: 0.595, cycle_A: 0.100, idt_A: 0.093, D_B: 0.017, G_B: 0.935, cycle_B: 0.231, idt_B: 0.074

[Rank 0] (epoch: 528, iters: 1472, time: 0.029, data: 0.002) , D_A: 0.116, G_A: 0.576, cycle_A: 0.073, idt_A: 0.091, D_B: 0.013, G_B: 0.968, cycle_B: 0.226, idt_B: 0.053

[Rank 0] (epoch: 528, iters: 1672, time: 0.030, data: 0.002) , D_A: 0.095, G_A: 0.634, cycle_A: 0.080, idt_A: 0.097, D_B: 0.024, G_B: 0.937, cycle_B: 0.253, idt_B: 0.059

[Rank 0] (epoch: 528, iters: 1872, time: 0.030, data: 0.006) , D_A: 0.083, G_A: 0.581, cycle_A: 0.073, idt_A: 0.098, D_B: 0.007, G_B: 0.905, cycle_B: 0.242, idt_B: 0.049

learning rate 0.0000100 -> 0.0000100
saving the model at the end of epoch 528, iters 244856
End of epoch 528 / 670 	 Time Taken: 53 sec
[Rank 0] (epoch: 529, iters: 144, time: 0.135, data: 0.002) , D_A: 0.098, G_A: 0.718, cycle_A: 0.085, idt_A: 0.096, D_B: 0.006, G_B: 0.989, cycle_B: 0.245, idt_B: 0.059

saving the latest model (epoch 529, total_iters 245000)
[Rank 0] (epoch: 529, iters: 344, time: 0.029, data: 0.002) , D_A: 0.057, G_A: 0.850, cycle_A: 0.097, idt_A: 0.096, D_B: 0.007, G_B: 0.938, cycle_B: 0.242, idt_B: 0.068

[Rank 0] (epoch: 529, iters: 544, time: 0.029, data: 0.002) , D_A: 0.080, G_A: 0.591, cycle_A: 0.104, idt_A: 0.090, D_B: 0.018, G_B: 0.647, cycle_B: 0.244, idt_B: 0.074

[Rank 0] (epoch: 529, iters: 744, time: 0.030, data: 0.005) , D_A: 0.072, G_A: 0.749, cycle_A: 0.098, idt_A: 0.124, D_B: 0.010, G_B: 0.866, cycle_B: 0.295, idt_B: 0.067

[Rank 0] (epoch: 529, iters: 944, time: 0.029, data: 0.002) , D_A: 0.068, G_A: 0.613, cycle_A: 0.092, idt_A: 0.103, D_B: 0.013, G_B: 0.856, cycle_B: 0.265, idt_B: 0.063

[Rank 0] (epoch: 529, iters: 1144, time: 0.115, data: 0.006) , D_A: 0.076, G_A: 0.565, cycle_A: 0.090, idt_A: 0.094, D_B: 0.015, G_B: 0.856, cycle_B: 0.260, idt_B: 0.065

[Rank 0] (epoch: 529, iters: 1344, time: 0.030, data: 0.003) , D_A: 0.073, G_A: 0.656, cycle_A: 0.062, idt_A: 0.104, D_B: 0.018, G_B: 0.887, cycle_B: 0.282, idt_B: 0.040

[Rank 0] (epoch: 529, iters: 1544, time: 0.029, data: 0.003) , D_A: 0.076, G_A: 0.626, cycle_A: 0.081, idt_A: 0.094, D_B: 0.012, G_B: 0.960, cycle_B: 0.251, idt_B: 0.058

[Rank 0] (epoch: 529, iters: 1744, time: 0.029, data: 0.003) , D_A: 0.064, G_A: 0.691, cycle_A: 0.064, idt_A: 0.111, D_B: 0.019, G_B: 0.911, cycle_B: 0.296, idt_B: 0.039

learning rate 0.0000100 -> 0.0000100
saving the model at the end of epoch 529, iters 246784
End of epoch 529 / 670 	 Time Taken: 53 sec
[Rank 0] (epoch: 530, iters: 16, time: 0.100, data: 0.007) , D_A: 0.106, G_A: 0.702, cycle_A: 0.076, idt_A: 0.095, D_B: 0.016, G_B: 0.925, cycle_B: 0.254, idt_B: 0.049

[Rank 0] (epoch: 530, iters: 216, time: 0.098, data: 0.002) , D_A: 0.065, G_A: 0.728, cycle_A: 0.076, idt_A: 0.101, D_B: 0.007, G_B: 1.031, cycle_B: 0.254, idt_B: 0.052

[Rank 0] (epoch: 530, iters: 416, time: 0.029, data: 0.002) , D_A: 0.073, G_A: 0.628, cycle_A: 0.062, idt_A: 0.104, D_B: 0.017, G_B: 1.023, cycle_B: 0.273, idt_B: 0.041

[Rank 0] (epoch: 530, iters: 616, time: 0.029, data: 0.003) , D_A: 0.053, G_A: 0.942, cycle_A: 0.104, idt_A: 0.103, D_B: 0.015, G_B: 0.940, cycle_B: 0.274, idt_B: 0.067

[Rank 0] (epoch: 530, iters: 816, time: 0.030, data: 0.002) , D_A: 0.099, G_A: 0.826, cycle_A: 0.086, idt_A: 0.103, D_B: 0.012, G_B: 0.980, cycle_B: 0.260, idt_B: 0.066

[Rank 0] (epoch: 530, iters: 1016, time: 0.029, data: 0.003) , D_A: 0.070, G_A: 0.685, cycle_A: 0.103, idt_A: 0.075, D_B: 0.006, G_B: 0.852, cycle_B: 0.195, idt_B: 0.069

[Rank 0] (epoch: 530, iters: 1216, time: 0.104, data: 0.003) , D_A: 0.067, G_A: 0.657, cycle_A: 0.087, idt_A: 0.090, D_B: 0.005, G_B: 0.983, cycle_B: 0.231, idt_B: 0.061

[Rank 0] (epoch: 530, iters: 1416, time: 0.029, data: 0.002) , D_A: 0.091, G_A: 0.715, cycle_A: 0.090, idt_A: 0.096, D_B: 0.006, G_B: 1.010, cycle_B: 0.248, idt_B: 0.057

[Rank 0] (epoch: 530, iters: 1616, time: 0.030, data: 0.001) , D_A: 0.073, G_A: 0.602, cycle_A: 0.094, idt_A: 0.102, D_B: 0.006, G_B: 1.007, cycle_B: 0.240, idt_B: 0.066

[Rank 0] (epoch: 530, iters: 1816, time: 0.029, data: 0.003) , D_A: 0.074, G_A: 0.601, cycle_A: 0.081, idt_A: 0.096, D_B: 0.006, G_B: 0.967, cycle_B: 0.242, idt_B: 0.051

learning rate 0.0000100 -> 0.0000100
saving the model at the end of epoch 530, iters 248712
End of epoch 530 / 670 	 Time Taken: 52 sec
[Rank 0] (epoch: 531, iters: 88, time: 0.134, data: 0.003) , D_A: 0.113, G_A: 0.752, cycle_A: 0.076, idt_A: 0.108, D_B: 0.006, G_B: 1.078, cycle_B: 0.266, idt_B: 0.054

[Rank 0] (epoch: 531, iters: 288, time: 0.112, data: 0.002) , D_A: 0.078, G_A: 0.653, cycle_A: 0.080, idt_A: 0.101, D_B: 0.010, G_B: 0.908, cycle_B: 0.252, idt_B: 0.053

[Rank 0] (epoch: 531, iters: 488, time: 0.029, data: 0.003) , D_A: 0.079, G_A: 0.515, cycle_A: 0.053, idt_A: 0.083, D_B: 0.014, G_B: 0.963, cycle_B: 0.213, idt_B: 0.034

[Rank 0] (epoch: 531, iters: 688, time: 0.029, data: 0.003) , D_A: 0.061, G_A: 0.674, cycle_A: 0.095, idt_A: 0.086, D_B: 0.009, G_B: 0.963, cycle_B: 0.220, idt_B: 0.065

[Rank 0] (epoch: 531, iters: 888, time: 0.030, data: 0.002) , D_A: 0.081, G_A: 0.554, cycle_A: 0.083, idt_A: 0.102, D_B: 0.011, G_B: 0.866, cycle_B: 0.269, idt_B: 0.048

[Rank 0] (epoch: 531, iters: 1088, time: 0.030, data: 0.005) , D_A: 0.111, G_A: 0.583, cycle_A: 0.087, idt_A: 0.097, D_B: 0.008, G_B: 0.982, cycle_B: 0.237, idt_B: 0.067

[Rank 0] (epoch: 531, iters: 1288, time: 0.125, data: 0.005) , D_A: 0.084, G_A: 0.702, cycle_A: 0.088, idt_A: 0.097, D_B: 0.022, G_B: 0.906, cycle_B: 0.253, idt_B: 0.064

saving the latest model (epoch 531, total_iters 250000)
[Rank 0] (epoch: 531, iters: 1488, time: 0.029, data: 0.002) , D_A: 0.084, G_A: 0.885, cycle_A: 0.118, idt_A: 0.100, D_B: 0.004, G_B: 0.958, cycle_B: 0.259, idt_B: 0.081

[Rank 0] (epoch: 531, iters: 1688, time: 0.030, data: 0.003) , D_A: 0.074, G_A: 0.665, cycle_A: 0.081, idt_A: 0.084, D_B: 0.006, G_B: 0.923, cycle_B: 0.209, idt_B: 0.055

[Rank 0] (epoch: 531, iters: 1888, time: 0.030, data: 0.002) , D_A: 0.075, G_A: 0.644, cycle_A: 0.086, idt_A: 0.103, D_B: 0.004, G_B: 0.983, cycle_B: 0.256, idt_B: 0.061

learning rate 0.0000100 -> 0.0000100
saving the model at the end of epoch 531, iters 250640
End of epoch 531 / 670 	 Time Taken: 54 sec
[Rank 0] (epoch: 532, iters: 160, time: 0.141, data: 0.002) , D_A: 0.080, G_A: 0.667, cycle_A: 0.091, idt_A: 0.091, D_B: 0.005, G_B: 0.839, cycle_B: 0.238, idt_B: 0.063

[Rank 0] (epoch: 532, iters: 360, time: 0.121, data: 0.003) , D_A: 0.088, G_A: 0.671, cycle_A: 0.084, idt_A: 0.096, D_B: 0.006, G_B: 1.047, cycle_B: 0.240, idt_B: 0.050

[Rank 0] (epoch: 532, iters: 560, time: 0.030, data: 0.003) , D_A: 0.086, G_A: 0.704, cycle_A: 0.077, idt_A: 0.095, D_B: 0.009, G_B: 0.809, cycle_B: 0.246, idt_B: 0.050

[Rank 0] (epoch: 532, iters: 760, time: 0.030, data: 0.005) , D_A: 0.072, G_A: 0.685, cycle_A: 0.069, idt_A: 0.088, D_B: 0.025, G_B: 0.900, cycle_B: 0.220, idt_B: 0.048

[Rank 0] (epoch: 532, iters: 960, time: 0.030, data: 0.002) , D_A: 0.072, G_A: 0.741, cycle_A: 0.084, idt_A: 0.099, D_B: 0.007, G_B: 0.938, cycle_B: 0.250, idt_B: 0.060

[Rank 0] (epoch: 532, iters: 1160, time: 0.030, data: 0.006) , D_A: 0.075, G_A: 0.737, cycle_A: 0.071, idt_A: 0.089, D_B: 0.004, G_B: 0.931, cycle_B: 0.214, idt_B: 0.045

[Rank 0] (epoch: 532, iters: 1360, time: 0.129, data: 0.004) , D_A: 0.066, G_A: 0.760, cycle_A: 0.090, idt_A: 0.093, D_B: 0.004, G_B: 0.854, cycle_B: 0.221, idt_B: 0.055

[Rank 0] (epoch: 532, iters: 1560, time: 0.029, data: 0.003) , D_A: 0.059, G_A: 0.608, cycle_A: 0.054, idt_A: 0.090, D_B: 0.004, G_B: 0.963, cycle_B: 0.221, idt_B: 0.036

[Rank 0] (epoch: 532, iters: 1760, time: 0.029, data: 0.004) , D_A: 0.059, G_A: 0.831, cycle_A: 0.080, idt_A: 0.108, D_B: 0.009, G_B: 0.978, cycle_B: 0.277, idt_B: 0.050

learning rate 0.0000100 -> 0.0000100
saving the model at the end of epoch 532, iters 252568
End of epoch 532 / 670 	 Time Taken: 54 sec
[Rank 0] (epoch: 533, iters: 32, time: 0.105, data: 0.004) , D_A: 0.067, G_A: 0.714, cycle_A: 0.089, idt_A: 0.108, D_B: 0.004, G_B: 1.047, cycle_B: 0.254, idt_B: 0.058

[Rank 0] (epoch: 533, iters: 232, time: 0.029, data: 0.003) , D_A: 0.056, G_A: 0.823, cycle_A: 0.081, idt_A: 0.102, D_B: 0.005, G_B: 0.869, cycle_B: 0.240, idt_B: 0.051

[Rank 0] (epoch: 533, iters: 432, time: 0.104, data: 0.002) , D_A: 0.078, G_A: 0.782, cycle_A: 0.090, idt_A: 0.096, D_B: 0.008, G_B: 0.952, cycle_B: 0.245, idt_B: 0.064

[Rank 0] (epoch: 533, iters: 632, time: 0.029, data: 0.003) , D_A: 0.070, G_A: 0.624, cycle_A: 0.077, idt_A: 0.090, D_B: 0.005, G_B: 0.930, cycle_B: 0.208, idt_B: 0.050

[Rank 0] (epoch: 533, iters: 832, time: 0.030, data: 0.002) , D_A: 0.083, G_A: 0.708, cycle_A: 0.062, idt_A: 0.098, D_B: 0.003, G_B: 1.051, cycle_B: 0.232, idt_B: 0.044

[Rank 0] (epoch: 533, iters: 1032, time: 0.030, data: 0.002) , D_A: 0.054, G_A: 0.772, cycle_A: 0.066, idt_A: 0.096, D_B: 0.033, G_B: 0.910, cycle_B: 0.244, idt_B: 0.047

[Rank 0] (epoch: 533, iters: 1232, time: 0.029, data: 0.003) , D_A: 0.063, G_A: 0.813, cycle_A: 0.082, idt_A: 0.089, D_B: 0.005, G_B: 0.946, cycle_B: 0.219, idt_B: 0.054

[Rank 0] (epoch: 533, iters: 1432, time: 0.116, data: 0.003) , D_A: 0.081, G_A: 0.844, cycle_A: 0.075, idt_A: 0.099, D_B: 0.004, G_B: 1.010, cycle_B: 0.231, idt_B: 0.048

[Rank 0] (epoch: 533, iters: 1632, time: 0.030, data: 0.002) , D_A: 0.049, G_A: 0.700, cycle_A: 0.073, idt_A: 0.110, D_B: 0.005, G_B: 0.962, cycle_B: 0.262, idt_B: 0.052

[Rank 0] (epoch: 533, iters: 1832, time: 0.029, data: 0.002) , D_A: 0.083, G_A: 0.750, cycle_A: 0.082, idt_A: 0.092, D_B: 0.003, G_B: 0.981, cycle_B: 0.220, idt_B: 0.062

learning rate 0.0000100 -> 0.0000100
saving the model at the end of epoch 533, iters 254496
End of epoch 533 / 670 	 Time Taken: 52 sec
[Rank 0] (epoch: 534, iters: 104, time: 0.116, data: 0.002) , D_A: 0.099, G_A: 0.734, cycle_A: 0.081, idt_A: 0.106, D_B: 0.006, G_B: 0.942, cycle_B: 0.255, idt_B: 0.057

[Rank 0] (epoch: 534, iters: 304, time: 0.029, data: 0.003) , D_A: 0.060, G_A: 0.644, cycle_A: 0.072, idt_A: 0.103, D_B: 0.003, G_B: 0.947, cycle_B: 0.235, idt_B: 0.049

[Rank 0] (epoch: 534, iters: 504, time: 0.099, data: 0.003) , D_A: 0.096, G_A: 0.685, cycle_A: 0.051, idt_A: 0.092, D_B: 0.014, G_B: 0.999, cycle_B: 0.215, idt_B: 0.034

saving the latest model (epoch 534, total_iters 255000)
[Rank 0] (epoch: 534, iters: 704, time: 0.030, data: 0.002) , D_A: 0.062, G_A: 0.788, cycle_A: 0.077, idt_A: 0.107, D_B: 0.006, G_B: 1.137, cycle_B: 0.252, idt_B: 0.052

[Rank 0] (epoch: 534, iters: 904, time: 0.030, data: 0.002) , D_A: 0.076, G_A: 0.685, cycle_A: 0.083, idt_A: 0.096, D_B: 0.006, G_B: 1.003, cycle_B: 0.221, idt_B: 0.056

[Rank 0] (epoch: 534, iters: 1104, time: 0.030, data: 0.002) , D_A: 0.065, G_A: 0.608, cycle_A: 0.069, idt_A: 0.079, D_B: 0.016, G_B: 1.051, cycle_B: 0.192, idt_B: 0.052

[Rank 0] (epoch: 534, iters: 1304, time: 0.029, data: 0.003) , D_A: 0.056, G_A: 0.728, cycle_A: 0.096, idt_A: 0.105, D_B: 0.005, G_B: 1.035, cycle_B: 0.228, idt_B: 0.065

[Rank 0] (epoch: 534, iters: 1504, time: 0.102, data: 0.002) , D_A: 0.101, G_A: 0.611, cycle_A: 0.092, idt_A: 0.098, D_B: 0.006, G_B: 0.930, cycle_B: 0.236, idt_B: 0.059

[Rank 0] (epoch: 534, iters: 1704, time: 0.029, data: 0.002) , D_A: 0.093, G_A: 0.536, cycle_A: 0.074, idt_A: 0.096, D_B: 0.004, G_B: 0.975, cycle_B: 0.243, idt_B: 0.052

[Rank 0] (epoch: 534, iters: 1904, time: 0.030, data: 0.002) , D_A: 0.077, G_A: 0.577, cycle_A: 0.094, idt_A: 0.097, D_B: 0.005, G_B: 0.961, cycle_B: 0.227, idt_B: 0.063

learning rate 0.0000100 -> 0.0000100
saving the model at the end of epoch 534, iters 256424
End of epoch 534 / 670 	 Time Taken: 52 sec
[Rank 0] (epoch: 535, iters: 176, time: 0.122, data: 0.003) , D_A: 0.067, G_A: 0.641, cycle_A: 0.092, idt_A: 0.101, D_B: 0.009, G_B: 0.852, cycle_B: 0.249, idt_B: 0.068

[Rank 0] (epoch: 535, iters: 376, time: 0.029, data: 0.004) , D_A: 0.071, G_A: 0.668, cycle_A: 0.078, idt_A: 0.093, D_B: 0.021, G_B: 0.766, cycle_B: 0.255, idt_B: 0.056

[Rank 0] (epoch: 535, iters: 576, time: 0.113, data: 0.002) , D_A: 0.083, G_A: 0.673, cycle_A: 0.067, idt_A: 0.097, D_B: 0.044, G_B: 0.721, cycle_B: 0.235, idt_B: 0.042

[Rank 0] (epoch: 535, iters: 776, time: 0.029, data: 0.003) , D_A: 0.056, G_A: 0.902, cycle_A: 0.074, idt_A: 0.106, D_B: 0.025, G_B: 0.763, cycle_B: 0.278, idt_B: 0.049

[Rank 0] (epoch: 535, iters: 976, time: 0.030, data: 0.003) , D_A: 0.057, G_A: 0.878, cycle_A: 0.086, idt_A: 0.106, D_B: 0.019, G_B: 0.854, cycle_B: 0.297, idt_B: 0.048

[Rank 0] (epoch: 535, iters: 1176, time: 0.029, data: 0.003) , D_A: 0.072, G_A: 0.655, cycle_A: 0.090, idt_A: 0.111, D_B: 0.012, G_B: 0.855, cycle_B: 0.314, idt_B: 0.059

[Rank 0] (epoch: 535, iters: 1376, time: 0.030, data: 0.007) , D_A: 0.093, G_A: 0.731, cycle_A: 0.095, idt_A: 0.096, D_B: 0.013, G_B: 0.817, cycle_B: 0.271, idt_B: 0.063

[Rank 0] (epoch: 535, iters: 1576, time: 0.116, data: 0.003) , D_A: 0.066, G_A: 0.739, cycle_A: 0.091, idt_A: 0.105, D_B: 0.021, G_B: 0.638, cycle_B: 0.270, idt_B: 0.054

[Rank 0] (epoch: 535, iters: 1776, time: 0.030, data: 0.004) , D_A: 0.079, G_A: 0.523, cycle_A: 0.083, idt_A: 0.099, D_B: 0.015, G_B: 0.777, cycle_B: 0.260, idt_B: 0.053

learning rate 0.0000100 -> 0.0000100
saving the model at the end of epoch 535, iters 258352
End of epoch 535 / 670 	 Time Taken: 53 sec
[Rank 0] (epoch: 536, iters: 48, time: 0.132, data: 0.006) , D_A: 0.053, G_A: 0.933, cycle_A: 0.060, idt_A: 0.097, D_B: 0.023, G_B: 0.859, cycle_B: 0.252, idt_B: 0.040

[Rank 0] (epoch: 536, iters: 248, time: 0.030, data: 0.002) , D_A: 0.076, G_A: 0.624, cycle_A: 0.086, idt_A: 0.100, D_B: 0.019, G_B: 0.936, cycle_B: 0.254, idt_B: 0.059

[Rank 0] (epoch: 536, iters: 448, time: 0.030, data: 0.003) , D_A: 0.107, G_A: 0.576, cycle_A: 0.071, idt_A: 0.087, D_B: 0.006, G_B: 0.868, cycle_B: 0.230, idt_B: 0.044

[Rank 0] (epoch: 536, iters: 648, time: 0.121, data: 0.003) , D_A: 0.076, G_A: 0.725, cycle_A: 0.069, idt_A: 0.107, D_B: 0.008, G_B: 0.854, cycle_B: 0.286, idt_B: 0.048

[Rank 0] (epoch: 536, iters: 848, time: 0.029, data: 0.002) , D_A: 0.073, G_A: 0.544, cycle_A: 0.081, idt_A: 0.096, D_B: 0.016, G_B: 0.847, cycle_B: 0.268, idt_B: 0.054

[Rank 0] (epoch: 536, iters: 1048, time: 0.029, data: 0.003) , D_A: 0.054, G_A: 0.733, cycle_A: 0.068, idt_A: 0.083, D_B: 0.017, G_B: 0.929, cycle_B: 0.231, idt_B: 0.043

[Rank 0] (epoch: 536, iters: 1248, time: 0.029, data: 0.002) , D_A: 0.067, G_A: 0.693, cycle_A: 0.069, idt_A: 0.089, D_B: 0.026, G_B: 0.778, cycle_B: 0.240, idt_B: 0.046

[Rank 0] (epoch: 536, iters: 1448, time: 0.030, data: 0.002) , D_A: 0.093, G_A: 0.701, cycle_A: 0.083, idt_A: 0.106, D_B: 0.014, G_B: 0.805, cycle_B: 0.300, idt_B: 0.055

[Rank 0] (epoch: 536, iters: 1648, time: 0.108, data: 0.004) , D_A: 0.077, G_A: 0.623, cycle_A: 0.065, idt_A: 0.102, D_B: 0.006, G_B: 0.991, cycle_B: 0.271, idt_B: 0.043

saving the latest model (epoch 536, total_iters 260000)
[Rank 0] (epoch: 536, iters: 1848, time: 0.029, data: 0.002) , D_A: 0.055, G_A: 0.704, cycle_A: 0.083, idt_A: 0.108, D_B: 0.009, G_B: 0.952, cycle_B: 0.290, idt_B: 0.055

learning rate 0.0000100 -> 0.0000100
saving the model at the end of epoch 536, iters 260280
End of epoch 536 / 670 	 Time Taken: 53 sec
[Rank 0] (epoch: 537, iters: 120, time: 0.099, data: 0.003) , D_A: 0.095, G_A: 0.486, cycle_A: 0.095, idt_A: 0.093, D_B: 0.024, G_B: 0.960, cycle_B: 0.252, idt_B: 0.064

[Rank 0] (epoch: 537, iters: 320, time: 0.029, data: 0.004) , D_A: 0.083, G_A: 0.616, cycle_A: 0.084, idt_A: 0.098, D_B: 0.011, G_B: 0.890, cycle_B: 0.256, idt_B: 0.058

[Rank 0] (epoch: 537, iters: 520, time: 0.029, data: 0.002) , D_A: 0.072, G_A: 0.663, cycle_A: 0.076, idt_A: 0.095, D_B: 0.009, G_B: 0.852, cycle_B: 0.256, idt_B: 0.053

[Rank 0] (epoch: 537, iters: 720, time: 0.116, data: 0.003) , D_A: 0.060, G_A: 0.485, cycle_A: 0.104, idt_A: 0.094, D_B: 0.007, G_B: 0.993, cycle_B: 0.248, idt_B: 0.069

[Rank 0] (epoch: 537, iters: 920, time: 0.030, data: 0.002) , D_A: 0.057, G_A: 0.658, cycle_A: 0.076, idt_A: 0.095, D_B: 0.008, G_B: 0.914, cycle_B: 0.260, idt_B: 0.047

[Rank 0] (epoch: 537, iters: 1120, time: 0.029, data: 0.003) , D_A: 0.072, G_A: 0.758, cycle_A: 0.105, idt_A: 0.094, D_B: 0.009, G_B: 0.804, cycle_B: 0.257, idt_B: 0.065

[Rank 0] (epoch: 537, iters: 1320, time: 0.029, data: 0.002) , D_A: 0.084, G_A: 0.633, cycle_A: 0.075, idt_A: 0.104, D_B: 0.014, G_B: 0.784, cycle_B: 0.299, idt_B: 0.050

[Rank 0] (epoch: 537, iters: 1520, time: 0.029, data: 0.003) , D_A: 0.090, G_A: 0.593, cycle_A: 0.080, idt_A: 0.097, D_B: 0.005, G_B: 0.981, cycle_B: 0.264, idt_B: 0.055

[Rank 0] (epoch: 537, iters: 1720, time: 0.098, data: 0.004) , D_A: 0.104, G_A: 0.607, cycle_A: 0.086, idt_A: 0.089, D_B: 0.008, G_B: 0.855, cycle_B: 0.238, idt_B: 0.054

[Rank 0] (epoch: 537, iters: 1920, time: 0.030, data: 0.003) , D_A: 0.075, G_A: 0.664, cycle_A: 0.067, idt_A: 0.092, D_B: 0.010, G_B: 0.930, cycle_B: 0.228, idt_B: 0.048

learning rate 0.0000100 -> 0.0000100
saving the model at the end of epoch 537, iters 262208
End of epoch 537 / 670 	 Time Taken: 52 sec
[Rank 0] (epoch: 538, iters: 192, time: 0.094, data: 0.002) , D_A: 0.065, G_A: 0.782, cycle_A: 0.135, idt_A: 0.097, D_B: 0.007, G_B: 0.868, cycle_B: 0.253, idt_B: 0.085

[Rank 0] (epoch: 538, iters: 392, time: 0.029, data: 0.002) , D_A: 0.076, G_A: 0.686, cycle_A: 0.079, idt_A: 0.090, D_B: 0.012, G_B: 0.875, cycle_B: 0.231, idt_B: 0.053

[Rank 0] (epoch: 538, iters: 592, time: 0.029, data: 0.002) , D_A: 0.070, G_A: 0.578, cycle_A: 0.104, idt_A: 0.097, D_B: 0.004, G_B: 0.976, cycle_B: 0.254, idt_B: 0.064

[Rank 0] (epoch: 538, iters: 792, time: 0.112, data: 0.003) , D_A: 0.088, G_A: 0.529, cycle_A: 0.075, idt_A: 0.104, D_B: 0.004, G_B: 0.999, cycle_B: 0.266, idt_B: 0.056

[Rank 0] (epoch: 538, iters: 992, time: 0.030, data: 0.003) , D_A: 0.063, G_A: 0.768, cycle_A: 0.081, idt_A: 0.106, D_B: 0.009, G_B: 0.895, cycle_B: 0.277, idt_B: 0.049

[Rank 0] (epoch: 538, iters: 1192, time: 0.029, data: 0.003) , D_A: 0.055, G_A: 0.851, cycle_A: 0.055, idt_A: 0.095, D_B: 0.008, G_B: 0.988, cycle_B: 0.238, idt_B: 0.037

[Rank 0] (epoch: 538, iters: 1392, time: 0.030, data: 0.002) , D_A: 0.068, G_A: 0.744, cycle_A: 0.091, idt_A: 0.100, D_B: 0.005, G_B: 1.031, cycle_B: 0.246, idt_B: 0.068

[Rank 0] (epoch: 538, iters: 1592, time: 0.029, data: 0.004) , D_A: 0.092, G_A: 0.531, cycle_A: 0.074, idt_A: 0.085, D_B: 0.004, G_B: 0.949, cycle_B: 0.221, idt_B: 0.051

[Rank 0] (epoch: 538, iters: 1792, time: 0.108, data: 0.003) , D_A: 0.073, G_A: 0.520, cycle_A: 0.074, idt_A: 0.097, D_B: 0.006, G_B: 1.043, cycle_B: 0.260, idt_B: 0.048

learning rate 0.0000100 -> 0.0000100
saving the model at the end of epoch 538, iters 264136
End of epoch 538 / 670 	 Time Taken: 52 sec
[Rank 0] (epoch: 539, iters: 64, time: 0.121, data: 0.003) , D_A: 0.078, G_A: 0.804, cycle_A: 0.071, idt_A: 0.099, D_B: 0.004, G_B: 0.910, cycle_B: 0.253, idt_B: 0.050

[Rank 0] (epoch: 539, iters: 264, time: 0.029, data: 0.003) , D_A: 0.070, G_A: 0.634, cycle_A: 0.071, idt_A: 0.101, D_B: 0.004, G_B: 0.942, cycle_B: 0.258, idt_B: 0.052

[Rank 0] (epoch: 539, iters: 464, time: 0.030, data: 0.002) , D_A: 0.070, G_A: 0.675, cycle_A: 0.080, idt_A: 0.095, D_B: 0.005, G_B: 1.042, cycle_B: 0.247, idt_B: 0.052

[Rank 0] (epoch: 539, iters: 664, time: 0.029, data: 0.003) , D_A: 0.096, G_A: 0.841, cycle_A: 0.093, idt_A: 0.101, D_B: 0.010, G_B: 0.929, cycle_B: 0.251, idt_B: 0.063

[Rank 0] (epoch: 539, iters: 864, time: 0.091, data: 0.002) , D_A: 0.072, G_A: 0.734, cycle_A: 0.090, idt_A: 0.085, D_B: 0.012, G_B: 0.906, cycle_B: 0.216, idt_B: 0.059

saving the latest model (epoch 539, total_iters 265000)
[Rank 0] (epoch: 539, iters: 1064, time: 0.029, data: 0.002) , D_A: 0.092, G_A: 0.946, cycle_A: 0.082, idt_A: 0.089, D_B: 0.043, G_B: 0.570, cycle_B: 0.227, idt_B: 0.054

[Rank 0] (epoch: 539, iters: 1264, time: 0.030, data: 0.002) , D_A: 0.077, G_A: 0.587, cycle_A: 0.108, idt_A: 0.097, D_B: 0.024, G_B: 0.998, cycle_B: 0.260, idt_B: 0.069

[Rank 0] (epoch: 539, iters: 1464, time: 0.029, data: 0.003) , D_A: 0.070, G_A: 0.767, cycle_A: 0.085, idt_A: 0.102, D_B: 0.033, G_B: 0.894, cycle_B: 0.256, idt_B: 0.060

[Rank 0] (epoch: 539, iters: 1664, time: 0.030, data: 0.002) , D_A: 0.067, G_A: 0.634, cycle_A: 0.077, idt_A: 0.105, D_B: 0.029, G_B: 0.688, cycle_B: 0.271, idt_B: 0.053

[Rank 0] (epoch: 539, iters: 1864, time: 0.107, data: 0.003) , D_A: 0.084, G_A: 0.730, cycle_A: 0.072, idt_A: 0.104, D_B: 0.008, G_B: 0.932, cycle_B: 0.282, idt_B: 0.048

learning rate 0.0000100 -> 0.0000100
saving the model at the end of epoch 539, iters 266064
End of epoch 539 / 670 	 Time Taken: 53 sec
[Rank 0] (epoch: 540, iters: 136, time: 0.102, data: 0.001) , D_A: 0.059, G_A: 0.726, cycle_A: 0.098, idt_A: 0.093, D_B: 0.005, G_B: 1.009, cycle_B: 0.237, idt_B: 0.064

[Rank 0] (epoch: 540, iters: 336, time: 0.029, data: 0.002) , D_A: 0.078, G_A: 0.569, cycle_A: 0.081, idt_A: 0.102, D_B: 0.006, G_B: 1.016, cycle_B: 0.275, idt_B: 0.059

[Rank 0] (epoch: 540, iters: 536, time: 0.030, data: 0.002) , D_A: 0.087, G_A: 0.733, cycle_A: 0.088, idt_A: 0.099, D_B: 0.010, G_B: 0.960, cycle_B: 0.243, idt_B: 0.058

[Rank 0] (epoch: 540, iters: 736, time: 0.029, data: 0.004) , D_A: 0.082, G_A: 0.606, cycle_A: 0.083, idt_A: 0.085, D_B: 0.014, G_B: 0.755, cycle_B: 0.210, idt_B: 0.059

[Rank 0] (epoch: 540, iters: 936, time: 0.106, data: 0.002) , D_A: 0.060, G_A: 0.771, cycle_A: 0.069, idt_A: 0.093, D_B: 0.004, G_B: 0.967, cycle_B: 0.216, idt_B: 0.047

[Rank 0] (epoch: 540, iters: 1136, time: 0.029, data: 0.002) , D_A: 0.081, G_A: 0.567, cycle_A: 0.081, idt_A: 0.096, D_B: 0.011, G_B: 0.832, cycle_B: 0.239, idt_B: 0.051

[Rank 0] (epoch: 540, iters: 1336, time: 0.030, data: 0.002) , D_A: 0.084, G_A: 0.697, cycle_A: 0.058, idt_A: 0.112, D_B: 0.022, G_B: 1.023, cycle_B: 0.258, idt_B: 0.038

[Rank 0] (epoch: 540, iters: 1536, time: 0.030, data: 0.003) , D_A: 0.093, G_A: 0.486, cycle_A: 0.097, idt_A: 0.090, D_B: 0.006, G_B: 1.045, cycle_B: 0.214, idt_B: 0.060

[Rank 0] (epoch: 540, iters: 1736, time: 0.029, data: 0.002) , D_A: 0.092, G_A: 0.632, cycle_A: 0.084, idt_A: 0.107, D_B: 0.004, G_B: 1.031, cycle_B: 0.247, idt_B: 0.051

learning rate 0.0000100 -> 0.0000100
saving the model at the end of epoch 540, iters 267992
End of epoch 540 / 670 	 Time Taken: 52 sec
[Rank 0] (epoch: 541, iters: 8, time: 0.134, data: 0.003) , D_A: 0.077, G_A: 0.673, cycle_A: 0.081, idt_A: 0.097, D_B: 0.007, G_B: 0.867, cycle_B: 0.231, idt_B: 0.060

[Rank 0] (epoch: 541, iters: 208, time: 0.029, data: 0.001) , D_A: 0.093, G_A: 0.624, cycle_A: 0.090, idt_A: 0.101, D_B: 0.005, G_B: 0.973, cycle_B: 0.232, idt_B: 0.066

[Rank 0] (epoch: 541, iters: 408, time: 0.030, data: 0.003) , D_A: 0.096, G_A: 0.547, cycle_A: 0.064, idt_A: 0.094, D_B: 0.005, G_B: 0.965, cycle_B: 0.218, idt_B: 0.047

[Rank 0] (epoch: 541, iters: 608, time: 0.029, data: 0.003) , D_A: 0.058, G_A: 0.893, cycle_A: 0.066, idt_A: 0.078, D_B: 0.012, G_B: 0.959, cycle_B: 0.194, idt_B: 0.046

[Rank 0] (epoch: 541, iters: 808, time: 0.029, data: 0.003) , D_A: 0.083, G_A: 0.591, cycle_A: 0.064, idt_A: 0.085, D_B: 0.004, G_B: 0.952, cycle_B: 0.196, idt_B: 0.044

[Rank 0] (epoch: 541, iters: 1008, time: 0.101, data: 0.003) , D_A: 0.061, G_A: 0.884, cycle_A: 0.081, idt_A: 0.096, D_B: 0.005, G_B: 0.985, cycle_B: 0.214, idt_B: 0.059

[Rank 0] (epoch: 541, iters: 1208, time: 0.030, data: 0.001) , D_A: 0.062, G_A: 1.068, cycle_A: 0.106, idt_A: 0.102, D_B: 0.003, G_B: 0.918, cycle_B: 0.237, idt_B: 0.066

[Rank 0] (epoch: 541, iters: 1408, time: 0.030, data: 0.004) , D_A: 0.076, G_A: 0.710, cycle_A: 0.070, idt_A: 0.097, D_B: 0.003, G_B: 0.955, cycle_B: 0.207, idt_B: 0.051

[Rank 0] (epoch: 541, iters: 1608, time: 0.029, data: 0.004) , D_A: 0.067, G_A: 0.739, cycle_A: 0.070, idt_A: 0.097, D_B: 0.004, G_B: 0.888, cycle_B: 0.224, idt_B: 0.055

[Rank 0] (epoch: 541, iters: 1808, time: 0.029, data: 0.079) , D_A: 0.065, G_A: 0.710, cycle_A: 0.079, idt_A: 0.084, D_B: 0.005, G_B: 1.009, cycle_B: 0.194, idt_B: 0.055

learning rate 0.0000100 -> 0.0000100
saving the model at the end of epoch 541, iters 269920
End of epoch 541 / 670 	 Time Taken: 53 sec
[Rank 0] (epoch: 542, iters: 80, time: 0.101, data: 0.002) , D_A: 0.075, G_A: 0.593, cycle_A: 0.089, idt_A: 0.100, D_B: 0.003, G_B: 0.950, cycle_B: 0.214, idt_B: 0.060

saving the latest model (epoch 542, total_iters 270000)
[Rank 0] (epoch: 542, iters: 280, time: 0.029, data: 0.002) , D_A: 0.080, G_A: 0.700, cycle_A: 0.089, idt_A: 0.094, D_B: 0.032, G_B: 0.900, cycle_B: 0.219, idt_B: 0.060

[Rank 0] (epoch: 542, iters: 480, time: 0.030, data: 0.002) , D_A: 0.082, G_A: 0.514, cycle_A: 0.077, idt_A: 0.090, D_B: 0.016, G_B: 0.908, cycle_B: 0.210, idt_B: 0.053

[Rank 0] (epoch: 542, iters: 680, time: 0.029, data: 0.003) , D_A: 0.081, G_A: 0.732, cycle_A: 0.087, idt_A: 0.100, D_B: 0.004, G_B: 0.975, cycle_B: 0.251, idt_B: 0.061

[Rank 0] (epoch: 542, iters: 880, time: 0.029, data: 0.002) , D_A: 0.081, G_A: 0.691, cycle_A: 0.091, idt_A: 0.102, D_B: 0.005, G_B: 0.950, cycle_B: 0.259, idt_B: 0.063

[Rank 0] (epoch: 542, iters: 1080, time: 0.097, data: 0.003) , D_A: 0.054, G_A: 0.704, cycle_A: 0.071, idt_A: 0.098, D_B: 0.025, G_B: 0.951, cycle_B: 0.241, idt_B: 0.043

[Rank 0] (epoch: 542, iters: 1280, time: 0.029, data: 0.003) , D_A: 0.078, G_A: 0.696, cycle_A: 0.088, idt_A: 0.098, D_B: 0.003, G_B: 0.981, cycle_B: 0.248, idt_B: 0.064

[Rank 0] (epoch: 542, iters: 1480, time: 0.029, data: 0.003) , D_A: 0.061, G_A: 0.570, cycle_A: 0.081, idt_A: 0.096, D_B: 0.002, G_B: 0.923, cycle_B: 0.232, idt_B: 0.052

[Rank 0] (epoch: 542, iters: 1680, time: 0.030, data: 0.002) , D_A: 0.079, G_A: 0.726, cycle_A: 0.065, idt_A: 0.092, D_B: 0.003, G_B: 0.965, cycle_B: 0.227, idt_B: 0.047

[Rank 0] (epoch: 542, iters: 1880, time: 0.029, data: 0.002) , D_A: 0.063, G_A: 0.702, cycle_A: 0.098, idt_A: 0.104, D_B: 0.002, G_B: 0.997, cycle_B: 0.238, idt_B: 0.068

learning rate 0.0000100 -> 0.0000100
saving the model at the end of epoch 542, iters 271848
End of epoch 542 / 670 	 Time Taken: 52 sec
[Rank 0] (epoch: 543, iters: 152, time: 0.160, data: 0.001) , D_A: 0.060, G_A: 0.739, cycle_A: 0.071, idt_A: 0.097, D_B: 0.004, G_B: 0.988, cycle_B: 0.228, idt_B: 0.049

[Rank 0] (epoch: 543, iters: 352, time: 0.029, data: 0.002) , D_A: 0.062, G_A: 0.804, cycle_A: 0.073, idt_A: 0.104, D_B: 0.005, G_B: 0.833, cycle_B: 0.238, idt_B: 0.048

[Rank 0] (epoch: 543, iters: 552, time: 0.030, data: 0.002) , D_A: 0.054, G_A: 0.630, cycle_A: 0.083, idt_A: 0.098, D_B: 0.002, G_B: 0.967, cycle_B: 0.239, idt_B: 0.054

[Rank 0] (epoch: 543, iters: 752, time: 0.029, data: 0.003) , D_A: 0.088, G_A: 0.583, cycle_A: 0.075, idt_A: 0.096, D_B: 0.003, G_B: 0.986, cycle_B: 0.231, idt_B: 0.052

[Rank 0] (epoch: 543, iters: 952, time: 0.030, data: 0.003) , D_A: 0.049, G_A: 0.789, cycle_A: 0.094, idt_A: 0.091, D_B: 0.004, G_B: 0.963, cycle_B: 0.220, idt_B: 0.066

[Rank 0] (epoch: 543, iters: 1152, time: 0.108, data: 0.003) , D_A: 0.068, G_A: 0.635, cycle_A: 0.069, idt_A: 0.093, D_B: 0.004, G_B: 0.903, cycle_B: 0.223, idt_B: 0.048

[Rank 0] (epoch: 543, iters: 1352, time: 0.029, data: 0.003) , D_A: 0.063, G_A: 0.936, cycle_A: 0.074, idt_A: 0.099, D_B: 0.005, G_B: 0.955, cycle_B: 0.248, idt_B: 0.048

[Rank 0] (epoch: 543, iters: 1552, time: 0.029, data: 0.003) , D_A: 0.073, G_A: 0.632, cycle_A: 0.075, idt_A: 0.084, D_B: 0.005, G_B: 0.951, cycle_B: 0.205, idt_B: 0.054

[Rank 0] (epoch: 543, iters: 1752, time: 0.029, data: 0.003) , D_A: 0.056, G_A: 0.647, cycle_A: 0.103, idt_A: 0.092, D_B: 0.009, G_B: 0.843, cycle_B: 0.229, idt_B: 0.074

learning rate 0.0000100 -> 0.0000100
saving the model at the end of epoch 543, iters 273776
End of epoch 543 / 670 	 Time Taken: 53 sec
[Rank 0] (epoch: 544, iters: 24, time: 0.124, data: 0.002) , D_A: 0.100, G_A: 0.655, cycle_A: 0.084, idt_A: 0.103, D_B: 0.004, G_B: 0.949, cycle_B: 0.254, idt_B: 0.061

[Rank 0] (epoch: 544, iters: 224, time: 0.096, data: 0.001) , D_A: 0.086, G_A: 0.580, cycle_A: 0.074, idt_A: 0.093, D_B: 0.004, G_B: 0.934, cycle_B: 0.233, idt_B: 0.050

[Rank 0] (epoch: 544, iters: 424, time: 0.029, data: 0.003) , D_A: 0.078, G_A: 0.609, cycle_A: 0.086, idt_A: 0.095, D_B: 0.004, G_B: 0.944, cycle_B: 0.233, idt_B: 0.062

[Rank 0] (epoch: 544, iters: 624, time: 0.030, data: 0.002) , D_A: 0.092, G_A: 0.715, cycle_A: 0.090, idt_A: 0.107, D_B: 0.003, G_B: 1.022, cycle_B: 0.253, idt_B: 0.067

[Rank 0] (epoch: 544, iters: 824, time: 0.029, data: 0.003) , D_A: 0.070, G_A: 0.770, cycle_A: 0.079, idt_A: 0.094, D_B: 0.007, G_B: 0.925, cycle_B: 0.236, idt_B: 0.050

[Rank 0] (epoch: 544, iters: 1024, time: 0.030, data: 0.002) , D_A: 0.077, G_A: 0.638, cycle_A: 0.087, idt_A: 0.095, D_B: 0.002, G_B: 0.992, cycle_B: 0.230, idt_B: 0.056

[Rank 0] (epoch: 544, iters: 1224, time: 0.117, data: 0.003) , D_A: 0.058, G_A: 0.824, cycle_A: 0.077, idt_A: 0.097, D_B: 0.012, G_B: 1.059, cycle_B: 0.243, idt_B: 0.048

saving the latest model (epoch 544, total_iters 275000)
[Rank 0] (epoch: 544, iters: 1424, time: 0.029, data: 0.003) , D_A: 0.049, G_A: 0.697, cycle_A: 0.076, idt_A: 0.098, D_B: 0.004, G_B: 0.925, cycle_B: 0.247, idt_B: 0.050

[Rank 0] (epoch: 544, iters: 1624, time: 0.029, data: 0.002) , D_A: 0.060, G_A: 0.749, cycle_A: 0.073, idt_A: 0.092, D_B: 0.003, G_B: 0.948, cycle_B: 0.237, idt_B: 0.048

[Rank 0] (epoch: 544, iters: 1824, time: 0.029, data: 0.006) , D_A: 0.059, G_A: 0.734, cycle_A: 0.075, idt_A: 0.114, D_B: 0.002, G_B: 1.028, cycle_B: 0.291, idt_B: 0.048

learning rate 0.0000100 -> 0.0000100
saving the model at the end of epoch 544, iters 275704
End of epoch 544 / 670 	 Time Taken: 53 sec
[Rank 0] (epoch: 545, iters: 96, time: 0.114, data: 0.004) , D_A: 0.052, G_A: 0.733, cycle_A: 0.068, idt_A: 0.094, D_B: 0.003, G_B: 1.058, cycle_B: 0.233, idt_B: 0.048

[Rank 0] (epoch: 545, iters: 296, time: 0.100, data: 0.003) , D_A: 0.080, G_A: 0.585, cycle_A: 0.100, idt_A: 0.094, D_B: 0.005, G_B: 0.889, cycle_B: 0.251, idt_B: 0.067

[Rank 0] (epoch: 545, iters: 496, time: 0.029, data: 0.002) , D_A: 0.067, G_A: 0.705, cycle_A: 0.077, idt_A: 0.105, D_B: 0.003, G_B: 0.958, cycle_B: 0.276, idt_B: 0.050

[Rank 0] (epoch: 545, iters: 696, time: 0.030, data: 0.002) , D_A: 0.102, G_A: 0.493, cycle_A: 0.085, idt_A: 0.106, D_B: 0.034, G_B: 0.969, cycle_B: 0.253, idt_B: 0.059

[Rank 0] (epoch: 545, iters: 896, time: 0.030, data: 0.002) , D_A: 0.090, G_A: 0.639, cycle_A: 0.064, idt_A: 0.105, D_B: 0.004, G_B: 1.019, cycle_B: 0.269, idt_B: 0.047

[Rank 0] (epoch: 545, iters: 1096, time: 0.026, data: 0.004) , D_A: 0.088, G_A: 0.830, cycle_A: 0.089, idt_A: 0.088, D_B: 0.005, G_B: 0.880, cycle_B: 0.196, idt_B: 0.063

[Rank 0] (epoch: 545, iters: 1296, time: 0.124, data: 0.002) , D_A: 0.072, G_A: 0.686, cycle_A: 0.070, idt_A: 0.110, D_B: 0.005, G_B: 0.872, cycle_B: 0.258, idt_B: 0.051

[Rank 0] (epoch: 545, iters: 1496, time: 0.030, data: 0.001) , D_A: 0.058, G_A: 0.693, cycle_A: 0.066, idt_A: 0.092, D_B: 0.005, G_B: 0.816, cycle_B: 0.213, idt_B: 0.044

[Rank 0] (epoch: 545, iters: 1696, time: 0.030, data: 0.003) , D_A: 0.063, G_A: 0.621, cycle_A: 0.074, idt_A: 0.094, D_B: 0.002, G_B: 1.022, cycle_B: 0.209, idt_B: 0.053

[Rank 0] (epoch: 545, iters: 1896, time: 0.030, data: 0.004) , D_A: 0.087, G_A: 0.644, cycle_A: 0.074, idt_A: 0.105, D_B: 0.002, G_B: 0.945, cycle_B: 0.243, idt_B: 0.048

learning rate 0.0000100 -> 0.0000100
saving the model at the end of epoch 545, iters 277632
End of epoch 545 / 670 	 Time Taken: 54 sec
[Rank 0] (epoch: 546, iters: 168, time: 0.112, data: 0.003) , D_A: 0.065, G_A: 0.719, cycle_A: 0.071, idt_A: 0.089, D_B: 0.004, G_B: 0.837, cycle_B: 0.201, idt_B: 0.046

[Rank 0] (epoch: 546, iters: 368, time: 0.100, data: 0.001) , D_A: 0.075, G_A: 0.729, cycle_A: 0.076, idt_A: 0.087, D_B: 0.035, G_B: 0.922, cycle_B: 0.194, idt_B: 0.054

[Rank 0] (epoch: 546, iters: 568, time: 0.029, data: 0.003) , D_A: 0.097, G_A: 0.674, cycle_A: 0.073, idt_A: 0.096, D_B: 0.005, G_B: 0.982, cycle_B: 0.218, idt_B: 0.056

[Rank 0] (epoch: 546, iters: 768, time: 0.029, data: 0.002) , D_A: 0.087, G_A: 0.548, cycle_A: 0.085, idt_A: 0.098, D_B: 0.005, G_B: 0.972, cycle_B: 0.209, idt_B: 0.057

[Rank 0] (epoch: 546, iters: 968, time: 0.029, data: 0.003) , D_A: 0.087, G_A: 0.760, cycle_A: 0.075, idt_A: 0.094, D_B: 0.002, G_B: 0.976, cycle_B: 0.216, idt_B: 0.053

[Rank 0] (epoch: 546, iters: 1168, time: 0.030, data: 0.003) , D_A: 0.078, G_A: 0.759, cycle_A: 0.070, idt_A: 0.085, D_B: 0.003, G_B: 0.887, cycle_B: 0.192, idt_B: 0.044

[Rank 0] (epoch: 546, iters: 1368, time: 0.095, data: 0.003) , D_A: 0.063, G_A: 0.655, cycle_A: 0.080, idt_A: 0.093, D_B: 0.051, G_B: 0.984, cycle_B: 0.216, idt_B: 0.054

[Rank 0] (epoch: 546, iters: 1568, time: 0.030, data: 0.002) , D_A: 0.058, G_A: 0.735, cycle_A: 0.075, idt_A: 0.093, D_B: 0.002, G_B: 1.006, cycle_B: 0.216, idt_B: 0.049

[Rank 0] (epoch: 546, iters: 1768, time: 0.029, data: 0.003) , D_A: 0.083, G_A: 0.614, cycle_A: 0.078, idt_A: 0.103, D_B: 0.004, G_B: 0.956, cycle_B: 0.231, idt_B: 0.051

learning rate 0.0000100 -> 0.0000100
saving the model at the end of epoch 546, iters 279560
End of epoch 546 / 670 	 Time Taken: 52 sec
[Rank 0] (epoch: 547, iters: 40, time: 0.099, data: 0.002) , D_A: 0.064, G_A: 0.564, cycle_A: 0.083, idt_A: 0.092, D_B: 0.002, G_B: 1.003, cycle_B: 0.199, idt_B: 0.060

[Rank 0] (epoch: 547, iters: 240, time: 0.029, data: 0.002) , D_A: 0.116, G_A: 0.708, cycle_A: 0.075, idt_A: 0.103, D_B: 0.002, G_B: 1.018, cycle_B: 0.230, idt_B: 0.054

[Rank 0] (epoch: 547, iters: 440, time: 0.104, data: 0.003) , D_A: 0.077, G_A: 0.669, cycle_A: 0.067, idt_A: 0.096, D_B: 0.056, G_B: 0.972, cycle_B: 0.223, idt_B: 0.045

saving the latest model (epoch 547, total_iters 280000)
[Rank 0] (epoch: 547, iters: 640, time: 0.029, data: 0.002) , D_A: 0.055, G_A: 0.746, cycle_A: 0.058, idt_A: 0.091, D_B: 0.020, G_B: 0.832, cycle_B: 0.211, idt_B: 0.037

[Rank 0] (epoch: 547, iters: 840, time: 0.029, data: 0.003) , D_A: 0.070, G_A: 0.785, cycle_A: 0.081, idt_A: 0.103, D_B: 0.002, G_B: 0.928, cycle_B: 0.238, idt_B: 0.050

[Rank 0] (epoch: 547, iters: 1040, time: 0.027, data: 0.003) , D_A: 0.058, G_A: 0.688, cycle_A: 0.084, idt_A: 0.099, D_B: 0.017, G_B: 0.987, cycle_B: 0.229, idt_B: 0.057

[Rank 0] (epoch: 547, iters: 1240, time: 0.030, data: 0.002) , D_A: 0.056, G_A: 0.898, cycle_A: 0.079, idt_A: 0.091, D_B: 0.002, G_B: 0.990, cycle_B: 0.212, idt_B: 0.042

[Rank 0] (epoch: 547, iters: 1440, time: 0.130, data: 0.002) , D_A: 0.094, G_A: 0.776, cycle_A: 0.086, idt_A: 0.090, D_B: 0.002, G_B: 0.958, cycle_B: 0.203, idt_B: 0.058

[Rank 0] (epoch: 547, iters: 1640, time: 0.029, data: 0.001) , D_A: 0.065, G_A: 0.680, cycle_A: 0.091, idt_A: 0.098, D_B: 0.002, G_B: 0.988, cycle_B: 0.220, idt_B: 0.059

[Rank 0] (epoch: 547, iters: 1840, time: 0.029, data: 0.003) , D_A: 0.085, G_A: 0.675, cycle_A: 0.080, idt_A: 0.098, D_B: 0.003, G_B: 0.967, cycle_B: 0.227, idt_B: 0.056

learning rate 0.0000100 -> 0.0000100
saving the model at the end of epoch 547, iters 281488
End of epoch 547 / 670 	 Time Taken: 54 sec
[Rank 0] (epoch: 548, iters: 112, time: 0.137, data: 0.003) , D_A: 0.081, G_A: 0.800, cycle_A: 0.085, idt_A: 0.088, D_B: 0.002, G_B: 0.975, cycle_B: 0.200, idt_B: 0.056

[Rank 0] (epoch: 548, iters: 312, time: 0.029, data: 0.004) , D_A: 0.076, G_A: 0.609, cycle_A: 0.088, idt_A: 0.092, D_B: 0.002, G_B: 0.980, cycle_B: 0.214, idt_B: 0.067

[Rank 0] (epoch: 548, iters: 512, time: 0.115, data: 0.003) , D_A: 0.096, G_A: 0.506, cycle_A: 0.084, idt_A: 0.094, D_B: 0.002, G_B: 0.977, cycle_B: 0.210, idt_B: 0.057

[Rank 0] (epoch: 548, iters: 712, time: 0.029, data: 0.001) , D_A: 0.073, G_A: 0.643, cycle_A: 0.060, idt_A: 0.083, D_B: 0.001, G_B: 0.993, cycle_B: 0.189, idt_B: 0.039

[Rank 0] (epoch: 548, iters: 912, time: 0.028, data: 0.004) , D_A: 0.079, G_A: 0.532, cycle_A: 0.086, idt_A: 0.095, D_B: 0.002, G_B: 0.971, cycle_B: 0.211, idt_B: 0.059

[Rank 0] (epoch: 548, iters: 1112, time: 0.029, data: 0.002) , D_A: 0.061, G_A: 0.810, cycle_A: 0.092, idt_A: 0.089, D_B: 0.002, G_B: 0.970, cycle_B: 0.199, idt_B: 0.056

[Rank 0] (epoch: 548, iters: 1312, time: 0.029, data: 0.005) , D_A: 0.094, G_A: 0.703, cycle_A: 0.069, idt_A: 0.104, D_B: 0.004, G_B: 1.034, cycle_B: 0.231, idt_B: 0.048

[Rank 0] (epoch: 548, iters: 1512, time: 0.129, data: 0.003) , D_A: 0.069, G_A: 0.637, cycle_A: 0.084, idt_A: 0.094, D_B: 0.002, G_B: 0.981, cycle_B: 0.214, idt_B: 0.057

[Rank 0] (epoch: 548, iters: 1712, time: 0.030, data: 0.003) , D_A: 0.071, G_A: 0.595, cycle_A: 0.077, idt_A: 0.092, D_B: 0.002, G_B: 0.979, cycle_B: 0.209, idt_B: 0.050

[Rank 0] (epoch: 548, iters: 1912, time: 0.030, data: 0.003) , D_A: 0.079, G_A: 0.714, cycle_A: 0.086, idt_A: 0.098, D_B: 0.002, G_B: 1.002, cycle_B: 0.216, idt_B: 0.059

learning rate 0.0000100 -> 0.0000100
saving the model at the end of epoch 548, iters 283416
End of epoch 548 / 670 	 Time Taken: 54 sec
[Rank 0] (epoch: 549, iters: 184, time: 0.124, data: 0.002) , D_A: 0.104, G_A: 0.655, cycle_A: 0.073, idt_A: 0.097, D_B: 0.002, G_B: 0.954, cycle_B: 0.210, idt_B: 0.049

[Rank 0] (epoch: 549, iters: 384, time: 0.030, data: 0.003) , D_A: 0.109, G_A: 0.525, cycle_A: 0.091, idt_A: 0.099, D_B: 0.001, G_B: 1.019, cycle_B: 0.227, idt_B: 0.064

[Rank 0] (epoch: 549, iters: 584, time: 0.131, data: 0.008) , D_A: 0.069, G_A: 0.703, cycle_A: 0.100, idt_A: 0.095, D_B: 0.002, G_B: 0.970, cycle_B: 0.215, idt_B: 0.070

[Rank 0] (epoch: 549, iters: 784, time: 0.029, data: 0.001) , D_A: 0.074, G_A: 0.680, cycle_A: 0.073, idt_A: 0.098, D_B: 0.002, G_B: 0.919, cycle_B: 0.219, idt_B: 0.052

[Rank 0] (epoch: 549, iters: 984, time: 0.029, data: 0.006) , D_A: 0.062, G_A: 0.792, cycle_A: 0.083, idt_A: 0.102, D_B: 0.002, G_B: 0.977, cycle_B: 0.227, idt_B: 0.056

[Rank 0] (epoch: 549, iters: 1184, time: 0.030, data: 0.002) , D_A: 0.065, G_A: 0.593, cycle_A: 0.063, idt_A: 0.092, D_B: 0.002, G_B: 1.040, cycle_B: 0.198, idt_B: 0.048

[Rank 0] (epoch: 549, iters: 1384, time: 0.029, data: 0.002) , D_A: 0.067, G_A: 0.696, cycle_A: 0.079, idt_A: 0.091, D_B: 0.004, G_B: 0.870, cycle_B: 0.198, idt_B: 0.055

[Rank 0] (epoch: 549, iters: 1584, time: 0.137, data: 0.003) , D_A: 0.068, G_A: 0.623, cycle_A: 0.096, idt_A: 0.094, D_B: 0.002, G_B: 0.950, cycle_B: 0.205, idt_B: 0.065

saving the latest model (epoch 549, total_iters 285000)
[Rank 0] (epoch: 549, iters: 1784, time: 0.029, data: 0.003) , D_A: 0.066, G_A: 0.700, cycle_A: 0.083, idt_A: 0.100, D_B: 0.002, G_B: 1.087, cycle_B: 0.224, idt_B: 0.060

learning rate 0.0000100 -> 0.0000100
saving the model at the end of epoch 549, iters 285344
End of epoch 549 / 670 	 Time Taken: 54 sec
[Rank 0] (epoch: 550, iters: 56, time: 0.106, data: 0.004) , D_A: 0.094, G_A: 0.635, cycle_A: 0.079, idt_A: 0.101, D_B: 0.001, G_B: 0.962, cycle_B: 0.227, idt_B: 0.057

[Rank 0] (epoch: 550, iters: 256, time: 0.030, data: 0.002) , D_A: 0.067, G_A: 0.734, cycle_A: 0.100, idt_A: 0.083, D_B: 0.003, G_B: 0.909, cycle_B: 0.161, idt_B: 0.066

[Rank 0] (epoch: 550, iters: 456, time: 0.029, data: 0.003) , D_A: 0.078, G_A: 0.522, cycle_A: 0.091, idt_A: 0.105, D_B: 0.003, G_B: 0.909, cycle_B: 0.222, idt_B: 0.064

[Rank 0] (epoch: 550, iters: 656, time: 0.092, data: 0.002) , D_A: 0.068, G_A: 0.710, cycle_A: 0.091, idt_A: 0.099, D_B: 0.003, G_B: 0.970, cycle_B: 0.227, idt_B: 0.061

[Rank 0] (epoch: 550, iters: 856, time: 0.029, data: 0.003) , D_A: 0.058, G_A: 0.722, cycle_A: 0.068, idt_A: 0.109, D_B: 0.002, G_B: 0.963, cycle_B: 0.234, idt_B: 0.047

[Rank 0] (epoch: 550, iters: 1056, time: 0.030, data: 0.002) , D_A: 0.070, G_A: 0.620, cycle_A: 0.097, idt_A: 0.097, D_B: 0.002, G_B: 0.957, cycle_B: 0.206, idt_B: 0.069

[Rank 0] (epoch: 550, iters: 1256, time: 0.029, data: 0.003) , D_A: 0.076, G_A: 0.684, cycle_A: 0.073, idt_A: 0.091, D_B: 0.001, G_B: 0.995, cycle_B: 0.192, idt_B: 0.052

[Rank 0] (epoch: 550, iters: 1456, time: 0.030, data: 0.003) , D_A: 0.067, G_A: 0.815, cycle_A: 0.059, idt_A: 0.097, D_B: 0.074, G_B: 1.003, cycle_B: 0.197, idt_B: 0.043

[Rank 0] (epoch: 550, iters: 1656, time: 0.099, data: 0.003) , D_A: 0.058, G_A: 0.825, cycle_A: 0.104, idt_A: 0.095, D_B: 0.002, G_B: 0.990, cycle_B: 0.197, idt_B: 0.073

[Rank 0] (epoch: 550, iters: 1856, time: 0.029, data: 0.003) , D_A: 0.054, G_A: 0.728, cycle_A: 0.071, idt_A: 0.096, D_B: 0.002, G_B: 0.988, cycle_B: 0.197, idt_B: 0.044

learning rate 0.0000100 -> 0.0000100
saving the model at the end of epoch 550, iters 287272
End of epoch 550 / 670 	 Time Taken: 52 sec
[Rank 0] (epoch: 551, iters: 128, time: 0.105, data: 0.004) , D_A: 0.069, G_A: 0.635, cycle_A: 0.061, idt_A: 0.110, D_B: 0.041, G_B: 1.005, cycle_B: 0.223, idt_B: 0.040

[Rank 0] (epoch: 551, iters: 328, time: 0.029, data: 0.001) , D_A: 0.049, G_A: 0.675, cycle_A: 0.059, idt_A: 0.110, D_B: 0.001, G_B: 0.980, cycle_B: 0.235, idt_B: 0.039

[Rank 0] (epoch: 551, iters: 528, time: 0.029, data: 0.003) , D_A: 0.062, G_A: 0.646, cycle_A: 0.090, idt_A: 0.098, D_B: 0.001, G_B: 0.983, cycle_B: 0.200, idt_B: 0.061

[Rank 0] (epoch: 551, iters: 728, time: 0.097, data: 0.003) , D_A: 0.065, G_A: 0.828, cycle_A: 0.087, idt_A: 0.092, D_B: 0.003, G_B: 0.875, cycle_B: 0.206, idt_B: 0.059

[Rank 0] (epoch: 551, iters: 928, time: 0.029, data: 0.002) , D_A: 0.059, G_A: 0.718, cycle_A: 0.090, idt_A: 0.089, D_B: 0.003, G_B: 0.899, cycle_B: 0.193, idt_B: 0.057

[Rank 0] (epoch: 551, iters: 1128, time: 0.029, data: 0.003) , D_A: 0.068, G_A: 0.767, cycle_A: 0.080, idt_A: 0.098, D_B: 0.004, G_B: 1.140, cycle_B: 0.208, idt_B: 0.056

[Rank 0] (epoch: 551, iters: 1328, time: 0.026, data: 0.007) , D_A: 0.072, G_A: 0.781, cycle_A: 0.078, idt_A: 0.091, D_B: 0.002, G_B: 0.995, cycle_B: 0.194, idt_B: 0.058

[Rank 0] (epoch: 551, iters: 1528, time: 0.030, data: 0.002) , D_A: 0.075, G_A: 0.600, cycle_A: 0.077, idt_A: 0.103, D_B: 0.002, G_B: 0.973, cycle_B: 0.230, idt_B: 0.052

[Rank 0] (epoch: 551, iters: 1728, time: 0.112, data: 0.002) , D_A: 0.064, G_A: 0.600, cycle_A: 0.072, idt_A: 0.098, D_B: 0.060, G_B: 1.021, cycle_B: 0.211, idt_B: 0.048

[Rank 0] (epoch: 551, iters: 1928, time: 0.023, data: 0.003) , D_A: 0.049, G_A: 0.844, cycle_A: 0.083, idt_A: 0.088, D_B: 0.003, G_B: 1.011, cycle_B: 0.195, idt_B: 0.055

learning rate 0.0000100 -> 0.0000100
saving the model at the end of epoch 551, iters 289200
End of epoch 551 / 670 	 Time Taken: 53 sec
[Rank 0] (epoch: 552, iters: 200, time: 0.106, data: 1.282) , D_A: 0.053, G_A: 0.750, cycle_A: 0.074, idt_A: 0.113, D_B: 0.003, G_B: 0.998, cycle_B: 0.235, idt_B: 0.048

[Rank 0] (epoch: 552, iters: 400, time: 0.030, data: 0.001) , D_A: 0.064, G_A: 0.781, cycle_A: 0.081, idt_A: 0.093, D_B: 0.002, G_B: 0.961, cycle_B: 0.197, idt_B: 0.055

[Rank 0] (epoch: 552, iters: 600, time: 0.029, data: 0.003) , D_A: 0.061, G_A: 0.682, cycle_A: 0.058, idt_A: 0.091, D_B: 0.001, G_B: 0.960, cycle_B: 0.193, idt_B: 0.039

[Rank 0] (epoch: 552, iters: 800, time: 0.100, data: 0.003) , D_A: 0.070, G_A: 0.851, cycle_A: 0.051, idt_A: 0.100, D_B: 0.004, G_B: 0.891, cycle_B: 0.216, idt_B: 0.035

saving the latest model (epoch 552, total_iters 290000)
[Rank 0] (epoch: 552, iters: 1000, time: 0.030, data: 0.003) , D_A: 0.077, G_A: 0.820, cycle_A: 0.080, idt_A: 0.090, D_B: 0.001, G_B: 1.005, cycle_B: 0.189, idt_B: 0.051

[Rank 0] (epoch: 552, iters: 1200, time: 0.030, data: 0.002) , D_A: 0.045, G_A: 0.808, cycle_A: 0.063, idt_A: 0.101, D_B: 0.021, G_B: 0.986, cycle_B: 0.222, idt_B: 0.043

[Rank 0] (epoch: 552, iters: 1400, time: 0.029, data: 0.003) , D_A: 0.084, G_A: 0.856, cycle_A: 0.087, idt_A: 0.096, D_B: 0.002, G_B: 0.971, cycle_B: 0.190, idt_B: 0.059

[Rank 0] (epoch: 552, iters: 1600, time: 0.030, data: 0.002) , D_A: 0.073, G_A: 0.623, cycle_A: 0.073, idt_A: 0.108, D_B: 0.005, G_B: 0.905, cycle_B: 0.220, idt_B: 0.047

[Rank 0] (epoch: 552, iters: 1800, time: 0.106, data: 0.003) , D_A: 0.070, G_A: 0.648, cycle_A: 0.091, idt_A: 0.086, D_B: 0.001, G_B: 0.987, cycle_B: 0.180, idt_B: 0.060

learning rate 0.0000100 -> 0.0000100
saving the model at the end of epoch 552, iters 291128
End of epoch 552 / 670 	 Time Taken: 53 sec
[Rank 0] (epoch: 553, iters: 72, time: 0.102, data: 0.001) , D_A: 0.065, G_A: 0.624, cycle_A: 0.071, idt_A: 0.106, D_B: 0.001, G_B: 1.002, cycle_B: 0.223, idt_B: 0.046

[Rank 0] (epoch: 553, iters: 272, time: 0.029, data: 0.001) , D_A: 0.056, G_A: 0.579, cycle_A: 0.067, idt_A: 0.099, D_B: 0.030, G_B: 0.957, cycle_B: 0.213, idt_B: 0.046

[Rank 0] (epoch: 553, iters: 472, time: 0.030, data: 0.002) , D_A: 0.061, G_A: 0.702, cycle_A: 0.067, idt_A: 0.091, D_B: 0.005, G_B: 0.854, cycle_B: 0.195, idt_B: 0.048

[Rank 0] (epoch: 553, iters: 672, time: 0.029, data: 0.003) , D_A: 0.049, G_A: 0.817, cycle_A: 0.078, idt_A: 0.099, D_B: 0.002, G_B: 0.994, cycle_B: 0.212, idt_B: 0.053

[Rank 0] (epoch: 553, iters: 872, time: 0.092, data: 0.003) , D_A: 0.056, G_A: 0.755, cycle_A: 0.083, idt_A: 0.095, D_B: 0.004, G_B: 0.872, cycle_B: 0.199, idt_B: 0.049

[Rank 0] (epoch: 553, iters: 1072, time: 0.029, data: 0.003) , D_A: 0.057, G_A: 0.720, cycle_A: 0.080, idt_A: 0.092, D_B: 0.034, G_B: 0.956, cycle_B: 0.190, idt_B: 0.054

[Rank 0] (epoch: 553, iters: 1272, time: 0.030, data: 0.002) , D_A: 0.062, G_A: 0.762, cycle_A: 0.074, idt_A: 0.102, D_B: 0.001, G_B: 1.002, cycle_B: 0.220, idt_B: 0.052

[Rank 0] (epoch: 553, iters: 1472, time: 0.030, data: 0.003) , D_A: 0.056, G_A: 0.763, cycle_A: 0.062, idt_A: 0.085, D_B: 0.002, G_B: 1.017, cycle_B: 0.176, idt_B: 0.042

[Rank 0] (epoch: 553, iters: 1672, time: 0.030, data: 0.002) , D_A: 0.059, G_A: 0.796, cycle_A: 0.076, idt_A: 0.096, D_B: 0.001, G_B: 0.940, cycle_B: 0.203, idt_B: 0.052

[Rank 0] (epoch: 553, iters: 1872, time: 0.097, data: 0.003) , D_A: 0.065, G_A: 0.664, cycle_A: 0.099, idt_A: 0.089, D_B: 0.001, G_B: 0.988, cycle_B: 0.187, idt_B: 0.070

learning rate 0.0000100 -> 0.0000100
saving the model at the end of epoch 553, iters 293056
End of epoch 553 / 670 	 Time Taken: 52 sec
[Rank 0] (epoch: 554, iters: 144, time: 0.104, data: 0.002) , D_A: 0.063, G_A: 0.519, cycle_A: 0.053, idt_A: 0.098, D_B: 0.001, G_B: 1.015, cycle_B: 0.210, idt_B: 0.036

[Rank 0] (epoch: 554, iters: 344, time: 0.029, data: 0.001) , D_A: 0.067, G_A: 0.686, cycle_A: 0.086, idt_A: 0.097, D_B: 0.004, G_B: 0.951, cycle_B: 0.214, idt_B: 0.054

[Rank 0] (epoch: 554, iters: 544, time: 0.030, data: 0.002) , D_A: 0.068, G_A: 0.549, cycle_A: 0.090, idt_A: 0.103, D_B: 0.002, G_B: 1.004, cycle_B: 0.215, idt_B: 0.060

[Rank 0] (epoch: 554, iters: 744, time: 0.029, data: 0.003) , D_A: 0.045, G_A: 0.762, cycle_A: 0.064, idt_A: 0.090, D_B: 0.049, G_B: 0.966, cycle_B: 0.190, idt_B: 0.046

[Rank 0] (epoch: 554, iters: 944, time: 0.115, data: 0.002) , D_A: 0.077, G_A: 0.674, cycle_A: 0.072, idt_A: 0.098, D_B: 0.001, G_B: 0.968, cycle_B: 0.203, idt_B: 0.051

[Rank 0] (epoch: 554, iters: 1144, time: 0.029, data: 0.003) , D_A: 0.058, G_A: 0.739, cycle_A: 0.093, idt_A: 0.099, D_B: 0.001, G_B: 0.984, cycle_B: 0.202, idt_B: 0.056

[Rank 0] (epoch: 554, iters: 1344, time: 0.029, data: 0.002) , D_A: 0.077, G_A: 0.786, cycle_A: 0.086, idt_A: 0.114, D_B: 0.001, G_B: 0.999, cycle_B: 0.231, idt_B: 0.065

[Rank 0] (epoch: 554, iters: 1544, time: 0.030, data: 0.002) , D_A: 0.061, G_A: 0.822, cycle_A: 0.087, idt_A: 0.096, D_B: 0.001, G_B: 0.999, cycle_B: 0.205, idt_B: 0.053

[Rank 0] (epoch: 554, iters: 1744, time: 0.030, data: 0.004) , D_A: 0.066, G_A: 0.635, cycle_A: 0.077, idt_A: 0.100, D_B: 0.002, G_B: 1.047, cycle_B: 0.214, idt_B: 0.053

learning rate 0.0000100 -> 0.0000100
saving the model at the end of epoch 554, iters 294984
End of epoch 554 / 670 	 Time Taken: 53 sec
[Rank 0] (epoch: 555, iters: 16, time: 0.147, data: 0.004) , D_A: 0.065, G_A: 0.616, cycle_A: 0.063, idt_A: 0.104, D_B: 0.001, G_B: 0.987, cycle_B: 0.219, idt_B: 0.044

saving the latest model (epoch 555, total_iters 295000)
[Rank 0] (epoch: 555, iters: 216, time: 0.030, data: 0.003) , D_A: 0.076, G_A: 0.723, cycle_A: 0.087, idt_A: 0.098, D_B: 0.001, G_B: 0.966, cycle_B: 0.196, idt_B: 0.057

[Rank 0] (epoch: 555, iters: 416, time: 0.030, data: 0.009) , D_A: 0.080, G_A: 0.680, cycle_A: 0.073, idt_A: 0.088, D_B: 0.003, G_B: 0.870, cycle_B: 0.185, idt_B: 0.048

[Rank 0] (epoch: 555, iters: 616, time: 0.029, data: 0.003) , D_A: 0.074, G_A: 0.674, cycle_A: 0.074, idt_A: 0.084, D_B: 0.001, G_B: 0.986, cycle_B: 0.173, idt_B: 0.057

[Rank 0] (epoch: 555, iters: 816, time: 0.029, data: 0.003) , D_A: 0.083, G_A: 0.648, cycle_A: 0.066, idt_A: 0.105, D_B: 0.001, G_B: 0.997, cycle_B: 0.227, idt_B: 0.047

[Rank 0] (epoch: 555, iters: 1016, time: 0.121, data: 0.002) , D_A: 0.073, G_A: 0.756, cycle_A: 0.068, idt_A: 0.093, D_B: 0.002, G_B: 0.973, cycle_B: 0.193, idt_B: 0.045

[Rank 0] (epoch: 555, iters: 1216, time: 0.030, data: 0.005) , D_A: 0.069, G_A: 0.728, cycle_A: 0.065, idt_A: 0.101, D_B: 0.001, G_B: 1.001, cycle_B: 0.207, idt_B: 0.042

[Rank 0] (epoch: 555, iters: 1416, time: 0.030, data: 0.003) , D_A: 0.051, G_A: 0.792, cycle_A: 0.102, idt_A: 0.112, D_B: 0.002, G_B: 0.928, cycle_B: 0.216, idt_B: 0.070

[Rank 0] (epoch: 555, iters: 1616, time: 0.029, data: 0.002) , D_A: 0.066, G_A: 0.676, cycle_A: 0.065, idt_A: 0.084, D_B: 0.002, G_B: 0.969, cycle_B: 0.171, idt_B: 0.044

[Rank 0] (epoch: 555, iters: 1816, time: 0.026, data: 0.007) , D_A: 0.065, G_A: 0.625, cycle_A: 0.062, idt_A: 0.101, D_B: 0.001, G_B: 0.977, cycle_B: 0.210, idt_B: 0.042

learning rate 0.0000100 -> 0.0000100
saving the model at the end of epoch 555, iters 296912
End of epoch 555 / 670 	 Time Taken: 53 sec
[Rank 0] (epoch: 556, iters: 88, time: 0.106, data: 0.002) , D_A: 0.109, G_A: 0.615, cycle_A: 0.090, idt_A: 0.098, D_B: 0.001, G_B: 0.981, cycle_B: 0.198, idt_B: 0.057

[Rank 0] (epoch: 556, iters: 288, time: 0.029, data: 0.002) , D_A: 0.069, G_A: 0.605, cycle_A: 0.080, idt_A: 0.102, D_B: 0.016, G_B: 0.727, cycle_B: 0.239, idt_B: 0.058

[Rank 0] (epoch: 556, iters: 488, time: 0.029, data: 0.003) , D_A: 0.104, G_A: 0.771, cycle_A: 0.092, idt_A: 0.090, D_B: 0.004, G_B: 0.918, cycle_B: 0.202, idt_B: 0.053

[Rank 0] (epoch: 556, iters: 688, time: 0.030, data: 0.002) , D_A: 0.073, G_A: 0.623, cycle_A: 0.083, idt_A: 0.099, D_B: 0.001, G_B: 0.989, cycle_B: 0.207, idt_B: 0.055

[Rank 0] (epoch: 556, iters: 888, time: 0.029, data: 0.003) , D_A: 0.053, G_A: 0.864, cycle_A: 0.107, idt_A: 0.095, D_B: 0.002, G_B: 0.964, cycle_B: 0.199, idt_B: 0.069

[Rank 0] (epoch: 556, iters: 1088, time: 0.105, data: 0.002) , D_A: 0.068, G_A: 0.756, cycle_A: 0.076, idt_A: 0.093, D_B: 0.001, G_B: 0.972, cycle_B: 0.201, idt_B: 0.048

[Rank 0] (epoch: 556, iters: 1288, time: 0.029, data: 0.003) , D_A: 0.057, G_A: 0.770, cycle_A: 0.092, idt_A: 0.088, D_B: 0.001, G_B: 0.981, cycle_B: 0.177, idt_B: 0.061

[Rank 0] (epoch: 556, iters: 1488, time: 0.030, data: 0.002) , D_A: 0.057, G_A: 0.697, cycle_A: 0.061, idt_A: 0.096, D_B: 0.063, G_B: 0.967, cycle_B: 0.204, idt_B: 0.041

[Rank 0] (epoch: 556, iters: 1688, time: 0.029, data: 0.002) , D_A: 0.089, G_A: 0.679, cycle_A: 0.073, idt_A: 0.094, D_B: 0.001, G_B: 0.987, cycle_B: 0.187, idt_B: 0.052

[Rank 0] (epoch: 556, iters: 1888, time: 0.030, data: 0.003) , D_A: 0.073, G_A: 0.700, cycle_A: 0.069, idt_A: 0.106, D_B: 0.060, G_B: 0.995, cycle_B: 0.227, idt_B: 0.051

learning rate 0.0000100 -> 0.0000100
saving the model at the end of epoch 556, iters 298840
End of epoch 556 / 670 	 Time Taken: 52 sec
[Rank 0] (epoch: 557, iters: 160, time: 0.116, data: 0.002) , D_A: 0.086, G_A: 0.813, cycle_A: 0.077, idt_A: 0.099, D_B: 0.001, G_B: 1.000, cycle_B: 0.215, idt_B: 0.049

[Rank 0] (epoch: 557, iters: 360, time: 0.029, data: 0.003) , D_A: 0.069, G_A: 0.663, cycle_A: 0.069, idt_A: 0.098, D_B: 0.001, G_B: 0.989, cycle_B: 0.200, idt_B: 0.050

[Rank 0] (epoch: 557, iters: 560, time: 0.030, data: 0.002) , D_A: 0.081, G_A: 0.635, cycle_A: 0.080, idt_A: 0.085, D_B: 0.001, G_B: 0.990, cycle_B: 0.177, idt_B: 0.058

[Rank 0] (epoch: 557, iters: 760, time: 0.029, data: 0.003) , D_A: 0.051, G_A: 0.745, cycle_A: 0.083, idt_A: 0.083, D_B: 0.005, G_B: 0.871, cycle_B: 0.196, idt_B: 0.046

[Rank 0] (epoch: 557, iters: 960, time: 0.029, data: 0.003) , D_A: 0.064, G_A: 0.799, cycle_A: 0.090, idt_A: 0.094, D_B: 0.002, G_B: 0.936, cycle_B: 0.203, idt_B: 0.055

[Rank 0] (epoch: 557, iters: 1160, time: 0.110, data: 0.003) , D_A: 0.064, G_A: 0.864, cycle_A: 0.091, idt_A: 0.103, D_B: 0.003, G_B: 0.901, cycle_B: 0.227, idt_B: 0.058

saving the latest model (epoch 557, total_iters 300000)
[Rank 0] (epoch: 557, iters: 1360, time: 0.030, data: 0.002) , D_A: 0.081, G_A: 0.660, cycle_A: 0.066, idt_A: 0.094, D_B: 0.001, G_B: 0.992, cycle_B: 0.207, idt_B: 0.052

[Rank 0] (epoch: 557, iters: 1560, time: 0.029, data: 0.003) , D_A: 0.054, G_A: 0.782, cycle_A: 0.073, idt_A: 0.099, D_B: 0.001, G_B: 0.962, cycle_B: 0.205, idt_B: 0.049

[Rank 0] (epoch: 557, iters: 1760, time: 0.030, data: 0.003) , D_A: 0.059, G_A: 0.935, cycle_A: 0.059, idt_A: 0.095, D_B: 0.002, G_B: 1.013, cycle_B: 0.210, idt_B: 0.037

learning rate 0.0000100 -> 0.0000100
saving the model at the end of epoch 557, iters 300768
End of epoch 557 / 670 	 Time Taken: 52 sec
[Rank 0] (epoch: 558, iters: 32, time: 0.134, data: 0.003) , D_A: 0.060, G_A: 0.773, cycle_A: 0.075, idt_A: 0.083, D_B: 0.001, G_B: 0.937, cycle_B: 0.180, idt_B: 0.049

[Rank 0] (epoch: 558, iters: 232, time: 0.116, data: 0.002) , D_A: 0.082, G_A: 0.521, cycle_A: 0.088, idt_A: 0.092, D_B: 0.002, G_B: 0.983, cycle_B: 0.195, idt_B: 0.059

[Rank 0] (epoch: 558, iters: 432, time: 0.029, data: 0.002) , D_A: 0.071, G_A: 0.569, cycle_A: 0.102, idt_A: 0.101, D_B: 0.001, G_B: 0.974, cycle_B: 0.209, idt_B: 0.070

[Rank 0] (epoch: 558, iters: 632, time: 0.030, data: 0.003) , D_A: 0.088, G_A: 0.740, cycle_A: 0.071, idt_A: 0.082, D_B: 0.004, G_B: 0.907, cycle_B: 0.172, idt_B: 0.047

[Rank 0] (epoch: 558, iters: 832, time: 0.030, data: 0.004) , D_A: 0.093, G_A: 0.479, cycle_A: 0.090, idt_A: 0.092, D_B: 0.002, G_B: 0.958, cycle_B: 0.196, idt_B: 0.066

[Rank 0] (epoch: 558, iters: 1032, time: 0.028, data: 0.005) , D_A: 0.090, G_A: 0.561, cycle_A: 0.088, idt_A: 0.096, D_B: 0.001, G_B: 1.025, cycle_B: 0.208, idt_B: 0.063

[Rank 0] (epoch: 558, iters: 1232, time: 0.154, data: 0.002) , D_A: 0.057, G_A: 0.706, cycle_A: 0.082, idt_A: 0.103, D_B: 0.018, G_B: 0.948, cycle_B: 0.213, idt_B: 0.053

[Rank 0] (epoch: 558, iters: 1432, time: 0.026, data: 0.004) , D_A: 0.088, G_A: 0.602, cycle_A: 0.073, idt_A: 0.090, D_B: 0.002, G_B: 0.964, cycle_B: 0.191, idt_B: 0.047

[Rank 0] (epoch: 558, iters: 1632, time: 0.030, data: 0.002) , D_A: 0.059, G_A: 0.755, cycle_A: 0.072, idt_A: 0.093, D_B: 0.002, G_B: 0.932, cycle_B: 0.196, idt_B: 0.044

[Rank 0] (epoch: 558, iters: 1832, time: 0.030, data: 0.002) , D_A: 0.082, G_A: 0.620, cycle_A: 0.080, idt_A: 0.106, D_B: 0.001, G_B: 0.993, cycle_B: 0.215, idt_B: 0.050

learning rate 0.0000100 -> 0.0000100
saving the model at the end of epoch 558, iters 302696
End of epoch 558 / 670 	 Time Taken: 56 sec
[Rank 0] (epoch: 559, iters: 104, time: 0.153, data: 0.004) , D_A: 0.074, G_A: 0.831, cycle_A: 0.065, idt_A: 0.104, D_B: 0.002, G_B: 0.909, cycle_B: 0.209, idt_B: 0.044

[Rank 0] (epoch: 559, iters: 304, time: 0.111, data: 0.002) , D_A: 0.071, G_A: 0.600, cycle_A: 0.091, idt_A: 0.100, D_B: 0.002, G_B: 0.946, cycle_B: 0.216, idt_B: 0.058

[Rank 0] (epoch: 559, iters: 504, time: 0.029, data: 0.004) , D_A: 0.064, G_A: 0.684, cycle_A: 0.088, idt_A: 0.102, D_B: 0.001, G_B: 1.004, cycle_B: 0.213, idt_B: 0.063

[Rank 0] (epoch: 559, iters: 704, time: 0.030, data: 0.002) , D_A: 0.059, G_A: 0.637, cycle_A: 0.077, idt_A: 0.089, D_B: 0.003, G_B: 0.910, cycle_B: 0.182, idt_B: 0.048

[Rank 0] (epoch: 559, iters: 904, time: 0.029, data: 0.003) , D_A: 0.074, G_A: 0.654, cycle_A: 0.093, idt_A: 0.091, D_B: 0.002, G_B: 0.940, cycle_B: 0.190, idt_B: 0.071

[Rank 0] (epoch: 559, iters: 1104, time: 0.029, data: 0.002) , D_A: 0.053, G_A: 0.756, cycle_A: 0.077, idt_A: 0.097, D_B: 0.001, G_B: 0.992, cycle_B: 0.194, idt_B: 0.053

[Rank 0] (epoch: 559, iters: 1304, time: 0.102, data: 0.003) , D_A: 0.072, G_A: 0.944, cycle_A: 0.088, idt_A: 0.101, D_B: 0.002, G_B: 1.006, cycle_B: 0.208, idt_B: 0.063

[Rank 0] (epoch: 559, iters: 1504, time: 0.030, data: 0.001) , D_A: 0.084, G_A: 0.534, cycle_A: 0.067, idt_A: 0.093, D_B: 0.001, G_B: 0.992, cycle_B: 0.184, idt_B: 0.050

[Rank 0] (epoch: 559, iters: 1704, time: 0.029, data: 0.003) , D_A: 0.065, G_A: 0.672, cycle_A: 0.096, idt_A: 0.111, D_B: 0.001, G_B: 0.976, cycle_B: 0.222, idt_B: 0.070

[Rank 0] (epoch: 559, iters: 1904, time: 0.030, data: 0.002) , D_A: 0.055, G_A: 0.721, cycle_A: 0.084, idt_A: 0.092, D_B: 0.001, G_B: 1.008, cycle_B: 0.190, idt_B: 0.054

learning rate 0.0000100 -> 0.0000100
saving the model at the end of epoch 559, iters 304624
End of epoch 559 / 670 	 Time Taken: 54 sec
[Rank 0] (epoch: 560, iters: 176, time: 0.101, data: 0.002) , D_A: 0.070, G_A: 0.739, cycle_A: 0.071, idt_A: 0.095, D_B: 0.001, G_B: 0.978, cycle_B: 0.190, idt_B: 0.052

[Rank 0] (epoch: 560, iters: 376, time: 0.098, data: 0.003) , D_A: 0.072, G_A: 0.807, cycle_A: 0.068, idt_A: 0.089, D_B: 0.048, G_B: 0.977, cycle_B: 0.177, idt_B: 0.044

saving the latest model (epoch 560, total_iters 305000)
[Rank 0] (epoch: 560, iters: 576, time: 0.029, data: 0.002) , D_A: 0.048, G_A: 0.670, cycle_A: 0.057, idt_A: 0.103, D_B: 0.010, G_B: 0.967, cycle_B: 0.204, idt_B: 0.039

[Rank 0] (epoch: 560, iters: 776, time: 0.029, data: 0.003) , D_A: 0.083, G_A: 0.819, cycle_A: 0.093, idt_A: 0.102, D_B: 0.001, G_B: 1.001, cycle_B: 0.217, idt_B: 0.058

[Rank 0] (epoch: 560, iters: 976, time: 0.030, data: 0.002) , D_A: 0.098, G_A: 0.641, cycle_A: 0.069, idt_A: 0.094, D_B: 0.033, G_B: 1.007, cycle_B: 0.188, idt_B: 0.048

[Rank 0] (epoch: 560, iters: 1176, time: 0.029, data: 0.002) , D_A: 0.073, G_A: 0.699, cycle_A: 0.087, idt_A: 0.093, D_B: 0.001, G_B: 0.994, cycle_B: 0.195, idt_B: 0.058

[Rank 0] (epoch: 560, iters: 1376, time: 0.102, data: 0.002) , D_A: 0.091, G_A: 0.594, cycle_A: 0.090, idt_A: 0.101, D_B: 0.002, G_B: 1.030, cycle_B: 0.210, idt_B: 0.058

[Rank 0] (epoch: 560, iters: 1576, time: 0.029, data: 0.002) , D_A: 0.083, G_A: 0.551, cycle_A: 0.071, idt_A: 0.087, D_B: 0.001, G_B: 0.991, cycle_B: 0.188, idt_B: 0.046

[Rank 0] (epoch: 560, iters: 1776, time: 0.030, data: 0.002) , D_A: 0.076, G_A: 0.562, cycle_A: 0.079, idt_A: 0.105, D_B: 0.003, G_B: 0.885, cycle_B: 0.213, idt_B: 0.054

learning rate 0.0000100 -> 0.0000100
saving the model at the end of epoch 560, iters 306552
End of epoch 560 / 670 	 Time Taken: 53 sec
[Rank 0] (epoch: 561, iters: 48, time: 0.128, data: 0.003) , D_A: 0.082, G_A: 0.738, cycle_A: 0.059, idt_A: 0.091, D_B: 0.003, G_B: 0.906, cycle_B: 0.191, idt_B: 0.040

[Rank 0] (epoch: 561, iters: 248, time: 0.030, data: 0.002) , D_A: 0.076, G_A: 0.640, cycle_A: 0.087, idt_A: 0.109, D_B: 0.003, G_B: 0.928, cycle_B: 0.212, idt_B: 0.052

[Rank 0] (epoch: 561, iters: 448, time: 0.103, data: 0.004) , D_A: 0.086, G_A: 0.638, cycle_A: 0.075, idt_A: 0.108, D_B: 0.002, G_B: 0.893, cycle_B: 0.223, idt_B: 0.056

[Rank 0] (epoch: 561, iters: 648, time: 0.030, data: 0.002) , D_A: 0.117, G_A: 0.881, cycle_A: 0.083, idt_A: 0.087, D_B: 0.002, G_B: 0.999, cycle_B: 0.185, idt_B: 0.057

[Rank 0] (epoch: 561, iters: 848, time: 0.029, data: 0.003) , D_A: 0.087, G_A: 0.821, cycle_A: 0.059, idt_A: 0.099, D_B: 0.006, G_B: 0.867, cycle_B: 0.203, idt_B: 0.042

[Rank 0] (epoch: 561, iters: 1048, time: 0.030, data: 0.002) , D_A: 0.089, G_A: 0.632, cycle_A: 0.066, idt_A: 0.102, D_B: 0.002, G_B: 0.987, cycle_B: 0.224, idt_B: 0.044

[Rank 0] (epoch: 561, iters: 1248, time: 0.029, data: 0.006) , D_A: 0.075, G_A: 0.623, cycle_A: 0.071, idt_A: 0.096, D_B: 0.024, G_B: 0.918, cycle_B: 0.202, idt_B: 0.049

[Rank 0] (epoch: 561, iters: 1448, time: 0.110, data: 0.004) , D_A: 0.099, G_A: 0.678, cycle_A: 0.096, idt_A: 0.090, D_B: 0.001, G_B: 0.989, cycle_B: 0.184, idt_B: 0.065

[Rank 0] (epoch: 561, iters: 1648, time: 0.030, data: 0.002) , D_A: 0.066, G_A: 0.668, cycle_A: 0.068, idt_A: 0.094, D_B: 0.001, G_B: 0.997, cycle_B: 0.185, idt_B: 0.044

[Rank 0] (epoch: 561, iters: 1848, time: 0.030, data: 0.002) , D_A: 0.050, G_A: 0.787, cycle_A: 0.068, idt_A: 0.097, D_B: 0.008, G_B: 0.824, cycle_B: 0.192, idt_B: 0.049

learning rate 0.0000100 -> 0.0000100
saving the model at the end of epoch 561, iters 308480
End of epoch 561 / 670 	 Time Taken: 53 sec
[Rank 0] (epoch: 562, iters: 120, time: 0.098, data: 0.002) , D_A: 0.072, G_A: 0.698, cycle_A: 0.070, idt_A: 0.106, D_B: 0.003, G_B: 0.966, cycle_B: 0.223, idt_B: 0.049

[Rank 0] (epoch: 562, iters: 320, time: 0.029, data: 0.002) , D_A: 0.065, G_A: 0.659, cycle_A: 0.066, idt_A: 0.090, D_B: 0.010, G_B: 0.974, cycle_B: 0.192, idt_B: 0.047

[Rank 0] (epoch: 562, iters: 520, time: 0.107, data: 0.002) , D_A: 0.082, G_A: 0.719, cycle_A: 0.063, idt_A: 0.091, D_B: 0.001, G_B: 0.970, cycle_B: 0.184, idt_B: 0.045

[Rank 0] (epoch: 562, iters: 720, time: 0.029, data: 0.003) , D_A: 0.078, G_A: 0.542, cycle_A: 0.090, idt_A: 0.087, D_B: 0.002, G_B: 0.947, cycle_B: 0.181, idt_B: 0.063

[Rank 0] (epoch: 562, iters: 920, time: 0.030, data: 0.002) , D_A: 0.066, G_A: 0.772, cycle_A: 0.116, idt_A: 0.101, D_B: 0.002, G_B: 0.930, cycle_B: 0.207, idt_B: 0.077

[Rank 0] (epoch: 562, iters: 1120, time: 0.029, data: 0.006) , D_A: 0.065, G_A: 0.697, cycle_A: 0.084, idt_A: 0.113, D_B: 0.019, G_B: 1.020, cycle_B: 0.223, idt_B: 0.060

[Rank 0] (epoch: 562, iters: 1320, time: 0.030, data: 0.002) , D_A: 0.066, G_A: 0.675, cycle_A: 0.083, idt_A: 0.111, D_B: 0.001, G_B: 1.031, cycle_B: 0.210, idt_B: 0.054

[Rank 0] (epoch: 562, iters: 1520, time: 0.099, data: 0.003) , D_A: 0.099, G_A: 0.693, cycle_A: 0.083, idt_A: 0.094, D_B: 0.001, G_B: 0.957, cycle_B: 0.193, idt_B: 0.051

saving the latest model (epoch 562, total_iters 310000)
[Rank 0] (epoch: 562, iters: 1720, time: 0.030, data: 0.001) , D_A: 0.072, G_A: 0.684, cycle_A: 0.077, idt_A: 0.086, D_B: 0.003, G_B: 1.003, cycle_B: 0.178, idt_B: 0.053

[Rank 0] (epoch: 562, iters: 1920, time: 0.030, data: 0.003) , D_A: 0.068, G_A: 0.684, cycle_A: 0.083, idt_A: 0.094, D_B: 0.003, G_B: 0.893, cycle_B: 0.189, idt_B: 0.056

learning rate 0.0000100 -> 0.0000100
saving the model at the end of epoch 562, iters 310408
End of epoch 562 / 670 	 Time Taken: 53 sec
[Rank 0] (epoch: 563, iters: 192, time: 0.119, data: 0.002) , D_A: 0.056, G_A: 0.715, cycle_A: 0.078, idt_A: 0.094, D_B: 0.010, G_B: 0.953, cycle_B: 0.187, idt_B: 0.054

[Rank 0] (epoch: 563, iters: 392, time: 0.029, data: 0.003) , D_A: 0.054, G_A: 0.728, cycle_A: 0.081, idt_A: 0.097, D_B: 0.002, G_B: 0.964, cycle_B: 0.197, idt_B: 0.051

[Rank 0] (epoch: 563, iters: 592, time: 0.107, data: 0.002) , D_A: 0.081, G_A: 0.584, cycle_A: 0.087, idt_A: 0.100, D_B: 0.003, G_B: 1.069, cycle_B: 0.201, idt_B: 0.062

[Rank 0] (epoch: 563, iters: 792, time: 0.029, data: 0.002) , D_A: 0.082, G_A: 0.693, cycle_A: 0.066, idt_A: 0.101, D_B: 0.002, G_B: 1.045, cycle_B: 0.196, idt_B: 0.042

[Rank 0] (epoch: 563, iters: 992, time: 0.029, data: 0.002) , D_A: 0.072, G_A: 0.599, cycle_A: 0.079, idt_A: 0.099, D_B: 0.001, G_B: 1.029, cycle_B: 0.199, idt_B: 0.053

[Rank 0] (epoch: 563, iters: 1192, time: 0.029, data: 0.003) , D_A: 0.067, G_A: 0.681, cycle_A: 0.075, idt_A: 0.103, D_B: 0.001, G_B: 0.993, cycle_B: 0.208, idt_B: 0.044

[Rank 0] (epoch: 563, iters: 1392, time: 0.029, data: 0.002) , D_A: 0.077, G_A: 0.610, cycle_A: 0.066, idt_A: 0.093, D_B: 0.004, G_B: 0.880, cycle_B: 0.197, idt_B: 0.044

[Rank 0] (epoch: 563, iters: 1592, time: 0.103, data: 0.003) , D_A: 0.066, G_A: 0.705, cycle_A: 0.098, idt_A: 0.106, D_B: 0.003, G_B: 0.934, cycle_B: 0.212, idt_B: 0.065

[Rank 0] (epoch: 563, iters: 1792, time: 0.029, data: 0.001) , D_A: 0.064, G_A: 0.898, cycle_A: 0.080, idt_A: 0.093, D_B: 0.002, G_B: 0.973, cycle_B: 0.193, idt_B: 0.051

learning rate 0.0000100 -> 0.0000100
saving the model at the end of epoch 563, iters 312336
End of epoch 563 / 670 	 Time Taken: 53 sec
[Rank 0] (epoch: 564, iters: 64, time: 0.121, data: 0.004) , D_A: 0.053, G_A: 0.838, cycle_A: 0.054, idt_A: 0.100, D_B: 0.001, G_B: 0.974, cycle_B: 0.204, idt_B: 0.033

[Rank 0] (epoch: 564, iters: 264, time: 0.030, data: 0.004) , D_A: 0.072, G_A: 0.698, cycle_A: 0.089, idt_A: 0.089, D_B: 0.002, G_B: 0.984, cycle_B: 0.187, idt_B: 0.058

[Rank 0] (epoch: 564, iters: 464, time: 0.029, data: 0.003) , D_A: 0.058, G_A: 0.763, cycle_A: 0.092, idt_A: 0.096, D_B: 0.002, G_B: 0.948, cycle_B: 0.191, idt_B: 0.061

[Rank 0] (epoch: 564, iters: 664, time: 0.098, data: 0.002) , D_A: 0.065, G_A: 0.633, cycle_A: 0.077, idt_A: 0.090, D_B: 0.007, G_B: 0.846, cycle_B: 0.193, idt_B: 0.055

[Rank 0] (epoch: 564, iters: 864, time: 0.029, data: 0.002) , D_A: 0.059, G_A: 0.763, cycle_A: 0.068, idt_A: 0.097, D_B: 0.005, G_B: 0.812, cycle_B: 0.206, idt_B: 0.044

[Rank 0] (epoch: 564, iters: 1064, time: 0.030, data: 0.002) , D_A: 0.075, G_A: 0.813, cycle_A: 0.062, idt_A: 0.100, D_B: 0.001, G_B: 0.979, cycle_B: 0.211, idt_B: 0.045

[Rank 0] (epoch: 564, iters: 1264, time: 0.029, data: 0.003) , D_A: 0.074, G_A: 0.627, cycle_A: 0.080, idt_A: 0.097, D_B: 0.002, G_B: 0.932, cycle_B: 0.203, idt_B: 0.056

[Rank 0] (epoch: 564, iters: 1464, time: 0.030, data: 0.002) , D_A: 0.098, G_A: 0.445, cycle_A: 0.083, idt_A: 0.092, D_B: 0.002, G_B: 1.072, cycle_B: 0.199, idt_B: 0.054

[Rank 0] (epoch: 564, iters: 1664, time: 0.130, data: 0.003) , D_A: 0.073, G_A: 0.694, cycle_A: 0.093, idt_A: 0.103, D_B: 0.004, G_B: 1.027, cycle_B: 0.229, idt_B: 0.061

[Rank 0] (epoch: 564, iters: 1864, time: 0.029, data: 0.003) , D_A: 0.054, G_A: 0.827, cycle_A: 0.128, idt_A: 0.089, D_B: 0.014, G_B: 0.695, cycle_B: 0.209, idt_B: 0.082

learning rate 0.0000100 -> 0.0000100
saving the model at the end of epoch 564, iters 314264
End of epoch 564 / 670 	 Time Taken: 53 sec
[Rank 0] (epoch: 565, iters: 136, time: 0.111, data: 0.002) , D_A: 0.063, G_A: 0.690, cycle_A: 0.098, idt_A: 0.114, D_B: 0.024, G_B: 0.768, cycle_B: 0.305, idt_B: 0.066

[Rank 0] (epoch: 565, iters: 336, time: 0.030, data: 0.002) , D_A: 0.065, G_A: 0.559, cycle_A: 0.088, idt_A: 0.113, D_B: 0.009, G_B: 0.857, cycle_B: 0.275, idt_B: 0.062

[Rank 0] (epoch: 565, iters: 536, time: 0.026, data: 0.005) , D_A: 0.065, G_A: 0.616, cycle_A: 0.080, idt_A: 0.088, D_B: 0.008, G_B: 0.874, cycle_B: 0.237, idt_B: 0.060

[Rank 0] (epoch: 565, iters: 736, time: 0.145, data: 0.002) , D_A: 0.054, G_A: 0.732, cycle_A: 0.067, idt_A: 0.095, D_B: 0.005, G_B: 0.929, cycle_B: 0.241, idt_B: 0.048

saving the latest model (epoch 565, total_iters 315000)
[Rank 0] (epoch: 565, iters: 936, time: 0.026, data: 0.002) , D_A: 0.073, G_A: 0.717, cycle_A: 0.092, idt_A: 0.087, D_B: 0.006, G_B: 0.944, cycle_B: 0.204, idt_B: 0.061

[Rank 0] (epoch: 565, iters: 1136, time: 0.030, data: 0.003) , D_A: 0.053, G_A: 0.670, cycle_A: 0.097, idt_A: 0.101, D_B: 0.005, G_B: 0.924, cycle_B: 0.241, idt_B: 0.062

[Rank 0] (epoch: 565, iters: 1336, time: 0.030, data: 0.003) , D_A: 0.067, G_A: 0.582, cycle_A: 0.087, idt_A: 0.096, D_B: 0.014, G_B: 0.847, cycle_B: 0.235, idt_B: 0.061

[Rank 0] (epoch: 565, iters: 1536, time: 0.029, data: 0.094) , D_A: 0.079, G_A: 0.595, cycle_A: 0.087, idt_A: 0.105, D_B: 0.008, G_B: 0.880, cycle_B: 0.266, idt_B: 0.067

[Rank 0] (epoch: 565, iters: 1736, time: 0.156, data: 0.240) , D_A: 0.082, G_A: 0.714, cycle_A: 0.078, idt_A: 0.098, D_B: 0.004, G_B: 0.963, cycle_B: 0.250, idt_B: 0.053

learning rate 0.0000100 -> 0.0000100
saving the model at the end of epoch 565, iters 316192
End of epoch 565 / 670 	 Time Taken: 60 sec
[Rank 0] (epoch: 566, iters: 8, time: 0.095, data: 0.003) , D_A: 0.086, G_A: 0.630, cycle_A: 0.118, idt_A: 0.088, D_B: 0.009, G_B: 0.939, cycle_B: 0.217, idt_B: 0.073

[Rank 0] (epoch: 566, iters: 208, time: 0.029, data: 0.002) , D_A: 0.058, G_A: 0.691, cycle_A: 0.088, idt_A: 0.104, D_B: 0.011, G_B: 0.800, cycle_B: 0.256, idt_B: 0.066

[Rank 0] (epoch: 566, iters: 408, time: 0.029, data: 0.004) , D_A: 0.099, G_A: 0.677, cycle_A: 0.101, idt_A: 0.094, D_B: 0.008, G_B: 0.884, cycle_B: 0.216, idt_B: 0.073

[Rank 0] (epoch: 566, iters: 608, time: 0.026, data: 0.243) , D_A: 0.101, G_A: 0.866, cycle_A: 0.085, idt_A: 0.099, D_B: 0.030, G_B: 0.908, cycle_B: 0.227, idt_B: 0.062

[Rank 0] (epoch: 566, iters: 808, time: 0.142, data: 0.007) , D_A: 0.057, G_A: 0.672, cycle_A: 0.085, idt_A: 0.095, D_B: 0.017, G_B: 0.781, cycle_B: 0.225, idt_B: 0.061

[Rank 0] (epoch: 566, iters: 1008, time: 0.030, data: 0.003) , D_A: 0.077, G_A: 0.666, cycle_A: 0.082, idt_A: 0.102, D_B: 0.004, G_B: 0.936, cycle_B: 0.246, idt_B: 0.055

[Rank 0] (epoch: 566, iters: 1208, time: 0.030, data: 0.008) , D_A: 0.066, G_A: 0.601, cycle_A: 0.079, idt_A: 0.093, D_B: 0.006, G_B: 0.950, cycle_B: 0.216, idt_B: 0.050

[Rank 0] (epoch: 566, iters: 1408, time: 0.027, data: 0.226) , D_A: 0.090, G_A: 0.665, cycle_A: 0.070, idt_A: 0.099, D_B: 0.004, G_B: 0.976, cycle_B: 0.230, idt_B: 0.046

[Rank 0] (epoch: 566, iters: 1608, time: 0.030, data: 0.002) , D_A: 0.045, G_A: 0.844, cycle_A: 0.072, idt_A: 0.098, D_B: 0.024, G_B: 0.979, cycle_B: 0.223, idt_B: 0.050

[Rank 0] (epoch: 566, iters: 1808, time: 0.165, data: 0.003) , D_A: 0.070, G_A: 0.712, cycle_A: 0.086, idt_A: 0.102, D_B: 0.005, G_B: 0.912, cycle_B: 0.233, idt_B: 0.057

learning rate 0.0000100 -> 0.0000100
saving the model at the end of epoch 566, iters 318120
End of epoch 566 / 670 	 Time Taken: 64 sec
[Rank 0] (epoch: 567, iters: 80, time: 0.104, data: 0.013) , D_A: 0.059, G_A: 0.887, cycle_A: 0.072, idt_A: 0.099, D_B: 0.010, G_B: 0.933, cycle_B: 0.234, idt_B: 0.050

[Rank 0] (epoch: 567, iters: 280, time: 0.029, data: 0.004) , D_A: 0.091, G_A: 0.789, cycle_A: 0.068, idt_A: 0.092, D_B: 0.006, G_B: 0.926, cycle_B: 0.219, idt_B: 0.046

[Rank 0] (epoch: 567, iters: 480, time: 0.030, data: 0.002) , D_A: 0.105, G_A: 0.931, cycle_A: 0.099, idt_A: 0.085, D_B: 0.009, G_B: 0.836, cycle_B: 0.209, idt_B: 0.063

[Rank 0] (epoch: 567, iters: 680, time: 0.029, data: 0.003) , D_A: 0.064, G_A: 0.581, cycle_A: 0.083, idt_A: 0.104, D_B: 0.018, G_B: 1.074, cycle_B: 0.273, idt_B: 0.060

[Rank 0] (epoch: 567, iters: 880, time: 0.118, data: 0.003) , D_A: 0.056, G_A: 0.752, cycle_A: 0.075, idt_A: 0.096, D_B: 0.009, G_B: 0.809, cycle_B: 0.242, idt_B: 0.051

[Rank 0] (epoch: 567, iters: 1080, time: 0.029, data: 0.002) , D_A: 0.063, G_A: 0.648, cycle_A: 0.091, idt_A: 0.090, D_B: 0.006, G_B: 0.907, cycle_B: 0.211, idt_B: 0.067

[Rank 0] (epoch: 567, iters: 1280, time: 0.030, data: 0.003) , D_A: 0.083, G_A: 0.679, cycle_A: 0.070, idt_A: 0.108, D_B: 0.008, G_B: 0.855, cycle_B: 0.245, idt_B: 0.051

[Rank 0] (epoch: 567, iters: 1480, time: 0.029, data: 0.003) , D_A: 0.051, G_A: 0.822, cycle_A: 0.065, idt_A: 0.097, D_B: 0.004, G_B: 0.933, cycle_B: 0.205, idt_B: 0.043

[Rank 0] (epoch: 567, iters: 1680, time: 0.030, data: 0.002) , D_A: 0.054, G_A: 0.744, cycle_A: 0.090, idt_A: 0.091, D_B: 0.003, G_B: 0.947, cycle_B: 0.195, idt_B: 0.065

[Rank 0] (epoch: 567, iters: 1880, time: 0.099, data: 0.003) , D_A: 0.070, G_A: 0.735, cycle_A: 0.084, idt_A: 0.095, D_B: 0.003, G_B: 0.985, cycle_B: 0.198, idt_B: 0.058

saving the latest model (epoch 567, total_iters 320000)
learning rate 0.0000100 -> 0.0000100
saving the model at the end of epoch 567, iters 320048
End of epoch 567 / 670 	 Time Taken: 54 sec
[Rank 0] (epoch: 568, iters: 152, time: 0.105, data: 0.001) , D_A: 0.062, G_A: 0.787, cycle_A: 0.089, idt_A: 0.082, D_B: 0.005, G_B: 0.860, cycle_B: 0.183, idt_B: 0.055

[Rank 0] (epoch: 568, iters: 352, time: 0.030, data: 0.002) , D_A: 0.092, G_A: 0.729, cycle_A: 0.083, idt_A: 0.094, D_B: 0.003, G_B: 0.965, cycle_B: 0.200, idt_B: 0.056

[Rank 0] (epoch: 568, iters: 552, time: 0.029, data: 0.003) , D_A: 0.073, G_A: 0.760, cycle_A: 0.067, idt_A: 0.103, D_B: 0.005, G_B: 1.036, cycle_B: 0.230, idt_B: 0.050

[Rank 0] (epoch: 568, iters: 752, time: 0.030, data: 0.003) , D_A: 0.073, G_A: 0.730, cycle_A: 0.096, idt_A: 0.090, D_B: 0.007, G_B: 0.911, cycle_B: 0.215, idt_B: 0.069

[Rank 0] (epoch: 568, iters: 952, time: 0.116, data: 0.003) , D_A: 0.095, G_A: 0.670, cycle_A: 0.061, idt_A: 0.102, D_B: 0.006, G_B: 0.921, cycle_B: 0.224, idt_B: 0.041

[Rank 0] (epoch: 568, iters: 1152, time: 0.030, data: 0.002) , D_A: 0.074, G_A: 0.862, cycle_A: 0.071, idt_A: 0.097, D_B: 0.005, G_B: 0.956, cycle_B: 0.214, idt_B: 0.053

[Rank 0] (epoch: 568, iters: 1352, time: 0.029, data: 0.003) , D_A: 0.071, G_A: 0.619, cycle_A: 0.079, idt_A: 0.094, D_B: 0.003, G_B: 0.926, cycle_B: 0.204, idt_B: 0.051

[Rank 0] (epoch: 568, iters: 1552, time: 0.029, data: 0.002) , D_A: 0.061, G_A: 0.776, cycle_A: 0.075, idt_A: 0.105, D_B: 0.013, G_B: 0.949, cycle_B: 0.240, idt_B: 0.054

[Rank 0] (epoch: 568, iters: 1752, time: 0.029, data: 0.003) , D_A: 0.088, G_A: 0.623, cycle_A: 0.075, idt_A: 0.096, D_B: 0.002, G_B: 0.964, cycle_B: 0.223, idt_B: 0.049

learning rate 0.0000100 -> 0.0000100
saving the model at the end of epoch 568, iters 321976
End of epoch 568 / 670 	 Time Taken: 52 sec
[Rank 0] (epoch: 569, iters: 24, time: 0.135, data: 0.002) , D_A: 0.051, G_A: 0.860, cycle_A: 0.068, idt_A: 0.098, D_B: 0.003, G_B: 0.991, cycle_B: 0.211, idt_B: 0.045

[Rank 0] (epoch: 569, iters: 224, time: 0.031, data: 0.003) , D_A: 0.052, G_A: 0.721, cycle_A: 0.082, idt_A: 0.088, D_B: 0.002, G_B: 0.912, cycle_B: 0.194, idt_B: 0.055

[Rank 0] (epoch: 569, iters: 424, time: 0.029, data: 0.003) , D_A: 0.050, G_A: 0.722, cycle_A: 0.062, idt_A: 0.087, D_B: 0.003, G_B: 0.981, cycle_B: 0.196, idt_B: 0.042

[Rank 0] (epoch: 569, iters: 624, time: 0.030, data: 0.005) , D_A: 0.061, G_A: 1.202, cycle_A: 0.060, idt_A: 0.106, D_B: 0.003, G_B: 0.968, cycle_B: 0.236, idt_B: 0.042

[Rank 0] (epoch: 569, iters: 824, time: 0.029, data: 0.002) , D_A: 0.058, G_A: 0.668, cycle_A: 0.081, idt_A: 0.099, D_B: 0.005, G_B: 0.846, cycle_B: 0.229, idt_B: 0.055

[Rank 0] (epoch: 569, iters: 1024, time: 0.111, data: 0.002) , D_A: 0.065, G_A: 0.894, cycle_A: 0.078, idt_A: 0.090, D_B: 0.002, G_B: 0.910, cycle_B: 0.210, idt_B: 0.055

[Rank 0] (epoch: 569, iters: 1224, time: 0.030, data: 0.002) , D_A: 0.087, G_A: 0.715, cycle_A: 0.075, idt_A: 0.099, D_B: 0.003, G_B: 0.929, cycle_B: 0.212, idt_B: 0.053

[Rank 0] (epoch: 569, iters: 1424, time: 0.026, data: 0.058) , D_A: 0.054, G_A: 0.787, cycle_A: 0.087, idt_A: 0.099, D_B: 0.003, G_B: 0.920, cycle_B: 0.230, idt_B: 0.061

[Rank 0] (epoch: 569, iters: 1624, time: 0.030, data: 0.002) , D_A: 0.073, G_A: 0.701, cycle_A: 0.076, idt_A: 0.099, D_B: 0.003, G_B: 0.918, cycle_B: 0.219, idt_B: 0.050

[Rank 0] (epoch: 569, iters: 1824, time: 0.030, data: 0.002) , D_A: 0.038, G_A: 0.804, cycle_A: 0.064, idt_A: 0.087, D_B: 0.008, G_B: 0.900, cycle_B: 0.207, idt_B: 0.043

learning rate 0.0000100 -> 0.0000100
saving the model at the end of epoch 569, iters 323904
End of epoch 569 / 670 	 Time Taken: 53 sec
[Rank 0] (epoch: 570, iters: 96, time: 0.127, data: 0.003) , D_A: 0.053, G_A: 0.733, cycle_A: 0.090, idt_A: 0.088, D_B: 0.003, G_B: 0.938, cycle_B: 0.210, idt_B: 0.060

[Rank 0] (epoch: 570, iters: 296, time: 0.030, data: 0.003) , D_A: 0.069, G_A: 0.899, cycle_A: 0.085, idt_A: 0.098, D_B: 0.003, G_B: 0.982, cycle_B: 0.241, idt_B: 0.053

[Rank 0] (epoch: 570, iters: 496, time: 0.030, data: 0.003) , D_A: 0.055, G_A: 0.740, cycle_A: 0.090, idt_A: 0.085, D_B: 0.002, G_B: 0.996, cycle_B: 0.210, idt_B: 0.060

[Rank 0] (epoch: 570, iters: 696, time: 0.029, data: 0.003) , D_A: 0.063, G_A: 0.801, cycle_A: 0.082, idt_A: 0.103, D_B: 0.003, G_B: 0.913, cycle_B: 0.232, idt_B: 0.052

[Rank 0] (epoch: 570, iters: 896, time: 0.026, data: 0.005) , D_A: 0.073, G_A: 0.624, cycle_A: 0.084, idt_A: 0.096, D_B: 0.003, G_B: 0.977, cycle_B: 0.221, idt_B: 0.054

[Rank 0] (epoch: 570, iters: 1096, time: 0.179, data: 0.005) , D_A: 0.073, G_A: 0.666, cycle_A: 0.063, idt_A: 0.092, D_B: 0.002, G_B: 0.972, cycle_B: 0.221, idt_B: 0.046

saving the latest model (epoch 570, total_iters 325000)
[Rank 0] (epoch: 570, iters: 1296, time: 0.029, data: 0.002) , D_A: 0.048, G_A: 0.868, cycle_A: 0.054, idt_A: 0.105, D_B: 0.003, G_B: 0.956, cycle_B: 0.247, idt_B: 0.036

[Rank 0] (epoch: 570, iters: 1496, time: 0.029, data: 0.003) , D_A: 0.062, G_A: 0.687, cycle_A: 0.083, idt_A: 0.095, D_B: 0.002, G_B: 0.994, cycle_B: 0.226, idt_B: 0.060

[Rank 0] (epoch: 570, iters: 1696, time: 0.029, data: 0.003) , D_A: 0.068, G_A: 0.926, cycle_A: 0.094, idt_A: 0.099, D_B: 0.004, G_B: 0.966, cycle_B: 0.227, idt_B: 0.058

[Rank 0] (epoch: 570, iters: 1896, time: 0.030, data: 0.002) , D_A: 0.066, G_A: 0.742, cycle_A: 0.100, idt_A: 0.095, D_B: 0.002, G_B: 0.963, cycle_B: 0.213, idt_B: 0.065

learning rate 0.0000100 -> 0.0000100
saving the model at the end of epoch 570, iters 325832
End of epoch 570 / 670 	 Time Taken: 59 sec
[Rank 0] (epoch: 571, iters: 168, time: 0.161, data: 0.002) , D_A: 0.054, G_A: 0.857, cycle_A: 0.074, idt_A: 0.106, D_B: 0.002, G_B: 0.946, cycle_B: 0.244, idt_B: 0.051

[Rank 0] (epoch: 571, iters: 368, time: 0.030, data: 0.002) , D_A: 0.055, G_A: 0.655, cycle_A: 0.082, idt_A: 0.099, D_B: 0.002, G_B: 0.947, cycle_B: 0.224, idt_B: 0.058

[Rank 0] (epoch: 571, iters: 568, time: 0.027, data: 0.003) , D_A: 0.112, G_A: 0.868, cycle_A: 0.087, idt_A: 0.102, D_B: 0.001, G_B: 1.000, cycle_B: 0.238, idt_B: 0.061

[Rank 0] (epoch: 571, iters: 768, time: 0.030, data: 0.003) , D_A: 0.074, G_A: 0.617, cycle_A: 0.081, idt_A: 0.094, D_B: 0.002, G_B: 0.956, cycle_B: 0.220, idt_B: 0.055

[Rank 0] (epoch: 571, iters: 968, time: 0.030, data: 0.006) , D_A: 0.065, G_A: 0.645, cycle_A: 0.084, idt_A: 0.096, D_B: 0.002, G_B: 1.031, cycle_B: 0.231, idt_B: 0.060

[Rank 0] (epoch: 571, iters: 1168, time: 0.164, data: 0.007) , D_A: 0.065, G_A: 0.628, cycle_A: 0.073, idt_A: 0.096, D_B: 0.002, G_B: 0.963, cycle_B: 0.227, idt_B: 0.051

[Rank 0] (epoch: 571, iters: 1368, time: 0.030, data: 0.003) , D_A: 0.064, G_A: 0.566, cycle_A: 0.069, idt_A: 0.097, D_B: 0.002, G_B: 0.983, cycle_B: 0.237, idt_B: 0.048

[Rank 0] (epoch: 571, iters: 1568, time: 0.030, data: 0.006) , D_A: 0.062, G_A: 0.549, cycle_A: 0.096, idt_A: 0.090, D_B: 0.001, G_B: 0.968, cycle_B: 0.207, idt_B: 0.062

[Rank 0] (epoch: 571, iters: 1768, time: 0.029, data: 0.005) , D_A: 0.072, G_A: 0.524, cycle_A: 0.068, idt_A: 0.106, D_B: 0.002, G_B: 1.003, cycle_B: 0.230, idt_B: 0.046

learning rate 0.0000100 -> 0.0000100
saving the model at the end of epoch 571, iters 327760
End of epoch 571 / 670 	 Time Taken: 68 sec
[Rank 0] (epoch: 572, iters: 40, time: 0.108, data: 0.003) , D_A: 0.065, G_A: 0.760, cycle_A: 0.064, idt_A: 0.100, D_B: 0.001, G_B: 1.008, cycle_B: 0.237, idt_B: 0.038

[Rank 0] (epoch: 572, iters: 240, time: 0.101, data: 0.002) , D_A: 0.059, G_A: 0.557, cycle_A: 0.088, idt_A: 0.098, D_B: 0.001, G_B: 0.969, cycle_B: 0.228, idt_B: 0.058

[Rank 0] (epoch: 572, iters: 440, time: 0.030, data: 0.003) , D_A: 0.094, G_A: 0.461, cycle_A: 0.082, idt_A: 0.098, D_B: 0.002, G_B: 0.934, cycle_B: 0.225, idt_B: 0.055

[Rank 0] (epoch: 572, iters: 640, time: 0.030, data: 0.003) , D_A: 0.053, G_A: 0.861, cycle_A: 0.075, idt_A: 0.093, D_B: 0.001, G_B: 0.988, cycle_B: 0.215, idt_B: 0.046

[Rank 0] (epoch: 572, iters: 840, time: 0.030, data: 0.002) , D_A: 0.086, G_A: 0.902, cycle_A: 0.080, idt_A: 0.105, D_B: 0.004, G_B: 0.930, cycle_B: 0.245, idt_B: 0.058

[Rank 0] (epoch: 572, iters: 1040, time: 0.029, data: 0.003) , D_A: 0.074, G_A: 0.631, cycle_A: 0.096, idt_A: 0.098, D_B: 0.001, G_B: 0.974, cycle_B: 0.234, idt_B: 0.063

[Rank 0] (epoch: 572, iters: 1240, time: 0.106, data: 0.003) , D_A: 0.108, G_A: 0.528, cycle_A: 0.083, idt_A: 0.089, D_B: 0.002, G_B: 0.950, cycle_B: 0.213, idt_B: 0.062

[Rank 0] (epoch: 572, iters: 1440, time: 0.030, data: 0.002) , D_A: 0.077, G_A: 0.618, cycle_A: 0.092, idt_A: 0.096, D_B: 0.002, G_B: 0.976, cycle_B: 0.226, idt_B: 0.062

[Rank 0] (epoch: 572, iters: 1640, time: 0.030, data: 0.003) , D_A: 0.077, G_A: 0.859, cycle_A: 0.071, idt_A: 0.096, D_B: 0.003, G_B: 0.980, cycle_B: 0.227, idt_B: 0.047

[Rank 0] (epoch: 572, iters: 1840, time: 0.030, data: 0.004) , D_A: 0.073, G_A: 0.569, cycle_A: 0.081, idt_A: 0.097, D_B: 0.001, G_B: 0.960, cycle_B: 0.228, idt_B: 0.057

learning rate 0.0000100 -> 0.0000100
saving the model at the end of epoch 572, iters 329688
End of epoch 572 / 670 	 Time Taken: 53 sec
[Rank 0] (epoch: 573, iters: 112, time: 0.131, data: 0.003) , D_A: 0.058, G_A: 0.866, cycle_A: 0.074, idt_A: 0.098, D_B: 0.001, G_B: 0.970, cycle_B: 0.223, idt_B: 0.050

[Rank 0] (epoch: 573, iters: 312, time: 0.123, data: 0.003) , D_A: 0.102, G_A: 0.503, cycle_A: 0.075, idt_A: 0.094, D_B: 0.001, G_B: 0.982, cycle_B: 0.220, idt_B: 0.054

saving the latest model (epoch 573, total_iters 330000)
[Rank 0] (epoch: 573, iters: 512, time: 0.029, data: 0.003) , D_A: 0.066, G_A: 0.611, cycle_A: 0.092, idt_A: 0.089, D_B: 0.002, G_B: 1.031, cycle_B: 0.205, idt_B: 0.066

[Rank 0] (epoch: 573, iters: 712, time: 0.030, data: 0.003) , D_A: 0.093, G_A: 0.759, cycle_A: 0.079, idt_A: 0.087, D_B: 0.001, G_B: 1.008, cycle_B: 0.210, idt_B: 0.050

[Rank 0] (epoch: 573, iters: 912, time: 0.029, data: 0.003) , D_A: 0.056, G_A: 0.719, cycle_A: 0.086, idt_A: 0.095, D_B: 0.001, G_B: 0.997, cycle_B: 0.223, idt_B: 0.062

[Rank 0] (epoch: 573, iters: 1112, time: 0.030, data: 0.003) , D_A: 0.075, G_A: 0.771, cycle_A: 0.093, idt_A: 0.092, D_B: 0.001, G_B: 0.997, cycle_B: 0.213, idt_B: 0.064

[Rank 0] (epoch: 573, iters: 1312, time: 0.109, data: 0.003) , D_A: 0.069, G_A: 0.763, cycle_A: 0.100, idt_A: 0.098, D_B: 0.002, G_B: 1.020, cycle_B: 0.235, idt_B: 0.067

[Rank 0] (epoch: 573, iters: 1512, time: 0.030, data: 0.003) , D_A: 0.058, G_A: 0.623, cycle_A: 0.071, idt_A: 0.098, D_B: 0.001, G_B: 0.956, cycle_B: 0.228, idt_B: 0.051

[Rank 0] (epoch: 573, iters: 1712, time: 0.030, data: 0.003) , D_A: 0.060, G_A: 0.840, cycle_A: 0.063, idt_A: 0.101, D_B: 0.001, G_B: 0.974, cycle_B: 0.234, idt_B: 0.044

[Rank 0] (epoch: 573, iters: 1912, time: 0.030, data: 0.003) , D_A: 0.068, G_A: 0.729, cycle_A: 0.070, idt_A: 0.104, D_B: 0.002, G_B: 1.035, cycle_B: 0.243, idt_B: 0.053

learning rate 0.0000100 -> 0.0000100
saving the model at the end of epoch 573, iters 331616
End of epoch 573 / 670 	 Time Taken: 53 sec
[Rank 0] (epoch: 574, iters: 184, time: 0.124, data: 0.003) , D_A: 0.071, G_A: 0.716, cycle_A: 0.068, idt_A: 0.101, D_B: 0.001, G_B: 0.990, cycle_B: 0.233, idt_B: 0.045

[Rank 0] (epoch: 574, iters: 384, time: 0.120, data: 0.003) , D_A: 0.064, G_A: 0.667, cycle_A: 0.090, idt_A: 0.092, D_B: 0.001, G_B: 0.960, cycle_B: 0.224, idt_B: 0.058

[Rank 0] (epoch: 574, iters: 584, time: 0.030, data: 0.003) , D_A: 0.081, G_A: 0.867, cycle_A: 0.080, idt_A: 0.091, D_B: 0.002, G_B: 1.009, cycle_B: 0.209, idt_B: 0.047

[Rank 0] (epoch: 574, iters: 784, time: 0.026, data: 0.219) , D_A: 0.069, G_A: 0.619, cycle_A: 0.098, idt_A: 0.103, D_B: 0.001, G_B: 1.052, cycle_B: 0.245, idt_B: 0.065

[Rank 0] (epoch: 574, iters: 984, time: 0.029, data: 0.002) , D_A: 0.052, G_A: 0.860, cycle_A: 0.093, idt_A: 0.091, D_B: 0.001, G_B: 0.950, cycle_B: 0.205, idt_B: 0.060

[Rank 0] (epoch: 574, iters: 1184, time: 0.030, data: 0.002) , D_A: 0.085, G_A: 0.617, cycle_A: 0.068, idt_A: 0.089, D_B: 0.001, G_B: 0.964, cycle_B: 0.204, idt_B: 0.049

[Rank 0] (epoch: 574, iters: 1384, time: 0.122, data: 0.002) , D_A: 0.057, G_A: 0.680, cycle_A: 0.064, idt_A: 0.102, D_B: 0.001, G_B: 1.009, cycle_B: 0.239, idt_B: 0.048

[Rank 0] (epoch: 574, iters: 1584, time: 0.030, data: 0.004) , D_A: 0.084, G_A: 0.678, cycle_A: 0.108, idt_A: 0.109, D_B: 0.001, G_B: 1.020, cycle_B: 0.253, idt_B: 0.075

[Rank 0] (epoch: 574, iters: 1784, time: 0.030, data: 0.003) , D_A: 0.064, G_A: 0.877, cycle_A: 0.093, idt_A: 0.103, D_B: 0.001, G_B: 0.967, cycle_B: 0.251, idt_B: 0.059

learning rate 0.0000100 -> 0.0000100
saving the model at the end of epoch 574, iters 333544
End of epoch 574 / 670 	 Time Taken: 58 sec
[Rank 0] (epoch: 575, iters: 56, time: 0.114, data: 0.004) , D_A: 0.071, G_A: 0.785, cycle_A: 0.076, idt_A: 0.083, D_B: 0.001, G_B: 0.975, cycle_B: 0.191, idt_B: 0.053

[Rank 0] (epoch: 575, iters: 256, time: 0.029, data: 0.002) , D_A: 0.085, G_A: 0.571, cycle_A: 0.082, idt_A: 0.109, D_B: 0.001, G_B: 1.015, cycle_B: 0.251, idt_B: 0.054

[Rank 0] (epoch: 575, iters: 456, time: 0.103, data: 0.003) , D_A: 0.101, G_A: 0.517, cycle_A: 0.075, idt_A: 0.089, D_B: 0.001, G_B: 0.962, cycle_B: 0.211, idt_B: 0.055

[Rank 0] (epoch: 575, iters: 656, time: 0.029, data: 0.002) , D_A: 0.067, G_A: 0.659, cycle_A: 0.100, idt_A: 0.101, D_B: 0.001, G_B: 0.964, cycle_B: 0.239, idt_B: 0.071

[Rank 0] (epoch: 575, iters: 856, time: 0.029, data: 0.003) , D_A: 0.081, G_A: 0.893, cycle_A: 0.072, idt_A: 0.107, D_B: 0.001, G_B: 0.992, cycle_B: 0.255, idt_B: 0.049

[Rank 0] (epoch: 575, iters: 1056, time: 0.026, data: 0.197) , D_A: 0.059, G_A: 0.679, cycle_A: 0.080, idt_A: 0.102, D_B: 0.001, G_B: 0.963, cycle_B: 0.235, idt_B: 0.049

[Rank 0] (epoch: 575, iters: 1256, time: 0.030, data: 0.002) , D_A: 0.067, G_A: 0.860, cycle_A: 0.070, idt_A: 0.091, D_B: 0.001, G_B: 0.978, cycle_B: 0.204, idt_B: 0.046

[Rank 0] (epoch: 575, iters: 1456, time: 0.150, data: 0.002) , D_A: 0.066, G_A: 0.816, cycle_A: 0.068, idt_A: 0.105, D_B: 0.002, G_B: 0.971, cycle_B: 0.236, idt_B: 0.049

saving the latest model (epoch 575, total_iters 335000)
[Rank 0] (epoch: 575, iters: 1656, time: 0.026, data: 0.004) , D_A: 0.063, G_A: 0.765, cycle_A: 0.082, idt_A: 0.103, D_B: 0.001, G_B: 0.974, cycle_B: 0.241, idt_B: 0.050

[Rank 0] (epoch: 575, iters: 1856, time: 0.027, data: 0.051) , D_A: 0.067, G_A: 0.613, cycle_A: 0.067, idt_A: 0.092, D_B: 0.001, G_B: 0.954, cycle_B: 0.224, idt_B: 0.043

learning rate 0.0000100 -> 0.0000100
saving the model at the end of epoch 575, iters 335472
End of epoch 575 / 670 	 Time Taken: 59 sec
[Rank 0] (epoch: 576, iters: 128, time: 0.191, data: 0.003) , D_A: 0.085, G_A: 0.762, cycle_A: 0.067, idt_A: 0.108, D_B: 0.001, G_B: 0.963, cycle_B: 0.254, idt_B: 0.046

[Rank 0] (epoch: 576, iters: 328, time: 0.030, data: 0.013) , D_A: 0.074, G_A: 0.597, cycle_A: 0.066, idt_A: 0.106, D_B: 0.001, G_B: 0.957, cycle_B: 0.245, idt_B: 0.048

[Rank 0] (epoch: 576, iters: 528, time: 0.175, data: 0.092) , D_A: 0.070, G_A: 0.551, cycle_A: 0.077, idt_A: 0.098, D_B: 0.001, G_B: 0.974, cycle_B: 0.231, idt_B: 0.055

[Rank 0] (epoch: 576, iters: 728, time: 0.026, data: 0.004) , D_A: 0.084, G_A: 0.836, cycle_A: 0.059, idt_A: 0.094, D_B: 0.001, G_B: 0.968, cycle_B: 0.218, idt_B: 0.041

[Rank 0] (epoch: 576, iters: 928, time: 0.027, data: 0.005) , D_A: 0.052, G_A: 0.720, cycle_A: 0.073, idt_A: 0.093, D_B: 0.001, G_B: 1.006, cycle_B: 0.210, idt_B: 0.048

[Rank 0] (epoch: 576, iters: 1128, time: 0.030, data: 0.004) , D_A: 0.093, G_A: 0.802, cycle_A: 0.081, idt_A: 0.087, D_B: 0.001, G_B: 0.946, cycle_B: 0.200, idt_B: 0.052

[Rank 0] (epoch: 576, iters: 1328, time: 0.026, data: 0.077) , D_A: 0.059, G_A: 0.628, cycle_A: 0.086, idt_A: 0.089, D_B: 0.002, G_B: 0.920, cycle_B: 0.210, idt_B: 0.059

[Rank 0] (epoch: 576, iters: 1528, time: 0.146, data: 0.208) , D_A: 0.063, G_A: 0.813, cycle_A: 0.071, idt_A: 0.096, D_B: 0.002, G_B: 0.922, cycle_B: 0.218, idt_B: 0.048

[Rank 0] (epoch: 576, iters: 1728, time: 0.026, data: 0.003) , D_A: 0.089, G_A: 0.585, cycle_A: 0.081, idt_A: 0.103, D_B: 0.002, G_B: 0.919, cycle_B: 0.227, idt_B: 0.055

[Rank 0] (epoch: 576, iters: 1928, time: 0.023, data: 0.004) , D_A: 0.093, G_A: 0.675, cycle_A: 0.083, idt_A: 0.089, D_B: 0.003, G_B: 1.076, cycle_B: 0.213, idt_B: 0.053

learning rate 0.0000100 -> 0.0000100
saving the model at the end of epoch 576, iters 337400
End of epoch 576 / 670 	 Time Taken: 63 sec
[Rank 0] (epoch: 577, iters: 200, time: 0.405, data: 2.955) , D_A: 0.080, G_A: 0.732, cycle_A: 0.085, idt_A: 0.084, D_B: 0.004, G_B: 0.953, cycle_B: 0.211, idt_B: 0.059

[Rank 0] (epoch: 577, iters: 400, time: 0.035, data: 0.005) , D_A: 0.037, G_A: 0.862, cycle_A: 0.097, idt_A: 0.099, D_B: 0.001, G_B: 0.977, cycle_B: 0.238, idt_B: 0.062

[Rank 0] (epoch: 577, iters: 600, time: 0.346, data: 0.012) , D_A: 0.065, G_A: 0.702, cycle_A: 0.079, idt_A: 0.089, D_B: 0.002, G_B: 0.967, cycle_B: 0.214, idt_B: 0.056

[Rank 0] (epoch: 577, iters: 800, time: 0.031, data: 0.002) , D_A: 0.049, G_A: 0.776, cycle_A: 0.074, idt_A: 0.082, D_B: 0.002, G_B: 0.991, cycle_B: 0.198, idt_B: 0.053

[Rank 0] (epoch: 577, iters: 1000, time: 0.029, data: 0.221) , D_A: 0.062, G_A: 0.765, cycle_A: 0.079, idt_A: 0.090, D_B: 0.003, G_B: 1.032, cycle_B: 0.228, idt_B: 0.062

[Rank 0] (epoch: 577, iters: 1200, time: 0.029, data: 0.187) , D_A: 0.064, G_A: 0.601, cycle_A: 0.104, idt_A: 0.091, D_B: 0.002, G_B: 0.961, cycle_B: 0.218, idt_B: 0.072

[Rank 0] (epoch: 577, iters: 1400, time: 0.029, data: 0.003) , D_A: 0.060, G_A: 0.682, cycle_A: 0.092, idt_A: 0.091, D_B: 0.001, G_B: 0.965, cycle_B: 0.222, idt_B: 0.064

[Rank 0] (epoch: 577, iters: 1600, time: 0.119, data: 0.003) , D_A: 0.069, G_A: 0.677, cycle_A: 0.075, idt_A: 0.088, D_B: 0.002, G_B: 0.927, cycle_B: 0.206, idt_B: 0.054

[Rank 0] (epoch: 577, iters: 1800, time: 0.029, data: 0.003) , D_A: 0.070, G_A: 0.589, cycle_A: 0.072, idt_A: 0.116, D_B: 0.002, G_B: 0.995, cycle_B: 0.263, idt_B: 0.046

learning rate 0.0000100 -> 0.0000100
saving the model at the end of epoch 577, iters 339328
End of epoch 577 / 670 	 Time Taken: 88 sec
[Rank 0] (epoch: 578, iters: 72, time: 0.116, data: 0.003) , D_A: 0.071, G_A: 0.662, cycle_A: 0.086, idt_A: 0.104, D_B: 0.002, G_B: 0.987, cycle_B: 0.242, idt_B: 0.057

[Rank 0] (epoch: 578, iters: 272, time: 0.030, data: 0.004) , D_A: 0.074, G_A: 0.612, cycle_A: 0.079, idt_A: 0.089, D_B: 0.002, G_B: 0.968, cycle_B: 0.223, idt_B: 0.056

[Rank 0] (epoch: 578, iters: 472, time: 0.029, data: 0.003) , D_A: 0.070, G_A: 0.659, cycle_A: 0.083, idt_A: 0.094, D_B: 0.003, G_B: 0.881, cycle_B: 0.227, idt_B: 0.057

[Rank 0] (epoch: 578, iters: 672, time: 0.115, data: 0.003) , D_A: 0.058, G_A: 0.617, cycle_A: 0.065, idt_A: 0.097, D_B: 0.007, G_B: 1.274, cycle_B: 0.248, idt_B: 0.047

saving the latest model (epoch 578, total_iters 340000)
[Rank 0] (epoch: 578, iters: 872, time: 0.029, data: 0.002) , D_A: 0.059, G_A: 0.725, cycle_A: 0.077, idt_A: 0.089, D_B: 0.003, G_B: 0.913, cycle_B: 0.242, idt_B: 0.055

[Rank 0] (epoch: 578, iters: 1072, time: 0.029, data: 0.003) , D_A: 0.059, G_A: 0.803, cycle_A: 0.101, idt_A: 0.085, D_B: 0.002, G_B: 0.993, cycle_B: 0.225, idt_B: 0.068

[Rank 0] (epoch: 578, iters: 1272, time: 0.029, data: 0.003) , D_A: 0.053, G_A: 0.805, cycle_A: 0.082, idt_A: 0.092, D_B: 0.003, G_B: 0.985, cycle_B: 0.230, idt_B: 0.056

[Rank 0] (epoch: 578, iters: 1472, time: 0.030, data: 0.003) , D_A: 0.053, G_A: 0.781, cycle_A: 0.068, idt_A: 0.107, D_B: 0.002, G_B: 1.003, cycle_B: 0.278, idt_B: 0.047

[Rank 0] (epoch: 578, iters: 1672, time: 0.110, data: 0.002) , D_A: 0.055, G_A: 0.750, cycle_A: 0.092, idt_A: 0.092, D_B: 0.003, G_B: 0.967, cycle_B: 0.260, idt_B: 0.062

[Rank 0] (epoch: 578, iters: 1872, time: 0.029, data: 0.002) , D_A: 0.050, G_A: 0.808, cycle_A: 0.069, idt_A: 0.097, D_B: 0.003, G_B: 0.916, cycle_B: 0.262, idt_B: 0.048

learning rate 0.0000100 -> 0.0000100
saving the model at the end of epoch 578, iters 341256
End of epoch 578 / 670 	 Time Taken: 53 sec
[Rank 0] (epoch: 579, iters: 144, time: 0.128, data: 0.002) , D_A: 0.050, G_A: 1.002, cycle_A: 0.080, idt_A: 0.092, D_B: 0.002, G_B: 0.961, cycle_B: 0.249, idt_B: 0.052

[Rank 0] (epoch: 579, iters: 344, time: 0.029, data: 0.003) , D_A: 0.064, G_A: 0.753, cycle_A: 0.092, idt_A: 0.090, D_B: 0.031, G_B: 0.977, cycle_B: 0.226, idt_B: 0.063

[Rank 0] (epoch: 579, iters: 544, time: 0.030, data: 0.002) , D_A: 0.058, G_A: 0.940, cycle_A: 0.076, idt_A: 0.105, D_B: 0.002, G_B: 0.911, cycle_B: 0.272, idt_B: 0.053

[Rank 0] (epoch: 579, iters: 744, time: 0.097, data: 0.003) , D_A: 0.048, G_A: 0.724, cycle_A: 0.053, idt_A: 0.102, D_B: 0.006, G_B: 0.837, cycle_B: 0.264, idt_B: 0.038

[Rank 0] (epoch: 579, iters: 944, time: 0.030, data: 0.001) , D_A: 0.056, G_A: 0.756, cycle_A: 0.098, idt_A: 0.085, D_B: 0.004, G_B: 0.949, cycle_B: 0.212, idt_B: 0.069

[Rank 0] (epoch: 579, iters: 1144, time: 0.029, data: 0.003) , D_A: 0.062, G_A: 0.732, cycle_A: 0.080, idt_A: 0.084, D_B: 0.008, G_B: 0.841, cycle_B: 0.215, idt_B: 0.057

[Rank 0] (epoch: 579, iters: 1344, time: 0.029, data: 0.003) , D_A: 0.081, G_A: 0.683, cycle_A: 0.072, idt_A: 0.106, D_B: 0.017, G_B: 0.702, cycle_B: 0.275, idt_B: 0.048

[Rank 0] (epoch: 579, iters: 1544, time: 0.029, data: 0.003) , D_A: 0.078, G_A: 0.652, cycle_A: 0.091, idt_A: 0.095, D_B: 0.006, G_B: 0.992, cycle_B: 0.239, idt_B: 0.060

[Rank 0] (epoch: 579, iters: 1744, time: 0.102, data: 0.002) , D_A: 0.066, G_A: 0.731, cycle_A: 0.098, idt_A: 0.088, D_B: 0.006, G_B: 0.882, cycle_B: 0.228, idt_B: 0.064

learning rate 0.0000100 -> 0.0000100
saving the model at the end of epoch 579, iters 343184
End of epoch 579 / 670 	 Time Taken: 52 sec
[Rank 0] (epoch: 580, iters: 16, time: 0.135, data: 0.002) , D_A: 0.051, G_A: 0.718, cycle_A: 0.101, idt_A: 0.095, D_B: 0.008, G_B: 1.019, cycle_B: 0.244, idt_B: 0.074

[Rank 0] (epoch: 580, iters: 216, time: 0.029, data: 0.004) , D_A: 0.057, G_A: 0.726, cycle_A: 0.077, idt_A: 0.095, D_B: 0.026, G_B: 0.845, cycle_B: 0.248, idt_B: 0.052

[Rank 0] (epoch: 580, iters: 416, time: 0.029, data: 0.006) , D_A: 0.073, G_A: 0.596, cycle_A: 0.072, idt_A: 0.089, D_B: 0.020, G_B: 0.906, cycle_B: 0.230, idt_B: 0.056

[Rank 0] (epoch: 580, iters: 616, time: 0.029, data: 0.003) , D_A: 0.040, G_A: 0.695, cycle_A: 0.071, idt_A: 0.095, D_B: 0.036, G_B: 0.807, cycle_B: 0.236, idt_B: 0.052

[Rank 0] (epoch: 580, iters: 816, time: 0.111, data: 0.003) , D_A: 0.058, G_A: 0.730, cycle_A: 0.074, idt_A: 0.101, D_B: 0.004, G_B: 1.016, cycle_B: 0.251, idt_B: 0.050

[Rank 0] (epoch: 580, iters: 1016, time: 0.029, data: 0.003) , D_A: 0.077, G_A: 0.741, cycle_A: 0.060, idt_A: 0.095, D_B: 0.007, G_B: 0.877, cycle_B: 0.234, idt_B: 0.041

[Rank 0] (epoch: 580, iters: 1216, time: 0.029, data: 0.003) , D_A: 0.067, G_A: 0.853, cycle_A: 0.068, idt_A: 0.097, D_B: 0.019, G_B: 0.764, cycle_B: 0.250, idt_B: 0.044

[Rank 0] (epoch: 580, iters: 1416, time: 0.029, data: 0.003) , D_A: 0.067, G_A: 0.738, cycle_A: 0.112, idt_A: 0.087, D_B: 0.045, G_B: 0.881, cycle_B: 0.218, idt_B: 0.076

[Rank 0] (epoch: 580, iters: 1616, time: 0.029, data: 0.003) , D_A: 0.073, G_A: 0.704, cycle_A: 0.073, idt_A: 0.096, D_B: 0.015, G_B: 0.752, cycle_B: 0.233, idt_B: 0.048

[Rank 0] (epoch: 580, iters: 1816, time: 0.108, data: 0.003) , D_A: 0.052, G_A: 0.745, cycle_A: 0.082, idt_A: 0.094, D_B: 0.007, G_B: 0.984, cycle_B: 0.239, idt_B: 0.052

saving the latest model (epoch 580, total_iters 345000)
learning rate 0.0000100 -> 0.0000100
saving the model at the end of epoch 580, iters 345112
End of epoch 580 / 670 	 Time Taken: 53 sec
[Rank 0] (epoch: 581, iters: 88, time: 0.125, data: 0.002) , D_A: 0.053, G_A: 0.753, cycle_A: 0.055, idt_A: 0.096, D_B: 0.011, G_B: 0.777, cycle_B: 0.251, idt_B: 0.037

[Rank 0] (epoch: 581, iters: 288, time: 0.029, data: 0.001) , D_A: 0.073, G_A: 0.772, cycle_A: 0.070, idt_A: 0.105, D_B: 0.020, G_B: 0.936, cycle_B: 0.277, idt_B: 0.049

[Rank 0] (epoch: 581, iters: 488, time: 0.029, data: 0.002) , D_A: 0.060, G_A: 0.883, cycle_A: 0.094, idt_A: 0.104, D_B: 0.013, G_B: 0.746, cycle_B: 0.264, idt_B: 0.057

[Rank 0] (epoch: 581, iters: 688, time: 0.029, data: 0.003) , D_A: 0.064, G_A: 0.837, cycle_A: 0.095, idt_A: 0.101, D_B: 0.010, G_B: 0.905, cycle_B: 0.258, idt_B: 0.057

[Rank 0] (epoch: 581, iters: 888, time: 0.097, data: 0.003) , D_A: 0.089, G_A: 0.783, cycle_A: 0.086, idt_A: 0.101, D_B: 0.019, G_B: 0.983, cycle_B: 0.259, idt_B: 0.060

[Rank 0] (epoch: 581, iters: 1088, time: 0.029, data: 0.002) , D_A: 0.076, G_A: 0.633, cycle_A: 0.076, idt_A: 0.106, D_B: 0.036, G_B: 1.087, cycle_B: 0.274, idt_B: 0.049

[Rank 0] (epoch: 581, iters: 1288, time: 0.030, data: 0.003) , D_A: 0.052, G_A: 0.753, cycle_A: 0.080, idt_A: 0.097, D_B: 0.015, G_B: 0.920, cycle_B: 0.256, idt_B: 0.055

[Rank 0] (epoch: 581, iters: 1488, time: 0.029, data: 0.003) , D_A: 0.074, G_A: 0.730, cycle_A: 0.091, idt_A: 0.102, D_B: 0.008, G_B: 1.035, cycle_B: 0.275, idt_B: 0.058

[Rank 0] (epoch: 581, iters: 1688, time: 0.029, data: 0.003) , D_A: 0.060, G_A: 0.679, cycle_A: 0.087, idt_A: 0.083, D_B: 0.006, G_B: 0.900, cycle_B: 0.228, idt_B: 0.056

[Rank 0] (epoch: 581, iters: 1888, time: 0.098, data: 0.002) , D_A: 0.056, G_A: 0.764, cycle_A: 0.071, idt_A: 0.090, D_B: 0.016, G_B: 0.872, cycle_B: 0.242, idt_B: 0.046

learning rate 0.0000100 -> 0.0000100
saving the model at the end of epoch 581, iters 347040
End of epoch 581 / 670 	 Time Taken: 53 sec
[Rank 0] (epoch: 582, iters: 160, time: 0.131, data: 0.002) , D_A: 0.067, G_A: 0.693, cycle_A: 0.067, idt_A: 0.097, D_B: 0.007, G_B: 0.898, cycle_B: 0.237, idt_B: 0.042

[Rank 0] (epoch: 582, iters: 360, time: 0.029, data: 0.004) , D_A: 0.046, G_A: 0.751, cycle_A: 0.089, idt_A: 0.093, D_B: 0.007, G_B: 0.986, cycle_B: 0.237, idt_B: 0.063

[Rank 0] (epoch: 582, iters: 560, time: 0.029, data: 0.003) , D_A: 0.052, G_A: 1.018, cycle_A: 0.081, idt_A: 0.095, D_B: 0.008, G_B: 1.022, cycle_B: 0.238, idt_B: 0.053

[Rank 0] (epoch: 582, iters: 760, time: 0.029, data: 0.003) , D_A: 0.062, G_A: 0.763, cycle_A: 0.080, idt_A: 0.087, D_B: 0.005, G_B: 1.016, cycle_B: 0.220, idt_B: 0.053

[Rank 0] (epoch: 582, iters: 960, time: 0.104, data: 0.003) , D_A: 0.058, G_A: 0.616, cycle_A: 0.071, idt_A: 0.099, D_B: 0.004, G_B: 0.974, cycle_B: 0.253, idt_B: 0.045

[Rank 0] (epoch: 582, iters: 1160, time: 0.030, data: 0.003) , D_A: 0.061, G_A: 0.689, cycle_A: 0.097, idt_A: 0.089, D_B: 0.003, G_B: 1.022, cycle_B: 0.204, idt_B: 0.069

[Rank 0] (epoch: 582, iters: 1360, time: 0.029, data: 0.003) , D_A: 0.070, G_A: 0.713, cycle_A: 0.074, idt_A: 0.102, D_B: 0.004, G_B: 1.081, cycle_B: 0.254, idt_B: 0.057

[Rank 0] (epoch: 582, iters: 1560, time: 0.030, data: 0.003) , D_A: 0.062, G_A: 0.866, cycle_A: 0.090, idt_A: 0.103, D_B: 0.004, G_B: 0.943, cycle_B: 0.255, idt_B: 0.064

[Rank 0] (epoch: 582, iters: 1760, time: 0.029, data: 0.003) , D_A: 0.042, G_A: 0.870, cycle_A: 0.076, idt_A: 0.092, D_B: 0.009, G_B: 1.025, cycle_B: 0.242, idt_B: 0.052

learning rate 0.0000100 -> 0.0000100
saving the model at the end of epoch 582, iters 348968
End of epoch 582 / 670 	 Time Taken: 52 sec
[Rank 0] (epoch: 583, iters: 32, time: 0.162, data: 0.003) , D_A: 0.074, G_A: 0.769, cycle_A: 0.070, idt_A: 0.100, D_B: 0.005, G_B: 0.972, cycle_B: 0.267, idt_B: 0.047

[Rank 0] (epoch: 583, iters: 232, time: 0.029, data: 0.003) , D_A: 0.090, G_A: 0.885, cycle_A: 0.082, idt_A: 0.095, D_B: 0.004, G_B: 0.930, cycle_B: 0.262, idt_B: 0.053

[Rank 0] (epoch: 583, iters: 432, time: 0.029, data: 0.005) , D_A: 0.050, G_A: 0.725, cycle_A: 0.051, idt_A: 0.084, D_B: 0.009, G_B: 0.934, cycle_B: 0.229, idt_B: 0.035

[Rank 0] (epoch: 583, iters: 632, time: 0.026, data: 0.005) , D_A: 0.066, G_A: 0.687, cycle_A: 0.086, idt_A: 0.094, D_B: 0.006, G_B: 0.898, cycle_B: 0.249, idt_B: 0.055

[Rank 0] (epoch: 583, iters: 832, time: 0.030, data: 0.003) , D_A: 0.081, G_A: 0.846, cycle_A: 0.092, idt_A: 0.092, D_B: 0.005, G_B: 0.915, cycle_B: 0.246, idt_B: 0.063

[Rank 0] (epoch: 583, iters: 1032, time: 0.150, data: 0.002) , D_A: 0.059, G_A: 0.632, cycle_A: 0.065, idt_A: 0.107, D_B: 0.014, G_B: 0.901, cycle_B: 0.290, idt_B: 0.044

saving the latest model (epoch 583, total_iters 350000)
[Rank 0] (epoch: 583, iters: 1232, time: 0.030, data: 0.002) , D_A: 0.066, G_A: 0.796, cycle_A: 0.077, idt_A: 0.098, D_B: 0.004, G_B: 0.954, cycle_B: 0.247, idt_B: 0.055

[Rank 0] (epoch: 583, iters: 1432, time: 0.029, data: 0.003) , D_A: 0.072, G_A: 0.797, cycle_A: 0.103, idt_A: 0.091, D_B: 0.003, G_B: 0.919, cycle_B: 0.212, idt_B: 0.067

[Rank 0] (epoch: 583, iters: 1632, time: 0.029, data: 0.003) , D_A: 0.090, G_A: 0.794, cycle_A: 0.091, idt_A: 0.096, D_B: 0.002, G_B: 1.007, cycle_B: 0.229, idt_B: 0.059

[Rank 0] (epoch: 583, iters: 1832, time: 0.030, data: 0.004) , D_A: 0.064, G_A: 0.951, cycle_A: 0.090, idt_A: 0.098, D_B: 0.008, G_B: 0.942, cycle_B: 0.219, idt_B: 0.063

learning rate 0.0000100 -> 0.0000100
saving the model at the end of epoch 583, iters 350896
End of epoch 583 / 670 	 Time Taken: 55 sec
[Rank 0] (epoch: 584, iters: 104, time: 0.153, data: 0.061) , D_A: 0.067, G_A: 0.700, cycle_A: 0.063, idt_A: 0.090, D_B: 0.003, G_B: 0.973, cycle_B: 0.207, idt_B: 0.044

[Rank 0] (epoch: 584, iters: 304, time: 0.026, data: 0.002) , D_A: 0.062, G_A: 0.773, cycle_A: 0.079, idt_A: 0.103, D_B: 0.059, G_B: 0.959, cycle_B: 0.244, idt_B: 0.053

[Rank 0] (epoch: 584, iters: 504, time: 0.030, data: 0.004) , D_A: 0.048, G_A: 0.813, cycle_A: 0.090, idt_A: 0.091, D_B: 0.019, G_B: 0.942, cycle_B: 0.200, idt_B: 0.058

[Rank 0] (epoch: 584, iters: 704, time: 0.030, data: 0.009) , D_A: 0.050, G_A: 0.907, cycle_A: 0.085, idt_A: 0.085, D_B: 0.003, G_B: 0.884, cycle_B: 0.192, idt_B: 0.061

[Rank 0] (epoch: 584, iters: 904, time: 0.030, data: 0.002) , D_A: 0.074, G_A: 0.637, cycle_A: 0.073, idt_A: 0.098, D_B: 0.003, G_B: 0.958, cycle_B: 0.223, idt_B: 0.045

[Rank 0] (epoch: 584, iters: 1104, time: 0.152, data: 0.229) , D_A: 0.066, G_A: 0.952, cycle_A: 0.084, idt_A: 0.093, D_B: 0.002, G_B: 1.025, cycle_B: 0.213, idt_B: 0.054

[Rank 0] (epoch: 584, iters: 1304, time: 0.029, data: 0.003) , D_A: 0.078, G_A: 0.540, cycle_A: 0.061, idt_A: 0.100, D_B: 0.003, G_B: 0.907, cycle_B: 0.223, idt_B: 0.044

[Rank 0] (epoch: 584, iters: 1504, time: 0.030, data: 0.003) , D_A: 0.050, G_A: 0.714, cycle_A: 0.099, idt_A: 0.086, D_B: 0.002, G_B: 0.926, cycle_B: 0.191, idt_B: 0.069

[Rank 0] (epoch: 584, iters: 1704, time: 0.030, data: 0.002) , D_A: 0.068, G_A: 0.727, cycle_A: 0.087, idt_A: 0.095, D_B: 0.002, G_B: 0.938, cycle_B: 0.209, idt_B: 0.060

[Rank 0] (epoch: 584, iters: 1904, time: 0.030, data: 0.002) , D_A: 0.054, G_A: 0.815, cycle_A: 0.063, idt_A: 0.088, D_B: 0.002, G_B: 0.987, cycle_B: 0.198, idt_B: 0.043

learning rate 0.0000100 -> 0.0000100
saving the model at the end of epoch 584, iters 352824
End of epoch 584 / 670 	 Time Taken: 59 sec
[Rank 0] (epoch: 585, iters: 176, time: 0.130, data: 0.002) , D_A: 0.084, G_A: 0.691, cycle_A: 0.081, idt_A: 0.090, D_B: 0.002, G_B: 0.979, cycle_B: 0.199, idt_B: 0.058

[Rank 0] (epoch: 585, iters: 376, time: 0.030, data: 0.003) , D_A: 0.061, G_A: 0.777, cycle_A: 0.080, idt_A: 0.093, D_B: 0.003, G_B: 1.025, cycle_B: 0.199, idt_B: 0.055

[Rank 0] (epoch: 585, iters: 576, time: 0.028, data: 0.007) , D_A: 0.057, G_A: 0.704, cycle_A: 0.069, idt_A: 0.096, D_B: 0.002, G_B: 1.051, cycle_B: 0.217, idt_B: 0.050

[Rank 0] (epoch: 585, iters: 776, time: 0.029, data: 0.002) , D_A: 0.077, G_A: 0.738, cycle_A: 0.099, idt_A: 0.095, D_B: 0.002, G_B: 0.975, cycle_B: 0.209, idt_B: 0.069

[Rank 0] (epoch: 585, iters: 976, time: 0.030, data: 0.003) , D_A: 0.068, G_A: 0.680, cycle_A: 0.078, idt_A: 0.097, D_B: 0.002, G_B: 0.988, cycle_B: 0.215, idt_B: 0.050

[Rank 0] (epoch: 585, iters: 1176, time: 0.143, data: 0.002) , D_A: 0.072, G_A: 0.675, cycle_A: 0.066, idt_A: 0.096, D_B: 0.054, G_B: 1.035, cycle_B: 0.212, idt_B: 0.048

[Rank 0] (epoch: 585, iters: 1376, time: 0.030, data: 0.003) , D_A: 0.049, G_A: 0.608, cycle_A: 0.059, idt_A: 0.084, D_B: 0.002, G_B: 1.004, cycle_B: 0.186, idt_B: 0.041

[Rank 0] (epoch: 585, iters: 1576, time: 0.029, data: 0.004) , D_A: 0.062, G_A: 0.705, cycle_A: 0.082, idt_A: 0.097, D_B: 0.002, G_B: 0.928, cycle_B: 0.205, idt_B: 0.056

[Rank 0] (epoch: 585, iters: 1776, time: 0.030, data: 0.003) , D_A: 0.056, G_A: 0.768, cycle_A: 0.073, idt_A: 0.100, D_B: 0.019, G_B: 0.946, cycle_B: 0.206, idt_B: 0.048

learning rate 0.0000100 -> 0.0000100
saving the model at the end of epoch 585, iters 354752
End of epoch 585 / 670 	 Time Taken: 53 sec
[Rank 0] (epoch: 586, iters: 48, time: 0.118, data: 0.004) , D_A: 0.059, G_A: 0.635, cycle_A: 0.077, idt_A: 0.098, D_B: 0.006, G_B: 0.829, cycle_B: 0.222, idt_B: 0.048

[Rank 0] (epoch: 586, iters: 248, time: 0.098, data: 0.001) , D_A: 0.060, G_A: 0.639, cycle_A: 0.106, idt_A: 0.091, D_B: 0.002, G_B: 0.962, cycle_B: 0.197, idt_B: 0.071

saving the latest model (epoch 586, total_iters 355000)
[Rank 0] (epoch: 586, iters: 448, time: 0.030, data: 0.002) , D_A: 0.046, G_A: 1.111, cycle_A: 0.058, idt_A: 0.093, D_B: 0.005, G_B: 0.906, cycle_B: 0.210, idt_B: 0.038

[Rank 0] (epoch: 586, iters: 648, time: 0.029, data: 0.003) , D_A: 0.064, G_A: 0.649, cycle_A: 0.088, idt_A: 0.097, D_B: 0.002, G_B: 0.982, cycle_B: 0.211, idt_B: 0.058

[Rank 0] (epoch: 586, iters: 848, time: 0.030, data: 0.002) , D_A: 0.054, G_A: 0.805, cycle_A: 0.063, idt_A: 0.085, D_B: 0.003, G_B: 1.080, cycle_B: 0.183, idt_B: 0.044

[Rank 0] (epoch: 586, iters: 1048, time: 0.030, data: 0.002) , D_A: 0.054, G_A: 0.662, cycle_A: 0.091, idt_A: 0.107, D_B: 0.002, G_B: 0.968, cycle_B: 0.217, idt_B: 0.057

[Rank 0] (epoch: 586, iters: 1248, time: 0.122, data: 0.003) , D_A: 0.052, G_A: 0.664, cycle_A: 0.067, idt_A: 0.101, D_B: 0.044, G_B: 0.995, cycle_B: 0.210, idt_B: 0.047

[Rank 0] (epoch: 586, iters: 1448, time: 0.030, data: 0.002) , D_A: 0.063, G_A: 0.654, cycle_A: 0.097, idt_A: 0.101, D_B: 0.014, G_B: 0.987, cycle_B: 0.219, idt_B: 0.058

[Rank 0] (epoch: 586, iters: 1648, time: 0.029, data: 0.004) , D_A: 0.072, G_A: 0.788, cycle_A: 0.088, idt_A: 0.095, D_B: 0.003, G_B: 0.910, cycle_B: 0.217, idt_B: 0.066

[Rank 0] (epoch: 586, iters: 1848, time: 0.030, data: 0.003) , D_A: 0.052, G_A: 0.742, cycle_A: 0.080, idt_A: 0.096, D_B: 0.002, G_B: 0.962, cycle_B: 0.209, idt_B: 0.046

learning rate 0.0000100 -> 0.0000100
saving the model at the end of epoch 586, iters 356680
End of epoch 586 / 670 	 Time Taken: 54 sec
[Rank 0] (epoch: 587, iters: 120, time: 0.103, data: 0.002) , D_A: 0.058, G_A: 0.786, cycle_A: 0.089, idt_A: 0.107, D_B: 0.002, G_B: 0.973, cycle_B: 0.233, idt_B: 0.057

[Rank 0] (epoch: 587, iters: 320, time: 0.103, data: 0.002) , D_A: 0.072, G_A: 0.679, cycle_A: 0.106, idt_A: 0.083, D_B: 0.002, G_B: 0.973, cycle_B: 0.179, idt_B: 0.073

[Rank 0] (epoch: 587, iters: 520, time: 0.029, data: 0.002) , D_A: 0.063, G_A: 0.821, cycle_A: 0.068, idt_A: 0.107, D_B: 0.022, G_B: 1.493, cycle_B: 0.281, idt_B: 0.049

[Rank 0] (epoch: 587, iters: 720, time: 0.030, data: 0.002) , D_A: 0.065, G_A: 0.671, cycle_A: 0.088, idt_A: 0.097, D_B: 0.004, G_B: 0.939, cycle_B: 0.218, idt_B: 0.058

[Rank 0] (epoch: 587, iters: 920, time: 0.029, data: 0.003) , D_A: 0.051, G_A: 0.769, cycle_A: 0.075, idt_A: 0.093, D_B: 0.002, G_B: 0.978, cycle_B: 0.197, idt_B: 0.048

[Rank 0] (epoch: 587, iters: 1120, time: 0.030, data: 0.002) , D_A: 0.063, G_A: 0.871, cycle_A: 0.069, idt_A: 0.091, D_B: 0.002, G_B: 0.980, cycle_B: 0.203, idt_B: 0.047

[Rank 0] (epoch: 587, iters: 1320, time: 0.111, data: 0.003) , D_A: 0.064, G_A: 0.682, cycle_A: 0.074, idt_A: 0.083, D_B: 0.002, G_B: 0.994, cycle_B: 0.179, idt_B: 0.046

[Rank 0] (epoch: 587, iters: 1520, time: 0.030, data: 0.002) , D_A: 0.086, G_A: 0.744, cycle_A: 0.089, idt_A: 0.094, D_B: 0.010, G_B: 0.885, cycle_B: 0.232, idt_B: 0.063

[Rank 0] (epoch: 587, iters: 1720, time: 0.029, data: 0.004) , D_A: 0.071, G_A: 0.760, cycle_A: 0.093, idt_A: 0.102, D_B: 0.018, G_B: 0.862, cycle_B: 0.268, idt_B: 0.061

[Rank 0] (epoch: 587, iters: 1920, time: 0.030, data: 0.002) , D_A: 0.064, G_A: 0.808, cycle_A: 0.082, idt_A: 0.097, D_B: 0.002, G_B: 0.941, cycle_B: 0.234, idt_B: 0.051

learning rate 0.0000100 -> 0.0000100
saving the model at the end of epoch 587, iters 358608
End of epoch 587 / 670 	 Time Taken: 52 sec
[Rank 0] (epoch: 588, iters: 192, time: 0.156, data: 0.002) , D_A: 0.062, G_A: 0.694, cycle_A: 0.080, idt_A: 0.101, D_B: 0.003, G_B: 0.992, cycle_B: 0.240, idt_B: 0.049

[Rank 0] (epoch: 588, iters: 392, time: 0.131, data: 0.006) , D_A: 0.064, G_A: 0.645, cycle_A: 0.090, idt_A: 0.102, D_B: 0.006, G_B: 0.934, cycle_B: 0.269, idt_B: 0.059

[Rank 0] (epoch: 588, iters: 592, time: 0.026, data: 0.002) , D_A: 0.055, G_A: 0.696, cycle_A: 0.073, idt_A: 0.090, D_B: 0.005, G_B: 0.986, cycle_B: 0.219, idt_B: 0.050

[Rank 0] (epoch: 588, iters: 792, time: 0.030, data: 0.003) , D_A: 0.076, G_A: 0.595, cycle_A: 0.067, idt_A: 0.111, D_B: 0.003, G_B: 0.906, cycle_B: 0.265, idt_B: 0.044

[Rank 0] (epoch: 588, iters: 992, time: 0.030, data: 0.002) , D_A: 0.040, G_A: 0.814, cycle_A: 0.097, idt_A: 0.102, D_B: 0.003, G_B: 0.928, cycle_B: 0.237, idt_B: 0.065

[Rank 0] (epoch: 588, iters: 1192, time: 0.030, data: 0.002) , D_A: 0.071, G_A: 0.787, cycle_A: 0.088, idt_A: 0.096, D_B: 0.009, G_B: 0.984, cycle_B: 0.225, idt_B: 0.060

[Rank 0] (epoch: 588, iters: 1392, time: 0.096, data: 0.003) , D_A: 0.100, G_A: 0.627, cycle_A: 0.088, idt_A: 0.091, D_B: 0.002, G_B: 0.970, cycle_B: 0.198, idt_B: 0.061

saving the latest model (epoch 588, total_iters 360000)
[Rank 0] (epoch: 588, iters: 1592, time: 0.030, data: 0.006) , D_A: 0.075, G_A: 0.671, cycle_A: 0.060, idt_A: 0.096, D_B: 0.004, G_B: 0.982, cycle_B: 0.218, idt_B: 0.045

[Rank 0] (epoch: 588, iters: 1792, time: 0.030, data: 0.004) , D_A: 0.074, G_A: 0.539, cycle_A: 0.068, idt_A: 0.099, D_B: 0.002, G_B: 0.980, cycle_B: 0.225, idt_B: 0.045

learning rate 0.0000100 -> 0.0000100
saving the model at the end of epoch 588, iters 360536
End of epoch 588 / 670 	 Time Taken: 60 sec
[Rank 0] (epoch: 589, iters: 64, time: 0.206, data: 0.203) , D_A: 0.064, G_A: 0.803, cycle_A: 0.098, idt_A: 0.096, D_B: 0.002, G_B: 0.972, cycle_B: 0.218, idt_B: 0.058

[Rank 0] (epoch: 589, iters: 264, time: 0.030, data: 0.004) , D_A: 0.108, G_A: 0.805, cycle_A: 0.083, idt_A: 0.090, D_B: 0.001, G_B: 0.992, cycle_B: 0.204, idt_B: 0.058

[Rank 0] (epoch: 589, iters: 464, time: 0.199, data: 0.300) , D_A: 0.069, G_A: 0.675, cycle_A: 0.070, idt_A: 0.093, D_B: 0.001, G_B: 0.975, cycle_B: 0.202, idt_B: 0.052

[Rank 0] (epoch: 589, iters: 664, time: 0.030, data: 0.004) , D_A: 0.067, G_A: 0.578, cycle_A: 0.064, idt_A: 0.097, D_B: 0.002, G_B: 0.974, cycle_B: 0.213, idt_B: 0.045

[Rank 0] (epoch: 589, iters: 864, time: 0.030, data: 0.004) , D_A: 0.069, G_A: 0.723, cycle_A: 0.063, idt_A: 0.092, D_B: 0.002, G_B: 0.969, cycle_B: 0.196, idt_B: 0.043

[Rank 0] (epoch: 589, iters: 1064, time: 0.027, data: 0.484) , D_A: 0.072, G_A: 0.862, cycle_A: 0.112, idt_A: 0.091, D_B: 0.003, G_B: 0.891, cycle_B: 0.199, idt_B: 0.072

[Rank 0] (epoch: 589, iters: 1264, time: 0.030, data: 0.006) , D_A: 0.042, G_A: 0.746, cycle_A: 0.069, idt_A: 0.093, D_B: 0.007, G_B: 0.836, cycle_B: 0.227, idt_B: 0.048

[Rank 0] (epoch: 589, iters: 1464, time: 0.174, data: 0.351) , D_A: 0.066, G_A: 0.637, cycle_A: 0.085, idt_A: 0.090, D_B: 0.005, G_B: 0.870, cycle_B: 0.214, idt_B: 0.061

[Rank 0] (epoch: 589, iters: 1664, time: 0.029, data: 0.006) , D_A: 0.075, G_A: 0.687, cycle_A: 0.093, idt_A: 0.091, D_B: 0.007, G_B: 0.819, cycle_B: 0.217, idt_B: 0.068

[Rank 0] (epoch: 589, iters: 1864, time: 0.026, data: 0.345) , D_A: 0.076, G_A: 0.707, cycle_A: 0.082, idt_A: 0.088, D_B: 0.007, G_B: 0.722, cycle_B: 0.222, idt_B: 0.061

learning rate 0.0000100 -> 0.0000100
saving the model at the end of epoch 589, iters 362464
End of epoch 589 / 670 	 Time Taken: 73 sec
[Rank 0] (epoch: 590, iters: 136, time: 0.171, data: 0.066) , D_A: 0.073, G_A: 0.551, cycle_A: 0.090, idt_A: 0.091, D_B: 0.006, G_B: 0.993, cycle_B: 0.209, idt_B: 0.061

[Rank 0] (epoch: 590, iters: 336, time: 0.030, data: 0.006) , D_A: 0.036, G_A: 0.787, cycle_A: 0.074, idt_A: 0.108, D_B: 0.006, G_B: 0.856, cycle_B: 0.233, idt_B: 0.051

[Rank 0] (epoch: 590, iters: 536, time: 0.188, data: 0.009) , D_A: 0.069, G_A: 0.678, cycle_A: 0.076, idt_A: 0.090, D_B: 0.002, G_B: 0.976, cycle_B: 0.198, idt_B: 0.050

[Rank 0] (epoch: 590, iters: 736, time: 0.029, data: 0.006) , D_A: 0.059, G_A: 0.753, cycle_A: 0.087, idt_A: 0.112, D_B: 0.002, G_B: 0.965, cycle_B: 0.242, idt_B: 0.061

[Rank 0] (epoch: 590, iters: 936, time: 0.029, data: 0.002) , D_A: 0.073, G_A: 0.650, cycle_A: 0.089, idt_A: 0.104, D_B: 0.003, G_B: 0.915, cycle_B: 0.211, idt_B: 0.063

[Rank 0] (epoch: 590, iters: 1136, time: 0.030, data: 0.354) , D_A: 0.063, G_A: 0.662, cycle_A: 0.087, idt_A: 0.102, D_B: 0.002, G_B: 1.009, cycle_B: 0.213, idt_B: 0.051

[Rank 0] (epoch: 590, iters: 1336, time: 0.030, data: 0.002) , D_A: 0.056, G_A: 0.674, cycle_A: 0.052, idt_A: 0.094, D_B: 0.002, G_B: 0.971, cycle_B: 0.192, idt_B: 0.034

[Rank 0] (epoch: 590, iters: 1536, time: 0.164, data: 0.006) , D_A: 0.059, G_A: 0.794, cycle_A: 0.068, idt_A: 0.099, D_B: 0.048, G_B: 0.989, cycle_B: 0.210, idt_B: 0.047

[Rank 0] (epoch: 590, iters: 1736, time: 0.030, data: 0.006) , D_A: 0.057, G_A: 0.690, cycle_A: 0.052, idt_A: 0.101, D_B: 0.004, G_B: 0.829, cycle_B: 0.214, idt_B: 0.033

learning rate 0.0000100 -> 0.0000100
saving the model at the end of epoch 590, iters 364392
End of epoch 590 / 670 	 Time Taken: 72 sec
[Rank 0] (epoch: 591, iters: 8, time: 0.178, data: 0.306) , D_A: 0.061, G_A: 0.654, cycle_A: 0.108, idt_A: 0.085, D_B: 0.001, G_B: 1.039, cycle_B: 0.177, idt_B: 0.072

[Rank 0] (epoch: 591, iters: 208, time: 0.030, data: 0.004) , D_A: 0.061, G_A: 0.706, cycle_A: 0.077, idt_A: 0.090, D_B: 0.008, G_B: 1.003, cycle_B: 0.185, idt_B: 0.052

[Rank 0] (epoch: 591, iters: 408, time: 0.030, data: 0.002) , D_A: 0.065, G_A: 0.672, cycle_A: 0.097, idt_A: 0.098, D_B: 0.001, G_B: 0.996, cycle_B: 0.201, idt_B: 0.062

[Rank 0] (epoch: 591, iters: 608, time: 0.167, data: 0.002) , D_A: 0.088, G_A: 0.446, cycle_A: 0.073, idt_A: 0.097, D_B: 0.002, G_B: 0.917, cycle_B: 0.205, idt_B: 0.049

saving the latest model (epoch 591, total_iters 365000)
[Rank 0] (epoch: 591, iters: 808, time: 0.027, data: 0.002) , D_A: 0.099, G_A: 0.623, cycle_A: 0.097, idt_A: 0.092, D_B: 0.002, G_B: 1.045, cycle_B: 0.193, idt_B: 0.069

[Rank 0] (epoch: 591, iters: 1008, time: 0.030, data: 0.002) , D_A: 0.058, G_A: 0.643, cycle_A: 0.059, idt_A: 0.097, D_B: 0.001, G_B: 0.985, cycle_B: 0.193, idt_B: 0.037

[Rank 0] (epoch: 591, iters: 1208, time: 0.030, data: 0.003) , D_A: 0.073, G_A: 0.726, cycle_A: 0.096, idt_A: 0.083, D_B: 0.002, G_B: 0.962, cycle_B: 0.171, idt_B: 0.065

[Rank 0] (epoch: 591, iters: 1408, time: 0.029, data: 0.002) , D_A: 0.077, G_A: 0.656, cycle_A: 0.082, idt_A: 0.097, D_B: 0.002, G_B: 0.953, cycle_B: 0.195, idt_B: 0.059

[Rank 0] (epoch: 591, iters: 1608, time: 0.154, data: 0.373) , D_A: 0.061, G_A: 0.685, cycle_A: 0.066, idt_A: 0.094, D_B: 0.003, G_B: 0.986, cycle_B: 0.190, idt_B: 0.048

[Rank 0] (epoch: 591, iters: 1808, time: 0.027, data: 0.007) , D_A: 0.077, G_A: 0.708, cycle_A: 0.067, idt_A: 0.085, D_B: 0.004, G_B: 0.908, cycle_B: 0.182, idt_B: 0.046

learning rate 0.0000100 -> 0.0000100
saving the model at the end of epoch 591, iters 366320
End of epoch 591 / 670 	 Time Taken: 72 sec
[Rank 0] (epoch: 592, iters: 80, time: 0.197, data: 0.006) , D_A: 0.069, G_A: 0.767, cycle_A: 0.064, idt_A: 0.116, D_B: 0.054, G_B: 0.903, cycle_B: 0.253, idt_B: 0.039

[Rank 0] (epoch: 592, iters: 280, time: 0.030, data: 0.003) , D_A: 0.081, G_A: 0.641, cycle_A: 0.052, idt_A: 0.089, D_B: 0.013, G_B: 0.916, cycle_B: 0.189, idt_B: 0.035

[Rank 0] (epoch: 592, iters: 480, time: 0.030, data: 0.002) , D_A: 0.049, G_A: 0.714, cycle_A: 0.100, idt_A: 0.102, D_B: 0.003, G_B: 0.915, cycle_B: 0.207, idt_B: 0.066

[Rank 0] (epoch: 592, iters: 680, time: 0.158, data: 0.271) , D_A: 0.061, G_A: 0.679, cycle_A: 0.089, idt_A: 0.109, D_B: 0.003, G_B: 0.913, cycle_B: 0.218, idt_B: 0.061

[Rank 0] (epoch: 592, iters: 880, time: 0.027, data: 0.002) , D_A: 0.067, G_A: 0.859, cycle_A: 0.088, idt_A: 0.104, D_B: 0.003, G_B: 0.921, cycle_B: 0.232, idt_B: 0.058

[Rank 0] (epoch: 592, iters: 1080, time: 0.030, data: 0.181) , D_A: 0.062, G_A: 0.720, cycle_A: 0.088, idt_A: 0.084, D_B: 0.005, G_B: 0.819, cycle_B: 0.186, idt_B: 0.064

[Rank 0] (epoch: 592, iters: 1280, time: 0.030, data: 0.002) , D_A: 0.052, G_A: 0.731, cycle_A: 0.072, idt_A: 0.102, D_B: 0.036, G_B: 0.974, cycle_B: 0.226, idt_B: 0.051

[Rank 0] (epoch: 592, iters: 1480, time: 0.030, data: 0.003) , D_A: 0.068, G_A: 0.667, cycle_A: 0.050, idt_A: 0.096, D_B: 0.002, G_B: 0.950, cycle_B: 0.213, idt_B: 0.037

[Rank 0] (epoch: 592, iters: 1680, time: 0.113, data: 0.003) , D_A: 0.072, G_A: 0.680, cycle_A: 0.080, idt_A: 0.102, D_B: 0.004, G_B: 0.884, cycle_B: 0.220, idt_B: 0.055

[Rank 0] (epoch: 592, iters: 1880, time: 0.030, data: 0.002) , D_A: 0.097, G_A: 0.441, cycle_A: 0.064, idt_A: 0.085, D_B: 0.002, G_B: 0.942, cycle_B: 0.193, idt_B: 0.046

learning rate 0.0000100 -> 0.0000100
saving the model at the end of epoch 592, iters 368248
End of epoch 592 / 670 	 Time Taken: 63 sec
[Rank 0] (epoch: 593, iters: 152, time: 0.112, data: 0.003) , D_A: 0.075, G_A: 0.793, cycle_A: 0.063, idt_A: 0.091, D_B: 0.015, G_B: 0.964, cycle_B: 0.205, idt_B: 0.042

[Rank 0] (epoch: 593, iters: 352, time: 0.030, data: 0.002) , D_A: 0.086, G_A: 0.685, cycle_A: 0.059, idt_A: 0.094, D_B: 0.002, G_B: 0.990, cycle_B: 0.208, idt_B: 0.040

[Rank 0] (epoch: 593, iters: 552, time: 0.029, data: 0.003) , D_A: 0.060, G_A: 0.688, cycle_A: 0.081, idt_A: 0.098, D_B: 0.001, G_B: 0.940, cycle_B: 0.211, idt_B: 0.057

[Rank 0] (epoch: 593, iters: 752, time: 0.117, data: 0.002) , D_A: 0.048, G_A: 0.725, cycle_A: 0.084, idt_A: 0.092, D_B: 0.007, G_B: 0.769, cycle_B: 0.204, idt_B: 0.054

[Rank 0] (epoch: 593, iters: 952, time: 0.029, data: 0.002) , D_A: 0.086, G_A: 0.571, cycle_A: 0.063, idt_A: 0.099, D_B: 0.002, G_B: 0.931, cycle_B: 0.212, idt_B: 0.043

[Rank 0] (epoch: 593, iters: 1152, time: 0.030, data: 0.002) , D_A: 0.065, G_A: 0.822, cycle_A: 0.074, idt_A: 0.101, D_B: 0.003, G_B: 0.922, cycle_B: 0.213, idt_B: 0.052

[Rank 0] (epoch: 593, iters: 1352, time: 0.029, data: 0.003) , D_A: 0.076, G_A: 0.678, cycle_A: 0.073, idt_A: 0.101, D_B: 0.003, G_B: 1.014, cycle_B: 0.232, idt_B: 0.051

[Rank 0] (epoch: 593, iters: 1552, time: 0.029, data: 0.003) , D_A: 0.065, G_A: 0.674, cycle_A: 0.088, idt_A: 0.106, D_B: 0.039, G_B: 1.041, cycle_B: 0.288, idt_B: 0.057

[Rank 0] (epoch: 593, iters: 1752, time: 0.106, data: 0.003) , D_A: 0.065, G_A: 0.636, cycle_A: 0.090, idt_A: 0.095, D_B: 0.030, G_B: 0.531, cycle_B: 0.272, idt_B: 0.053

saving the latest model (epoch 593, total_iters 370000)
learning rate 0.0000100 -> 0.0000100
saving the model at the end of epoch 593, iters 370176
End of epoch 593 / 670 	 Time Taken: 53 sec
[Rank 0] (epoch: 594, iters: 24, time: 0.119, data: 0.002) , D_A: 0.059, G_A: 0.784, cycle_A: 0.115, idt_A: 0.094, D_B: 0.018, G_B: 0.669, cycle_B: 0.269, idt_B: 0.070

[Rank 0] (epoch: 594, iters: 224, time: 0.029, data: 0.002) , D_A: 0.053, G_A: 0.636, cycle_A: 0.110, idt_A: 0.098, D_B: 0.018, G_B: 0.989, cycle_B: 0.290, idt_B: 0.062

[Rank 0] (epoch: 594, iters: 424, time: 0.030, data: 0.003) , D_A: 0.072, G_A: 0.981, cycle_A: 0.078, idt_A: 0.100, D_B: 0.008, G_B: 0.940, cycle_B: 0.281, idt_B: 0.045

[Rank 0] (epoch: 594, iters: 624, time: 0.029, data: 0.003) , D_A: 0.050, G_A: 0.594, cycle_A: 0.072, idt_A: 0.097, D_B: 0.014, G_B: 0.933, cycle_B: 0.273, idt_B: 0.046

[Rank 0] (epoch: 594, iters: 824, time: 0.112, data: 0.003) , D_A: 0.063, G_A: 0.845, cycle_A: 0.109, idt_A: 0.094, D_B: 0.011, G_B: 0.858, cycle_B: 0.260, idt_B: 0.070

[Rank 0] (epoch: 594, iters: 1024, time: 0.029, data: 0.003) , D_A: 0.048, G_A: 0.681, cycle_A: 0.075, idt_A: 0.099, D_B: 0.012, G_B: 0.833, cycle_B: 0.270, idt_B: 0.049

[Rank 0] (epoch: 594, iters: 1224, time: 0.029, data: 0.002) , D_A: 0.057, G_A: 0.696, cycle_A: 0.092, idt_A: 0.096, D_B: 0.010, G_B: 0.858, cycle_B: 0.258, idt_B: 0.067

[Rank 0] (epoch: 594, iters: 1424, time: 0.029, data: 0.003) , D_A: 0.043, G_A: 0.854, cycle_A: 0.066, idt_A: 0.102, D_B: 0.010, G_B: 0.916, cycle_B: 0.280, idt_B: 0.043

[Rank 0] (epoch: 594, iters: 1624, time: 0.030, data: 0.002) , D_A: 0.075, G_A: 0.795, cycle_A: 0.097, idt_A: 0.093, D_B: 0.008, G_B: 1.011, cycle_B: 0.267, idt_B: 0.062

[Rank 0] (epoch: 594, iters: 1824, time: 0.097, data: 0.003) , D_A: 0.088, G_A: 0.741, cycle_A: 0.090, idt_A: 0.105, D_B: 0.008, G_B: 0.871, cycle_B: 0.286, idt_B: 0.062

learning rate 0.0000100 -> 0.0000100
saving the model at the end of epoch 594, iters 372104
End of epoch 594 / 670 	 Time Taken: 53 sec
[Rank 0] (epoch: 595, iters: 96, time: 0.114, data: 0.003) , D_A: 0.059, G_A: 0.794, cycle_A: 0.085, idt_A: 0.090, D_B: 0.009, G_B: 0.931, cycle_B: 0.247, idt_B: 0.057

[Rank 0] (epoch: 595, iters: 296, time: 0.029, data: 0.003) , D_A: 0.071, G_A: 0.840, cycle_A: 0.057, idt_A: 0.098, D_B: 0.022, G_B: 0.710, cycle_B: 0.266, idt_B: 0.040

[Rank 0] (epoch: 595, iters: 496, time: 0.030, data: 0.003) , D_A: 0.060, G_A: 0.584, cycle_A: 0.078, idt_A: 0.090, D_B: 0.009, G_B: 0.939, cycle_B: 0.248, idt_B: 0.053

[Rank 0] (epoch: 595, iters: 696, time: 0.030, data: 0.003) , D_A: 0.073, G_A: 0.694, cycle_A: 0.052, idt_A: 0.101, D_B: 0.008, G_B: 0.877, cycle_B: 0.262, idt_B: 0.035

[Rank 0] (epoch: 595, iters: 896, time: 0.107, data: 0.003) , D_A: 0.066, G_A: 0.766, cycle_A: 0.070, idt_A: 0.100, D_B: 0.008, G_B: 1.092, cycle_B: 0.274, idt_B: 0.049

[Rank 0] (epoch: 595, iters: 1096, time: 0.029, data: 0.002) , D_A: 0.058, G_A: 0.722, cycle_A: 0.109, idt_A: 0.092, D_B: 0.006, G_B: 0.906, cycle_B: 0.234, idt_B: 0.070

[Rank 0] (epoch: 595, iters: 1296, time: 0.030, data: 0.003) , D_A: 0.069, G_A: 0.773, cycle_A: 0.103, idt_A: 0.095, D_B: 0.007, G_B: 0.901, cycle_B: 0.235, idt_B: 0.075

[Rank 0] (epoch: 595, iters: 1496, time: 0.029, data: 0.003) , D_A: 0.055, G_A: 0.754, cycle_A: 0.084, idt_A: 0.093, D_B: 0.004, G_B: 0.918, cycle_B: 0.237, idt_B: 0.057

[Rank 0] (epoch: 595, iters: 1696, time: 0.030, data: 0.003) , D_A: 0.082, G_A: 0.532, cycle_A: 0.078, idt_A: 0.095, D_B: 0.006, G_B: 0.938, cycle_B: 0.245, idt_B: 0.058

[Rank 0] (epoch: 595, iters: 1896, time: 0.113, data: 0.003) , D_A: 0.071, G_A: 0.691, cycle_A: 0.075, idt_A: 0.093, D_B: 0.011, G_B: 0.792, cycle_B: 0.248, idt_B: 0.051

learning rate 0.0000100 -> 0.0000100
saving the model at the end of epoch 595, iters 374032
End of epoch 595 / 670 	 Time Taken: 53 sec
[Rank 0] (epoch: 596, iters: 168, time: 0.154, data: 0.002) , D_A: 0.076, G_A: 0.836, cycle_A: 0.064, idt_A: 0.095, D_B: 0.011, G_B: 0.897, cycle_B: 0.246, idt_B: 0.045

[Rank 0] (epoch: 596, iters: 368, time: 0.030, data: 0.002) , D_A: 0.066, G_A: 0.698, cycle_A: 0.076, idt_A: 0.092, D_B: 0.009, G_B: 0.901, cycle_B: 0.221, idt_B: 0.056

[Rank 0] (epoch: 596, iters: 568, time: 0.030, data: 0.004) , D_A: 0.052, G_A: 0.634, cycle_A: 0.081, idt_A: 0.097, D_B: 0.005, G_B: 0.933, cycle_B: 0.252, idt_B: 0.049

[Rank 0] (epoch: 596, iters: 768, time: 0.029, data: 0.004) , D_A: 0.078, G_A: 0.649, cycle_A: 0.105, idt_A: 0.102, D_B: 0.006, G_B: 0.872, cycle_B: 0.241, idt_B: 0.077

[Rank 0] (epoch: 596, iters: 968, time: 0.104, data: 0.147) , D_A: 0.072, G_A: 0.614, cycle_A: 0.080, idt_A: 0.090, D_B: 0.006, G_B: 1.019, cycle_B: 0.233, idt_B: 0.056

saving the latest model (epoch 596, total_iters 375000)
[Rank 0] (epoch: 596, iters: 1168, time: 0.030, data: 0.001) , D_A: 0.074, G_A: 0.671, cycle_A: 0.067, idt_A: 0.101, D_B: 0.011, G_B: 0.769, cycle_B: 0.280, idt_B: 0.045

[Rank 0] (epoch: 596, iters: 1368, time: 0.030, data: 0.003) , D_A: 0.087, G_A: 0.663, cycle_A: 0.075, idt_A: 0.096, D_B: 0.010, G_B: 0.930, cycle_B: 0.285, idt_B: 0.045

[Rank 0] (epoch: 596, iters: 1568, time: 0.030, data: 0.006) , D_A: 0.070, G_A: 0.756, cycle_A: 0.077, idt_A: 0.078, D_B: 0.012, G_B: 0.888, cycle_B: 0.258, idt_B: 0.053

[Rank 0] (epoch: 596, iters: 1768, time: 0.029, data: 0.231) , D_A: 0.055, G_A: 0.521, cycle_A: 0.074, idt_A: 0.097, D_B: 0.006, G_B: 0.921, cycle_B: 0.292, idt_B: 0.055

learning rate 0.0000100 -> 0.0000100
saving the model at the end of epoch 596, iters 375960
End of epoch 596 / 670 	 Time Taken: 60 sec
[Rank 0] (epoch: 597, iters: 40, time: 0.135, data: 0.002) , D_A: 0.071, G_A: 0.663, cycle_A: 0.089, idt_A: 0.085, D_B: 0.008, G_B: 0.944, cycle_B: 0.250, idt_B: 0.064

[Rank 0] (epoch: 597, iters: 240, time: 0.030, data: 0.002) , D_A: 0.101, G_A: 0.828, cycle_A: 0.068, idt_A: 0.108, D_B: 0.005, G_B: 0.951, cycle_B: 0.300, idt_B: 0.043

[Rank 0] (epoch: 597, iters: 440, time: 0.030, data: 0.004) , D_A: 0.059, G_A: 0.613, cycle_A: 0.089, idt_A: 0.098, D_B: 0.004, G_B: 1.014, cycle_B: 0.266, idt_B: 0.052

[Rank 0] (epoch: 597, iters: 640, time: 0.030, data: 0.003) , D_A: 0.062, G_A: 0.748, cycle_A: 0.079, idt_A: 0.093, D_B: 0.005, G_B: 0.942, cycle_B: 0.245, idt_B: 0.057

[Rank 0] (epoch: 597, iters: 840, time: 0.029, data: 0.003) , D_A: 0.067, G_A: 0.639, cycle_A: 0.077, idt_A: 0.096, D_B: 0.020, G_B: 0.858, cycle_B: 0.254, idt_B: 0.054

[Rank 0] (epoch: 597, iters: 1040, time: 0.107, data: 0.002) , D_A: 0.087, G_A: 0.598, cycle_A: 0.087, idt_A: 0.099, D_B: 0.018, G_B: 1.021, cycle_B: 0.291, idt_B: 0.055

[Rank 0] (epoch: 597, iters: 1240, time: 0.029, data: 0.003) , D_A: 0.074, G_A: 0.758, cycle_A: 0.086, idt_A: 0.091, D_B: 0.024, G_B: 0.851, cycle_B: 0.256, idt_B: 0.058

[Rank 0] (epoch: 597, iters: 1440, time: 0.030, data: 0.002) , D_A: 0.048, G_A: 0.905, cycle_A: 0.089, idt_A: 0.094, D_B: 0.012, G_B: 0.841, cycle_B: 0.237, idt_B: 0.057

[Rank 0] (epoch: 597, iters: 1640, time: 0.029, data: 0.003) , D_A: 0.073, G_A: 0.560, cycle_A: 0.086, idt_A: 0.091, D_B: 0.006, G_B: 0.895, cycle_B: 0.250, idt_B: 0.054

[Rank 0] (epoch: 597, iters: 1840, time: 0.029, data: 0.003) , D_A: 0.072, G_A: 0.778, cycle_A: 0.093, idt_A: 0.096, D_B: 0.020, G_B: 0.984, cycle_B: 0.254, idt_B: 0.062

learning rate 0.0000100 -> 0.0000100
saving the model at the end of epoch 597, iters 377888
End of epoch 597 / 670 	 Time Taken: 52 sec
[Rank 0] (epoch: 598, iters: 112, time: 0.108, data: 0.003) , D_A: 0.056, G_A: 0.605, cycle_A: 0.074, idt_A: 0.089, D_B: 0.008, G_B: 1.113, cycle_B: 0.235, idt_B: 0.046

[Rank 0] (epoch: 598, iters: 312, time: 0.029, data: 0.002) , D_A: 0.075, G_A: 0.672, cycle_A: 0.123, idt_A: 0.102, D_B: 0.008, G_B: 0.897, cycle_B: 0.264, idt_B: 0.080

[Rank 0] (epoch: 598, iters: 512, time: 0.026, data: 0.004) , D_A: 0.070, G_A: 0.852, cycle_A: 0.094, idt_A: 0.097, D_B: 0.014, G_B: 0.860, cycle_B: 0.247, idt_B: 0.063

[Rank 0] (epoch: 598, iters: 712, time: 0.029, data: 0.002) , D_A: 0.049, G_A: 0.717, cycle_A: 0.076, idt_A: 0.093, D_B: 0.012, G_B: 0.839, cycle_B: 0.242, idt_B: 0.053

[Rank 0] (epoch: 598, iters: 912, time: 0.029, data: 0.005) , D_A: 0.086, G_A: 0.672, cycle_A: 0.085, idt_A: 0.106, D_B: 0.008, G_B: 0.908, cycle_B: 0.249, idt_B: 0.054

[Rank 0] (epoch: 598, iters: 1112, time: 0.114, data: 0.002) , D_A: 0.056, G_A: 0.803, cycle_A: 0.077, idt_A: 0.102, D_B: 0.004, G_B: 0.957, cycle_B: 0.241, idt_B: 0.053

[Rank 0] (epoch: 598, iters: 1312, time: 0.029, data: 0.004) , D_A: 0.067, G_A: 0.716, cycle_A: 0.091, idt_A: 0.097, D_B: 0.023, G_B: 0.927, cycle_B: 0.224, idt_B: 0.059

[Rank 0] (epoch: 598, iters: 1512, time: 0.030, data: 0.003) , D_A: 0.076, G_A: 0.673, cycle_A: 0.070, idt_A: 0.087, D_B: 0.004, G_B: 0.968, cycle_B: 0.210, idt_B: 0.049

[Rank 0] (epoch: 598, iters: 1712, time: 0.030, data: 0.003) , D_A: 0.074, G_A: 0.923, cycle_A: 0.078, idt_A: 0.104, D_B: 0.008, G_B: 0.903, cycle_B: 0.232, idt_B: 0.053

[Rank 0] (epoch: 598, iters: 1912, time: 0.030, data: 0.005) , D_A: 0.042, G_A: 0.964, cycle_A: 0.101, idt_A: 0.109, D_B: 0.004, G_B: 0.954, cycle_B: 0.240, idt_B: 0.063

learning rate 0.0000100 -> 0.0000100
saving the model at the end of epoch 598, iters 379816
End of epoch 598 / 670 	 Time Taken: 53 sec
[Rank 0] (epoch: 599, iters: 184, time: 0.129, data: 0.001) , D_A: 0.064, G_A: 0.706, cycle_A: 0.097, idt_A: 0.090, D_B: 0.003, G_B: 1.002, cycle_B: 0.212, idt_B: 0.070

saving the latest model (epoch 599, total_iters 380000)
[Rank 0] (epoch: 599, iters: 384, time: 0.029, data: 0.002) , D_A: 0.049, G_A: 0.810, cycle_A: 0.076, idt_A: 0.109, D_B: 0.002, G_B: 0.982, cycle_B: 0.250, idt_B: 0.054

[Rank 0] (epoch: 599, iters: 584, time: 0.029, data: 0.003) , D_A: 0.056, G_A: 0.808, cycle_A: 0.065, idt_A: 0.089, D_B: 0.002, G_B: 1.008, cycle_B: 0.198, idt_B: 0.043

[Rank 0] (epoch: 599, iters: 784, time: 0.029, data: 0.132) , D_A: 0.073, G_A: 0.648, cycle_A: 0.074, idt_A: 0.088, D_B: 0.002, G_B: 0.977, cycle_B: 0.203, idt_B: 0.053

[Rank 0] (epoch: 599, iters: 984, time: 0.026, data: 0.002) , D_A: 0.046, G_A: 1.033, cycle_A: 0.098, idt_A: 0.102, D_B: 0.003, G_B: 1.034, cycle_B: 0.233, idt_B: 0.062

[Rank 0] (epoch: 599, iters: 1184, time: 0.132, data: 0.002) , D_A: 0.059, G_A: 0.793, cycle_A: 0.109, idt_A: 0.083, D_B: 0.002, G_B: 0.991, cycle_B: 0.178, idt_B: 0.073

[Rank 0] (epoch: 599, iters: 1384, time: 0.030, data: 0.001) , D_A: 0.097, G_A: 0.682, cycle_A: 0.066, idt_A: 0.099, D_B: 0.003, G_B: 0.873, cycle_B: 0.214, idt_B: 0.045

[Rank 0] (epoch: 599, iters: 1584, time: 0.029, data: 0.003) , D_A: 0.074, G_A: 0.708, cycle_A: 0.069, idt_A: 0.095, D_B: 0.010, G_B: 1.015, cycle_B: 0.213, idt_B: 0.049

[Rank 0] (epoch: 599, iters: 1784, time: 0.029, data: 0.003) , D_A: 0.057, G_A: 0.790, cycle_A: 0.067, idt_A: 0.101, D_B: 0.002, G_B: 0.973, cycle_B: 0.220, idt_B: 0.042

learning rate 0.0000100 -> 0.0000100
saving the model at the end of epoch 599, iters 381744
End of epoch 599 / 670 	 Time Taken: 54 sec
[Rank 0] (epoch: 600, iters: 56, time: 0.120, data: 0.004) , D_A: 0.050, G_A: 0.674, cycle_A: 0.098, idt_A: 0.101, D_B: 0.002, G_B: 0.972, cycle_B: 0.227, idt_B: 0.062

[Rank 0] (epoch: 600, iters: 256, time: 0.109, data: 0.001) , D_A: 0.059, G_A: 0.641, cycle_A: 0.074, idt_A: 0.096, D_B: 0.002, G_B: 0.974, cycle_B: 0.207, idt_B: 0.053

[Rank 0] (epoch: 600, iters: 456, time: 0.030, data: 0.001) , D_A: 0.050, G_A: 0.676, cycle_A: 0.086, idt_A: 0.089, D_B: 0.002, G_B: 0.970, cycle_B: 0.199, idt_B: 0.062

[Rank 0] (epoch: 600, iters: 656, time: 0.029, data: 0.003) , D_A: 0.066, G_A: 0.706, cycle_A: 0.079, idt_A: 0.092, D_B: 0.002, G_B: 0.978, cycle_B: 0.202, idt_B: 0.054

[Rank 0] (epoch: 600, iters: 856, time: 0.029, data: 0.002) , D_A: 0.058, G_A: 0.749, cycle_A: 0.109, idt_A: 0.112, D_B: 0.003, G_B: 0.890, cycle_B: 0.250, idt_B: 0.070

[Rank 0] (epoch: 600, iters: 1056, time: 0.030, data: 0.002) , D_A: 0.072, G_A: 0.983, cycle_A: 0.079, idt_A: 0.108, D_B: 0.001, G_B: 1.004, cycle_B: 0.242, idt_B: 0.048

[Rank 0] (epoch: 600, iters: 1256, time: 0.110, data: 0.002) , D_A: 0.065, G_A: 0.696, cycle_A: 0.078, idt_A: 0.102, D_B: 0.003, G_B: 0.947, cycle_B: 0.224, idt_B: 0.049

[Rank 0] (epoch: 600, iters: 1456, time: 0.029, data: 0.002) , D_A: 0.052, G_A: 0.867, cycle_A: 0.091, idt_A: 0.098, D_B: 0.002, G_B: 0.982, cycle_B: 0.224, idt_B: 0.055

[Rank 0] (epoch: 600, iters: 1656, time: 0.030, data: 0.002) , D_A: 0.056, G_A: 0.788, cycle_A: 0.090, idt_A: 0.100, D_B: 0.001, G_B: 1.001, cycle_B: 0.227, idt_B: 0.061

[Rank 0] (epoch: 600, iters: 1856, time: 0.029, data: 0.004) , D_A: 0.066, G_A: 0.720, cycle_A: 0.100, idt_A: 0.089, D_B: 0.002, G_B: 0.935, cycle_B: 0.193, idt_B: 0.066

learning rate 0.0000100 -> 0.0000100
saving the model at the end of epoch 600, iters 383672
End of epoch 600 / 670 	 Time Taken: 53 sec
[Rank 0] (epoch: 601, iters: 128, time: 0.131, data: 0.003) , D_A: 0.063, G_A: 0.681, cycle_A: 0.073, idt_A: 0.097, D_B: 0.002, G_B: 0.946, cycle_B: 0.225, idt_B: 0.052

[Rank 0] (epoch: 601, iters: 328, time: 0.135, data: 0.002) , D_A: 0.040, G_A: 0.919, cycle_A: 0.079, idt_A: 0.100, D_B: 0.003, G_B: 0.924, cycle_B: 0.211, idt_B: 0.049

[Rank 0] (epoch: 601, iters: 528, time: 0.029, data: 0.004) , D_A: 0.061, G_A: 0.754, cycle_A: 0.066, idt_A: 0.101, D_B: 0.001, G_B: 0.932, cycle_B: 0.223, idt_B: 0.046

[Rank 0] (epoch: 601, iters: 728, time: 0.030, data: 0.002) , D_A: 0.063, G_A: 0.641, cycle_A: 0.079, idt_A: 0.099, D_B: 0.001, G_B: 0.990, cycle_B: 0.232, idt_B: 0.048

[Rank 0] (epoch: 601, iters: 928, time: 0.026, data: 0.031) , D_A: 0.069, G_A: 0.760, cycle_A: 0.092, idt_A: 0.101, D_B: 0.002, G_B: 0.926, cycle_B: 0.223, idt_B: 0.065

[Rank 0] (epoch: 601, iters: 1128, time: 0.030, data: 0.002) , D_A: 0.073, G_A: 0.627, cycle_A: 0.085, idt_A: 0.098, D_B: 0.002, G_B: 1.016, cycle_B: 0.232, idt_B: 0.054

[Rank 0] (epoch: 601, iters: 1328, time: 0.142, data: 0.173) , D_A: 0.062, G_A: 0.748, cycle_A: 0.074, idt_A: 0.100, D_B: 0.002, G_B: 0.988, cycle_B: 0.218, idt_B: 0.052

saving the latest model (epoch 601, total_iters 385000)
[Rank 0] (epoch: 601, iters: 1528, time: 0.030, data: 0.002) , D_A: 0.066, G_A: 0.712, cycle_A: 0.075, idt_A: 0.099, D_B: 0.002, G_B: 0.989, cycle_B: 0.223, idt_B: 0.048

[Rank 0] (epoch: 601, iters: 1728, time: 0.029, data: 0.003) , D_A: 0.078, G_A: 0.853, cycle_A: 0.104, idt_A: 0.088, D_B: 0.002, G_B: 0.957, cycle_B: 0.204, idt_B: 0.071

[Rank 0] (epoch: 601, iters: 1928, time: 0.023, data: 0.002) , D_A: 0.091, G_A: 0.710, cycle_A: 0.069, idt_A: 0.083, D_B: 0.002, G_B: 0.975, cycle_B: 0.190, idt_B: 0.046

learning rate 0.0000100 -> 0.0000100
saving the model at the end of epoch 601, iters 385600
End of epoch 601 / 670 	 Time Taken: 58 sec
[Rank 0] (epoch: 602, iters: 200, time: 0.122, data: 0.915) , D_A: 0.044, G_A: 0.769, cycle_A: 0.058, idt_A: 0.093, D_B: 0.002, G_B: 0.979, cycle_B: 0.213, idt_B: 0.040

[Rank 0] (epoch: 602, iters: 400, time: 0.113, data: 0.004) , D_A: 0.068, G_A: 0.644, cycle_A: 0.084, idt_A: 0.097, D_B: 0.002, G_B: 0.973, cycle_B: 0.212, idt_B: 0.059

[Rank 0] (epoch: 602, iters: 600, time: 0.029, data: 0.003) , D_A: 0.078, G_A: 0.736, cycle_A: 0.063, idt_A: 0.109, D_B: 0.001, G_B: 0.968, cycle_B: 0.245, idt_B: 0.044

[Rank 0] (epoch: 602, iters: 800, time: 0.030, data: 0.002) , D_A: 0.090, G_A: 0.817, cycle_A: 0.086, idt_A: 0.098, D_B: 0.003, G_B: 0.987, cycle_B: 0.222, idt_B: 0.051

[Rank 0] (epoch: 602, iters: 1000, time: 0.029, data: 0.004) , D_A: 0.055, G_A: 0.925, cycle_A: 0.070, idt_A: 0.101, D_B: 0.002, G_B: 0.936, cycle_B: 0.226, idt_B: 0.048

[Rank 0] (epoch: 602, iters: 1200, time: 0.030, data: 0.003) , D_A: 0.056, G_A: 0.803, cycle_A: 0.083, idt_A: 0.089, D_B: 0.002, G_B: 0.990, cycle_B: 0.196, idt_B: 0.060

[Rank 0] (epoch: 602, iters: 1400, time: 0.106, data: 0.003) , D_A: 0.058, G_A: 0.680, cycle_A: 0.093, idt_A: 0.095, D_B: 0.002, G_B: 0.971, cycle_B: 0.210, idt_B: 0.066

[Rank 0] (epoch: 602, iters: 1600, time: 0.030, data: 0.001) , D_A: 0.080, G_A: 0.768, cycle_A: 0.065, idt_A: 0.098, D_B: 0.002, G_B: 0.971, cycle_B: 0.212, idt_B: 0.045

[Rank 0] (epoch: 602, iters: 1800, time: 0.029, data: 0.003) , D_A: 0.053, G_A: 0.528, cycle_A: 0.064, idt_A: 0.086, D_B: 0.003, G_B: 0.973, cycle_B: 0.186, idt_B: 0.046

learning rate 0.0000100 -> 0.0000100
saving the model at the end of epoch 602, iters 387528
End of epoch 602 / 670 	 Time Taken: 53 sec
[Rank 0] (epoch: 603, iters: 72, time: 0.108, data: 0.002) , D_A: 0.067, G_A: 0.776, cycle_A: 0.087, idt_A: 0.102, D_B: 0.002, G_B: 0.953, cycle_B: 0.227, idt_B: 0.057

[Rank 0] (epoch: 603, iters: 272, time: 0.030, data: 0.002) , D_A: 0.058, G_A: 0.677, cycle_A: 0.079, idt_A: 0.100, D_B: 0.005, G_B: 0.999, cycle_B: 0.228, idt_B: 0.053

[Rank 0] (epoch: 603, iters: 472, time: 0.099, data: 0.003) , D_A: 0.066, G_A: 0.735, cycle_A: 0.067, idt_A: 0.087, D_B: 0.003, G_B: 0.913, cycle_B: 0.195, idt_B: 0.044

[Rank 0] (epoch: 603, iters: 672, time: 0.030, data: 0.002) , D_A: 0.067, G_A: 0.718, cycle_A: 0.081, idt_A: 0.097, D_B: 0.002, G_B: 0.945, cycle_B: 0.205, idt_B: 0.052

[Rank 0] (epoch: 603, iters: 872, time: 0.029, data: 0.003) , D_A: 0.055, G_A: 0.738, cycle_A: 0.094, idt_A: 0.109, D_B: 0.002, G_B: 1.019, cycle_B: 0.234, idt_B: 0.055

[Rank 0] (epoch: 603, iters: 1072, time: 0.030, data: 0.002) , D_A: 0.056, G_A: 0.905, cycle_A: 0.066, idt_A: 0.105, D_B: 0.001, G_B: 0.996, cycle_B: 0.221, idt_B: 0.046

[Rank 0] (epoch: 603, iters: 1272, time: 0.029, data: 0.003) , D_A: 0.045, G_A: 0.994, cycle_A: 0.078, idt_A: 0.088, D_B: 0.028, G_B: 0.910, cycle_B: 0.186, idt_B: 0.048

[Rank 0] (epoch: 603, iters: 1472, time: 0.104, data: 0.002) , D_A: 0.069, G_A: 0.672, cycle_A: 0.064, idt_A: 0.094, D_B: 0.002, G_B: 0.950, cycle_B: 0.198, idt_B: 0.042

[Rank 0] (epoch: 603, iters: 1672, time: 0.029, data: 0.003) , D_A: 0.051, G_A: 0.720, cycle_A: 0.085, idt_A: 0.100, D_B: 0.001, G_B: 0.977, cycle_B: 0.221, idt_B: 0.059

[Rank 0] (epoch: 603, iters: 1872, time: 0.030, data: 0.002) , D_A: 0.049, G_A: 0.812, cycle_A: 0.101, idt_A: 0.093, D_B: 0.002, G_B: 1.017, cycle_B: 0.191, idt_B: 0.069

learning rate 0.0000100 -> 0.0000100
saving the model at the end of epoch 603, iters 389456
End of epoch 603 / 670 	 Time Taken: 52 sec
[Rank 0] (epoch: 604, iters: 144, time: 0.117, data: 0.003) , D_A: 0.059, G_A: 0.840, cycle_A: 0.074, idt_A: 0.103, D_B: 0.031, G_B: 0.982, cycle_B: 0.222, idt_B: 0.047

[Rank 0] (epoch: 604, iters: 344, time: 0.030, data: 0.001) , D_A: 0.057, G_A: 0.751, cycle_A: 0.092, idt_A: 0.091, D_B: 0.002, G_B: 0.963, cycle_B: 0.190, idt_B: 0.055

[Rank 0] (epoch: 604, iters: 544, time: 0.115, data: 0.002) , D_A: 0.048, G_A: 0.795, cycle_A: 0.095, idt_A: 0.093, D_B: 0.001, G_B: 0.972, cycle_B: 0.202, idt_B: 0.066

saving the latest model (epoch 604, total_iters 390000)
[Rank 0] (epoch: 604, iters: 744, time: 0.030, data: 0.002) , D_A: 0.050, G_A: 0.890, cycle_A: 0.072, idt_A: 0.088, D_B: 0.001, G_B: 0.973, cycle_B: 0.184, idt_B: 0.047

[Rank 0] (epoch: 604, iters: 944, time: 0.029, data: 0.003) , D_A: 0.050, G_A: 0.876, cycle_A: 0.075, idt_A: 0.098, D_B: 0.001, G_B: 1.023, cycle_B: 0.209, idt_B: 0.052

[Rank 0] (epoch: 604, iters: 1144, time: 0.029, data: 0.002) , D_A: 0.045, G_A: 1.009, cycle_A: 0.068, idt_A: 0.088, D_B: 0.001, G_B: 0.953, cycle_B: 0.188, idt_B: 0.043

[Rank 0] (epoch: 604, iters: 1344, time: 0.029, data: 0.003) , D_A: 0.071, G_A: 0.866, cycle_A: 0.101, idt_A: 0.098, D_B: 0.002, G_B: 0.994, cycle_B: 0.214, idt_B: 0.067

[Rank 0] (epoch: 604, iters: 1544, time: 0.120, data: 0.002) , D_A: 0.072, G_A: 0.740, cycle_A: 0.069, idt_A: 0.087, D_B: 0.001, G_B: 0.969, cycle_B: 0.181, idt_B: 0.046

[Rank 0] (epoch: 604, iters: 1744, time: 0.029, data: 0.003) , D_A: 0.080, G_A: 0.624, cycle_A: 0.066, idt_A: 0.094, D_B: 0.009, G_B: 0.687, cycle_B: 0.228, idt_B: 0.047

learning rate 0.0000100 -> 0.0000100
saving the model at the end of epoch 604, iters 391384
End of epoch 604 / 670 	 Time Taken: 53 sec
[Rank 0] (epoch: 605, iters: 16, time: 0.129, data: 0.004) , D_A: 0.055, G_A: 0.721, cycle_A: 0.084, idt_A: 0.090, D_B: 0.001, G_B: 0.935, cycle_B: 0.189, idt_B: 0.058

[Rank 0] (epoch: 605, iters: 216, time: 0.030, data: 0.002) , D_A: 0.066, G_A: 0.800, cycle_A: 0.098, idt_A: 0.091, D_B: 0.002, G_B: 0.899, cycle_B: 0.194, idt_B: 0.059

[Rank 0] (epoch: 605, iters: 416, time: 0.026, data: 0.003) , D_A: 0.067, G_A: 0.769, cycle_A: 0.069, idt_A: 0.099, D_B: 0.003, G_B: 0.866, cycle_B: 0.209, idt_B: 0.049

[Rank 0] (epoch: 605, iters: 616, time: 0.123, data: 0.003) , D_A: 0.070, G_A: 0.740, cycle_A: 0.080, idt_A: 0.099, D_B: 0.001, G_B: 0.942, cycle_B: 0.214, idt_B: 0.050

[Rank 0] (epoch: 605, iters: 816, time: 0.029, data: 0.003) , D_A: 0.053, G_A: 0.693, cycle_A: 0.074, idt_A: 0.100, D_B: 0.002, G_B: 0.948, cycle_B: 0.213, idt_B: 0.050

[Rank 0] (epoch: 605, iters: 1016, time: 0.028, data: 0.005) , D_A: 0.064, G_A: 1.197, cycle_A: 0.072, idt_A: 0.090, D_B: 0.001, G_B: 0.977, cycle_B: 0.192, idt_B: 0.048

[Rank 0] (epoch: 605, iters: 1216, time: 0.030, data: 0.002) , D_A: 0.086, G_A: 0.731, cycle_A: 0.066, idt_A: 0.110, D_B: 0.001, G_B: 0.961, cycle_B: 0.232, idt_B: 0.049

[Rank 0] (epoch: 605, iters: 1416, time: 0.030, data: 0.002) , D_A: 0.087, G_A: 0.556, cycle_A: 0.068, idt_A: 0.088, D_B: 0.002, G_B: 1.030, cycle_B: 0.200, idt_B: 0.044

[Rank 0] (epoch: 605, iters: 1616, time: 0.115, data: 0.019) , D_A: 0.056, G_A: 0.626, cycle_A: 0.066, idt_A: 0.099, D_B: 0.001, G_B: 0.973, cycle_B: 0.221, idt_B: 0.046

[Rank 0] (epoch: 605, iters: 1816, time: 0.029, data: 0.003) , D_A: 0.055, G_A: 0.825, cycle_A: 0.083, idt_A: 0.088, D_B: 0.001, G_B: 0.944, cycle_B: 0.180, idt_B: 0.055

learning rate 0.0000100 -> 0.0000100
saving the model at the end of epoch 605, iters 393312
End of epoch 605 / 670 	 Time Taken: 57 sec
[Rank 0] (epoch: 606, iters: 88, time: 0.111, data: 0.003) , D_A: 0.083, G_A: 0.835, cycle_A: 0.088, idt_A: 0.096, D_B: 0.004, G_B: 0.883, cycle_B: 0.225, idt_B: 0.058

[Rank 0] (epoch: 606, iters: 288, time: 0.029, data: 0.003) , D_A: 0.056, G_A: 0.824, cycle_A: 0.090, idt_A: 0.093, D_B: 0.001, G_B: 0.985, cycle_B: 0.196, idt_B: 0.060

[Rank 0] (epoch: 606, iters: 488, time: 0.029, data: 0.002) , D_A: 0.055, G_A: 0.605, cycle_A: 0.077, idt_A: 0.084, D_B: 0.003, G_B: 0.886, cycle_B: 0.189, idt_B: 0.053

[Rank 0] (epoch: 606, iters: 688, time: 0.123, data: 0.003) , D_A: 0.074, G_A: 0.878, cycle_A: 0.066, idt_A: 0.103, D_B: 0.001, G_B: 0.974, cycle_B: 0.217, idt_B: 0.043

[Rank 0] (epoch: 606, iters: 888, time: 0.029, data: 0.002) , D_A: 0.059, G_A: 0.917, cycle_A: 0.096, idt_A: 0.099, D_B: 0.002, G_B: 0.994, cycle_B: 0.218, idt_B: 0.069

[Rank 0] (epoch: 606, iters: 1088, time: 0.029, data: 0.003) , D_A: 0.049, G_A: 0.794, cycle_A: 0.074, idt_A: 0.105, D_B: 0.041, G_B: 0.980, cycle_B: 0.226, idt_B: 0.047

[Rank 0] (epoch: 606, iters: 1288, time: 0.029, data: 0.003) , D_A: 0.037, G_A: 0.714, cycle_A: 0.083, idt_A: 0.081, D_B: 0.002, G_B: 0.961, cycle_B: 0.176, idt_B: 0.060

[Rank 0] (epoch: 606, iters: 1488, time: 0.029, data: 0.007) , D_A: 0.053, G_A: 0.805, cycle_A: 0.083, idt_A: 0.099, D_B: 0.001, G_B: 0.956, cycle_B: 0.218, idt_B: 0.055

[Rank 0] (epoch: 606, iters: 1688, time: 0.111, data: 0.003) , D_A: 0.062, G_A: 0.815, cycle_A: 0.086, idt_A: 0.101, D_B: 0.001, G_B: 0.979, cycle_B: 0.218, idt_B: 0.057

saving the latest model (epoch 606, total_iters 395000)
[Rank 0] (epoch: 606, iters: 1888, time: 0.030, data: 0.002) , D_A: 0.053, G_A: 0.742, cycle_A: 0.084, idt_A: 0.088, D_B: 0.001, G_B: 0.984, cycle_B: 0.183, idt_B: 0.055

learning rate 0.0000100 -> 0.0000100
saving the model at the end of epoch 606, iters 395240
End of epoch 606 / 670 	 Time Taken: 53 sec
[Rank 0] (epoch: 607, iters: 160, time: 0.146, data: 0.002) , D_A: 0.057, G_A: 0.758, cycle_A: 0.079, idt_A: 0.108, D_B: 0.002, G_B: 1.065, cycle_B: 0.226, idt_B: 0.053

[Rank 0] (epoch: 607, iters: 360, time: 0.029, data: 0.002) , D_A: 0.053, G_A: 0.698, cycle_A: 0.071, idt_A: 0.089, D_B: 0.051, G_B: 0.977, cycle_B: 0.184, idt_B: 0.045

[Rank 0] (epoch: 607, iters: 560, time: 0.030, data: 0.005) , D_A: 0.052, G_A: 0.668, cycle_A: 0.092, idt_A: 0.092, D_B: 0.001, G_B: 0.980, cycle_B: 0.195, idt_B: 0.059

[Rank 0] (epoch: 607, iters: 760, time: 0.122, data: 0.067) , D_A: 0.062, G_A: 0.717, cycle_A: 0.090, idt_A: 0.095, D_B: 0.001, G_B: 0.976, cycle_B: 0.198, idt_B: 0.064

[Rank 0] (epoch: 607, iters: 960, time: 0.030, data: 0.001) , D_A: 0.056, G_A: 0.812, cycle_A: 0.086, idt_A: 0.079, D_B: 0.001, G_B: 0.983, cycle_B: 0.167, idt_B: 0.059

[Rank 0] (epoch: 607, iters: 1160, time: 0.029, data: 0.002) , D_A: 0.071, G_A: 0.809, cycle_A: 0.079, idt_A: 0.088, D_B: 0.001, G_B: 0.977, cycle_B: 0.186, idt_B: 0.052

[Rank 0] (epoch: 607, iters: 1360, time: 0.030, data: 0.003) , D_A: 0.082, G_A: 0.786, cycle_A: 0.062, idt_A: 0.102, D_B: 0.003, G_B: 0.965, cycle_B: 0.215, idt_B: 0.046

[Rank 0] (epoch: 607, iters: 1560, time: 0.029, data: 0.002) , D_A: 0.079, G_A: 0.857, cycle_A: 0.081, idt_A: 0.089, D_B: 0.003, G_B: 0.879, cycle_B: 0.192, idt_B: 0.058

[Rank 0] (epoch: 607, iters: 1760, time: 0.122, data: 0.004) , D_A: 0.048, G_A: 0.591, cycle_A: 0.075, idt_A: 0.098, D_B: 0.001, G_B: 0.984, cycle_B: 0.209, idt_B: 0.052

learning rate 0.0000100 -> 0.0000100
saving the model at the end of epoch 607, iters 397168
End of epoch 607 / 670 	 Time Taken: 54 sec
[Rank 0] (epoch: 608, iters: 32, time: 0.130, data: 0.004) , D_A: 0.080, G_A: 0.503, cycle_A: 0.067, idt_A: 0.092, D_B: 0.001, G_B: 0.976, cycle_B: 0.186, idt_B: 0.043

[Rank 0] (epoch: 608, iters: 232, time: 0.029, data: 0.003) , D_A: 0.049, G_A: 0.707, cycle_A: 0.094, idt_A: 0.079, D_B: 0.030, G_B: 0.539, cycle_B: 0.168, idt_B: 0.058

[Rank 0] (epoch: 608, iters: 432, time: 0.030, data: 0.001) , D_A: 0.070, G_A: 0.660, cycle_A: 0.057, idt_A: 0.109, D_B: 0.001, G_B: 0.984, cycle_B: 0.247, idt_B: 0.039

[Rank 0] (epoch: 608, iters: 632, time: 0.030, data: 0.002) , D_A: 0.059, G_A: 0.646, cycle_A: 0.075, idt_A: 0.095, D_B: 0.002, G_B: 0.962, cycle_B: 0.226, idt_B: 0.051

[Rank 0] (epoch: 608, iters: 832, time: 0.111, data: 0.003) , D_A: 0.066, G_A: 0.702, cycle_A: 0.081, idt_A: 0.100, D_B: 0.002, G_B: 0.940, cycle_B: 0.224, idt_B: 0.059

[Rank 0] (epoch: 608, iters: 1032, time: 0.029, data: 0.003) , D_A: 0.068, G_A: 0.743, cycle_A: 0.080, idt_A: 0.103, D_B: 0.001, G_B: 0.967, cycle_B: 0.227, idt_B: 0.055

[Rank 0] (epoch: 608, iters: 1232, time: 0.030, data: 0.002) , D_A: 0.053, G_A: 0.897, cycle_A: 0.066, idt_A: 0.101, D_B: 0.067, G_B: 0.963, cycle_B: 0.215, idt_B: 0.045

[Rank 0] (epoch: 608, iters: 1432, time: 0.030, data: 0.003) , D_A: 0.066, G_A: 0.656, cycle_A: 0.082, idt_A: 0.100, D_B: 0.001, G_B: 1.022, cycle_B: 0.218, idt_B: 0.050

[Rank 0] (epoch: 608, iters: 1632, time: 0.030, data: 0.003) , D_A: 0.072, G_A: 0.744, cycle_A: 0.069, idt_A: 0.100, D_B: 0.002, G_B: 1.034, cycle_B: 0.224, idt_B: 0.048

[Rank 0] (epoch: 608, iters: 1832, time: 0.118, data: 0.003) , D_A: 0.051, G_A: 0.755, cycle_A: 0.094, idt_A: 0.110, D_B: 0.001, G_B: 1.009, cycle_B: 0.237, idt_B: 0.063

learning rate 0.0000100 -> 0.0000100
saving the model at the end of epoch 608, iters 399096
End of epoch 608 / 670 	 Time Taken: 53 sec
[Rank 0] (epoch: 609, iters: 104, time: 0.107, data: 0.001) , D_A: 0.072, G_A: 0.594, cycle_A: 0.074, idt_A: 0.087, D_B: 0.001, G_B: 0.975, cycle_B: 0.185, idt_B: 0.050

[Rank 0] (epoch: 609, iters: 304, time: 0.030, data: 0.001) , D_A: 0.070, G_A: 0.640, cycle_A: 0.091, idt_A: 0.093, D_B: 0.001, G_B: 1.004, cycle_B: 0.197, idt_B: 0.067

[Rank 0] (epoch: 609, iters: 504, time: 0.030, data: 0.002) , D_A: 0.050, G_A: 0.818, cycle_A: 0.075, idt_A: 0.098, D_B: 0.001, G_B: 1.004, cycle_B: 0.208, idt_B: 0.051

[Rank 0] (epoch: 609, iters: 704, time: 0.029, data: 0.002) , D_A: 0.086, G_A: 0.538, cycle_A: 0.066, idt_A: 0.104, D_B: 0.001, G_B: 0.971, cycle_B: 0.227, idt_B: 0.042

[Rank 0] (epoch: 609, iters: 904, time: 0.106, data: 0.003) , D_A: 0.075, G_A: 0.625, cycle_A: 0.099, idt_A: 0.094, D_B: 0.001, G_B: 0.966, cycle_B: 0.209, idt_B: 0.070

saving the latest model (epoch 609, total_iters 400000)
[Rank 0] (epoch: 609, iters: 1104, time: 0.030, data: 0.003) , D_A: 0.050, G_A: 0.836, cycle_A: 0.083, idt_A: 0.095, D_B: 0.002, G_B: 1.000, cycle_B: 0.206, idt_B: 0.057

[Rank 0] (epoch: 609, iters: 1304, time: 0.029, data: 0.003) , D_A: 0.050, G_A: 0.599, cycle_A: 0.070, idt_A: 0.106, D_B: 0.001, G_B: 0.970, cycle_B: 0.231, idt_B: 0.049

[Rank 0] (epoch: 609, iters: 1504, time: 0.030, data: 0.002) , D_A: 0.072, G_A: 0.844, cycle_A: 0.089, idt_A: 0.096, D_B: 0.035, G_B: 0.996, cycle_B: 0.203, idt_B: 0.058

[Rank 0] (epoch: 609, iters: 1704, time: 0.029, data: 0.003) , D_A: 0.056, G_A: 0.733, cycle_A: 0.104, idt_A: 0.094, D_B: 0.001, G_B: 0.994, cycle_B: 0.198, idt_B: 0.068

[Rank 0] (epoch: 609, iters: 1904, time: 0.102, data: 0.002) , D_A: 0.090, G_A: 0.689, cycle_A: 0.086, idt_A: 0.089, D_B: 0.001, G_B: 0.984, cycle_B: 0.194, idt_B: 0.059

learning rate 0.0000100 -> 0.0000100
saving the model at the end of epoch 609, iters 401024
End of epoch 609 / 670 	 Time Taken: 53 sec
[Rank 0] (epoch: 610, iters: 176, time: 0.119, data: 0.002) , D_A: 0.075, G_A: 0.844, cycle_A: 0.060, idt_A: 0.106, D_B: 0.037, G_B: 1.020, cycle_B: 0.235, idt_B: 0.036

[Rank 0] (epoch: 610, iters: 376, time: 0.029, data: 0.003) , D_A: 0.071, G_A: 0.611, cycle_A: 0.080, idt_A: 0.103, D_B: 0.002, G_B: 1.000, cycle_B: 0.219, idt_B: 0.052

[Rank 0] (epoch: 610, iters: 576, time: 0.030, data: 0.002) , D_A: 0.067, G_A: 0.691, cycle_A: 0.051, idt_A: 0.085, D_B: 0.002, G_B: 0.898, cycle_B: 0.181, idt_B: 0.032

[Rank 0] (epoch: 610, iters: 776, time: 0.029, data: 0.003) , D_A: 0.063, G_A: 0.846, cycle_A: 0.094, idt_A: 0.100, D_B: 0.002, G_B: 1.001, cycle_B: 0.231, idt_B: 0.058

[Rank 0] (epoch: 610, iters: 976, time: 0.103, data: 0.002) , D_A: 0.075, G_A: 0.607, cycle_A: 0.090, idt_A: 0.088, D_B: 0.001, G_B: 0.973, cycle_B: 0.185, idt_B: 0.062

[Rank 0] (epoch: 610, iters: 1176, time: 0.029, data: 0.003) , D_A: 0.057, G_A: 0.651, cycle_A: 0.083, idt_A: 0.094, D_B: 0.001, G_B: 0.968, cycle_B: 0.188, idt_B: 0.054

[Rank 0] (epoch: 610, iters: 1376, time: 0.030, data: 0.002) , D_A: 0.056, G_A: 0.752, cycle_A: 0.078, idt_A: 0.087, D_B: 0.001, G_B: 1.004, cycle_B: 0.177, idt_B: 0.053

[Rank 0] (epoch: 610, iters: 1576, time: 0.029, data: 0.003) , D_A: 0.067, G_A: 0.781, cycle_A: 0.080, idt_A: 0.103, D_B: 0.001, G_B: 0.991, cycle_B: 0.223, idt_B: 0.060

[Rank 0] (epoch: 610, iters: 1776, time: 0.030, data: 0.001) , D_A: 0.056, G_A: 0.752, cycle_A: 0.089, idt_A: 0.088, D_B: 0.001, G_B: 1.004, cycle_B: 0.189, idt_B: 0.059

learning rate 0.0000100 -> 0.0000100
saving the model at the end of epoch 610, iters 402952
End of epoch 610 / 670 	 Time Taken: 52 sec
[Rank 0] (epoch: 611, iters: 48, time: 0.140, data: 0.003) , D_A: 0.071, G_A: 0.724, cycle_A: 0.067, idt_A: 0.099, D_B: 0.001, G_B: 0.993, cycle_B: 0.204, idt_B: 0.046

[Rank 0] (epoch: 611, iters: 248, time: 0.029, data: 0.003) , D_A: 0.059, G_A: 0.651, cycle_A: 0.062, idt_A: 0.094, D_B: 0.001, G_B: 1.014, cycle_B: 0.214, idt_B: 0.041

[Rank 0] (epoch: 611, iters: 448, time: 0.029, data: 0.002) , D_A: 0.063, G_A: 0.711, cycle_A: 0.076, idt_A: 0.101, D_B: 0.001, G_B: 1.012, cycle_B: 0.222, idt_B: 0.053

[Rank 0] (epoch: 611, iters: 648, time: 0.029, data: 0.003) , D_A: 0.063, G_A: 0.717, cycle_A: 0.074, idt_A: 0.094, D_B: 0.001, G_B: 0.973, cycle_B: 0.207, idt_B: 0.050

[Rank 0] (epoch: 611, iters: 848, time: 0.029, data: 0.002) , D_A: 0.092, G_A: 0.735, cycle_A: 0.068, idt_A: 0.085, D_B: 0.001, G_B: 0.968, cycle_B: 0.189, idt_B: 0.047

[Rank 0] (epoch: 611, iters: 1048, time: 0.120, data: 0.002) , D_A: 0.064, G_A: 0.634, cycle_A: 0.073, idt_A: 0.088, D_B: 0.001, G_B: 0.993, cycle_B: 0.192, idt_B: 0.049

[Rank 0] (epoch: 611, iters: 1248, time: 0.029, data: 0.001) , D_A: 0.069, G_A: 0.690, cycle_A: 0.077, idt_A: 0.094, D_B: 0.003, G_B: 0.891, cycle_B: 0.208, idt_B: 0.051

[Rank 0] (epoch: 611, iters: 1448, time: 0.030, data: 0.001) , D_A: 0.077, G_A: 0.899, cycle_A: 0.102, idt_A: 0.093, D_B: 0.002, G_B: 0.960, cycle_B: 0.201, idt_B: 0.074

[Rank 0] (epoch: 611, iters: 1648, time: 0.026, data: 0.002) , D_A: 0.060, G_A: 0.744, cycle_A: 0.078, idt_A: 0.095, D_B: 0.001, G_B: 0.955, cycle_B: 0.196, idt_B: 0.053

[Rank 0] (epoch: 611, iters: 1848, time: 0.030, data: 0.002) , D_A: 0.065, G_A: 0.755, cycle_A: 0.081, idt_A: 0.100, D_B: 0.001, G_B: 0.985, cycle_B: 0.207, idt_B: 0.056

learning rate 0.0000100 -> 0.0000100
saving the model at the end of epoch 611, iters 404880
End of epoch 611 / 670 	 Time Taken: 53 sec
[Rank 0] (epoch: 612, iters: 120, time: 0.110, data: 0.002) , D_A: 0.068, G_A: 0.803, cycle_A: 0.106, idt_A: 0.089, D_B: 0.001, G_B: 0.959, cycle_B: 0.188, idt_B: 0.076

saving the latest model (epoch 612, total_iters 405000)
[Rank 0] (epoch: 612, iters: 320, time: 0.029, data: 0.002) , D_A: 0.056, G_A: 0.777, cycle_A: 0.086, idt_A: 0.092, D_B: 0.012, G_B: 0.963, cycle_B: 0.202, idt_B: 0.060

[Rank 0] (epoch: 612, iters: 520, time: 0.029, data: 0.002) , D_A: 0.062, G_A: 0.878, cycle_A: 0.074, idt_A: 0.093, D_B: 0.001, G_B: 0.986, cycle_B: 0.202, idt_B: 0.052

[Rank 0] (epoch: 612, iters: 720, time: 0.029, data: 0.003) , D_A: 0.066, G_A: 0.562, cycle_A: 0.073, idt_A: 0.094, D_B: 0.003, G_B: 0.869, cycle_B: 0.207, idt_B: 0.048

[Rank 0] (epoch: 612, iters: 920, time: 0.030, data: 0.002) , D_A: 0.088, G_A: 0.681, cycle_A: 0.051, idt_A: 0.093, D_B: 0.002, G_B: 0.927, cycle_B: 0.204, idt_B: 0.039

[Rank 0] (epoch: 612, iters: 1120, time: 0.106, data: 0.004) , D_A: 0.051, G_A: 0.693, cycle_A: 0.075, idt_A: 0.091, D_B: 0.001, G_B: 0.956, cycle_B: 0.206, idt_B: 0.052

[Rank 0] (epoch: 612, iters: 1320, time: 0.030, data: 0.003) , D_A: 0.082, G_A: 0.925, cycle_A: 0.057, idt_A: 0.103, D_B: 0.001, G_B: 0.998, cycle_B: 0.228, idt_B: 0.044

[Rank 0] (epoch: 612, iters: 1520, time: 0.029, data: 0.003) , D_A: 0.043, G_A: 0.942, cycle_A: 0.076, idt_A: 0.093, D_B: 0.001, G_B: 1.022, cycle_B: 0.204, idt_B: 0.052

[Rank 0] (epoch: 612, iters: 1720, time: 0.030, data: 0.002) , D_A: 0.047, G_A: 0.843, cycle_A: 0.077, idt_A: 0.101, D_B: 0.001, G_B: 1.045, cycle_B: 0.233, idt_B: 0.052

[Rank 0] (epoch: 612, iters: 1920, time: 0.029, data: 0.003) , D_A: 0.065, G_A: 0.916, cycle_A: 0.079, idt_A: 0.107, D_B: 0.002, G_B: 0.990, cycle_B: 0.241, idt_B: 0.046

learning rate 0.0000100 -> 0.0000100
saving the model at the end of epoch 612, iters 406808
End of epoch 612 / 670 	 Time Taken: 52 sec
[Rank 0] (epoch: 613, iters: 192, time: 0.143, data: 0.002) , D_A: 0.060, G_A: 0.965, cycle_A: 0.084, idt_A: 0.098, D_B: 0.002, G_B: 0.969, cycle_B: 0.217, idt_B: 0.057

[Rank 0] (epoch: 613, iters: 392, time: 0.029, data: 0.003) , D_A: 0.070, G_A: 0.749, cycle_A: 0.064, idt_A: 0.112, D_B: 0.006, G_B: 0.914, cycle_B: 0.264, idt_B: 0.041

[Rank 0] (epoch: 613, iters: 592, time: 0.030, data: 0.003) , D_A: 0.043, G_A: 0.829, cycle_A: 0.048, idt_A: 0.096, D_B: 0.002, G_B: 1.029, cycle_B: 0.220, idt_B: 0.032

[Rank 0] (epoch: 613, iters: 792, time: 0.030, data: 0.003) , D_A: 0.065, G_A: 0.736, cycle_A: 0.057, idt_A: 0.093, D_B: 0.005, G_B: 0.759, cycle_B: 0.207, idt_B: 0.039

[Rank 0] (epoch: 613, iters: 992, time: 0.030, data: 0.006) , D_A: 0.062, G_A: 1.205, cycle_A: 0.087, idt_A: 0.094, D_B: 0.018, G_B: 0.536, cycle_B: 0.204, idt_B: 0.060

[Rank 0] (epoch: 613, iters: 1192, time: 0.122, data: 0.003) , D_A: 0.040, G_A: 0.802, cycle_A: 0.061, idt_A: 0.099, D_B: 0.002, G_B: 0.937, cycle_B: 0.231, idt_B: 0.044

[Rank 0] (epoch: 613, iters: 1392, time: 0.029, data: 0.002) , D_A: 0.060, G_A: 0.681, cycle_A: 0.072, idt_A: 0.092, D_B: 0.002, G_B: 0.925, cycle_B: 0.209, idt_B: 0.054

[Rank 0] (epoch: 613, iters: 1592, time: 0.029, data: 0.006) , D_A: 0.061, G_A: 0.743, cycle_A: 0.070, idt_A: 0.095, D_B: 0.001, G_B: 0.982, cycle_B: 0.210, idt_B: 0.047

[Rank 0] (epoch: 613, iters: 1792, time: 0.030, data: 0.003) , D_A: 0.063, G_A: 0.770, cycle_A: 0.081, idt_A: 0.088, D_B: 0.002, G_B: 0.903, cycle_B: 0.184, idt_B: 0.049

learning rate 0.0000100 -> 0.0000100
saving the model at the end of epoch 613, iters 408736
End of epoch 613 / 670 	 Time Taken: 53 sec
[Rank 0] (epoch: 614, iters: 64, time: 0.115, data: 0.003) , D_A: 0.075, G_A: 0.710, cycle_A: 0.083, idt_A: 0.102, D_B: 0.003, G_B: 1.101, cycle_B: 0.241, idt_B: 0.055

[Rank 0] (epoch: 614, iters: 264, time: 0.104, data: 0.002) , D_A: 0.082, G_A: 0.709, cycle_A: 0.075, idt_A: 0.098, D_B: 0.001, G_B: 1.017, cycle_B: 0.210, idt_B: 0.051

[Rank 0] (epoch: 614, iters: 464, time: 0.030, data: 0.001) , D_A: 0.057, G_A: 0.614, cycle_A: 0.079, idt_A: 0.103, D_B: 0.002, G_B: 0.993, cycle_B: 0.229, idt_B: 0.053

[Rank 0] (epoch: 614, iters: 664, time: 0.029, data: 0.004) , D_A: 0.100, G_A: 0.493, cycle_A: 0.087, idt_A: 0.100, D_B: 0.004, G_B: 0.909, cycle_B: 0.236, idt_B: 0.063

[Rank 0] (epoch: 614, iters: 864, time: 0.030, data: 0.003) , D_A: 0.045, G_A: 0.935, cycle_A: 0.083, idt_A: 0.105, D_B: 0.004, G_B: 1.034, cycle_B: 0.229, idt_B: 0.060

[Rank 0] (epoch: 614, iters: 1064, time: 0.029, data: 0.003) , D_A: 0.055, G_A: 1.003, cycle_A: 0.084, idt_A: 0.096, D_B: 0.002, G_B: 0.942, cycle_B: 0.207, idt_B: 0.064

[Rank 0] (epoch: 614, iters: 1264, time: 0.103, data: 0.003) , D_A: 0.044, G_A: 0.736, cycle_A: 0.063, idt_A: 0.096, D_B: 0.002, G_B: 0.986, cycle_B: 0.202, idt_B: 0.047

saving the latest model (epoch 614, total_iters 410000)
[Rank 0] (epoch: 614, iters: 1464, time: 0.029, data: 0.003) , D_A: 0.052, G_A: 0.735, cycle_A: 0.083, idt_A: 0.100, D_B: 0.003, G_B: 0.854, cycle_B: 0.219, idt_B: 0.054

[Rank 0] (epoch: 614, iters: 1664, time: 0.030, data: 0.002) , D_A: 0.060, G_A: 0.669, cycle_A: 0.074, idt_A: 0.090, D_B: 0.001, G_B: 1.015, cycle_B: 0.202, idt_B: 0.051

[Rank 0] (epoch: 614, iters: 1864, time: 0.029, data: 0.003) , D_A: 0.044, G_A: 0.726, cycle_A: 0.067, idt_A: 0.095, D_B: 0.002, G_B: 0.947, cycle_B: 0.214, idt_B: 0.042

learning rate 0.0000100 -> 0.0000100
saving the model at the end of epoch 614, iters 410664
End of epoch 614 / 670 	 Time Taken: 52 sec
[Rank 0] (epoch: 615, iters: 136, time: 0.152, data: 0.002) , D_A: 0.064, G_A: 0.736, cycle_A: 0.101, idt_A: 0.087, D_B: 0.001, G_B: 0.975, cycle_B: 0.181, idt_B: 0.070

[Rank 0] (epoch: 615, iters: 336, time: 0.114, data: 0.003) , D_A: 0.065, G_A: 0.790, cycle_A: 0.087, idt_A: 0.096, D_B: 0.060, G_B: 0.957, cycle_B: 0.199, idt_B: 0.057

[Rank 0] (epoch: 615, iters: 536, time: 0.029, data: 0.003) , D_A: 0.047, G_A: 0.680, cycle_A: 0.071, idt_A: 0.100, D_B: 0.001, G_B: 0.986, cycle_B: 0.208, idt_B: 0.049

[Rank 0] (epoch: 615, iters: 736, time: 0.030, data: 0.002) , D_A: 0.056, G_A: 0.640, cycle_A: 0.080, idt_A: 0.103, D_B: 0.003, G_B: 1.080, cycle_B: 0.233, idt_B: 0.053

[Rank 0] (epoch: 615, iters: 936, time: 0.030, data: 0.006) , D_A: 0.069, G_A: 0.725, cycle_A: 0.065, idt_A: 0.108, D_B: 0.002, G_B: 0.917, cycle_B: 0.225, idt_B: 0.046

[Rank 0] (epoch: 615, iters: 1136, time: 0.030, data: 0.002) , D_A: 0.070, G_A: 0.771, cycle_A: 0.089, idt_A: 0.104, D_B: 0.003, G_B: 1.001, cycle_B: 0.221, idt_B: 0.063

[Rank 0] (epoch: 615, iters: 1336, time: 0.123, data: 0.002) , D_A: 0.059, G_A: 0.727, cycle_A: 0.104, idt_A: 0.100, D_B: 0.002, G_B: 1.000, cycle_B: 0.216, idt_B: 0.070

[Rank 0] (epoch: 615, iters: 1536, time: 0.030, data: 0.007) , D_A: 0.056, G_A: 0.800, cycle_A: 0.063, idt_A: 0.102, D_B: 0.026, G_B: 0.949, cycle_B: 0.208, idt_B: 0.047

[Rank 0] (epoch: 615, iters: 1736, time: 0.029, data: 0.003) , D_A: 0.062, G_A: 0.720, cycle_A: 0.085, idt_A: 0.089, D_B: 0.002, G_B: 0.907, cycle_B: 0.179, idt_B: 0.062

learning rate 0.0000100 -> 0.0000100
saving the model at the end of epoch 615, iters 412592
End of epoch 615 / 670 	 Time Taken: 54 sec
[Rank 0] (epoch: 616, iters: 8, time: 0.167, data: 0.003) , D_A: 0.064, G_A: 0.899, cycle_A: 0.068, idt_A: 0.088, D_B: 0.001, G_B: 0.953, cycle_B: 0.180, idt_B: 0.049

[Rank 0] (epoch: 616, iters: 208, time: 0.029, data: 0.002) , D_A: 0.065, G_A: 0.688, cycle_A: 0.082, idt_A: 0.095, D_B: 0.043, G_B: 0.970, cycle_B: 0.196, idt_B: 0.057

[Rank 0] (epoch: 616, iters: 408, time: 0.104, data: 0.002) , D_A: 0.085, G_A: 0.757, cycle_A: 0.066, idt_A: 0.088, D_B: 0.002, G_B: 1.005, cycle_B: 0.181, idt_B: 0.046

[Rank 0] (epoch: 616, iters: 608, time: 0.029, data: 0.003) , D_A: 0.060, G_A: 0.710, cycle_A: 0.090, idt_A: 0.106, D_B: 0.002, G_B: 0.970, cycle_B: 0.213, idt_B: 0.057

[Rank 0] (epoch: 616, iters: 808, time: 0.029, data: 0.003) , D_A: 0.050, G_A: 0.674, cycle_A: 0.071, idt_A: 0.100, D_B: 0.019, G_B: 1.002, cycle_B: 0.201, idt_B: 0.047

[Rank 0] (epoch: 616, iters: 1008, time: 0.029, data: 0.003) , D_A: 0.068, G_A: 0.655, cycle_A: 0.080, idt_A: 0.089, D_B: 0.002, G_B: 1.010, cycle_B: 0.181, idt_B: 0.060

[Rank 0] (epoch: 616, iters: 1208, time: 0.030, data: 0.002) , D_A: 0.045, G_A: 0.625, cycle_A: 0.104, idt_A: 0.096, D_B: 0.006, G_B: 0.820, cycle_B: 0.194, idt_B: 0.076

[Rank 0] (epoch: 616, iters: 1408, time: 0.102, data: 0.003) , D_A: 0.060, G_A: 0.735, cycle_A: 0.090, idt_A: 0.091, D_B: 0.002, G_B: 0.917, cycle_B: 0.189, idt_B: 0.063

[Rank 0] (epoch: 616, iters: 1608, time: 0.029, data: 0.003) , D_A: 0.060, G_A: 0.730, cycle_A: 0.071, idt_A: 0.099, D_B: 0.001, G_B: 1.007, cycle_B: 0.209, idt_B: 0.043

[Rank 0] (epoch: 616, iters: 1808, time: 0.029, data: 0.003) , D_A: 0.066, G_A: 0.854, cycle_A: 0.056, idt_A: 0.098, D_B: 0.002, G_B: 0.960, cycle_B: 0.198, idt_B: 0.037

learning rate 0.0000100 -> 0.0000100
saving the model at the end of epoch 616, iters 414520
End of epoch 616 / 670 	 Time Taken: 53 sec
[Rank 0] (epoch: 617, iters: 80, time: 0.136, data: 0.002) , D_A: 0.069, G_A: 0.941, cycle_A: 0.068, idt_A: 0.091, D_B: 0.035, G_B: 0.896, cycle_B: 0.189, idt_B: 0.051

[Rank 0] (epoch: 617, iters: 280, time: 0.029, data: 0.002) , D_A: 0.043, G_A: 0.783, cycle_A: 0.066, idt_A: 0.093, D_B: 0.002, G_B: 0.919, cycle_B: 0.197, idt_B: 0.041

[Rank 0] (epoch: 617, iters: 480, time: 0.128, data: 0.002) , D_A: 0.050, G_A: 0.740, cycle_A: 0.089, idt_A: 0.090, D_B: 0.001, G_B: 0.966, cycle_B: 0.192, idt_B: 0.059

saving the latest model (epoch 617, total_iters 415000)
[Rank 0] (epoch: 617, iters: 680, time: 0.029, data: 0.003) , D_A: 0.057, G_A: 0.603, cycle_A: 0.073, idt_A: 0.088, D_B: 0.009, G_B: 0.756, cycle_B: 0.204, idt_B: 0.049

[Rank 0] (epoch: 617, iters: 880, time: 0.030, data: 0.003) , D_A: 0.080, G_A: 0.563, cycle_A: 0.075, idt_A: 0.100, D_B: 0.061, G_B: 0.893, cycle_B: 0.214, idt_B: 0.052

[Rank 0] (epoch: 617, iters: 1080, time: 0.029, data: 0.003) , D_A: 0.065, G_A: 0.969, cycle_A: 0.074, idt_A: 0.098, D_B: 0.002, G_B: 0.974, cycle_B: 0.215, idt_B: 0.053

[Rank 0] (epoch: 617, iters: 1280, time: 0.030, data: 0.003) , D_A: 0.054, G_A: 0.765, cycle_A: 0.070, idt_A: 0.094, D_B: 0.002, G_B: 0.965, cycle_B: 0.195, idt_B: 0.047

[Rank 0] (epoch: 617, iters: 1480, time: 0.110, data: 0.003) , D_A: 0.048, G_A: 0.822, cycle_A: 0.070, idt_A: 0.091, D_B: 0.002, G_B: 0.929, cycle_B: 0.190, idt_B: 0.047

[Rank 0] (epoch: 617, iters: 1680, time: 0.030, data: 0.003) , D_A: 0.045, G_A: 0.733, cycle_A: 0.077, idt_A: 0.093, D_B: 0.001, G_B: 0.992, cycle_B: 0.200, idt_B: 0.050

[Rank 0] (epoch: 617, iters: 1880, time: 0.026, data: 0.006) , D_A: 0.074, G_A: 0.644, cycle_A: 0.086, idt_A: 0.096, D_B: 0.001, G_B: 0.969, cycle_B: 0.206, idt_B: 0.059

learning rate 0.0000100 -> 0.0000100
saving the model at the end of epoch 617, iters 416448
End of epoch 617 / 670 	 Time Taken: 53 sec
[Rank 0] (epoch: 618, iters: 152, time: 0.114, data: 0.003) , D_A: 0.060, G_A: 0.789, cycle_A: 0.085, idt_A: 0.094, D_B: 0.001, G_B: 0.989, cycle_B: 0.193, idt_B: 0.059

[Rank 0] (epoch: 618, iters: 352, time: 0.029, data: 0.002) , D_A: 0.068, G_A: 0.519, cycle_A: 0.082, idt_A: 0.090, D_B: 0.003, G_B: 0.875, cycle_B: 0.184, idt_B: 0.057

[Rank 0] (epoch: 618, iters: 552, time: 0.135, data: 0.003) , D_A: 0.056, G_A: 0.655, cycle_A: 0.083, idt_A: 0.091, D_B: 0.001, G_B: 0.977, cycle_B: 0.187, idt_B: 0.052

[Rank 0] (epoch: 618, iters: 752, time: 0.030, data: 0.002) , D_A: 0.059, G_A: 0.764, cycle_A: 0.082, idt_A: 0.101, D_B: 0.001, G_B: 1.007, cycle_B: 0.219, idt_B: 0.053

[Rank 0] (epoch: 618, iters: 952, time: 0.026, data: 0.029) , D_A: 0.064, G_A: 0.820, cycle_A: 0.071, idt_A: 0.095, D_B: 0.003, G_B: 1.088, cycle_B: 0.208, idt_B: 0.050

[Rank 0] (epoch: 618, iters: 1152, time: 0.030, data: 0.002) , D_A: 0.048, G_A: 0.826, cycle_A: 0.083, idt_A: 0.091, D_B: 0.006, G_B: 0.833, cycle_B: 0.196, idt_B: 0.052

[Rank 0] (epoch: 618, iters: 1352, time: 0.029, data: 0.002) , D_A: 0.069, G_A: 0.633, cycle_A: 0.079, idt_A: 0.100, D_B: 0.044, G_B: 0.946, cycle_B: 0.201, idt_B: 0.051

[Rank 0] (epoch: 618, iters: 1552, time: 0.114, data: 0.003) , D_A: 0.071, G_A: 0.644, cycle_A: 0.075, idt_A: 0.086, D_B: 0.008, G_B: 0.992, cycle_B: 0.182, idt_B: 0.049

[Rank 0] (epoch: 618, iters: 1752, time: 0.029, data: 0.003) , D_A: 0.062, G_A: 0.613, cycle_A: 0.096, idt_A: 0.109, D_B: 0.002, G_B: 0.972, cycle_B: 0.230, idt_B: 0.062

learning rate 0.0000100 -> 0.0000100
saving the model at the end of epoch 618, iters 418376
End of epoch 618 / 670 	 Time Taken: 54 sec
[Rank 0] (epoch: 619, iters: 24, time: 0.127, data: 0.003) , D_A: 0.065, G_A: 0.600, cycle_A: 0.079, idt_A: 0.093, D_B: 0.003, G_B: 0.989, cycle_B: 0.206, idt_B: 0.055

[Rank 0] (epoch: 619, iters: 224, time: 0.029, data: 0.001) , D_A: 0.051, G_A: 0.872, cycle_A: 0.087, idt_A: 0.095, D_B: 0.042, G_B: 0.937, cycle_B: 0.202, idt_B: 0.054

[Rank 0] (epoch: 619, iters: 424, time: 0.029, data: 0.002) , D_A: 0.072, G_A: 0.846, cycle_A: 0.061, idt_A: 0.103, D_B: 0.003, G_B: 0.944, cycle_B: 0.205, idt_B: 0.038

[Rank 0] (epoch: 619, iters: 624, time: 0.112, data: 0.002) , D_A: 0.060, G_A: 0.830, cycle_A: 0.078, idt_A: 0.096, D_B: 0.006, G_B: 0.783, cycle_B: 0.241, idt_B: 0.049

[Rank 0] (epoch: 619, iters: 824, time: 0.029, data: 0.002) , D_A: 0.067, G_A: 0.793, cycle_A: 0.066, idt_A: 0.094, D_B: 0.011, G_B: 0.802, cycle_B: 0.256, idt_B: 0.046

[Rank 0] (epoch: 619, iters: 1024, time: 0.030, data: 0.002) , D_A: 0.047, G_A: 0.696, cycle_A: 0.061, idt_A: 0.092, D_B: 0.008, G_B: 0.866, cycle_B: 0.222, idt_B: 0.038

[Rank 0] (epoch: 619, iters: 1224, time: 0.030, data: 0.002) , D_A: 0.049, G_A: 0.705, cycle_A: 0.086, idt_A: 0.097, D_B: 0.016, G_B: 0.937, cycle_B: 0.239, idt_B: 0.055

[Rank 0] (epoch: 619, iters: 1424, time: 0.029, data: 0.002) , D_A: 0.062, G_A: 0.725, cycle_A: 0.088, idt_A: 0.095, D_B: 0.007, G_B: 0.905, cycle_B: 0.241, idt_B: 0.055

[Rank 0] (epoch: 619, iters: 1624, time: 0.110, data: 0.004) , D_A: 0.058, G_A: 0.693, cycle_A: 0.082, idt_A: 0.102, D_B: 0.012, G_B: 0.756, cycle_B: 0.248, idt_B: 0.056

saving the latest model (epoch 619, total_iters 420000)
[Rank 0] (epoch: 619, iters: 1824, time: 0.029, data: 0.002) , D_A: 0.054, G_A: 0.809, cycle_A: 0.070, idt_A: 0.087, D_B: 0.007, G_B: 1.037, cycle_B: 0.215, idt_B: 0.045

learning rate 0.0000100 -> 0.0000100
saving the model at the end of epoch 619, iters 420304
End of epoch 619 / 670 	 Time Taken: 53 sec
[Rank 0] (epoch: 620, iters: 96, time: 0.122, data: 0.003) , D_A: 0.053, G_A: 0.713, cycle_A: 0.084, idt_A: 0.099, D_B: 0.006, G_B: 0.854, cycle_B: 0.237, idt_B: 0.063

[Rank 0] (epoch: 620, iters: 296, time: 0.030, data: 0.004) , D_A: 0.076, G_A: 0.564, cycle_A: 0.087, idt_A: 0.089, D_B: 0.006, G_B: 0.849, cycle_B: 0.204, idt_B: 0.060

[Rank 0] (epoch: 620, iters: 496, time: 0.026, data: 0.006) , D_A: 0.057, G_A: 0.634, cycle_A: 0.071, idt_A: 0.098, D_B: 0.002, G_B: 0.988, cycle_B: 0.208, idt_B: 0.052

[Rank 0] (epoch: 620, iters: 696, time: 0.137, data: 0.005) , D_A: 0.059, G_A: 0.677, cycle_A: 0.068, idt_A: 0.102, D_B: 0.002, G_B: 0.946, cycle_B: 0.221, idt_B: 0.045

[Rank 0] (epoch: 620, iters: 896, time: 0.030, data: 0.001) , D_A: 0.063, G_A: 0.706, cycle_A: 0.068, idt_A: 0.099, D_B: 0.002, G_B: 0.999, cycle_B: 0.203, idt_B: 0.048

[Rank 0] (epoch: 620, iters: 1096, time: 0.029, data: 0.003) , D_A: 0.074, G_A: 0.680, cycle_A: 0.109, idt_A: 0.103, D_B: 0.002, G_B: 0.918, cycle_B: 0.220, idt_B: 0.072

[Rank 0] (epoch: 620, iters: 1296, time: 0.029, data: 0.002) , D_A: 0.050, G_A: 0.709, cycle_A: 0.082, idt_A: 0.085, D_B: 0.002, G_B: 0.996, cycle_B: 0.179, idt_B: 0.058

[Rank 0] (epoch: 620, iters: 1496, time: 0.030, data: 0.003) , D_A: 0.064, G_A: 0.603, cycle_A: 0.077, idt_A: 0.100, D_B: 0.002, G_B: 0.990, cycle_B: 0.209, idt_B: 0.052

[Rank 0] (epoch: 620, iters: 1696, time: 0.109, data: 0.003) , D_A: 0.061, G_A: 0.760, cycle_A: 0.077, idt_A: 0.105, D_B: 0.002, G_B: 0.977, cycle_B: 0.218, idt_B: 0.048

[Rank 0] (epoch: 620, iters: 1896, time: 0.030, data: 0.002) , D_A: 0.067, G_A: 0.618, cycle_A: 0.074, idt_A: 0.098, D_B: 0.015, G_B: 0.804, cycle_B: 0.202, idt_B: 0.045

learning rate 0.0000100 -> 0.0000100
saving the model at the end of epoch 620, iters 422232
End of epoch 620 / 670 	 Time Taken: 53 sec
[Rank 0] (epoch: 621, iters: 168, time: 0.110, data: 0.002) , D_A: 0.066, G_A: 0.660, cycle_A: 0.097, idt_A: 0.101, D_B: 0.003, G_B: 0.941, cycle_B: 0.224, idt_B: 0.064

[Rank 0] (epoch: 621, iters: 368, time: 0.030, data: 0.001) , D_A: 0.047, G_A: 0.843, cycle_A: 0.065, idt_A: 0.090, D_B: 0.003, G_B: 0.894, cycle_B: 0.181, idt_B: 0.043

[Rank 0] (epoch: 621, iters: 568, time: 0.030, data: 0.003) , D_A: 0.057, G_A: 0.811, cycle_A: 0.071, idt_A: 0.097, D_B: 0.003, G_B: 0.836, cycle_B: 0.202, idt_B: 0.051

[Rank 0] (epoch: 621, iters: 768, time: 0.158, data: 0.010) , D_A: 0.111, G_A: 0.852, cycle_A: 0.061, idt_A: 0.095, D_B: 0.013, G_B: 0.929, cycle_B: 0.206, idt_B: 0.042

[Rank 0] (epoch: 621, iters: 968, time: 0.029, data: 0.003) , D_A: 0.042, G_A: 0.734, cycle_A: 0.083, idt_A: 0.102, D_B: 0.002, G_B: 0.882, cycle_B: 0.213, idt_B: 0.058

[Rank 0] (epoch: 621, iters: 1168, time: 0.030, data: 0.003) , D_A: 0.059, G_A: 0.498, cycle_A: 0.059, idt_A: 0.091, D_B: 0.002, G_B: 0.976, cycle_B: 0.199, idt_B: 0.041

[Rank 0] (epoch: 621, iters: 1368, time: 0.030, data: 0.003) , D_A: 0.074, G_A: 0.973, cycle_A: 0.069, idt_A: 0.107, D_B: 0.005, G_B: 0.833, cycle_B: 0.233, idt_B: 0.048

[Rank 0] (epoch: 621, iters: 1568, time: 0.029, data: 0.003) , D_A: 0.076, G_A: 0.547, cycle_A: 0.075, idt_A: 0.078, D_B: 0.007, G_B: 0.867, cycle_B: 0.184, idt_B: 0.053

[Rank 0] (epoch: 621, iters: 1768, time: 0.113, data: 0.003) , D_A: 0.067, G_A: 0.582, cycle_A: 0.073, idt_A: 0.094, D_B: 0.003, G_B: 0.860, cycle_B: 0.205, idt_B: 0.049

learning rate 0.0000100 -> 0.0000100
saving the model at the end of epoch 621, iters 424160
End of epoch 621 / 670 	 Time Taken: 53 sec
[Rank 0] (epoch: 622, iters: 40, time: 0.108, data: 0.001) , D_A: 0.066, G_A: 0.720, cycle_A: 0.076, idt_A: 0.103, D_B: 0.007, G_B: 0.921, cycle_B: 0.206, idt_B: 0.056

[Rank 0] (epoch: 622, iters: 240, time: 0.030, data: 0.003) , D_A: 0.060, G_A: 0.815, cycle_A: 0.088, idt_A: 0.095, D_B: 0.001, G_B: 0.984, cycle_B: 0.193, idt_B: 0.054

[Rank 0] (epoch: 622, iters: 440, time: 0.029, data: 0.002) , D_A: 0.058, G_A: 0.720, cycle_A: 0.084, idt_A: 0.085, D_B: 0.007, G_B: 0.828, cycle_B: 0.177, idt_B: 0.060

[Rank 0] (epoch: 622, iters: 640, time: 0.030, data: 0.002) , D_A: 0.063, G_A: 0.684, cycle_A: 0.055, idt_A: 0.098, D_B: 0.001, G_B: 0.973, cycle_B: 0.207, idt_B: 0.037

[Rank 0] (epoch: 622, iters: 840, time: 0.107, data: 0.004) , D_A: 0.066, G_A: 0.529, cycle_A: 0.083, idt_A: 0.093, D_B: 0.002, G_B: 0.994, cycle_B: 0.197, idt_B: 0.058

saving the latest model (epoch 622, total_iters 425000)
[Rank 0] (epoch: 622, iters: 1040, time: 0.029, data: 0.002) , D_A: 0.067, G_A: 0.903, cycle_A: 0.106, idt_A: 0.106, D_B: 0.002, G_B: 0.955, cycle_B: 0.214, idt_B: 0.068

[Rank 0] (epoch: 622, iters: 1240, time: 0.029, data: 0.003) , D_A: 0.053, G_A: 0.684, cycle_A: 0.082, idt_A: 0.107, D_B: 0.001, G_B: 0.971, cycle_B: 0.219, idt_B: 0.057

[Rank 0] (epoch: 622, iters: 1440, time: 0.030, data: 0.002) , D_A: 0.088, G_A: 0.501, cycle_A: 0.081, idt_A: 0.088, D_B: 0.004, G_B: 0.863, cycle_B: 0.177, idt_B: 0.053

[Rank 0] (epoch: 622, iters: 1640, time: 0.029, data: 0.003) , D_A: 0.058, G_A: 0.550, cycle_A: 0.073, idt_A: 0.107, D_B: 0.031, G_B: 0.861, cycle_B: 0.216, idt_B: 0.050

[Rank 0] (epoch: 622, iters: 1840, time: 0.119, data: 0.002) , D_A: 0.053, G_A: 0.857, cycle_A: 0.060, idt_A: 0.089, D_B: 0.010, G_B: 0.940, cycle_B: 0.188, idt_B: 0.041

learning rate 0.0000100 -> 0.0000100
saving the model at the end of epoch 622, iters 426088
End of epoch 622 / 670 	 Time Taken: 53 sec
[Rank 0] (epoch: 623, iters: 112, time: 0.113, data: 0.002) , D_A: 0.076, G_A: 0.815, cycle_A: 0.059, idt_A: 0.103, D_B: 0.002, G_B: 0.920, cycle_B: 0.203, idt_B: 0.043

[Rank 0] (epoch: 623, iters: 312, time: 0.029, data: 0.001) , D_A: 0.068, G_A: 0.571, cycle_A: 0.076, idt_A: 0.094, D_B: 0.005, G_B: 0.836, cycle_B: 0.184, idt_B: 0.053

[Rank 0] (epoch: 623, iters: 512, time: 0.030, data: 0.002) , D_A: 0.050, G_A: 0.729, cycle_A: 0.098, idt_A: 0.090, D_B: 0.002, G_B: 0.977, cycle_B: 0.191, idt_B: 0.071

[Rank 0] (epoch: 623, iters: 712, time: 0.029, data: 0.004) , D_A: 0.065, G_A: 0.826, cycle_A: 0.075, idt_A: 0.105, D_B: 0.001, G_B: 0.971, cycle_B: 0.214, idt_B: 0.056

[Rank 0] (epoch: 623, iters: 912, time: 0.128, data: 0.004) , D_A: 0.078, G_A: 0.518, cycle_A: 0.061, idt_A: 0.089, D_B: 0.001, G_B: 0.978, cycle_B: 0.185, idt_B: 0.046

[Rank 0] (epoch: 623, iters: 1112, time: 0.029, data: 0.002) , D_A: 0.077, G_A: 0.698, cycle_A: 0.061, idt_A: 0.090, D_B: 0.026, G_B: 1.002, cycle_B: 0.176, idt_B: 0.037

[Rank 0] (epoch: 623, iters: 1312, time: 0.030, data: 0.002) , D_A: 0.081, G_A: 0.625, cycle_A: 0.085, idt_A: 0.086, D_B: 0.002, G_B: 0.963, cycle_B: 0.175, idt_B: 0.054

[Rank 0] (epoch: 623, iters: 1512, time: 0.030, data: 0.003) , D_A: 0.053, G_A: 0.651, cycle_A: 0.075, idt_A: 0.102, D_B: 0.001, G_B: 0.996, cycle_B: 0.201, idt_B: 0.049

[Rank 0] (epoch: 623, iters: 1712, time: 0.030, data: 0.003) , D_A: 0.067, G_A: 0.644, cycle_A: 0.089, idt_A: 0.083, D_B: 0.001, G_B: 0.983, cycle_B: 0.159, idt_B: 0.060

[Rank 0] (epoch: 623, iters: 1912, time: 0.104, data: 0.004) , D_A: 0.062, G_A: 0.648, cycle_A: 0.077, idt_A: 0.101, D_B: 0.001, G_B: 1.002, cycle_B: 0.201, idt_B: 0.051

learning rate 0.0000100 -> 0.0000100
saving the model at the end of epoch 623, iters 428016
End of epoch 623 / 670 	 Time Taken: 53 sec
[Rank 0] (epoch: 624, iters: 184, time: 0.142, data: 0.002) , D_A: 0.062, G_A: 1.034, cycle_A: 0.072, idt_A: 0.101, D_B: 0.001, G_B: 0.985, cycle_B: 0.205, idt_B: 0.049

[Rank 0] (epoch: 624, iters: 384, time: 0.029, data: 0.001) , D_A: 0.060, G_A: 0.635, cycle_A: 0.076, idt_A: 0.102, D_B: 0.001, G_B: 1.000, cycle_B: 0.207, idt_B: 0.048

[Rank 0] (epoch: 624, iters: 584, time: 0.030, data: 0.003) , D_A: 0.073, G_A: 1.052, cycle_A: 0.060, idt_A: 0.096, D_B: 0.001, G_B: 1.001, cycle_B: 0.186, idt_B: 0.039

[Rank 0] (epoch: 624, iters: 784, time: 0.030, data: 0.002) , D_A: 0.050, G_A: 0.622, cycle_A: 0.069, idt_A: 0.088, D_B: 0.001, G_B: 1.000, cycle_B: 0.170, idt_B: 0.048

[Rank 0] (epoch: 624, iters: 984, time: 0.128, data: 0.004) , D_A: 0.053, G_A: 1.001, cycle_A: 0.067, idt_A: 0.092, D_B: 0.002, G_B: 0.945, cycle_B: 0.190, idt_B: 0.050

[Rank 0] (epoch: 624, iters: 1184, time: 0.029, data: 0.003) , D_A: 0.050, G_A: 0.718, cycle_A: 0.082, idt_A: 0.091, D_B: 0.001, G_B: 0.969, cycle_B: 0.176, idt_B: 0.057

[Rank 0] (epoch: 624, iters: 1384, time: 0.029, data: 0.003) , D_A: 0.054, G_A: 0.740, cycle_A: 0.083, idt_A: 0.101, D_B: 0.001, G_B: 0.977, cycle_B: 0.202, idt_B: 0.057

[Rank 0] (epoch: 624, iters: 1584, time: 0.029, data: 0.004) , D_A: 0.051, G_A: 0.863, cycle_A: 0.090, idt_A: 0.091, D_B: 0.001, G_B: 0.926, cycle_B: 0.183, idt_B: 0.059

[Rank 0] (epoch: 624, iters: 1784, time: 0.029, data: 0.003) , D_A: 0.076, G_A: 0.605, cycle_A: 0.076, idt_A: 0.096, D_B: 0.001, G_B: 0.975, cycle_B: 0.186, idt_B: 0.053

learning rate 0.0000100 -> 0.0000100
saving the model at the end of epoch 624, iters 429944
End of epoch 624 / 670 	 Time Taken: 53 sec
[Rank 0] (epoch: 625, iters: 56, time: 0.126, data: 0.006) , D_A: 0.060, G_A: 0.715, cycle_A: 0.087, idt_A: 0.094, D_B: 0.001, G_B: 1.012, cycle_B: 0.196, idt_B: 0.054

saving the latest model (epoch 625, total_iters 430000)
[Rank 0] (epoch: 625, iters: 256, time: 0.030, data: 0.003) , D_A: 0.061, G_A: 0.744, cycle_A: 0.069, idt_A: 0.104, D_B: 0.001, G_B: 0.988, cycle_B: 0.210, idt_B: 0.048

[Rank 0] (epoch: 625, iters: 456, time: 0.029, data: 0.003) , D_A: 0.057, G_A: 0.726, cycle_A: 0.086, idt_A: 0.088, D_B: 0.001, G_B: 0.971, cycle_B: 0.182, idt_B: 0.057

[Rank 0] (epoch: 625, iters: 656, time: 0.030, data: 0.002) , D_A: 0.060, G_A: 0.781, cycle_A: 0.084, idt_A: 0.100, D_B: 0.026, G_B: 0.642, cycle_B: 0.227, idt_B: 0.056

[Rank 0] (epoch: 625, iters: 856, time: 0.030, data: 0.002) , D_A: 0.065, G_A: 0.775, cycle_A: 0.083, idt_A: 0.106, D_B: 0.027, G_B: 1.521, cycle_B: 0.286, idt_B: 0.058

[Rank 0] (epoch: 625, iters: 1056, time: 0.112, data: 0.003) , D_A: 0.067, G_A: 0.908, cycle_A: 0.124, idt_A: 0.096, D_B: 0.012, G_B: 0.811, cycle_B: 0.242, idt_B: 0.074

[Rank 0] (epoch: 625, iters: 1256, time: 0.030, data: 0.003) , D_A: 0.048, G_A: 0.841, cycle_A: 0.072, idt_A: 0.098, D_B: 0.033, G_B: 0.860, cycle_B: 0.259, idt_B: 0.042

[Rank 0] (epoch: 625, iters: 1456, time: 0.030, data: 0.003) , D_A: 0.053, G_A: 0.721, cycle_A: 0.081, idt_A: 0.096, D_B: 0.027, G_B: 0.817, cycle_B: 0.237, idt_B: 0.053

[Rank 0] (epoch: 625, iters: 1656, time: 0.030, data: 0.002) , D_A: 0.058, G_A: 0.613, cycle_A: 0.071, idt_A: 0.096, D_B: 0.017, G_B: 0.769, cycle_B: 0.260, idt_B: 0.051

[Rank 0] (epoch: 625, iters: 1856, time: 0.029, data: 0.002) , D_A: 0.053, G_A: 0.697, cycle_A: 0.095, idt_A: 0.082, D_B: 0.015, G_B: 0.805, cycle_B: 0.225, idt_B: 0.059

learning rate 0.0000100 -> 0.0000100
saving the model at the end of epoch 625, iters 431872
End of epoch 625 / 670 	 Time Taken: 52 sec
[Rank 0] (epoch: 626, iters: 128, time: 0.117, data: 0.003) , D_A: 0.048, G_A: 0.898, cycle_A: 0.092, idt_A: 0.097, D_B: 0.010, G_B: 0.739, cycle_B: 0.259, idt_B: 0.056

[Rank 0] (epoch: 626, iters: 328, time: 0.030, data: 0.003) , D_A: 0.054, G_A: 0.813, cycle_A: 0.103, idt_A: 0.101, D_B: 0.010, G_B: 0.937, cycle_B: 0.228, idt_B: 0.070

[Rank 0] (epoch: 626, iters: 528, time: 0.029, data: 0.003) , D_A: 0.052, G_A: 0.725, cycle_A: 0.080, idt_A: 0.091, D_B: 0.014, G_B: 1.007, cycle_B: 0.211, idt_B: 0.051

[Rank 0] (epoch: 626, iters: 728, time: 0.030, data: 0.002) , D_A: 0.056, G_A: 0.653, cycle_A: 0.100, idt_A: 0.103, D_B: 0.006, G_B: 0.893, cycle_B: 0.223, idt_B: 0.062

[Rank 0] (epoch: 626, iters: 928, time: 0.029, data: 0.003) , D_A: 0.037, G_A: 0.826, cycle_A: 0.100, idt_A: 0.094, D_B: 0.003, G_B: 0.927, cycle_B: 0.201, idt_B: 0.062

[Rank 0] (epoch: 626, iters: 1128, time: 0.113, data: 0.002) , D_A: 0.047, G_A: 0.768, cycle_A: 0.093, idt_A: 0.115, D_B: 0.006, G_B: 0.894, cycle_B: 0.240, idt_B: 0.064

[Rank 0] (epoch: 626, iters: 1328, time: 0.030, data: 0.003) , D_A: 0.043, G_A: 0.712, cycle_A: 0.081, idt_A: 0.112, D_B: 0.004, G_B: 0.951, cycle_B: 0.243, idt_B: 0.056

[Rank 0] (epoch: 626, iters: 1528, time: 0.029, data: 0.003) , D_A: 0.053, G_A: 0.761, cycle_A: 0.081, idt_A: 0.086, D_B: 0.034, G_B: 0.968, cycle_B: 0.194, idt_B: 0.056

[Rank 0] (epoch: 626, iters: 1728, time: 0.030, data: 0.003) , D_A: 0.054, G_A: 0.821, cycle_A: 0.093, idt_A: 0.096, D_B: 0.004, G_B: 0.866, cycle_B: 0.212, idt_B: 0.063

[Rank 0] (epoch: 626, iters: 1928, time: 0.023, data: 0.003) , D_A: 0.064, G_A: 0.793, cycle_A: 0.087, idt_A: 0.080, D_B: 0.003, G_B: 0.928, cycle_B: 0.178, idt_B: 0.058

learning rate 0.0000100 -> 0.0000100
saving the model at the end of epoch 626, iters 433800
End of epoch 626 / 670 	 Time Taken: 52 sec
[Rank 0] (epoch: 627, iters: 200, time: 0.129, data: 1.259) , D_A: 0.046, G_A: 0.830, cycle_A: 0.097, idt_A: 0.102, D_B: 0.002, G_B: 0.952, cycle_B: 0.233, idt_B: 0.065

[Rank 0] (epoch: 627, iters: 400, time: 0.029, data: 0.002) , D_A: 0.060, G_A: 0.569, cycle_A: 0.065, idt_A: 0.095, D_B: 0.003, G_B: 0.934, cycle_B: 0.211, idt_B: 0.044

[Rank 0] (epoch: 627, iters: 600, time: 0.029, data: 0.003) , D_A: 0.054, G_A: 0.719, cycle_A: 0.081, idt_A: 0.085, D_B: 0.008, G_B: 0.873, cycle_B: 0.212, idt_B: 0.050

[Rank 0] (epoch: 627, iters: 800, time: 0.026, data: 0.002) , D_A: 0.060, G_A: 0.698, cycle_A: 0.080, idt_A: 0.091, D_B: 0.016, G_B: 0.786, cycle_B: 0.224, idt_B: 0.053

[Rank 0] (epoch: 627, iters: 1000, time: 0.030, data: 0.002) , D_A: 0.062, G_A: 0.721, cycle_A: 0.066, idt_A: 0.093, D_B: 0.007, G_B: 0.867, cycle_B: 0.204, idt_B: 0.048

[Rank 0] (epoch: 627, iters: 1200, time: 0.125, data: 0.002) , D_A: 0.069, G_A: 0.832, cycle_A: 0.076, idt_A: 0.097, D_B: 0.016, G_B: 1.013, cycle_B: 0.210, idt_B: 0.051

saving the latest model (epoch 627, total_iters 435000)
[Rank 0] (epoch: 627, iters: 1400, time: 0.029, data: 0.004) , D_A: 0.069, G_A: 0.775, cycle_A: 0.090, idt_A: 0.093, D_B: 0.010, G_B: 0.771, cycle_B: 0.228, idt_B: 0.063

[Rank 0] (epoch: 627, iters: 1600, time: 0.029, data: 0.003) , D_A: 0.047, G_A: 0.847, cycle_A: 0.075, idt_A: 0.097, D_B: 0.007, G_B: 0.776, cycle_B: 0.207, idt_B: 0.045

[Rank 0] (epoch: 627, iters: 1800, time: 0.030, data: 0.003) , D_A: 0.083, G_A: 0.734, cycle_A: 0.105, idt_A: 0.092, D_B: 0.003, G_B: 1.043, cycle_B: 0.198, idt_B: 0.073

learning rate 0.0000100 -> 0.0000100
saving the model at the end of epoch 627, iters 435728
End of epoch 627 / 670 	 Time Taken: 53 sec
[Rank 0] (epoch: 628, iters: 72, time: 0.117, data: 0.003) , D_A: 0.054, G_A: 0.694, cycle_A: 0.095, idt_A: 0.102, D_B: 0.002, G_B: 1.004, cycle_B: 0.210, idt_B: 0.063

[Rank 0] (epoch: 628, iters: 272, time: 0.108, data: 0.001) , D_A: 0.100, G_A: 0.652, cycle_A: 0.072, idt_A: 0.094, D_B: 0.005, G_B: 1.155, cycle_B: 0.200, idt_B: 0.052

[Rank 0] (epoch: 628, iters: 472, time: 0.030, data: 0.002) , D_A: 0.067, G_A: 0.618, cycle_A: 0.070, idt_A: 0.118, D_B: 0.007, G_B: 0.789, cycle_B: 0.224, idt_B: 0.049

[Rank 0] (epoch: 628, iters: 672, time: 0.029, data: 0.003) , D_A: 0.059, G_A: 0.949, cycle_A: 0.057, idt_A: 0.108, D_B: 0.002, G_B: 1.007, cycle_B: 0.227, idt_B: 0.039

[Rank 0] (epoch: 628, iters: 872, time: 0.029, data: 0.003) , D_A: 0.056, G_A: 0.790, cycle_A: 0.074, idt_A: 0.101, D_B: 0.003, G_B: 0.949, cycle_B: 0.203, idt_B: 0.053

[Rank 0] (epoch: 628, iters: 1072, time: 0.030, data: 0.002) , D_A: 0.074, G_A: 0.679, cycle_A: 0.062, idt_A: 0.096, D_B: 0.003, G_B: 0.972, cycle_B: 0.198, idt_B: 0.034

[Rank 0] (epoch: 628, iters: 1272, time: 0.102, data: 0.003) , D_A: 0.047, G_A: 0.748, cycle_A: 0.088, idt_A: 0.090, D_B: 0.002, G_B: 0.985, cycle_B: 0.178, idt_B: 0.057

[Rank 0] (epoch: 628, iters: 1472, time: 0.029, data: 0.002) , D_A: 0.057, G_A: 0.810, cycle_A: 0.096, idt_A: 0.087, D_B: 0.002, G_B: 1.033, cycle_B: 0.180, idt_B: 0.063

[Rank 0] (epoch: 628, iters: 1672, time: 0.029, data: 0.003) , D_A: 0.054, G_A: 0.657, cycle_A: 0.057, idt_A: 0.098, D_B: 0.002, G_B: 0.978, cycle_B: 0.200, idt_B: 0.043

[Rank 0] (epoch: 628, iters: 1872, time: 0.030, data: 0.002) , D_A: 0.052, G_A: 0.749, cycle_A: 0.096, idt_A: 0.111, D_B: 0.002, G_B: 0.979, cycle_B: 0.216, idt_B: 0.069

learning rate 0.0000100 -> 0.0000100
saving the model at the end of epoch 628, iters 437656
End of epoch 628 / 670 	 Time Taken: 53 sec
[Rank 0] (epoch: 629, iters: 144, time: 0.136, data: 0.004) , D_A: 0.042, G_A: 0.685, cycle_A: 0.067, idt_A: 0.092, D_B: 0.013, G_B: 0.942, cycle_B: 0.190, idt_B: 0.045

[Rank 0] (epoch: 629, iters: 344, time: 0.110, data: 0.001) , D_A: 0.064, G_A: 0.832, cycle_A: 0.070, idt_A: 0.093, D_B: 0.009, G_B: 0.984, cycle_B: 0.193, idt_B: 0.050

[Rank 0] (epoch: 629, iters: 544, time: 0.030, data: 0.001) , D_A: 0.037, G_A: 0.862, cycle_A: 0.075, idt_A: 0.091, D_B: 0.003, G_B: 0.916, cycle_B: 0.180, idt_B: 0.049

[Rank 0] (epoch: 629, iters: 744, time: 0.029, data: 0.003) , D_A: 0.054, G_A: 1.025, cycle_A: 0.064, idt_A: 0.111, D_B: 0.002, G_B: 0.999, cycle_B: 0.226, idt_B: 0.041

[Rank 0] (epoch: 629, iters: 944, time: 0.029, data: 0.002) , D_A: 0.049, G_A: 0.840, cycle_A: 0.089, idt_A: 0.099, D_B: 0.001, G_B: 0.958, cycle_B: 0.202, idt_B: 0.056

[Rank 0] (epoch: 629, iters: 1144, time: 0.030, data: 0.006) , D_A: 0.041, G_A: 1.080, cycle_A: 0.077, idt_A: 0.103, D_B: 0.002, G_B: 0.933, cycle_B: 0.196, idt_B: 0.049

[Rank 0] (epoch: 629, iters: 1344, time: 0.137, data: 0.006) , D_A: 0.043, G_A: 0.910, cycle_A: 0.077, idt_A: 0.093, D_B: 0.001, G_B: 0.996, cycle_B: 0.191, idt_B: 0.052

[Rank 0] (epoch: 629, iters: 1544, time: 0.029, data: 0.002) , D_A: 0.050, G_A: 0.721, cycle_A: 0.087, idt_A: 0.093, D_B: 0.002, G_B: 0.947, cycle_B: 0.186, idt_B: 0.053

[Rank 0] (epoch: 629, iters: 1744, time: 0.026, data: 0.004) , D_A: 0.047, G_A: 0.699, cycle_A: 0.099, idt_A: 0.095, D_B: 0.005, G_B: 0.865, cycle_B: 0.203, idt_B: 0.069

learning rate 0.0000100 -> 0.0000100
saving the model at the end of epoch 629, iters 439584
End of epoch 629 / 670 	 Time Taken: 54 sec
[Rank 0] (epoch: 630, iters: 16, time: 0.148, data: 0.004) , D_A: 0.046, G_A: 0.753, cycle_A: 0.069, idt_A: 0.106, D_B: 0.003, G_B: 0.891, cycle_B: 0.224, idt_B: 0.048

[Rank 0] (epoch: 630, iters: 216, time: 0.029, data: 0.002) , D_A: 0.063, G_A: 0.587, cycle_A: 0.069, idt_A: 0.099, D_B: 0.002, G_B: 1.026, cycle_B: 0.207, idt_B: 0.050

[Rank 0] (epoch: 630, iters: 416, time: 0.109, data: 0.003) , D_A: 0.066, G_A: 0.926, cycle_A: 0.078, idt_A: 0.094, D_B: 0.002, G_B: 0.994, cycle_B: 0.198, idt_B: 0.051

saving the latest model (epoch 630, total_iters 440000)
[Rank 0] (epoch: 630, iters: 616, time: 0.029, data: 0.003) , D_A: 0.050, G_A: 0.559, cycle_A: 0.061, idt_A: 0.100, D_B: 0.030, G_B: 0.893, cycle_B: 0.206, idt_B: 0.040

[Rank 0] (epoch: 630, iters: 816, time: 0.030, data: 0.002) , D_A: 0.041, G_A: 0.810, cycle_A: 0.071, idt_A: 0.097, D_B: 0.001, G_B: 0.970, cycle_B: 0.203, idt_B: 0.048

[Rank 0] (epoch: 630, iters: 1016, time: 0.029, data: 0.003) , D_A: 0.063, G_A: 0.686, cycle_A: 0.084, idt_A: 0.100, D_B: 0.001, G_B: 0.979, cycle_B: 0.204, idt_B: 0.053

[Rank 0] (epoch: 630, iters: 1216, time: 0.029, data: 0.003) , D_A: 0.047, G_A: 0.847, cycle_A: 0.088, idt_A: 0.094, D_B: 0.001, G_B: 0.942, cycle_B: 0.195, idt_B: 0.063

[Rank 0] (epoch: 630, iters: 1416, time: 0.109, data: 0.003) , D_A: 0.048, G_A: 0.807, cycle_A: 0.096, idt_A: 0.090, D_B: 0.006, G_B: 0.897, cycle_B: 0.189, idt_B: 0.066

[Rank 0] (epoch: 630, iters: 1616, time: 0.030, data: 0.002) , D_A: 0.060, G_A: 0.587, cycle_A: 0.058, idt_A: 0.092, D_B: 0.063, G_B: 0.968, cycle_B: 0.198, idt_B: 0.038

[Rank 0] (epoch: 630, iters: 1816, time: 0.029, data: 0.003) , D_A: 0.038, G_A: 1.024, cycle_A: 0.089, idt_A: 0.100, D_B: 0.003, G_B: 0.922, cycle_B: 0.220, idt_B: 0.059

learning rate 0.0000100 -> 0.0000100
saving the model at the end of epoch 630, iters 441512
End of epoch 630 / 670 	 Time Taken: 53 sec
[Rank 0] (epoch: 631, iters: 88, time: 0.133, data: 0.003) , D_A: 0.043, G_A: 0.999, cycle_A: 0.078, idt_A: 0.096, D_B: 0.003, G_B: 1.023, cycle_B: 0.212, idt_B: 0.058

[Rank 0] (epoch: 631, iters: 288, time: 0.030, data: 0.001) , D_A: 0.049, G_A: 0.827, cycle_A: 0.061, idt_A: 0.089, D_B: 0.016, G_B: 0.706, cycle_B: 0.257, idt_B: 0.043

[Rank 0] (epoch: 631, iters: 488, time: 0.109, data: 0.003) , D_A: 0.057, G_A: 0.662, cycle_A: 0.086, idt_A: 0.104, D_B: 0.012, G_B: 0.816, cycle_B: 0.315, idt_B: 0.056

[Rank 0] (epoch: 631, iters: 688, time: 0.029, data: 0.003) , D_A: 0.048, G_A: 0.929, cycle_A: 0.089, idt_A: 0.105, D_B: 0.013, G_B: 0.755, cycle_B: 0.263, idt_B: 0.056

[Rank 0] (epoch: 631, iters: 888, time: 0.029, data: 0.003) , D_A: 0.074, G_A: 0.693, cycle_A: 0.069, idt_A: 0.089, D_B: 0.003, G_B: 0.932, cycle_B: 0.201, idt_B: 0.043

[Rank 0] (epoch: 631, iters: 1088, time: 0.030, data: 0.002) , D_A: 0.056, G_A: 0.730, cycle_A: 0.074, idt_A: 0.099, D_B: 0.011, G_B: 0.949, cycle_B: 0.206, idt_B: 0.048

[Rank 0] (epoch: 631, iters: 1288, time: 0.029, data: 0.003) , D_A: 0.088, G_A: 0.858, cycle_A: 0.082, idt_A: 0.101, D_B: 0.009, G_B: 0.960, cycle_B: 0.209, idt_B: 0.056

[Rank 0] (epoch: 631, iters: 1488, time: 0.117, data: 0.003) , D_A: 0.064, G_A: 1.017, cycle_A: 0.095, idt_A: 0.093, D_B: 0.011, G_B: 0.706, cycle_B: 0.192, idt_B: 0.057

[Rank 0] (epoch: 631, iters: 1688, time: 0.029, data: 0.003) , D_A: 0.053, G_A: 0.658, cycle_A: 0.084, idt_A: 0.099, D_B: 0.003, G_B: 0.999, cycle_B: 0.200, idt_B: 0.052

[Rank 0] (epoch: 631, iters: 1888, time: 0.030, data: 0.002) , D_A: 0.051, G_A: 0.713, cycle_A: 0.080, idt_A: 0.091, D_B: 0.003, G_B: 0.979, cycle_B: 0.180, idt_B: 0.057

learning rate 0.0000100 -> 0.0000100
saving the model at the end of epoch 631, iters 443440
End of epoch 631 / 670 	 Time Taken: 53 sec
[Rank 0] (epoch: 632, iters: 160, time: 0.134, data: 0.003) , D_A: 0.050, G_A: 0.787, cycle_A: 0.058, idt_A: 0.102, D_B: 0.002, G_B: 0.980, cycle_B: 0.204, idt_B: 0.041

[Rank 0] (epoch: 632, iters: 360, time: 0.029, data: 0.004) , D_A: 0.050, G_A: 0.806, cycle_A: 0.073, idt_A: 0.096, D_B: 0.001, G_B: 0.984, cycle_B: 0.197, idt_B: 0.051

[Rank 0] (epoch: 632, iters: 560, time: 0.137, data: 0.003) , D_A: 0.045, G_A: 0.758, cycle_A: 0.104, idt_A: 0.100, D_B: 0.002, G_B: 0.986, cycle_B: 0.200, idt_B: 0.074

[Rank 0] (epoch: 632, iters: 760, time: 0.029, data: 0.001) , D_A: 0.054, G_A: 0.704, cycle_A: 0.077, idt_A: 0.089, D_B: 0.002, G_B: 0.940, cycle_B: 0.182, idt_B: 0.054

[Rank 0] (epoch: 632, iters: 960, time: 0.029, data: 0.003) , D_A: 0.053, G_A: 0.618, cycle_A: 0.067, idt_A: 0.097, D_B: 0.002, G_B: 0.948, cycle_B: 0.185, idt_B: 0.050

[Rank 0] (epoch: 632, iters: 1160, time: 0.030, data: 0.002) , D_A: 0.068, G_A: 0.594, cycle_A: 0.077, idt_A: 0.109, D_B: 0.002, G_B: 0.943, cycle_B: 0.201, idt_B: 0.049

[Rank 0] (epoch: 632, iters: 1360, time: 0.029, data: 0.003) , D_A: 0.067, G_A: 0.789, cycle_A: 0.077, idt_A: 0.089, D_B: 0.011, G_B: 0.743, cycle_B: 0.188, idt_B: 0.051

[Rank 0] (epoch: 632, iters: 1560, time: 0.101, data: 0.002) , D_A: 0.058, G_A: 0.716, cycle_A: 0.087, idt_A: 0.095, D_B: 0.002, G_B: 0.949, cycle_B: 0.188, idt_B: 0.057

saving the latest model (epoch 632, total_iters 445000)
[Rank 0] (epoch: 632, iters: 1760, time: 0.029, data: 0.004) , D_A: 0.064, G_A: 0.594, cycle_A: 0.071, idt_A: 0.099, D_B: 0.001, G_B: 0.971, cycle_B: 0.200, idt_B: 0.047

learning rate 0.0000100 -> 0.0000100
saving the model at the end of epoch 632, iters 445368
End of epoch 632 / 670 	 Time Taken: 53 sec
[Rank 0] (epoch: 633, iters: 32, time: 0.147, data: 0.003) , D_A: 0.051, G_A: 0.763, cycle_A: 0.073, idt_A: 0.108, D_B: 0.019, G_B: 1.002, cycle_B: 0.216, idt_B: 0.045

[Rank 0] (epoch: 633, iters: 232, time: 0.029, data: 0.003) , D_A: 0.051, G_A: 0.637, cycle_A: 0.078, idt_A: 0.093, D_B: 0.001, G_B: 0.983, cycle_B: 0.184, idt_B: 0.053

[Rank 0] (epoch: 633, iters: 432, time: 0.030, data: 0.003) , D_A: 0.050, G_A: 0.737, cycle_A: 0.046, idt_A: 0.091, D_B: 0.061, G_B: 0.524, cycle_B: 0.189, idt_B: 0.034

[Rank 0] (epoch: 633, iters: 632, time: 0.136, data: 0.003) , D_A: 0.041, G_A: 0.802, cycle_A: 0.088, idt_A: 0.102, D_B: 0.001, G_B: 1.024, cycle_B: 0.202, idt_B: 0.058

[Rank 0] (epoch: 633, iters: 832, time: 0.030, data: 0.003) , D_A: 0.064, G_A: 0.866, cycle_A: 0.075, idt_A: 0.083, D_B: 0.002, G_B: 0.960, cycle_B: 0.162, idt_B: 0.056

[Rank 0] (epoch: 633, iters: 1032, time: 0.029, data: 0.003) , D_A: 0.069, G_A: 0.816, cycle_A: 0.087, idt_A: 0.095, D_B: 0.002, G_B: 0.922, cycle_B: 0.187, idt_B: 0.060

[Rank 0] (epoch: 633, iters: 1232, time: 0.026, data: 0.006) , D_A: 0.142, G_A: 1.024, cycle_A: 0.090, idt_A: 0.092, D_B: 0.001, G_B: 1.003, cycle_B: 0.191, idt_B: 0.062

[Rank 0] (epoch: 633, iters: 1432, time: 0.029, data: 0.002) , D_A: 0.047, G_A: 0.850, cycle_A: 0.089, idt_A: 0.098, D_B: 0.002, G_B: 0.998, cycle_B: 0.194, idt_B: 0.061

[Rank 0] (epoch: 633, iters: 1632, time: 0.120, data: 0.002) , D_A: 0.038, G_A: 0.838, cycle_A: 0.080, idt_A: 0.095, D_B: 0.001, G_B: 0.986, cycle_B: 0.185, idt_B: 0.057

[Rank 0] (epoch: 633, iters: 1832, time: 0.030, data: 0.002) , D_A: 0.061, G_A: 0.603, cycle_A: 0.074, idt_A: 0.092, D_B: 0.001, G_B: 1.006, cycle_B: 0.185, idt_B: 0.054

learning rate 0.0000100 -> 0.0000100
saving the model at the end of epoch 633, iters 447296
End of epoch 633 / 670 	 Time Taken: 54 sec
[Rank 0] (epoch: 634, iters: 104, time: 0.144, data: 0.002) , D_A: 0.081, G_A: 0.856, cycle_A: 0.061, idt_A: 0.106, D_B: 0.033, G_B: 0.964, cycle_B: 0.211, idt_B: 0.042

[Rank 0] (epoch: 634, iters: 304, time: 0.029, data: 0.002) , D_A: 0.052, G_A: 0.863, cycle_A: 0.079, idt_A: 0.109, D_B: 0.002, G_B: 0.951, cycle_B: 0.219, idt_B: 0.054

[Rank 0] (epoch: 634, iters: 504, time: 0.030, data: 0.002) , D_A: 0.062, G_A: 0.723, cycle_A: 0.086, idt_A: 0.096, D_B: 0.001, G_B: 0.962, cycle_B: 0.193, idt_B: 0.058

[Rank 0] (epoch: 634, iters: 704, time: 0.101, data: 0.003) , D_A: 0.056, G_A: 0.910, cycle_A: 0.093, idt_A: 0.103, D_B: 0.002, G_B: 0.989, cycle_B: 0.204, idt_B: 0.063

[Rank 0] (epoch: 634, iters: 904, time: 0.030, data: 0.002) , D_A: 0.049, G_A: 0.616, cycle_A: 0.065, idt_A: 0.094, D_B: 0.002, G_B: 0.991, cycle_B: 0.190, idt_B: 0.048

[Rank 0] (epoch: 634, iters: 1104, time: 0.029, data: 0.003) , D_A: 0.067, G_A: 0.757, cycle_A: 0.058, idt_A: 0.090, D_B: 0.013, G_B: 1.426, cycle_B: 0.200, idt_B: 0.043

[Rank 0] (epoch: 634, iters: 1304, time: 0.029, data: 0.003) , D_A: 0.051, G_A: 0.713, cycle_A: 0.079, idt_A: 0.099, D_B: 0.002, G_B: 0.961, cycle_B: 0.201, idt_B: 0.048

[Rank 0] (epoch: 634, iters: 1504, time: 0.029, data: 0.003) , D_A: 0.050, G_A: 0.770, cycle_A: 0.072, idt_A: 0.093, D_B: 0.001, G_B: 0.979, cycle_B: 0.191, idt_B: 0.049

[Rank 0] (epoch: 634, iters: 1704, time: 0.122, data: 0.002) , D_A: 0.045, G_A: 0.619, cycle_A: 0.090, idt_A: 0.087, D_B: 0.001, G_B: 0.967, cycle_B: 0.169, idt_B: 0.057

[Rank 0] (epoch: 634, iters: 1904, time: 0.029, data: 0.002) , D_A: 0.069, G_A: 0.879, cycle_A: 0.079, idt_A: 0.092, D_B: 0.002, G_B: 0.971, cycle_B: 0.183, idt_B: 0.056

learning rate 0.0000100 -> 0.0000100
saving the model at the end of epoch 634, iters 449224
End of epoch 634 / 670 	 Time Taken: 53 sec
[Rank 0] (epoch: 635, iters: 176, time: 0.109, data: 0.002) , D_A: 0.085, G_A: 0.732, cycle_A: 0.111, idt_A: 0.080, D_B: 0.013, G_B: 0.849, cycle_B: 0.185, idt_B: 0.071

[Rank 0] (epoch: 635, iters: 376, time: 0.030, data: 0.002) , D_A: 0.052, G_A: 0.778, cycle_A: 0.086, idt_A: 0.098, D_B: 0.011, G_B: 0.915, cycle_B: 0.214, idt_B: 0.061

[Rank 0] (epoch: 635, iters: 576, time: 0.030, data: 0.003) , D_A: 0.054, G_A: 0.663, cycle_A: 0.079, idt_A: 0.086, D_B: 0.022, G_B: 0.700, cycle_B: 0.188, idt_B: 0.059

[Rank 0] (epoch: 635, iters: 776, time: 0.128, data: 0.004) , D_A: 0.059, G_A: 0.847, cycle_A: 0.090, idt_A: 0.110, D_B: 0.008, G_B: 0.849, cycle_B: 0.239, idt_B: 0.060

saving the latest model (epoch 635, total_iters 450000)
[Rank 0] (epoch: 635, iters: 976, time: 0.029, data: 0.002) , D_A: 0.052, G_A: 0.809, cycle_A: 0.079, idt_A: 0.102, D_B: 0.009, G_B: 0.980, cycle_B: 0.205, idt_B: 0.057

[Rank 0] (epoch: 635, iters: 1176, time: 0.030, data: 0.002) , D_A: 0.092, G_A: 0.996, cycle_A: 0.084, idt_A: 0.094, D_B: 0.007, G_B: 0.899, cycle_B: 0.190, idt_B: 0.054

[Rank 0] (epoch: 635, iters: 1376, time: 0.029, data: 0.003) , D_A: 0.051, G_A: 0.722, cycle_A: 0.087, idt_A: 0.101, D_B: 0.003, G_B: 0.925, cycle_B: 0.209, idt_B: 0.064

[Rank 0] (epoch: 635, iters: 1576, time: 0.029, data: 0.005) , D_A: 0.081, G_A: 0.781, cycle_A: 0.074, idt_A: 0.110, D_B: 0.004, G_B: 0.899, cycle_B: 0.228, idt_B: 0.051

[Rank 0] (epoch: 635, iters: 1776, time: 0.111, data: 0.003) , D_A: 0.076, G_A: 0.731, cycle_A: 0.072, idt_A: 0.090, D_B: 0.008, G_B: 0.915, cycle_B: 0.199, idt_B: 0.047

learning rate 0.0000100 -> 0.0000100
saving the model at the end of epoch 635, iters 451152
End of epoch 635 / 670 	 Time Taken: 53 sec
[Rank 0] (epoch: 636, iters: 48, time: 0.170, data: 0.002) , D_A: 0.048, G_A: 0.673, cycle_A: 0.072, idt_A: 0.103, D_B: 0.003, G_B: 0.938, cycle_B: 0.220, idt_B: 0.053

[Rank 0] (epoch: 636, iters: 248, time: 0.030, data: 0.004) , D_A: 0.065, G_A: 0.722, cycle_A: 0.068, idt_A: 0.086, D_B: 0.002, G_B: 0.906, cycle_B: 0.174, idt_B: 0.042

[Rank 0] (epoch: 636, iters: 448, time: 0.029, data: 0.003) , D_A: 0.066, G_A: 0.780, cycle_A: 0.069, idt_A: 0.098, D_B: 0.005, G_B: 0.913, cycle_B: 0.205, idt_B: 0.048

[Rank 0] (epoch: 636, iters: 648, time: 0.029, data: 0.004) , D_A: 0.040, G_A: 0.806, cycle_A: 0.092, idt_A: 0.089, D_B: 0.002, G_B: 0.938, cycle_B: 0.182, idt_B: 0.063

[Rank 0] (epoch: 636, iters: 848, time: 0.131, data: 0.002) , D_A: 0.031, G_A: 0.986, cycle_A: 0.076, idt_A: 0.091, D_B: 0.001, G_B: 0.970, cycle_B: 0.172, idt_B: 0.046

[Rank 0] (epoch: 636, iters: 1048, time: 0.030, data: 0.001) , D_A: 0.065, G_A: 0.643, cycle_A: 0.078, idt_A: 0.089, D_B: 0.003, G_B: 0.977, cycle_B: 0.183, idt_B: 0.055

[Rank 0] (epoch: 636, iters: 1248, time: 0.030, data: 0.002) , D_A: 0.071, G_A: 0.625, cycle_A: 0.085, idt_A: 0.092, D_B: 0.002, G_B: 0.983, cycle_B: 0.187, idt_B: 0.060

[Rank 0] (epoch: 636, iters: 1448, time: 0.029, data: 0.003) , D_A: 0.044, G_A: 0.824, cycle_A: 0.066, idt_A: 0.098, D_B: 0.008, G_B: 0.937, cycle_B: 0.259, idt_B: 0.048

[Rank 0] (epoch: 636, iters: 1648, time: 0.026, data: 0.004) , D_A: 0.047, G_A: 0.743, cycle_A: 0.091, idt_A: 0.099, D_B: 0.007, G_B: 0.909, cycle_B: 0.249, idt_B: 0.061

[Rank 0] (epoch: 636, iters: 1848, time: 0.119, data: 0.001) , D_A: 0.052, G_A: 0.617, cycle_A: 0.060, idt_A: 0.105, D_B: 0.043, G_B: 0.717, cycle_B: 0.248, idt_B: 0.040

learning rate 0.0000100 -> 0.0000100
saving the model at the end of epoch 636, iters 453080
End of epoch 636 / 670 	 Time Taken: 54 sec
[Rank 0] (epoch: 637, iters: 120, time: 0.122, data: 0.003) , D_A: 0.032, G_A: 0.748, cycle_A: 0.075, idt_A: 0.093, D_B: 0.011, G_B: 0.763, cycle_B: 0.223, idt_B: 0.057

[Rank 0] (epoch: 637, iters: 320, time: 0.029, data: 0.004) , D_A: 0.035, G_A: 0.831, cycle_A: 0.074, idt_A: 0.087, D_B: 0.022, G_B: 0.703, cycle_B: 0.204, idt_B: 0.050

[Rank 0] (epoch: 637, iters: 520, time: 0.030, data: 0.003) , D_A: 0.059, G_A: 0.645, cycle_A: 0.088, idt_A: 0.094, D_B: 0.011, G_B: 0.914, cycle_B: 0.222, idt_B: 0.057

[Rank 0] (epoch: 637, iters: 720, time: 0.029, data: 0.002) , D_A: 0.050, G_A: 0.686, cycle_A: 0.070, idt_A: 0.089, D_B: 0.003, G_B: 0.957, cycle_B: 0.198, idt_B: 0.052

[Rank 0] (epoch: 637, iters: 920, time: 0.118, data: 0.002) , D_A: 0.071, G_A: 0.698, cycle_A: 0.091, idt_A: 0.086, D_B: 0.005, G_B: 0.875, cycle_B: 0.196, idt_B: 0.057

[Rank 0] (epoch: 637, iters: 1120, time: 0.029, data: 0.003) , D_A: 0.071, G_A: 0.605, cycle_A: 0.092, idt_A: 0.086, D_B: 0.007, G_B: 0.913, cycle_B: 0.190, idt_B: 0.065

[Rank 0] (epoch: 637, iters: 1320, time: 0.029, data: 0.006) , D_A: 0.052, G_A: 0.659, cycle_A: 0.083, idt_A: 0.099, D_B: 0.003, G_B: 0.904, cycle_B: 0.230, idt_B: 0.059

[Rank 0] (epoch: 637, iters: 1520, time: 0.030, data: 0.003) , D_A: 0.047, G_A: 0.720, cycle_A: 0.102, idt_A: 0.095, D_B: 0.021, G_B: 0.526, cycle_B: 0.230, idt_B: 0.071

[Rank 0] (epoch: 637, iters: 1720, time: 0.030, data: 0.003) , D_A: 0.047, G_A: 0.652, cycle_A: 0.071, idt_A: 0.095, D_B: 0.007, G_B: 0.957, cycle_B: 0.229, idt_B: 0.045

[Rank 0] (epoch: 637, iters: 1920, time: 0.097, data: 0.003) , D_A: 0.048, G_A: 0.731, cycle_A: 0.092, idt_A: 0.104, D_B: 0.006, G_B: 0.948, cycle_B: 0.252, idt_B: 0.062

saving the latest model (epoch 637, total_iters 455000)
learning rate 0.0000100 -> 0.0000100
saving the model at the end of epoch 637, iters 455008
End of epoch 637 / 670 	 Time Taken: 53 sec
[Rank 0] (epoch: 638, iters: 192, time: 0.159, data: 0.002) , D_A: 0.042, G_A: 0.734, cycle_A: 0.096, idt_A: 0.112, D_B: 0.008, G_B: 0.809, cycle_B: 0.259, idt_B: 0.063

[Rank 0] (epoch: 638, iters: 392, time: 0.030, data: 0.002) , D_A: 0.067, G_A: 1.317, cycle_A: 0.082, idt_A: 0.092, D_B: 0.004, G_B: 0.948, cycle_B: 0.207, idt_B: 0.059

[Rank 0] (epoch: 638, iters: 592, time: 0.029, data: 0.007) , D_A: 0.052, G_A: 0.561, cycle_A: 0.076, idt_A: 0.088, D_B: 0.002, G_B: 0.969, cycle_B: 0.184, idt_B: 0.047

[Rank 0] (epoch: 638, iters: 792, time: 0.029, data: 0.003) , D_A: 0.057, G_A: 0.801, cycle_A: 0.079, idt_A: 0.096, D_B: 0.012, G_B: 0.856, cycle_B: 0.194, idt_B: 0.056

[Rank 0] (epoch: 638, iters: 992, time: 0.153, data: 0.003) , D_A: 0.079, G_A: 0.842, cycle_A: 0.068, idt_A: 0.099, D_B: 0.004, G_B: 0.881, cycle_B: 0.204, idt_B: 0.044

[Rank 0] (epoch: 638, iters: 1192, time: 0.029, data: 0.004) , D_A: 0.069, G_A: 0.949, cycle_A: 0.086, idt_A: 0.097, D_B: 0.004, G_B: 0.990, cycle_B: 0.211, idt_B: 0.058

[Rank 0] (epoch: 638, iters: 1392, time: 0.029, data: 0.004) , D_A: 0.079, G_A: 0.639, cycle_A: 0.069, idt_A: 0.087, D_B: 0.002, G_B: 0.969, cycle_B: 0.172, idt_B: 0.046

[Rank 0] (epoch: 638, iters: 1592, time: 0.029, data: 0.003) , D_A: 0.090, G_A: 0.719, cycle_A: 0.081, idt_A: 0.094, D_B: 0.005, G_B: 0.988, cycle_B: 0.201, idt_B: 0.055

[Rank 0] (epoch: 638, iters: 1792, time: 0.030, data: 0.003) , D_A: 0.057, G_A: 0.627, cycle_A: 0.073, idt_A: 0.100, D_B: 0.001, G_B: 1.005, cycle_B: 0.200, idt_B: 0.049

learning rate 0.0000100 -> 0.0000100
saving the model at the end of epoch 638, iters 456936
End of epoch 638 / 670 	 Time Taken: 53 sec
[Rank 0] (epoch: 639, iters: 64, time: 0.126, data: 0.006) , D_A: 0.047, G_A: 0.726, cycle_A: 0.095, idt_A: 0.102, D_B: 0.002, G_B: 0.919, cycle_B: 0.209, idt_B: 0.065

[Rank 0] (epoch: 639, iters: 264, time: 0.029, data: 0.006) , D_A: 0.045, G_A: 0.764, cycle_A: 0.085, idt_A: 0.085, D_B: 0.003, G_B: 0.877, cycle_B: 0.176, idt_B: 0.057

[Rank 0] (epoch: 639, iters: 464, time: 0.029, data: 0.002) , D_A: 0.051, G_A: 0.898, cycle_A: 0.075, idt_A: 0.093, D_B: 0.002, G_B: 0.989, cycle_B: 0.186, idt_B: 0.055

[Rank 0] (epoch: 639, iters: 664, time: 0.030, data: 0.003) , D_A: 0.048, G_A: 0.796, cycle_A: 0.082, idt_A: 0.097, D_B: 0.020, G_B: 1.073, cycle_B: 0.190, idt_B: 0.055

[Rank 0] (epoch: 639, iters: 864, time: 0.030, data: 0.002) , D_A: 0.039, G_A: 0.885, cycle_A: 0.080, idt_A: 0.096, D_B: 0.001, G_B: 0.986, cycle_B: 0.185, idt_B: 0.056

[Rank 0] (epoch: 639, iters: 1064, time: 0.109, data: 0.004) , D_A: 0.039, G_A: 0.857, cycle_A: 0.073, idt_A: 0.102, D_B: 0.002, G_B: 0.963, cycle_B: 0.209, idt_B: 0.051

[Rank 0] (epoch: 639, iters: 1264, time: 0.030, data: 0.002) , D_A: 0.071, G_A: 0.575, cycle_A: 0.073, idt_A: 0.097, D_B: 0.002, G_B: 0.942, cycle_B: 0.197, idt_B: 0.050

[Rank 0] (epoch: 639, iters: 1464, time: 0.029, data: 0.003) , D_A: 0.052, G_A: 0.864, cycle_A: 0.084, idt_A: 0.083, D_B: 0.001, G_B: 0.986, cycle_B: 0.165, idt_B: 0.052

[Rank 0] (epoch: 639, iters: 1664, time: 0.029, data: 0.003) , D_A: 0.063, G_A: 0.671, cycle_A: 0.089, idt_A: 0.085, D_B: 0.002, G_B: 0.925, cycle_B: 0.174, idt_B: 0.056

[Rank 0] (epoch: 639, iters: 1864, time: 0.029, data: 0.003) , D_A: 0.062, G_A: 0.812, cycle_A: 0.090, idt_A: 0.092, D_B: 0.003, G_B: 1.022, cycle_B: 0.196, idt_B: 0.058

learning rate 0.0000100 -> 0.0000100
saving the model at the end of epoch 639, iters 458864
End of epoch 639 / 670 	 Time Taken: 52 sec
[Rank 0] (epoch: 640, iters: 136, time: 0.104, data: 0.002) , D_A: 0.059, G_A: 0.793, cycle_A: 0.076, idt_A: 0.107, D_B: 0.002, G_B: 0.976, cycle_B: 0.235, idt_B: 0.049

[Rank 0] (epoch: 640, iters: 336, time: 0.029, data: 0.001) , D_A: 0.052, G_A: 0.677, cycle_A: 0.067, idt_A: 0.081, D_B: 0.007, G_B: 0.810, cycle_B: 0.204, idt_B: 0.048

[Rank 0] (epoch: 640, iters: 536, time: 0.030, data: 0.002) , D_A: 0.050, G_A: 0.749, cycle_A: 0.078, idt_A: 0.085, D_B: 0.010, G_B: 0.871, cycle_B: 0.201, idt_B: 0.053

[Rank 0] (epoch: 640, iters: 736, time: 0.029, data: 0.004) , D_A: 0.058, G_A: 0.744, cycle_A: 0.057, idt_A: 0.100, D_B: 0.010, G_B: 0.837, cycle_B: 0.235, idt_B: 0.041

[Rank 0] (epoch: 640, iters: 936, time: 0.030, data: 0.003) , D_A: 0.061, G_A: 0.719, cycle_A: 0.091, idt_A: 0.099, D_B: 0.014, G_B: 0.752, cycle_B: 0.235, idt_B: 0.062

[Rank 0] (epoch: 640, iters: 1136, time: 0.122, data: 0.003) , D_A: 0.043, G_A: 0.753, cycle_A: 0.090, idt_A: 0.097, D_B: 0.010, G_B: 0.900, cycle_B: 0.225, idt_B: 0.060

saving the latest model (epoch 640, total_iters 460000)
[Rank 0] (epoch: 640, iters: 1336, time: 0.030, data: 0.001) , D_A: 0.077, G_A: 0.728, cycle_A: 0.085, idt_A: 0.093, D_B: 0.018, G_B: 0.718, cycle_B: 0.228, idt_B: 0.058

[Rank 0] (epoch: 640, iters: 1536, time: 0.029, data: 0.003) , D_A: 0.049, G_A: 0.655, cycle_A: 0.078, idt_A: 0.092, D_B: 0.053, G_B: 0.821, cycle_B: 0.225, idt_B: 0.055

[Rank 0] (epoch: 640, iters: 1736, time: 0.030, data: 0.002) , D_A: 0.040, G_A: 0.800, cycle_A: 0.090, idt_A: 0.095, D_B: 0.016, G_B: 0.934, cycle_B: 0.216, idt_B: 0.064

learning rate 0.0000100 -> 0.0000100
saving the model at the end of epoch 640, iters 460792
End of epoch 640 / 670 	 Time Taken: 52 sec
[Rank 0] (epoch: 641, iters: 8, time: 0.110, data: 0.003) , D_A: 0.046, G_A: 0.945, cycle_A: 0.073, idt_A: 0.099, D_B: 0.005, G_B: 1.017, cycle_B: 0.217, idt_B: 0.047

[Rank 0] (epoch: 641, iters: 208, time: 0.112, data: 0.002) , D_A: 0.043, G_A: 0.767, cycle_A: 0.072, idt_A: 0.107, D_B: 0.006, G_B: 0.925, cycle_B: 0.215, idt_B: 0.055

[Rank 0] (epoch: 641, iters: 408, time: 0.029, data: 0.002) , D_A: 0.057, G_A: 0.549, cycle_A: 0.086, idt_A: 0.092, D_B: 0.003, G_B: 1.031, cycle_B: 0.198, idt_B: 0.059

[Rank 0] (epoch: 641, iters: 608, time: 0.029, data: 0.003) , D_A: 0.056, G_A: 0.660, cycle_A: 0.074, idt_A: 0.106, D_B: 0.041, G_B: 0.634, cycle_B: 0.240, idt_B: 0.049

[Rank 0] (epoch: 641, iters: 808, time: 0.030, data: 0.002) , D_A: 0.054, G_A: 0.518, cycle_A: 0.066, idt_A: 0.095, D_B: 0.045, G_B: 0.897, cycle_B: 0.241, idt_B: 0.047

[Rank 0] (epoch: 641, iters: 1008, time: 0.029, data: 0.004) , D_A: 0.039, G_A: 0.792, cycle_A: 0.089, idt_A: 0.089, D_B: 0.058, G_B: 0.832, cycle_B: 0.208, idt_B: 0.056

[Rank 0] (epoch: 641, iters: 1208, time: 0.126, data: 0.004) , D_A: 0.051, G_A: 0.646, cycle_A: 0.074, idt_A: 0.085, D_B: 0.008, G_B: 0.972, cycle_B: 0.183, idt_B: 0.049

[Rank 0] (epoch: 641, iters: 1408, time: 0.029, data: 0.002) , D_A: 0.055, G_A: 0.567, cycle_A: 0.075, idt_A: 0.093, D_B: 0.015, G_B: 0.846, cycle_B: 0.203, idt_B: 0.049

[Rank 0] (epoch: 641, iters: 1608, time: 0.029, data: 0.003) , D_A: 0.060, G_A: 0.696, cycle_A: 0.060, idt_A: 0.095, D_B: 0.006, G_B: 0.988, cycle_B: 0.211, idt_B: 0.039

[Rank 0] (epoch: 641, iters: 1808, time: 0.030, data: 0.002) , D_A: 0.052, G_A: 0.851, cycle_A: 0.076, idt_A: 0.089, D_B: 0.003, G_B: 0.991, cycle_B: 0.193, idt_B: 0.050

learning rate 0.0000100 -> 0.0000100
saving the model at the end of epoch 641, iters 462720
End of epoch 641 / 670 	 Time Taken: 53 sec
[Rank 0] (epoch: 642, iters: 80, time: 0.110, data: 0.003) , D_A: 0.037, G_A: 0.807, cycle_A: 0.076, idt_A: 0.098, D_B: 0.003, G_B: 1.003, cycle_B: 0.199, idt_B: 0.046

[Rank 0] (epoch: 642, iters: 280, time: 0.116, data: 0.002) , D_A: 0.048, G_A: 0.744, cycle_A: 0.082, idt_A: 0.102, D_B: 0.002, G_B: 0.994, cycle_B: 0.216, idt_B: 0.053

[Rank 0] (epoch: 642, iters: 480, time: 0.030, data: 0.001) , D_A: 0.067, G_A: 0.667, cycle_A: 0.060, idt_A: 0.091, D_B: 0.004, G_B: 1.036, cycle_B: 0.186, idt_B: 0.045

[Rank 0] (epoch: 642, iters: 680, time: 0.029, data: 0.003) , D_A: 0.069, G_A: 0.935, cycle_A: 0.080, idt_A: 0.096, D_B: 0.005, G_B: 0.855, cycle_B: 0.209, idt_B: 0.050

[Rank 0] (epoch: 642, iters: 880, time: 0.029, data: 0.002) , D_A: 0.075, G_A: 0.604, cycle_A: 0.102, idt_A: 0.094, D_B: 0.003, G_B: 0.990, cycle_B: 0.203, idt_B: 0.072

[Rank 0] (epoch: 642, iters: 1080, time: 0.030, data: 0.003) , D_A: 0.056, G_A: 0.977, cycle_A: 0.112, idt_A: 0.095, D_B: 0.003, G_B: 0.952, cycle_B: 0.212, idt_B: 0.075

[Rank 0] (epoch: 642, iters: 1280, time: 0.110, data: 0.003) , D_A: 0.063, G_A: 0.826, cycle_A: 0.073, idt_A: 0.102, D_B: 0.016, G_B: 0.947, cycle_B: 0.210, idt_B: 0.047

[Rank 0] (epoch: 642, iters: 1480, time: 0.030, data: 0.002) , D_A: 0.045, G_A: 0.687, cycle_A: 0.077, idt_A: 0.093, D_B: 0.002, G_B: 0.972, cycle_B: 0.199, idt_B: 0.048

[Rank 0] (epoch: 642, iters: 1680, time: 0.029, data: 0.002) , D_A: 0.079, G_A: 0.638, cycle_A: 0.088, idt_A: 0.093, D_B: 0.003, G_B: 0.983, cycle_B: 0.194, idt_B: 0.062

[Rank 0] (epoch: 642, iters: 1880, time: 0.029, data: 0.003) , D_A: 0.066, G_A: 0.693, cycle_A: 0.066, idt_A: 0.096, D_B: 0.004, G_B: 1.012, cycle_B: 0.196, idt_B: 0.047

learning rate 0.0000100 -> 0.0000100
saving the model at the end of epoch 642, iters 464648
End of epoch 642 / 670 	 Time Taken: 53 sec
[Rank 0] (epoch: 643, iters: 152, time: 0.134, data: 0.001) , D_A: 0.058, G_A: 0.744, cycle_A: 0.065, idt_A: 0.099, D_B: 0.002, G_B: 1.029, cycle_B: 0.205, idt_B: 0.039

[Rank 0] (epoch: 643, iters: 352, time: 0.120, data: 0.002) , D_A: 0.064, G_A: 0.922, cycle_A: 0.059, idt_A: 0.091, D_B: 0.002, G_B: 0.960, cycle_B: 0.195, idt_B: 0.038

saving the latest model (epoch 643, total_iters 465000)
[Rank 0] (epoch: 643, iters: 552, time: 0.029, data: 0.002) , D_A: 0.049, G_A: 0.937, cycle_A: 0.073, idt_A: 0.087, D_B: 0.002, G_B: 0.944, cycle_B: 0.192, idt_B: 0.050

[Rank 0] (epoch: 643, iters: 752, time: 0.029, data: 0.003) , D_A: 0.052, G_A: 0.752, cycle_A: 0.081, idt_A: 0.105, D_B: 0.003, G_B: 0.939, cycle_B: 0.225, idt_B: 0.049

[Rank 0] (epoch: 643, iters: 952, time: 0.030, data: 0.002) , D_A: 0.051, G_A: 0.665, cycle_A: 0.092, idt_A: 0.090, D_B: 0.001, G_B: 0.990, cycle_B: 0.194, idt_B: 0.062

[Rank 0] (epoch: 643, iters: 1152, time: 0.029, data: 0.004) , D_A: 0.061, G_A: 0.868, cycle_A: 0.081, idt_A: 0.091, D_B: 0.006, G_B: 0.997, cycle_B: 0.196, idt_B: 0.055

[Rank 0] (epoch: 643, iters: 1352, time: 0.121, data: 0.004) , D_A: 0.066, G_A: 0.575, cycle_A: 0.068, idt_A: 0.095, D_B: 0.004, G_B: 0.890, cycle_B: 0.213, idt_B: 0.045

[Rank 0] (epoch: 643, iters: 1552, time: 0.030, data: 0.001) , D_A: 0.049, G_A: 0.650, cycle_A: 0.093, idt_A: 0.086, D_B: 0.003, G_B: 0.914, cycle_B: 0.209, idt_B: 0.065

[Rank 0] (epoch: 643, iters: 1752, time: 0.030, data: 0.001) , D_A: 0.053, G_A: 0.807, cycle_A: 0.071, idt_A: 0.094, D_B: 0.002, G_B: 0.950, cycle_B: 0.207, idt_B: 0.051

learning rate 0.0000100 -> 0.0000100
saving the model at the end of epoch 643, iters 466576
End of epoch 643 / 670 	 Time Taken: 53 sec
[Rank 0] (epoch: 644, iters: 24, time: 0.126, data: 0.002) , D_A: 0.046, G_A: 0.736, cycle_A: 0.091, idt_A: 0.087, D_B: 0.002, G_B: 0.986, cycle_B: 0.195, idt_B: 0.063

[Rank 0] (epoch: 644, iters: 224, time: 0.029, data: 0.002) , D_A: 0.039, G_A: 1.015, cycle_A: 0.080, idt_A: 0.084, D_B: 0.008, G_B: 0.949, cycle_B: 0.184, idt_B: 0.055

[Rank 0] (epoch: 644, iters: 424, time: 0.117, data: 0.003) , D_A: 0.051, G_A: 0.640, cycle_A: 0.061, idt_A: 0.095, D_B: 0.008, G_B: 1.219, cycle_B: 0.232, idt_B: 0.045

[Rank 0] (epoch: 644, iters: 624, time: 0.029, data: 0.002) , D_A: 0.040, G_A: 0.836, cycle_A: 0.054, idt_A: 0.098, D_B: 0.043, G_B: 0.893, cycle_B: 0.219, idt_B: 0.035

[Rank 0] (epoch: 644, iters: 824, time: 0.030, data: 0.003) , D_A: 0.066, G_A: 0.688, cycle_A: 0.077, idt_A: 0.098, D_B: 0.015, G_B: 0.829, cycle_B: 0.216, idt_B: 0.053

[Rank 0] (epoch: 644, iters: 1024, time: 0.029, data: 0.006) , D_A: 0.055, G_A: 0.856, cycle_A: 0.075, idt_A: 0.102, D_B: 0.002, G_B: 0.964, cycle_B: 0.248, idt_B: 0.053

[Rank 0] (epoch: 644, iters: 1224, time: 0.029, data: 0.003) , D_A: 0.044, G_A: 0.998, cycle_A: 0.069, idt_A: 0.107, D_B: 0.022, G_B: 1.117, cycle_B: 0.256, idt_B: 0.048

[Rank 0] (epoch: 644, iters: 1424, time: 0.110, data: 0.004) , D_A: 0.054, G_A: 0.689, cycle_A: 0.080, idt_A: 0.092, D_B: 0.004, G_B: 0.929, cycle_B: 0.208, idt_B: 0.052

[Rank 0] (epoch: 644, iters: 1624, time: 0.029, data: 0.002) , D_A: 0.060, G_A: 0.736, cycle_A: 0.081, idt_A: 0.103, D_B: 0.004, G_B: 0.898, cycle_B: 0.230, idt_B: 0.054

[Rank 0] (epoch: 644, iters: 1824, time: 0.029, data: 0.002) , D_A: 0.045, G_A: 0.803, cycle_A: 0.090, idt_A: 0.098, D_B: 0.002, G_B: 0.958, cycle_B: 0.213, idt_B: 0.061

learning rate 0.0000100 -> 0.0000100
saving the model at the end of epoch 644, iters 468504
End of epoch 644 / 670 	 Time Taken: 53 sec
[Rank 0] (epoch: 645, iters: 96, time: 0.123, data: 0.004) , D_A: 0.045, G_A: 0.962, cycle_A: 0.090, idt_A: 0.100, D_B: 0.007, G_B: 0.814, cycle_B: 0.231, idt_B: 0.063

[Rank 0] (epoch: 645, iters: 296, time: 0.029, data: 0.003) , D_A: 0.058, G_A: 0.847, cycle_A: 0.095, idt_A: 0.088, D_B: 0.007, G_B: 0.957, cycle_B: 0.202, idt_B: 0.070

[Rank 0] (epoch: 645, iters: 496, time: 0.128, data: 0.004) , D_A: 0.041, G_A: 0.764, cycle_A: 0.080, idt_A: 0.100, D_B: 0.002, G_B: 0.985, cycle_B: 0.226, idt_B: 0.050

[Rank 0] (epoch: 645, iters: 696, time: 0.030, data: 0.003) , D_A: 0.039, G_A: 0.717, cycle_A: 0.075, idt_A: 0.091, D_B: 0.002, G_B: 0.976, cycle_B: 0.199, idt_B: 0.048

[Rank 0] (epoch: 645, iters: 896, time: 0.030, data: 0.003) , D_A: 0.075, G_A: 0.637, cycle_A: 0.077, idt_A: 0.088, D_B: 0.002, G_B: 0.972, cycle_B: 0.197, idt_B: 0.053

[Rank 0] (epoch: 645, iters: 1096, time: 0.030, data: 0.003) , D_A: 0.071, G_A: 0.574, cycle_A: 0.083, idt_A: 0.088, D_B: 0.002, G_B: 0.944, cycle_B: 0.195, idt_B: 0.059

[Rank 0] (epoch: 645, iters: 1296, time: 0.029, data: 0.162) , D_A: 0.049, G_A: 0.855, cycle_A: 0.084, idt_A: 0.101, D_B: 0.029, G_B: 0.978, cycle_B: 0.222, idt_B: 0.052

[Rank 0] (epoch: 645, iters: 1496, time: 0.115, data: 0.002) , D_A: 0.049, G_A: 0.844, cycle_A: 0.084, idt_A: 0.102, D_B: 0.002, G_B: 0.959, cycle_B: 0.226, idt_B: 0.056

saving the latest model (epoch 645, total_iters 470000)
[Rank 0] (epoch: 645, iters: 1696, time: 0.029, data: 0.002) , D_A: 0.047, G_A: 0.949, cycle_A: 0.084, idt_A: 0.111, D_B: 0.002, G_B: 1.026, cycle_B: 0.236, idt_B: 0.057

[Rank 0] (epoch: 645, iters: 1896, time: 0.030, data: 0.003) , D_A: 0.040, G_A: 0.977, cycle_A: 0.077, idt_A: 0.085, D_B: 0.001, G_B: 0.970, cycle_B: 0.188, idt_B: 0.054

learning rate 0.0000100 -> 0.0000100
saving the model at the end of epoch 645, iters 470432
End of epoch 645 / 670 	 Time Taken: 54 sec
[Rank 0] (epoch: 646, iters: 168, time: 0.133, data: 0.001) , D_A: 0.069, G_A: 0.830, cycle_A: 0.098, idt_A: 0.111, D_B: 0.002, G_B: 0.995, cycle_B: 0.247, idt_B: 0.065

[Rank 0] (epoch: 646, iters: 368, time: 0.029, data: 0.001) , D_A: 0.051, G_A: 0.652, cycle_A: 0.095, idt_A: 0.092, D_B: 0.001, G_B: 0.991, cycle_B: 0.196, idt_B: 0.068

[Rank 0] (epoch: 646, iters: 568, time: 0.131, data: 0.002) , D_A: 0.057, G_A: 0.956, cycle_A: 0.051, idt_A: 0.098, D_B: 0.001, G_B: 1.028, cycle_B: 0.218, idt_B: 0.035

[Rank 0] (epoch: 646, iters: 768, time: 0.029, data: 0.001) , D_A: 0.051, G_A: 0.866, cycle_A: 0.072, idt_A: 0.102, D_B: 0.003, G_B: 0.898, cycle_B: 0.206, idt_B: 0.050

[Rank 0] (epoch: 646, iters: 968, time: 0.030, data: 0.003) , D_A: 0.049, G_A: 0.699, cycle_A: 0.067, idt_A: 0.099, D_B: 0.002, G_B: 0.978, cycle_B: 0.210, idt_B: 0.045

[Rank 0] (epoch: 646, iters: 1168, time: 0.030, data: 0.002) , D_A: 0.064, G_A: 0.753, cycle_A: 0.085, idt_A: 0.095, D_B: 0.002, G_B: 0.993, cycle_B: 0.203, idt_B: 0.058

[Rank 0] (epoch: 646, iters: 1368, time: 0.030, data: 0.002) , D_A: 0.059, G_A: 0.783, cycle_A: 0.090, idt_A: 0.095, D_B: 0.001, G_B: 0.969, cycle_B: 0.188, idt_B: 0.054

[Rank 0] (epoch: 646, iters: 1568, time: 0.119, data: 0.002) , D_A: 0.046, G_A: 0.772, cycle_A: 0.072, idt_A: 0.089, D_B: 0.002, G_B: 0.962, cycle_B: 0.188, idt_B: 0.050

[Rank 0] (epoch: 646, iters: 1768, time: 0.030, data: 0.002) , D_A: 0.065, G_A: 0.846, cycle_A: 0.098, idt_A: 0.098, D_B: 0.002, G_B: 0.948, cycle_B: 0.201, idt_B: 0.071

learning rate 0.0000100 -> 0.0000100
saving the model at the end of epoch 646, iters 472360
End of epoch 646 / 670 	 Time Taken: 53 sec
[Rank 0] (epoch: 647, iters: 40, time: 0.115, data: 0.003) , D_A: 0.058, G_A: 0.669, cycle_A: 0.093, idt_A: 0.091, D_B: 0.002, G_B: 0.992, cycle_B: 0.190, idt_B: 0.059

[Rank 0] (epoch: 647, iters: 240, time: 0.030, data: 0.001) , D_A: 0.047, G_A: 0.732, cycle_A: 0.092, idt_A: 0.100, D_B: 0.001, G_B: 1.021, cycle_B: 0.208, idt_B: 0.063

[Rank 0] (epoch: 647, iters: 440, time: 0.029, data: 0.004) , D_A: 0.044, G_A: 0.682, cycle_A: 0.063, idt_A: 0.089, D_B: 0.005, G_B: 1.134, cycle_B: 0.205, idt_B: 0.040

[Rank 0] (epoch: 647, iters: 640, time: 0.102, data: 0.003) , D_A: 0.056, G_A: 1.169, cycle_A: 0.095, idt_A: 0.092, D_B: 0.002, G_B: 0.964, cycle_B: 0.189, idt_B: 0.068

[Rank 0] (epoch: 647, iters: 840, time: 0.029, data: 0.003) , D_A: 0.069, G_A: 0.530, cycle_A: 0.090, idt_A: 0.092, D_B: 0.001, G_B: 0.965, cycle_B: 0.191, idt_B: 0.062

[Rank 0] (epoch: 647, iters: 1040, time: 0.030, data: 0.002) , D_A: 0.040, G_A: 0.819, cycle_A: 0.092, idt_A: 0.093, D_B: 0.060, G_B: 0.994, cycle_B: 0.185, idt_B: 0.067

[Rank 0] (epoch: 647, iters: 1240, time: 0.029, data: 0.004) , D_A: 0.053, G_A: 0.701, cycle_A: 0.060, idt_A: 0.092, D_B: 0.001, G_B: 0.961, cycle_B: 0.188, idt_B: 0.044

[Rank 0] (epoch: 647, iters: 1440, time: 0.030, data: 0.003) , D_A: 0.055, G_A: 0.877, cycle_A: 0.069, idt_A: 0.093, D_B: 0.001, G_B: 0.973, cycle_B: 0.190, idt_B: 0.048

[Rank 0] (epoch: 647, iters: 1640, time: 0.112, data: 0.003) , D_A: 0.058, G_A: 0.989, cycle_A: 0.058, idt_A: 0.096, D_B: 0.001, G_B: 0.990, cycle_B: 0.199, idt_B: 0.036

[Rank 0] (epoch: 647, iters: 1840, time: 0.030, data: 0.001) , D_A: 0.049, G_A: 0.610, cycle_A: 0.093, idt_A: 0.085, D_B: 0.001, G_B: 1.015, cycle_B: 0.172, idt_B: 0.067

learning rate 0.0000100 -> 0.0000100
saving the model at the end of epoch 647, iters 474288
End of epoch 647 / 670 	 Time Taken: 53 sec
[Rank 0] (epoch: 648, iters: 112, time: 0.113, data: 0.003) , D_A: 0.079, G_A: 0.861, cycle_A: 0.082, idt_A: 0.085, D_B: 0.003, G_B: 0.852, cycle_B: 0.172, idt_B: 0.056

[Rank 0] (epoch: 648, iters: 312, time: 0.029, data: 0.002) , D_A: 0.057, G_A: 0.608, cycle_A: 0.081, idt_A: 0.086, D_B: 0.020, G_B: 0.977, cycle_B: 0.177, idt_B: 0.051

[Rank 0] (epoch: 648, iters: 512, time: 0.030, data: 0.002) , D_A: 0.059, G_A: 0.747, cycle_A: 0.075, idt_A: 0.099, D_B: 0.003, G_B: 0.892, cycle_B: 0.205, idt_B: 0.048

[Rank 0] (epoch: 648, iters: 712, time: 0.102, data: 0.003) , D_A: 0.057, G_A: 0.678, cycle_A: 0.090, idt_A: 0.096, D_B: 0.001, G_B: 0.982, cycle_B: 0.201, idt_B: 0.055

saving the latest model (epoch 648, total_iters 475000)
[Rank 0] (epoch: 648, iters: 912, time: 0.030, data: 0.002) , D_A: 0.035, G_A: 0.960, cycle_A: 0.091, idt_A: 0.119, D_B: 0.008, G_B: 0.793, cycle_B: 0.246, idt_B: 0.061

[Rank 0] (epoch: 648, iters: 1112, time: 0.029, data: 0.003) , D_A: 0.046, G_A: 0.689, cycle_A: 0.086, idt_A: 0.090, D_B: 0.001, G_B: 0.980, cycle_B: 0.187, idt_B: 0.054

[Rank 0] (epoch: 648, iters: 1312, time: 0.029, data: 0.003) , D_A: 0.052, G_A: 0.684, cycle_A: 0.077, idt_A: 0.090, D_B: 0.001, G_B: 0.994, cycle_B: 0.188, idt_B: 0.053

[Rank 0] (epoch: 648, iters: 1512, time: 0.029, data: 0.004) , D_A: 0.058, G_A: 0.901, cycle_A: 0.064, idt_A: 0.103, D_B: 0.002, G_B: 1.020, cycle_B: 0.227, idt_B: 0.043

[Rank 0] (epoch: 648, iters: 1712, time: 0.109, data: 0.002) , D_A: 0.050, G_A: 0.942, cycle_A: 0.081, idt_A: 0.099, D_B: 0.004, G_B: 0.929, cycle_B: 0.234, idt_B: 0.052

[Rank 0] (epoch: 648, iters: 1912, time: 0.030, data: 0.004) , D_A: 0.056, G_A: 0.855, cycle_A: 0.084, idt_A: 0.094, D_B: 0.002, G_B: 0.960, cycle_B: 0.217, idt_B: 0.054

learning rate 0.0000100 -> 0.0000100
saving the model at the end of epoch 648, iters 476216
End of epoch 648 / 670 	 Time Taken: 53 sec
[Rank 0] (epoch: 649, iters: 184, time: 0.130, data: 0.002) , D_A: 0.048, G_A: 1.113, cycle_A: 0.106, idt_A: 0.080, D_B: 0.007, G_B: 0.816, cycle_B: 0.189, idt_B: 0.068

[Rank 0] (epoch: 649, iters: 384, time: 0.030, data: 0.001) , D_A: 0.045, G_A: 1.059, cycle_A: 0.064, idt_A: 0.079, D_B: 0.001, G_B: 0.979, cycle_B: 0.171, idt_B: 0.045

[Rank 0] (epoch: 649, iters: 584, time: 0.029, data: 0.004) , D_A: 0.044, G_A: 1.066, cycle_A: 0.073, idt_A: 0.096, D_B: 0.003, G_B: 0.855, cycle_B: 0.225, idt_B: 0.051

[Rank 0] (epoch: 649, iters: 784, time: 0.108, data: 0.003) , D_A: 0.053, G_A: 0.563, cycle_A: 0.095, idt_A: 0.096, D_B: 0.004, G_B: 1.041, cycle_B: 0.224, idt_B: 0.062

[Rank 0] (epoch: 649, iters: 984, time: 0.029, data: 0.003) , D_A: 0.047, G_A: 0.642, cycle_A: 0.070, idt_A: 0.103, D_B: 0.001, G_B: 0.965, cycle_B: 0.242, idt_B: 0.048

[Rank 0] (epoch: 649, iters: 1184, time: 0.030, data: 0.002) , D_A: 0.088, G_A: 0.506, cycle_A: 0.079, idt_A: 0.093, D_B: 0.004, G_B: 1.128, cycle_B: 0.216, idt_B: 0.057

[Rank 0] (epoch: 649, iters: 1384, time: 0.029, data: 0.003) , D_A: 0.050, G_A: 0.904, cycle_A: 0.093, idt_A: 0.100, D_B: 0.002, G_B: 0.947, cycle_B: 0.227, idt_B: 0.065

[Rank 0] (epoch: 649, iters: 1584, time: 0.029, data: 0.003) , D_A: 0.062, G_A: 0.610, cycle_A: 0.070, idt_A: 0.094, D_B: 0.002, G_B: 0.951, cycle_B: 0.206, idt_B: 0.046

[Rank 0] (epoch: 649, iters: 1784, time: 0.112, data: 0.003) , D_A: 0.057, G_A: 0.687, cycle_A: 0.080, idt_A: 0.108, D_B: 0.002, G_B: 0.922, cycle_B: 0.242, idt_B: 0.061

learning rate 0.0000100 -> 0.0000100
saving the model at the end of epoch 649, iters 478144
End of epoch 649 / 670 	 Time Taken: 53 sec
[Rank 0] (epoch: 650, iters: 56, time: 0.126, data: 0.002) , D_A: 0.044, G_A: 0.814, cycle_A: 0.068, idt_A: 0.089, D_B: 0.003, G_B: 0.935, cycle_B: 0.211, idt_B: 0.045

[Rank 0] (epoch: 650, iters: 256, time: 0.029, data: 0.003) , D_A: 0.091, G_A: 0.528, cycle_A: 0.094, idt_A: 0.106, D_B: 0.002, G_B: 0.969, cycle_B: 0.247, idt_B: 0.056

[Rank 0] (epoch: 650, iters: 456, time: 0.030, data: 0.003) , D_A: 0.056, G_A: 0.683, cycle_A: 0.116, idt_A: 0.103, D_B: 0.003, G_B: 0.956, cycle_B: 0.237, idt_B: 0.074

[Rank 0] (epoch: 650, iters: 656, time: 0.029, data: 0.003) , D_A: 0.055, G_A: 0.771, cycle_A: 0.092, idt_A: 0.103, D_B: 0.003, G_B: 0.978, cycle_B: 0.229, idt_B: 0.064

[Rank 0] (epoch: 650, iters: 856, time: 0.104, data: 0.003) , D_A: 0.052, G_A: 0.769, cycle_A: 0.063, idt_A: 0.102, D_B: 0.002, G_B: 0.992, cycle_B: 0.225, idt_B: 0.040

[Rank 0] (epoch: 650, iters: 1056, time: 0.029, data: 0.003) , D_A: 0.067, G_A: 0.886, cycle_A: 0.088, idt_A: 0.097, D_B: 0.001, G_B: 0.987, cycle_B: 0.228, idt_B: 0.057

[Rank 0] (epoch: 650, iters: 1256, time: 0.030, data: 0.003) , D_A: 0.060, G_A: 0.768, cycle_A: 0.078, idt_A: 0.099, D_B: 0.004, G_B: 0.854, cycle_B: 0.224, idt_B: 0.053

[Rank 0] (epoch: 650, iters: 1456, time: 0.030, data: 0.003) , D_A: 0.092, G_A: 0.543, cycle_A: 0.054, idt_A: 0.106, D_B: 0.001, G_B: 1.013, cycle_B: 0.242, idt_B: 0.038

[Rank 0] (epoch: 650, iters: 1656, time: 0.030, data: 0.003) , D_A: 0.073, G_A: 0.967, cycle_A: 0.083, idt_A: 0.095, D_B: 0.002, G_B: 0.961, cycle_B: 0.221, idt_B: 0.060

[Rank 0] (epoch: 650, iters: 1856, time: 0.111, data: 0.003) , D_A: 0.063, G_A: 0.649, cycle_A: 0.072, idt_A: 0.106, D_B: 0.001, G_B: 1.038, cycle_B: 0.234, idt_B: 0.051

saving the latest model (epoch 650, total_iters 480000)
learning rate 0.0000100 -> 0.0000095
saving the model at the end of epoch 650, iters 480072
End of epoch 650 / 670 	 Time Taken: 53 sec
[Rank 0] (epoch: 651, iters: 128, time: 0.112, data: 0.003) , D_A: 0.054, G_A: 0.644, cycle_A: 0.091, idt_A: 0.101, D_B: 0.001, G_B: 0.981, cycle_B: 0.222, idt_B: 0.060

[Rank 0] (epoch: 651, iters: 328, time: 0.029, data: 0.002) , D_A: 0.053, G_A: 0.559, cycle_A: 0.067, idt_A: 0.098, D_B: 0.002, G_B: 0.935, cycle_B: 0.229, idt_B: 0.049

[Rank 0] (epoch: 651, iters: 528, time: 0.029, data: 0.002) , D_A: 0.056, G_A: 0.746, cycle_A: 0.097, idt_A: 0.096, D_B: 0.002, G_B: 0.893, cycle_B: 0.224, idt_B: 0.066

[Rank 0] (epoch: 651, iters: 728, time: 0.029, data: 0.003) , D_A: 0.052, G_A: 0.779, cycle_A: 0.062, idt_A: 0.092, D_B: 0.002, G_B: 0.956, cycle_B: 0.214, idt_B: 0.044

[Rank 0] (epoch: 651, iters: 928, time: 0.104, data: 0.002) , D_A: 0.044, G_A: 0.712, cycle_A: 0.068, idt_A: 0.102, D_B: 0.031, G_B: 0.979, cycle_B: 0.228, idt_B: 0.046

[Rank 0] (epoch: 651, iters: 1128, time: 0.029, data: 0.003) , D_A: 0.058, G_A: 0.589, cycle_A: 0.058, idt_A: 0.091, D_B: 0.001, G_B: 0.962, cycle_B: 0.212, idt_B: 0.036

[Rank 0] (epoch: 651, iters: 1328, time: 0.029, data: 0.004) , D_A: 0.060, G_A: 0.708, cycle_A: 0.068, idt_A: 0.098, D_B: 0.003, G_B: 0.882, cycle_B: 0.229, idt_B: 0.044

[Rank 0] (epoch: 651, iters: 1528, time: 0.029, data: 0.004) , D_A: 0.047, G_A: 0.693, cycle_A: 0.086, idt_A: 0.100, D_B: 0.001, G_B: 0.980, cycle_B: 0.225, idt_B: 0.060

[Rank 0] (epoch: 651, iters: 1728, time: 0.030, data: 0.002) , D_A: 0.047, G_A: 0.790, cycle_A: 0.066, idt_A: 0.112, D_B: 0.002, G_B: 0.946, cycle_B: 0.253, idt_B: 0.046

[Rank 0] (epoch: 651, iters: 1928, time: 0.101, data: 0.003) , D_A: 0.094, G_A: 0.906, cycle_A: 0.088, idt_A: 0.098, D_B: 0.002, G_B: 0.918, cycle_B: 0.227, idt_B: 0.063

learning rate 0.0000095 -> 0.0000090
saving the model at the end of epoch 651, iters 482000
End of epoch 651 / 670 	 Time Taken: 53 sec
[Rank 0] (epoch: 652, iters: 200, time: 0.121, data: 1.204) , D_A: 0.058, G_A: 0.922, cycle_A: 0.072, idt_A: 0.088, D_B: 0.007, G_B: 0.785, cycle_B: 0.203, idt_B: 0.049

[Rank 0] (epoch: 652, iters: 400, time: 0.029, data: 0.003) , D_A: 0.077, G_A: 0.929, cycle_A: 0.106, idt_A: 0.096, D_B: 0.007, G_B: 0.939, cycle_B: 0.213, idt_B: 0.072

[Rank 0] (epoch: 652, iters: 600, time: 0.029, data: 0.004) , D_A: 0.056, G_A: 0.831, cycle_A: 0.070, idt_A: 0.096, D_B: 0.003, G_B: 0.899, cycle_B: 0.213, idt_B: 0.043

[Rank 0] (epoch: 652, iters: 800, time: 0.029, data: 0.006) , D_A: 0.048, G_A: 0.695, cycle_A: 0.062, idt_A: 0.089, D_B: 0.003, G_B: 0.987, cycle_B: 0.199, idt_B: 0.044

[Rank 0] (epoch: 652, iters: 1000, time: 0.142, data: 0.003) , D_A: 0.058, G_A: 0.662, cycle_A: 0.082, idt_A: 0.101, D_B: 0.002, G_B: 0.941, cycle_B: 0.213, idt_B: 0.055

[Rank 0] (epoch: 652, iters: 1200, time: 0.030, data: 0.002) , D_A: 0.043, G_A: 1.028, cycle_A: 0.077, idt_A: 0.094, D_B: 0.004, G_B: 0.958, cycle_B: 0.212, idt_B: 0.049

[Rank 0] (epoch: 652, iters: 1400, time: 0.030, data: 0.003) , D_A: 0.048, G_A: 0.667, cycle_A: 0.101, idt_A: 0.091, D_B: 0.002, G_B: 0.938, cycle_B: 0.198, idt_B: 0.071

[Rank 0] (epoch: 652, iters: 1600, time: 0.029, data: 0.003) , D_A: 0.061, G_A: 1.168, cycle_A: 0.088, idt_A: 0.081, D_B: 0.001, G_B: 1.008, cycle_B: 0.171, idt_B: 0.056

[Rank 0] (epoch: 652, iters: 1800, time: 0.029, data: 0.003) , D_A: 0.074, G_A: 0.809, cycle_A: 0.068, idt_A: 0.100, D_B: 0.007, G_B: 0.947, cycle_B: 0.222, idt_B: 0.046

learning rate 0.0000090 -> 0.0000086
saving the model at the end of epoch 652, iters 483928
End of epoch 652 / 670 	 Time Taken: 53 sec
[Rank 0] (epoch: 653, iters: 72, time: 0.128, data: 0.003) , D_A: 0.061, G_A: 0.861, cycle_A: 0.064, idt_A: 0.110, D_B: 0.002, G_B: 0.978, cycle_B: 0.216, idt_B: 0.037

[Rank 0] (epoch: 653, iters: 272, time: 0.029, data: 0.004) , D_A: 0.054, G_A: 0.846, cycle_A: 0.065, idt_A: 0.096, D_B: 0.003, G_B: 0.885, cycle_B: 0.208, idt_B: 0.045

[Rank 0] (epoch: 653, iters: 472, time: 0.029, data: 0.004) , D_A: 0.065, G_A: 0.685, cycle_A: 0.078, idt_A: 0.111, D_B: 0.002, G_B: 1.013, cycle_B: 0.229, idt_B: 0.051

[Rank 0] (epoch: 653, iters: 672, time: 0.030, data: 0.002) , D_A: 0.050, G_A: 0.729, cycle_A: 0.069, idt_A: 0.097, D_B: 0.002, G_B: 0.977, cycle_B: 0.197, idt_B: 0.040

[Rank 0] (epoch: 653, iters: 872, time: 0.029, data: 0.004) , D_A: 0.050, G_A: 0.732, cycle_A: 0.046, idt_A: 0.095, D_B: 0.024, G_B: 0.986, cycle_B: 0.203, idt_B: 0.030

[Rank 0] (epoch: 653, iters: 1072, time: 0.101, data: 0.002) , D_A: 0.059, G_A: 0.778, cycle_A: 0.098, idt_A: 0.098, D_B: 0.002, G_B: 1.026, cycle_B: 0.204, idt_B: 0.067

saving the latest model (epoch 653, total_iters 485000)
[Rank 0] (epoch: 653, iters: 1272, time: 0.029, data: 0.002) , D_A: 0.064, G_A: 0.622, cycle_A: 0.070, idt_A: 0.094, D_B: 0.002, G_B: 0.982, cycle_B: 0.195, idt_B: 0.049

[Rank 0] (epoch: 653, iters: 1472, time: 0.030, data: 0.002) , D_A: 0.052, G_A: 0.803, cycle_A: 0.103, idt_A: 0.096, D_B: 0.004, G_B: 0.820, cycle_B: 0.201, idt_B: 0.067

[Rank 0] (epoch: 653, iters: 1672, time: 0.029, data: 0.003) , D_A: 0.055, G_A: 0.811, cycle_A: 0.078, idt_A: 0.103, D_B: 0.001, G_B: 0.969, cycle_B: 0.204, idt_B: 0.053

[Rank 0] (epoch: 653, iters: 1872, time: 0.029, data: 0.003) , D_A: 0.063, G_A: 0.751, cycle_A: 0.083, idt_A: 0.087, D_B: 0.004, G_B: 1.151, cycle_B: 0.180, idt_B: 0.056

learning rate 0.0000086 -> 0.0000081
saving the model at the end of epoch 653, iters 485856
End of epoch 653 / 670 	 Time Taken: 52 sec
[Rank 0] (epoch: 654, iters: 144, time: 0.133, data: 0.002) , D_A: 0.036, G_A: 0.866, cycle_A: 0.077, idt_A: 0.087, D_B: 0.006, G_B: 0.751, cycle_B: 0.175, idt_B: 0.053

[Rank 0] (epoch: 654, iters: 344, time: 0.030, data: 0.001) , D_A: 0.063, G_A: 0.608, cycle_A: 0.063, idt_A: 0.101, D_B: 0.067, G_B: 0.925, cycle_B: 0.202, idt_B: 0.044

[Rank 0] (epoch: 654, iters: 544, time: 0.030, data: 0.003) , D_A: 0.065, G_A: 0.643, cycle_A: 0.076, idt_A: 0.091, D_B: 0.001, G_B: 0.981, cycle_B: 0.187, idt_B: 0.055

[Rank 0] (epoch: 654, iters: 744, time: 0.029, data: 0.003) , D_A: 0.058, G_A: 0.812, cycle_A: 0.080, idt_A: 0.091, D_B: 0.002, G_B: 0.953, cycle_B: 0.191, idt_B: 0.055

[Rank 0] (epoch: 654, iters: 944, time: 0.029, data: 0.003) , D_A: 0.059, G_A: 0.666, cycle_A: 0.087, idt_A: 0.099, D_B: 0.003, G_B: 0.960, cycle_B: 0.209, idt_B: 0.063

[Rank 0] (epoch: 654, iters: 1144, time: 0.106, data: 0.002) , D_A: 0.080, G_A: 0.584, cycle_A: 0.074, idt_A: 0.090, D_B: 0.021, G_B: 0.996, cycle_B: 0.201, idt_B: 0.053

[Rank 0] (epoch: 654, iters: 1344, time: 0.030, data: 0.002) , D_A: 0.052, G_A: 0.729, cycle_A: 0.072, idt_A: 0.085, D_B: 0.054, G_B: 0.824, cycle_B: 0.212, idt_B: 0.049

[Rank 0] (epoch: 654, iters: 1544, time: 0.029, data: 0.003) , D_A: 0.054, G_A: 1.051, cycle_A: 0.096, idt_A: 0.096, D_B: 0.007, G_B: 0.901, cycle_B: 0.275, idt_B: 0.063

[Rank 0] (epoch: 654, iters: 1744, time: 0.029, data: 0.003) , D_A: 0.049, G_A: 0.680, cycle_A: 0.086, idt_A: 0.098, D_B: 0.009, G_B: 0.944, cycle_B: 0.302, idt_B: 0.061

learning rate 0.0000081 -> 0.0000076
saving the model at the end of epoch 654, iters 487784
End of epoch 654 / 670 	 Time Taken: 52 sec
[Rank 0] (epoch: 655, iters: 16, time: 0.144, data: 0.002) , D_A: 0.062, G_A: 0.494, cycle_A: 0.088, idt_A: 0.091, D_B: 0.009, G_B: 0.998, cycle_B: 0.251, idt_B: 0.058

[Rank 0] (epoch: 655, iters: 216, time: 0.111, data: 0.003) , D_A: 0.069, G_A: 0.692, cycle_A: 0.053, idt_A: 0.099, D_B: 0.014, G_B: 0.799, cycle_B: 0.269, idt_B: 0.036

[Rank 0] (epoch: 655, iters: 416, time: 0.029, data: 0.002) , D_A: 0.046, G_A: 0.748, cycle_A: 0.090, idt_A: 0.100, D_B: 0.009, G_B: 0.851, cycle_B: 0.258, idt_B: 0.060

[Rank 0] (epoch: 655, iters: 616, time: 0.029, data: 0.004) , D_A: 0.054, G_A: 0.871, cycle_A: 0.083, idt_A: 0.097, D_B: 0.048, G_B: 0.778, cycle_B: 0.246, idt_B: 0.056

[Rank 0] (epoch: 655, iters: 816, time: 0.030, data: 0.003) , D_A: 0.051, G_A: 0.735, cycle_A: 0.072, idt_A: 0.093, D_B: 0.025, G_B: 0.918, cycle_B: 0.221, idt_B: 0.046

[Rank 0] (epoch: 655, iters: 1016, time: 0.030, data: 0.003) , D_A: 0.053, G_A: 1.118, cycle_A: 0.087, idt_A: 0.085, D_B: 0.009, G_B: 0.832, cycle_B: 0.222, idt_B: 0.053

[Rank 0] (epoch: 655, iters: 1216, time: 0.114, data: 0.003) , D_A: 0.062, G_A: 0.741, cycle_A: 0.104, idt_A: 0.103, D_B: 0.008, G_B: 0.839, cycle_B: 0.245, idt_B: 0.070

[Rank 0] (epoch: 655, iters: 1416, time: 0.029, data: 0.003) , D_A: 0.048, G_A: 0.870, cycle_A: 0.080, idt_A: 0.105, D_B: 0.005, G_B: 0.893, cycle_B: 0.250, idt_B: 0.056

[Rank 0] (epoch: 655, iters: 1616, time: 0.029, data: 0.002) , D_A: 0.048, G_A: 0.803, cycle_A: 0.105, idt_A: 0.104, D_B: 0.007, G_B: 0.897, cycle_B: 0.237, idt_B: 0.072

[Rank 0] (epoch: 655, iters: 1816, time: 0.029, data: 0.004) , D_A: 0.068, G_A: 0.778, cycle_A: 0.070, idt_A: 0.091, D_B: 0.003, G_B: 0.959, cycle_B: 0.202, idt_B: 0.047

learning rate 0.0000076 -> 0.0000071
saving the model at the end of epoch 655, iters 489712
End of epoch 655 / 670 	 Time Taken: 53 sec
[Rank 0] (epoch: 656, iters: 88, time: 0.166, data: 0.002) , D_A: 0.047, G_A: 0.981, cycle_A: 0.083, idt_A: 0.091, D_B: 0.003, G_B: 0.901, cycle_B: 0.194, idt_B: 0.051

[Rank 0] (epoch: 656, iters: 288, time: 0.124, data: 0.002) , D_A: 0.092, G_A: 0.812, cycle_A: 0.096, idt_A: 0.099, D_B: 0.002, G_B: 0.958, cycle_B: 0.208, idt_B: 0.067

saving the latest model (epoch 656, total_iters 490000)
[Rank 0] (epoch: 656, iters: 488, time: 0.029, data: 0.003) , D_A: 0.049, G_A: 0.765, cycle_A: 0.053, idt_A: 0.093, D_B: 0.011, G_B: 1.014, cycle_B: 0.199, idt_B: 0.032

[Rank 0] (epoch: 656, iters: 688, time: 0.030, data: 0.003) , D_A: 0.065, G_A: 0.607, cycle_A: 0.082, idt_A: 0.099, D_B: 0.002, G_B: 1.020, cycle_B: 0.215, idt_B: 0.059

[Rank 0] (epoch: 656, iters: 888, time: 0.029, data: 0.003) , D_A: 0.075, G_A: 0.700, cycle_A: 0.064, idt_A: 0.104, D_B: 0.002, G_B: 1.017, cycle_B: 0.216, idt_B: 0.045

[Rank 0] (epoch: 656, iters: 1088, time: 0.030, data: 0.002) , D_A: 0.058, G_A: 0.627, cycle_A: 0.073, idt_A: 0.093, D_B: 0.004, G_B: 0.902, cycle_B: 0.190, idt_B: 0.049

[Rank 0] (epoch: 656, iters: 1288, time: 0.136, data: 0.002) , D_A: 0.066, G_A: 0.764, cycle_A: 0.075, idt_A: 0.091, D_B: 0.002, G_B: 0.905, cycle_B: 0.185, idt_B: 0.049

[Rank 0] (epoch: 656, iters: 1488, time: 0.030, data: 0.001) , D_A: 0.044, G_A: 0.822, cycle_A: 0.090, idt_A: 0.088, D_B: 0.012, G_B: 0.960, cycle_B: 0.186, idt_B: 0.058

[Rank 0] (epoch: 656, iters: 1688, time: 0.029, data: 0.003) , D_A: 0.063, G_A: 0.736, cycle_A: 0.104, idt_A: 0.094, D_B: 0.001, G_B: 1.000, cycle_B: 0.193, idt_B: 0.072

[Rank 0] (epoch: 656, iters: 1888, time: 0.029, data: 0.004) , D_A: 0.061, G_A: 0.648, cycle_A: 0.078, idt_A: 0.106, D_B: 0.001, G_B: 0.980, cycle_B: 0.219, idt_B: 0.055

learning rate 0.0000071 -> 0.0000067
saving the model at the end of epoch 656, iters 491640
End of epoch 656 / 670 	 Time Taken: 55 sec
[Rank 0] (epoch: 657, iters: 160, time: 0.150, data: 0.001) , D_A: 0.056, G_A: 0.823, cycle_A: 0.085, idt_A: 0.092, D_B: 0.002, G_B: 0.970, cycle_B: 0.189, idt_B: 0.054

[Rank 0] (epoch: 657, iters: 360, time: 0.148, data: 0.004) , D_A: 0.063, G_A: 1.072, cycle_A: 0.083, idt_A: 0.102, D_B: 0.002, G_B: 0.927, cycle_B: 0.204, idt_B: 0.055

[Rank 0] (epoch: 657, iters: 560, time: 0.029, data: 0.002) , D_A: 0.065, G_A: 0.567, cycle_A: 0.068, idt_A: 0.092, D_B: 0.002, G_B: 0.992, cycle_B: 0.183, idt_B: 0.046

[Rank 0] (epoch: 657, iters: 760, time: 0.029, data: 0.003) , D_A: 0.051, G_A: 0.807, cycle_A: 0.090, idt_A: 0.092, D_B: 0.002, G_B: 1.010, cycle_B: 0.175, idt_B: 0.059

[Rank 0] (epoch: 657, iters: 960, time: 0.029, data: 0.003) , D_A: 0.086, G_A: 0.823, cycle_A: 0.083, idt_A: 0.104, D_B: 0.002, G_B: 1.023, cycle_B: 0.211, idt_B: 0.055

[Rank 0] (epoch: 657, iters: 1160, time: 0.029, data: 0.005) , D_A: 0.055, G_A: 0.841, cycle_A: 0.079, idt_A: 0.107, D_B: 0.002, G_B: 1.014, cycle_B: 0.216, idt_B: 0.046

[Rank 0] (epoch: 657, iters: 1360, time: 0.111, data: 0.003) , D_A: 0.058, G_A: 0.847, cycle_A: 0.084, idt_A: 0.097, D_B: 0.004, G_B: 0.845, cycle_B: 0.185, idt_B: 0.054

[Rank 0] (epoch: 657, iters: 1560, time: 0.030, data: 0.001) , D_A: 0.052, G_A: 0.668, cycle_A: 0.069, idt_A: 0.095, D_B: 0.001, G_B: 1.000, cycle_B: 0.186, idt_B: 0.045

[Rank 0] (epoch: 657, iters: 1760, time: 0.030, data: 0.003) , D_A: 0.045, G_A: 0.671, cycle_A: 0.090, idt_A: 0.092, D_B: 0.016, G_B: 0.960, cycle_B: 0.183, idt_B: 0.061

learning rate 0.0000067 -> 0.0000062
saving the model at the end of epoch 657, iters 493568
End of epoch 657 / 670 	 Time Taken: 53 sec
[Rank 0] (epoch: 658, iters: 32, time: 0.167, data: 0.003) , D_A: 0.057, G_A: 0.644, cycle_A: 0.064, idt_A: 0.088, D_B: 0.002, G_B: 0.951, cycle_B: 0.180, idt_B: 0.041

[Rank 0] (epoch: 658, iters: 232, time: 0.030, data: 0.002) , D_A: 0.046, G_A: 0.726, cycle_A: 0.058, idt_A: 0.094, D_B: 0.003, G_B: 0.974, cycle_B: 0.193, idt_B: 0.039

[Rank 0] (epoch: 658, iters: 432, time: 0.132, data: 0.006) , D_A: 0.052, G_A: 0.734, cycle_A: 0.085, idt_A: 0.105, D_B: 0.005, G_B: 1.025, cycle_B: 0.226, idt_B: 0.055

[Rank 0] (epoch: 658, iters: 632, time: 0.030, data: 0.003) , D_A: 0.050, G_A: 0.702, cycle_A: 0.062, idt_A: 0.085, D_B: 0.016, G_B: 1.015, cycle_B: 0.178, idt_B: 0.042

[Rank 0] (epoch: 658, iters: 832, time: 0.030, data: 0.003) , D_A: 0.041, G_A: 0.797, cycle_A: 0.079, idt_A: 0.100, D_B: 0.003, G_B: 0.902, cycle_B: 0.218, idt_B: 0.052

[Rank 0] (epoch: 658, iters: 1032, time: 0.029, data: 0.003) , D_A: 0.064, G_A: 0.710, cycle_A: 0.089, idt_A: 0.097, D_B: 0.008, G_B: 0.898, cycle_B: 0.204, idt_B: 0.058

[Rank 0] (epoch: 658, iters: 1232, time: 0.029, data: 0.002) , D_A: 0.044, G_A: 0.862, cycle_A: 0.067, idt_A: 0.084, D_B: 0.038, G_B: 0.936, cycle_B: 0.172, idt_B: 0.046

[Rank 0] (epoch: 658, iters: 1432, time: 0.120, data: 0.003) , D_A: 0.062, G_A: 0.652, cycle_A: 0.094, idt_A: 0.099, D_B: 0.002, G_B: 0.945, cycle_B: 0.204, idt_B: 0.064

saving the latest model (epoch 658, total_iters 495000)
[Rank 0] (epoch: 658, iters: 1632, time: 0.029, data: 0.003) , D_A: 0.046, G_A: 0.791, cycle_A: 0.071, idt_A: 0.095, D_B: 0.055, G_B: 0.975, cycle_B: 0.202, idt_B: 0.048

[Rank 0] (epoch: 658, iters: 1832, time: 0.029, data: 0.003) , D_A: 0.049, G_A: 0.679, cycle_A: 0.063, idt_A: 0.088, D_B: 0.028, G_B: 0.981, cycle_B: 0.175, idt_B: 0.040

learning rate 0.0000062 -> 0.0000057
saving the model at the end of epoch 658, iters 495496
End of epoch 658 / 670 	 Time Taken: 54 sec
[Rank 0] (epoch: 659, iters: 104, time: 0.169, data: 0.003) , D_A: 0.059, G_A: 0.951, cycle_A: 0.063, idt_A: 0.085, D_B: 0.047, G_B: 0.978, cycle_B: 0.168, idt_B: 0.039

[Rank 0] (epoch: 659, iters: 304, time: 0.030, data: 0.003) , D_A: 0.069, G_A: 0.827, cycle_A: 0.064, idt_A: 0.105, D_B: 0.002, G_B: 0.999, cycle_B: 0.217, idt_B: 0.044

[Rank 0] (epoch: 659, iters: 504, time: 0.128, data: 0.005) , D_A: 0.056, G_A: 0.924, cycle_A: 0.082, idt_A: 0.090, D_B: 0.002, G_B: 0.952, cycle_B: 0.181, idt_B: 0.054

[Rank 0] (epoch: 659, iters: 704, time: 0.029, data: 0.002) , D_A: 0.071, G_A: 0.764, cycle_A: 0.095, idt_A: 0.093, D_B: 0.002, G_B: 0.971, cycle_B: 0.192, idt_B: 0.060

[Rank 0] (epoch: 659, iters: 904, time: 0.030, data: 0.003) , D_A: 0.071, G_A: 0.677, cycle_A: 0.089, idt_A: 0.098, D_B: 0.003, G_B: 0.908, cycle_B: 0.198, idt_B: 0.059

[Rank 0] (epoch: 659, iters: 1104, time: 0.030, data: 0.002) , D_A: 0.048, G_A: 0.748, cycle_A: 0.103, idt_A: 0.088, D_B: 0.002, G_B: 0.974, cycle_B: 0.176, idt_B: 0.068

[Rank 0] (epoch: 659, iters: 1304, time: 0.030, data: 0.005) , D_A: 0.061, G_A: 0.826, cycle_A: 0.071, idt_A: 0.093, D_B: 0.002, G_B: 1.007, cycle_B: 0.194, idt_B: 0.046

[Rank 0] (epoch: 659, iters: 1504, time: 0.117, data: 0.003) , D_A: 0.058, G_A: 0.928, cycle_A: 0.072, idt_A: 0.101, D_B: 0.001, G_B: 1.003, cycle_B: 0.195, idt_B: 0.046

[Rank 0] (epoch: 659, iters: 1704, time: 0.029, data: 0.003) , D_A: 0.058, G_A: 0.707, cycle_A: 0.072, idt_A: 0.094, D_B: 0.005, G_B: 0.805, cycle_B: 0.185, idt_B: 0.049

[Rank 0] (epoch: 659, iters: 1904, time: 0.030, data: 0.002) , D_A: 0.067, G_A: 0.803, cycle_A: 0.064, idt_A: 0.098, D_B: 0.002, G_B: 0.961, cycle_B: 0.192, idt_B: 0.041

learning rate 0.0000057 -> 0.0000052
saving the model at the end of epoch 659, iters 497424
End of epoch 659 / 670 	 Time Taken: 54 sec
[Rank 0] (epoch: 660, iters: 176, time: 0.138, data: 0.002) , D_A: 0.048, G_A: 0.761, cycle_A: 0.107, idt_A: 0.085, D_B: 0.002, G_B: 0.984, cycle_B: 0.170, idt_B: 0.071

[Rank 0] (epoch: 660, iters: 376, time: 0.029, data: 0.002) , D_A: 0.056, G_A: 0.711, cycle_A: 0.065, idt_A: 0.101, D_B: 0.005, G_B: 0.847, cycle_B: 0.209, idt_B: 0.045

[Rank 0] (epoch: 660, iters: 576, time: 0.105, data: 0.002) , D_A: 0.039, G_A: 0.849, cycle_A: 0.052, idt_A: 0.090, D_B: 0.046, G_B: 0.957, cycle_B: 0.179, idt_B: 0.035

[Rank 0] (epoch: 660, iters: 776, time: 0.029, data: 0.002) , D_A: 0.071, G_A: 0.866, cycle_A: 0.104, idt_A: 0.094, D_B: 0.005, G_B: 0.959, cycle_B: 0.194, idt_B: 0.068

[Rank 0] (epoch: 660, iters: 976, time: 0.030, data: 0.003) , D_A: 0.061, G_A: 0.775, cycle_A: 0.095, idt_A: 0.102, D_B: 0.007, G_B: 0.799, cycle_B: 0.245, idt_B: 0.068

[Rank 0] (epoch: 660, iters: 1176, time: 0.029, data: 0.003) , D_A: 0.058, G_A: 0.737, cycle_A: 0.091, idt_A: 0.092, D_B: 0.009, G_B: 1.002, cycle_B: 0.209, idt_B: 0.066

[Rank 0] (epoch: 660, iters: 1376, time: 0.030, data: 0.002) , D_A: 0.072, G_A: 0.720, cycle_A: 0.089, idt_A: 0.087, D_B: 0.005, G_B: 0.860, cycle_B: 0.193, idt_B: 0.059

[Rank 0] (epoch: 660, iters: 1576, time: 0.109, data: 0.002) , D_A: 0.068, G_A: 1.055, cycle_A: 0.102, idt_A: 0.102, D_B: 0.008, G_B: 0.863, cycle_B: 0.234, idt_B: 0.075

[Rank 0] (epoch: 660, iters: 1776, time: 0.030, data: 0.003) , D_A: 0.091, G_A: 0.652, cycle_A: 0.081, idt_A: 0.104, D_B: 0.004, G_B: 0.924, cycle_B: 0.227, idt_B: 0.058

learning rate 0.0000052 -> 0.0000048
saving the model at the end of epoch 660, iters 499352
End of epoch 660 / 670 	 Time Taken: 53 sec
[Rank 0] (epoch: 661, iters: 48, time: 0.113, data: 0.004) , D_A: 0.049, G_A: 0.860, cycle_A: 0.066, idt_A: 0.091, D_B: 0.008, G_B: 0.964, cycle_B: 0.199, idt_B: 0.047

[Rank 0] (epoch: 661, iters: 248, time: 0.029, data: 0.002) , D_A: 0.056, G_A: 0.763, cycle_A: 0.084, idt_A: 0.089, D_B: 0.004, G_B: 0.963, cycle_B: 0.199, idt_B: 0.056

[Rank 0] (epoch: 661, iters: 448, time: 0.030, data: 0.003) , D_A: 0.043, G_A: 0.835, cycle_A: 0.071, idt_A: 0.097, D_B: 0.006, G_B: 0.986, cycle_B: 0.203, idt_B: 0.049

[Rank 0] (epoch: 661, iters: 648, time: 0.111, data: 0.003) , D_A: 0.071, G_A: 0.728, cycle_A: 0.072, idt_A: 0.091, D_B: 0.007, G_B: 0.918, cycle_B: 0.199, idt_B: 0.051

saving the latest model (epoch 661, total_iters 500000)
[Rank 0] (epoch: 661, iters: 848, time: 0.029, data: 0.003) , D_A: 0.067, G_A: 0.634, cycle_A: 0.072, idt_A: 0.098, D_B: 0.004, G_B: 0.895, cycle_B: 0.224, idt_B: 0.054

[Rank 0] (epoch: 661, iters: 1048, time: 0.029, data: 0.002) , D_A: 0.065, G_A: 0.888, cycle_A: 0.077, idt_A: 0.093, D_B: 0.017, G_B: 0.891, cycle_B: 0.210, idt_B: 0.055

[Rank 0] (epoch: 661, iters: 1248, time: 0.029, data: 0.002) , D_A: 0.100, G_A: 0.872, cycle_A: 0.067, idt_A: 0.086, D_B: 0.004, G_B: 0.976, cycle_B: 0.190, idt_B: 0.047

[Rank 0] (epoch: 661, iters: 1448, time: 0.029, data: 0.003) , D_A: 0.050, G_A: 1.052, cycle_A: 0.080, idt_A: 0.093, D_B: 0.009, G_B: 0.970, cycle_B: 0.202, idt_B: 0.060

[Rank 0] (epoch: 661, iters: 1648, time: 0.111, data: 0.002) , D_A: 0.076, G_A: 0.616, cycle_A: 0.091, idt_A: 0.104, D_B: 0.005, G_B: 0.888, cycle_B: 0.237, idt_B: 0.063

[Rank 0] (epoch: 661, iters: 1848, time: 0.030, data: 0.003) , D_A: 0.060, G_A: 0.841, cycle_A: 0.089, idt_A: 0.091, D_B: 0.010, G_B: 0.859, cycle_B: 0.210, idt_B: 0.059

learning rate 0.0000048 -> 0.0000043
saving the model at the end of epoch 661, iters 501280
End of epoch 661 / 670 	 Time Taken: 53 sec
[Rank 0] (epoch: 662, iters: 120, time: 0.132, data: 0.002) , D_A: 0.101, G_A: 0.524, cycle_A: 0.056, idt_A: 0.099, D_B: 0.006, G_B: 0.898, cycle_B: 0.214, idt_B: 0.039

[Rank 0] (epoch: 662, iters: 320, time: 0.030, data: 0.003) , D_A: 0.079, G_A: 0.716, cycle_A: 0.071, idt_A: 0.086, D_B: 0.006, G_B: 0.940, cycle_B: 0.193, idt_B: 0.051

[Rank 0] (epoch: 662, iters: 520, time: 0.029, data: 0.003) , D_A: 0.075, G_A: 0.695, cycle_A: 0.074, idt_A: 0.095, D_B: 0.008, G_B: 0.918, cycle_B: 0.220, idt_B: 0.052

[Rank 0] (epoch: 662, iters: 720, time: 0.108, data: 0.002) , D_A: 0.042, G_A: 0.863, cycle_A: 0.086, idt_A: 0.090, D_B: 0.006, G_B: 0.871, cycle_B: 0.204, idt_B: 0.060

[Rank 0] (epoch: 662, iters: 920, time: 0.029, data: 0.002) , D_A: 0.069, G_A: 0.621, cycle_A: 0.076, idt_A: 0.092, D_B: 0.006, G_B: 0.941, cycle_B: 0.204, idt_B: 0.056

[Rank 0] (epoch: 662, iters: 1120, time: 0.030, data: 0.002) , D_A: 0.074, G_A: 0.662, cycle_A: 0.065, idt_A: 0.094, D_B: 0.008, G_B: 0.961, cycle_B: 0.216, idt_B: 0.043

[Rank 0] (epoch: 662, iters: 1320, time: 0.029, data: 0.003) , D_A: 0.094, G_A: 0.551, cycle_A: 0.078, idt_A: 0.097, D_B: 0.004, G_B: 1.023, cycle_B: 0.222, idt_B: 0.057

[Rank 0] (epoch: 662, iters: 1520, time: 0.030, data: 0.002) , D_A: 0.051, G_A: 0.723, cycle_A: 0.080, idt_A: 0.088, D_B: 0.005, G_B: 0.905, cycle_B: 0.196, idt_B: 0.053

[Rank 0] (epoch: 662, iters: 1720, time: 0.121, data: 0.003) , D_A: 0.053, G_A: 0.801, cycle_A: 0.059, idt_A: 0.101, D_B: 0.005, G_B: 1.023, cycle_B: 0.231, idt_B: 0.041

[Rank 0] (epoch: 662, iters: 1920, time: 0.029, data: 0.003) , D_A: 0.053, G_A: 0.716, cycle_A: 0.100, idt_A: 0.089, D_B: 0.004, G_B: 0.987, cycle_B: 0.208, idt_B: 0.067

learning rate 0.0000043 -> 0.0000038
saving the model at the end of epoch 662, iters 503208
End of epoch 662 / 670 	 Time Taken: 53 sec
[Rank 0] (epoch: 663, iters: 192, time: 0.112, data: 0.001) , D_A: 0.052, G_A: 1.025, cycle_A: 0.092, idt_A: 0.101, D_B: 0.006, G_B: 0.876, cycle_B: 0.231, idt_B: 0.061

[Rank 0] (epoch: 663, iters: 392, time: 0.029, data: 0.003) , D_A: 0.079, G_A: 0.710, cycle_A: 0.089, idt_A: 0.103, D_B: 0.006, G_B: 0.905, cycle_B: 0.233, idt_B: 0.059

[Rank 0] (epoch: 663, iters: 592, time: 0.029, data: 0.003) , D_A: 0.049, G_A: 0.806, cycle_A: 0.071, idt_A: 0.093, D_B: 0.013, G_B: 0.975, cycle_B: 0.226, idt_B: 0.047

[Rank 0] (epoch: 663, iters: 792, time: 0.108, data: 0.002) , D_A: 0.084, G_A: 0.755, cycle_A: 0.088, idt_A: 0.089, D_B: 0.006, G_B: 1.006, cycle_B: 0.207, idt_B: 0.060

[Rank 0] (epoch: 663, iters: 992, time: 0.030, data: 0.003) , D_A: 0.067, G_A: 1.088, cycle_A: 0.062, idt_A: 0.093, D_B: 0.005, G_B: 0.967, cycle_B: 0.208, idt_B: 0.043

[Rank 0] (epoch: 663, iters: 1192, time: 0.029, data: 0.003) , D_A: 0.056, G_A: 0.787, cycle_A: 0.077, idt_A: 0.096, D_B: 0.006, G_B: 1.010, cycle_B: 0.220, idt_B: 0.052

[Rank 0] (epoch: 663, iters: 1392, time: 0.029, data: 0.003) , D_A: 0.060, G_A: 0.694, cycle_A: 0.062, idt_A: 0.099, D_B: 0.008, G_B: 0.966, cycle_B: 0.246, idt_B: 0.044

[Rank 0] (epoch: 663, iters: 1592, time: 0.030, data: 0.002) , D_A: 0.063, G_A: 0.715, cycle_A: 0.080, idt_A: 0.096, D_B: 0.005, G_B: 0.985, cycle_B: 0.244, idt_B: 0.048

[Rank 0] (epoch: 663, iters: 1792, time: 0.108, data: 0.003) , D_A: 0.056, G_A: 0.771, cycle_A: 0.090, idt_A: 0.103, D_B: 0.022, G_B: 0.961, cycle_B: 0.267, idt_B: 0.063

saving the latest model (epoch 663, total_iters 505000)
learning rate 0.0000038 -> 0.0000033
saving the model at the end of epoch 663, iters 505136
End of epoch 663 / 670 	 Time Taken: 53 sec
[Rank 0] (epoch: 664, iters: 64, time: 0.140, data: 0.003) , D_A: 0.051, G_A: 0.764, cycle_A: 0.071, idt_A: 0.090, D_B: 0.013, G_B: 0.881, cycle_B: 0.245, idt_B: 0.047

[Rank 0] (epoch: 664, iters: 264, time: 0.029, data: 0.003) , D_A: 0.064, G_A: 0.763, cycle_A: 0.097, idt_A: 0.091, D_B: 0.010, G_B: 0.982, cycle_B: 0.239, idt_B: 0.066

[Rank 0] (epoch: 664, iters: 464, time: 0.029, data: 0.003) , D_A: 0.069, G_A: 0.776, cycle_A: 0.082, idt_A: 0.097, D_B: 0.017, G_B: 0.871, cycle_B: 0.255, idt_B: 0.053

[Rank 0] (epoch: 664, iters: 664, time: 0.030, data: 0.003) , D_A: 0.051, G_A: 0.724, cycle_A: 0.076, idt_A: 0.098, D_B: 0.024, G_B: 0.740, cycle_B: 0.274, idt_B: 0.053

[Rank 0] (epoch: 664, iters: 864, time: 0.110, data: 0.003) , D_A: 0.075, G_A: 0.807, cycle_A: 0.065, idt_A: 0.099, D_B: 0.012, G_B: 0.870, cycle_B: 0.278, idt_B: 0.043

[Rank 0] (epoch: 664, iters: 1064, time: 0.030, data: 0.002) , D_A: 0.035, G_A: 0.872, cycle_A: 0.070, idt_A: 0.083, D_B: 0.014, G_B: 0.861, cycle_B: 0.223, idt_B: 0.045

[Rank 0] (epoch: 664, iters: 1264, time: 0.030, data: 0.003) , D_A: 0.069, G_A: 0.666, cycle_A: 0.069, idt_A: 0.096, D_B: 0.015, G_B: 0.836, cycle_B: 0.266, idt_B: 0.051

[Rank 0] (epoch: 664, iters: 1464, time: 0.030, data: 0.003) , D_A: 0.061, G_A: 0.738, cycle_A: 0.073, idt_A: 0.100, D_B: 0.027, G_B: 0.790, cycle_B: 0.274, idt_B: 0.051

[Rank 0] (epoch: 664, iters: 1664, time: 0.029, data: 0.002) , D_A: 0.044, G_A: 0.835, cycle_A: 0.073, idt_A: 0.100, D_B: 0.008, G_B: 0.896, cycle_B: 0.258, idt_B: 0.053

[Rank 0] (epoch: 664, iters: 1864, time: 0.120, data: 0.002) , D_A: 0.064, G_A: 0.652, cycle_A: 0.087, idt_A: 0.094, D_B: 0.008, G_B: 0.895, cycle_B: 0.257, idt_B: 0.061

learning rate 0.0000033 -> 0.0000029
saving the model at the end of epoch 664, iters 507064
End of epoch 664 / 670 	 Time Taken: 53 sec
[Rank 0] (epoch: 665, iters: 136, time: 0.141, data: 0.002) , D_A: 0.061, G_A: 0.809, cycle_A: 0.065, idt_A: 0.093, D_B: 0.017, G_B: 0.894, cycle_B: 0.251, idt_B: 0.045

[Rank 0] (epoch: 665, iters: 336, time: 0.030, data: 0.002) , D_A: 0.052, G_A: 0.750, cycle_A: 0.078, idt_A: 0.094, D_B: 0.009, G_B: 0.862, cycle_B: 0.257, idt_B: 0.054

[Rank 0] (epoch: 665, iters: 536, time: 0.029, data: 0.003) , D_A: 0.060, G_A: 0.763, cycle_A: 0.092, idt_A: 0.094, D_B: 0.009, G_B: 0.918, cycle_B: 0.258, idt_B: 0.060

[Rank 0] (epoch: 665, iters: 736, time: 0.029, data: 0.003) , D_A: 0.070, G_A: 0.835, cycle_A: 0.078, idt_A: 0.099, D_B: 0.009, G_B: 0.907, cycle_B: 0.270, idt_B: 0.056

[Rank 0] (epoch: 665, iters: 936, time: 0.129, data: 0.002) , D_A: 0.078, G_A: 0.667, cycle_A: 0.081, idt_A: 0.093, D_B: 0.007, G_B: 0.884, cycle_B: 0.258, idt_B: 0.057

[Rank 0] (epoch: 665, iters: 1136, time: 0.030, data: 0.002) , D_A: 0.076, G_A: 0.633, cycle_A: 0.080, idt_A: 0.097, D_B: 0.024, G_B: 0.845, cycle_B: 0.270, idt_B: 0.053

[Rank 0] (epoch: 665, iters: 1336, time: 0.029, data: 0.003) , D_A: 0.055, G_A: 0.739, cycle_A: 0.083, idt_A: 0.094, D_B: 0.014, G_B: 0.886, cycle_B: 0.254, idt_B: 0.058

[Rank 0] (epoch: 665, iters: 1536, time: 0.030, data: 0.003) , D_A: 0.067, G_A: 0.738, cycle_A: 0.056, idt_A: 0.105, D_B: 0.007, G_B: 0.951, cycle_B: 0.294, idt_B: 0.039

[Rank 0] (epoch: 665, iters: 1736, time: 0.029, data: 0.003) , D_A: 0.074, G_A: 0.618, cycle_A: 0.076, idt_A: 0.082, D_B: 0.009, G_B: 0.892, cycle_B: 0.216, idt_B: 0.051

learning rate 0.0000029 -> 0.0000024
saving the model at the end of epoch 665, iters 508992
End of epoch 665 / 670 	 Time Taken: 53 sec
[Rank 0] (epoch: 666, iters: 8, time: 0.114, data: 0.003) , D_A: 0.063, G_A: 0.738, cycle_A: 0.057, idt_A: 0.091, D_B: 0.020, G_B: 0.911, cycle_B: 0.241, idt_B: 0.038

[Rank 0] (epoch: 666, iters: 208, time: 0.029, data: 0.002) , D_A: 0.090, G_A: 0.664, cycle_A: 0.067, idt_A: 0.091, D_B: 0.007, G_B: 0.956, cycle_B: 0.257, idt_B: 0.042

[Rank 0] (epoch: 666, iters: 408, time: 0.030, data: 0.002) , D_A: 0.091, G_A: 0.649, cycle_A: 0.078, idt_A: 0.097, D_B: 0.015, G_B: 0.851, cycle_B: 0.259, idt_B: 0.055

[Rank 0] (epoch: 666, iters: 608, time: 0.029, data: 0.004) , D_A: 0.077, G_A: 0.731, cycle_A: 0.075, idt_A: 0.095, D_B: 0.012, G_B: 0.878, cycle_B: 0.260, idt_B: 0.053

[Rank 0] (epoch: 666, iters: 808, time: 0.029, data: 0.003) , D_A: 0.060, G_A: 0.802, cycle_A: 0.063, idt_A: 0.096, D_B: 0.007, G_B: 0.955, cycle_B: 0.268, idt_B: 0.044

[Rank 0] (epoch: 666, iters: 1008, time: 0.128, data: 0.003) , D_A: 0.074, G_A: 1.072, cycle_A: 0.066, idt_A: 0.096, D_B: 0.020, G_B: 0.987, cycle_B: 0.271, idt_B: 0.044

saving the latest model (epoch 666, total_iters 510000)
[Rank 0] (epoch: 666, iters: 1208, time: 0.030, data: 0.002) , D_A: 0.067, G_A: 0.623, cycle_A: 0.098, idt_A: 0.100, D_B: 0.008, G_B: 0.989, cycle_B: 0.294, idt_B: 0.067

[Rank 0] (epoch: 666, iters: 1408, time: 0.029, data: 0.003) , D_A: 0.045, G_A: 0.923, cycle_A: 0.075, idt_A: 0.101, D_B: 0.008, G_B: 0.953, cycle_B: 0.270, idt_B: 0.049

[Rank 0] (epoch: 666, iters: 1608, time: 0.029, data: 0.003) , D_A: 0.075, G_A: 0.686, cycle_A: 0.087, idt_A: 0.104, D_B: 0.010, G_B: 0.930, cycle_B: 0.303, idt_B: 0.063

[Rank 0] (epoch: 666, iters: 1808, time: 0.030, data: 0.003) , D_A: 0.072, G_A: 0.728, cycle_A: 0.089, idt_A: 0.094, D_B: 0.021, G_B: 0.935, cycle_B: 0.258, idt_B: 0.061

learning rate 0.0000024 -> 0.0000019
saving the model at the end of epoch 666, iters 510920
End of epoch 666 / 670 	 Time Taken: 52 sec
[Rank 0] (epoch: 667, iters: 80, time: 0.150, data: 0.002) , D_A: 0.082, G_A: 0.716, cycle_A: 0.071, idt_A: 0.088, D_B: 0.007, G_B: 0.904, cycle_B: 0.248, idt_B: 0.048

[Rank 0] (epoch: 667, iters: 280, time: 0.030, data: 0.002) , D_A: 0.075, G_A: 0.643, cycle_A: 0.079, idt_A: 0.098, D_B: 0.011, G_B: 0.940, cycle_B: 0.286, idt_B: 0.055

[Rank 0] (epoch: 667, iters: 480, time: 0.029, data: 0.002) , D_A: 0.068, G_A: 0.670, cycle_A: 0.080, idt_A: 0.096, D_B: 0.008, G_B: 0.968, cycle_B: 0.271, idt_B: 0.054

[Rank 0] (epoch: 667, iters: 680, time: 0.029, data: 0.003) , D_A: 0.114, G_A: 0.619, cycle_A: 0.060, idt_A: 0.101, D_B: 0.009, G_B: 0.944, cycle_B: 0.278, idt_B: 0.040

[Rank 0] (epoch: 667, iters: 880, time: 0.027, data: 0.004) , D_A: 0.057, G_A: 0.780, cycle_A: 0.076, idt_A: 0.097, D_B: 0.011, G_B: 0.907, cycle_B: 0.279, idt_B: 0.051

[Rank 0] (epoch: 667, iters: 1080, time: 0.120, data: 0.002) , D_A: 0.055, G_A: 0.936, cycle_A: 0.100, idt_A: 0.089, D_B: 0.006, G_B: 0.936, cycle_B: 0.246, idt_B: 0.066

[Rank 0] (epoch: 667, iters: 1280, time: 0.029, data: 0.001) , D_A: 0.067, G_A: 0.622, cycle_A: 0.063, idt_A: 0.092, D_B: 0.012, G_B: 0.899, cycle_B: 0.245, idt_B: 0.043

[Rank 0] (epoch: 667, iters: 1480, time: 0.029, data: 0.003) , D_A: 0.051, G_A: 0.750, cycle_A: 0.068, idt_A: 0.093, D_B: 0.017, G_B: 0.833, cycle_B: 0.256, idt_B: 0.048

[Rank 0] (epoch: 667, iters: 1680, time: 0.029, data: 0.003) , D_A: 0.068, G_A: 0.857, cycle_A: 0.062, idt_A: 0.098, D_B: 0.009, G_B: 0.893, cycle_B: 0.278, idt_B: 0.042

[Rank 0] (epoch: 667, iters: 1880, time: 0.029, data: 0.003) , D_A: 0.078, G_A: 0.652, cycle_A: 0.090, idt_A: 0.105, D_B: 0.011, G_B: 0.922, cycle_B: 0.304, idt_B: 0.063

learning rate 0.0000019 -> 0.0000014
saving the model at the end of epoch 667, iters 512848
End of epoch 667 / 670 	 Time Taken: 53 sec
[Rank 0] (epoch: 668, iters: 152, time: 0.135, data: 0.002) , D_A: 0.079, G_A: 0.714, cycle_A: 0.052, idt_A: 0.107, D_B: 0.013, G_B: 0.837, cycle_B: 0.316, idt_B: 0.035

[Rank 0] (epoch: 668, iters: 352, time: 0.030, data: 0.002) , D_A: 0.063, G_A: 0.717, cycle_A: 0.073, idt_A: 0.093, D_B: 0.013, G_B: 0.884, cycle_B: 0.251, idt_B: 0.048

[Rank 0] (epoch: 668, iters: 552, time: 0.027, data: 0.003) , D_A: 0.044, G_A: 0.918, cycle_A: 0.081, idt_A: 0.098, D_B: 0.008, G_B: 0.898, cycle_B: 0.282, idt_B: 0.048

[Rank 0] (epoch: 668, iters: 752, time: 0.029, data: 0.005) , D_A: 0.062, G_A: 0.688, cycle_A: 0.089, idt_A: 0.085, D_B: 0.012, G_B: 0.849, cycle_B: 0.248, idt_B: 0.065

[Rank 0] (epoch: 668, iters: 952, time: 0.030, data: 0.003) , D_A: 0.065, G_A: 0.697, cycle_A: 0.115, idt_A: 0.089, D_B: 0.006, G_B: 0.913, cycle_B: 0.260, idt_B: 0.080

[Rank 0] (epoch: 668, iters: 1152, time: 0.125, data: 0.002) , D_A: 0.068, G_A: 0.739, cycle_A: 0.077, idt_A: 0.102, D_B: 0.010, G_B: 0.878, cycle_B: 0.297, idt_B: 0.048

[Rank 0] (epoch: 668, iters: 1352, time: 0.030, data: 0.002) , D_A: 0.051, G_A: 0.791, cycle_A: 0.096, idt_A: 0.104, D_B: 0.006, G_B: 0.945, cycle_B: 0.285, idt_B: 0.064

[Rank 0] (epoch: 668, iters: 1552, time: 0.029, data: 0.005) , D_A: 0.080, G_A: 0.745, cycle_A: 0.086, idt_A: 0.100, D_B: 0.008, G_B: 0.886, cycle_B: 0.288, idt_B: 0.061

[Rank 0] (epoch: 668, iters: 1752, time: 0.030, data: 0.001) , D_A: 0.065, G_A: 0.681, cycle_A: 0.068, idt_A: 0.093, D_B: 0.007, G_B: 0.918, cycle_B: 0.272, idt_B: 0.048

learning rate 0.0000014 -> 0.0000010
saving the model at the end of epoch 668, iters 514776
End of epoch 668 / 670 	 Time Taken: 52 sec
[Rank 0] (epoch: 669, iters: 24, time: 0.116, data: 0.001) , D_A: 0.078, G_A: 0.711, cycle_A: 0.077, idt_A: 0.099, D_B: 0.009, G_B: 0.927, cycle_B: 0.289, idt_B: 0.053

[Rank 0] (epoch: 669, iters: 224, time: 0.115, data: 0.002) , D_A: 0.063, G_A: 0.617, cycle_A: 0.090, idt_A: 0.083, D_B: 0.007, G_B: 0.891, cycle_B: 0.222, idt_B: 0.064

saving the latest model (epoch 669, total_iters 515000)
[Rank 0] (epoch: 669, iters: 424, time: 0.030, data: 0.002) , D_A: 0.079, G_A: 0.848, cycle_A: 0.080, idt_A: 0.088, D_B: 0.011, G_B: 0.948, cycle_B: 0.240, idt_B: 0.054

[Rank 0] (epoch: 669, iters: 624, time: 0.029, data: 0.003) , D_A: 0.074, G_A: 0.704, cycle_A: 0.089, idt_A: 0.087, D_B: 0.006, G_B: 0.937, cycle_B: 0.250, idt_B: 0.063

[Rank 0] (epoch: 669, iters: 824, time: 0.030, data: 0.004) , D_A: 0.068, G_A: 0.751, cycle_A: 0.078, idt_A: 0.108, D_B: 0.004, G_B: 0.958, cycle_B: 0.317, idt_B: 0.053

[Rank 0] (epoch: 669, iters: 1024, time: 0.030, data: 0.003) , D_A: 0.094, G_A: 0.673, cycle_A: 0.064, idt_A: 0.093, D_B: 0.024, G_B: 0.859, cycle_B: 0.262, idt_B: 0.042

[Rank 0] (epoch: 669, iters: 1224, time: 0.117, data: 0.003) , D_A: 0.053, G_A: 0.823, cycle_A: 0.065, idt_A: 0.102, D_B: 0.009, G_B: 0.917, cycle_B: 0.265, idt_B: 0.043

[Rank 0] (epoch: 669, iters: 1424, time: 0.029, data: 0.003) , D_A: 0.060, G_A: 0.755, cycle_A: 0.073, idt_A: 0.086, D_B: 0.008, G_B: 0.892, cycle_B: 0.231, idt_B: 0.050

[Rank 0] (epoch: 669, iters: 1624, time: 0.029, data: 0.003) , D_A: 0.062, G_A: 0.678, cycle_A: 0.090, idt_A: 0.099, D_B: 0.017, G_B: 0.945, cycle_B: 0.253, idt_B: 0.057

[Rank 0] (epoch: 669, iters: 1824, time: 0.030, data: 0.003) , D_A: 0.070, G_A: 0.590, cycle_A: 0.056, idt_A: 0.096, D_B: 0.038, G_B: 0.937, cycle_B: 0.267, idt_B: 0.039

learning rate 0.0000010 -> 0.0000005
saving the model at the end of epoch 669, iters 516704
End of epoch 669 / 670 	 Time Taken: 53 sec
[Rank 0] (epoch: 670, iters: 96, time: 0.111, data: 0.003) , D_A: 0.066, G_A: 0.733, cycle_A: 0.075, idt_A: 0.099, D_B: 0.005, G_B: 0.956, cycle_B: 0.286, idt_B: 0.053

[Rank 0] (epoch: 670, iters: 296, time: 0.111, data: 0.002) , D_A: 0.056, G_A: 0.727, cycle_A: 0.067, idt_A: 0.106, D_B: 0.007, G_B: 0.998, cycle_B: 0.291, idt_B: 0.045

[Rank 0] (epoch: 670, iters: 496, time: 0.029, data: 0.003) , D_A: 0.067, G_A: 0.710, cycle_A: 0.068, idt_A: 0.097, D_B: 0.005, G_B: 0.956, cycle_B: 0.260, idt_B: 0.043

[Rank 0] (epoch: 670, iters: 696, time: 0.030, data: 0.002) , D_A: 0.075, G_A: 0.672, cycle_A: 0.084, idt_A: 0.094, D_B: 0.007, G_B: 0.973, cycle_B: 0.269, idt_B: 0.055

[Rank 0] (epoch: 670, iters: 896, time: 0.029, data: 0.003) , D_A: 0.080, G_A: 0.622, cycle_A: 0.083, idt_A: 0.087, D_B: 0.012, G_B: 0.931, cycle_B: 0.239, idt_B: 0.056

[Rank 0] (epoch: 670, iters: 1096, time: 0.030, data: 0.003) , D_A: 0.078, G_A: 0.759, cycle_A: 0.081, idt_A: 0.088, D_B: 0.005, G_B: 0.933, cycle_B: 0.247, idt_B: 0.052

[Rank 0] (epoch: 670, iters: 1296, time: 0.117, data: 0.003) , D_A: 0.098, G_A: 0.630, cycle_A: 0.073, idt_A: 0.100, D_B: 0.008, G_B: 1.036, cycle_B: 0.285, idt_B: 0.051

[Rank 0] (epoch: 670, iters: 1496, time: 0.030, data: 0.002) , D_A: 0.077, G_A: 0.742, cycle_A: 0.096, idt_A: 0.102, D_B: 0.006, G_B: 0.992, cycle_B: 0.278, idt_B: 0.062

[Rank 0] (epoch: 670, iters: 1696, time: 0.029, data: 0.004) , D_A: 0.067, G_A: 0.736, cycle_A: 0.099, idt_A: 0.091, D_B: 0.011, G_B: 0.914, cycle_B: 0.247, idt_B: 0.064

[Rank 0] (epoch: 670, iters: 1896, time: 0.030, data: 0.002) , D_A: 0.069, G_A: 0.772, cycle_A: 0.054, idt_A: 0.082, D_B: 0.011, G_B: 0.916, cycle_B: 0.217, idt_B: 0.038

learning rate 0.0000005 -> 0.0000000
saving the model at the end of epoch 670, iters 518632
End of epoch 670 / 670 	 Time Taken: 53 sec
