========================================
SLURM Job Started: 2651
========================================
CPUs per task: 6
Total CPUs available: 6
GPU 0: NVIDIA H100 80GB HBM3 (UUID: GPU-0a8fe54c-fd8e-28b6-802f-30d8c3bef8ea)
========================================
Starte CycleGAN Training via Pyxis...
Installiere Dependencies...
Defaulting to user installation because normal site-packages is not writeable
Requirement already satisfied: dominate in /workspace/home/.local/lib/python3.10/site-packages (2.9.1)
Requirement already satisfied: visdom in /workspace/home/.local/lib/python3.10/site-packages (0.2.4)
Requirement already satisfied: wandb in /workspace/home/.local/lib/python3.10/site-packages (0.25.0)
Requirement already satisfied: numpy>=1.8 in /opt/conda/lib/python3.10/site-packages (from visdom) (1.26.3)
Requirement already satisfied: scipy in /workspace/home/.local/lib/python3.10/site-packages (from visdom) (1.15.3)
Requirement already satisfied: requests in /opt/conda/lib/python3.10/site-packages (from visdom) (2.31.0)
Requirement already satisfied: tornado in /workspace/home/.local/lib/python3.10/site-packages (from visdom) (6.5.4)
Requirement already satisfied: six in /opt/conda/lib/python3.10/site-packages (from visdom) (1.16.0)
Requirement already satisfied: jsonpatch in /opt/conda/lib/python3.10/site-packages (from visdom) (1.32)
Requirement already satisfied: websocket-client in /workspace/home/.local/lib/python3.10/site-packages (from visdom) (1.9.0)
Requirement already satisfied: networkx in /opt/conda/lib/python3.10/site-packages (from visdom) (3.1)
Requirement already satisfied: pillow in /opt/conda/lib/python3.10/site-packages (from visdom) (10.2.0)
Requirement already satisfied: click>=8.0.1 in /opt/conda/lib/python3.10/site-packages (from wandb) (8.1.7)
Requirement already satisfied: gitpython!=3.1.29,>=1.0.0 in /workspace/home/.local/lib/python3.10/site-packages (from wandb) (3.1.46)
Requirement already satisfied: packaging in /opt/conda/lib/python3.10/site-packages (from wandb) (23.1)
Requirement already satisfied: platformdirs in /opt/conda/lib/python3.10/site-packages (from wandb) (3.10.0)
Requirement already satisfied: protobuf!=4.21.0,!=5.28.0,<7,>=3.19.0 in /workspace/home/.local/lib/python3.10/site-packages (from wandb) (6.33.5)
Requirement already satisfied: pydantic<3 in /workspace/home/.local/lib/python3.10/site-packages (from wandb) (2.12.5)
Requirement already satisfied: pyyaml in /opt/conda/lib/python3.10/site-packages (from wandb) (6.0.1)
Requirement already satisfied: sentry-sdk>=2.0.0 in /workspace/home/.local/lib/python3.10/site-packages (from wandb) (2.53.0)
Requirement already satisfied: typing-extensions<5,>=4.8 in /workspace/home/.local/lib/python3.10/site-packages (from wandb) (4.15.0)
Requirement already satisfied: gitdb<5,>=4.0.1 in /workspace/home/.local/lib/python3.10/site-packages (from gitpython!=3.1.29,>=1.0.0->wandb) (4.0.12)
Requirement already satisfied: annotated-types>=0.6.0 in /workspace/home/.local/lib/python3.10/site-packages (from pydantic<3->wandb) (0.7.0)
Requirement already satisfied: pydantic-core==2.41.5 in /workspace/home/.local/lib/python3.10/site-packages (from pydantic<3->wandb) (2.41.5)
Requirement already satisfied: typing-inspection>=0.4.2 in /workspace/home/.local/lib/python3.10/site-packages (from pydantic<3->wandb) (0.4.2)
Requirement already satisfied: charset-normalizer<4,>=2 in /opt/conda/lib/python3.10/site-packages (from requests->visdom) (2.0.4)
Requirement already satisfied: idna<4,>=2.5 in /opt/conda/lib/python3.10/site-packages (from requests->visdom) (3.4)
Requirement already satisfied: urllib3<3,>=1.21.1 in /opt/conda/lib/python3.10/site-packages (from requests->visdom) (2.1.0)
Requirement already satisfied: certifi>=2017.4.17 in /opt/conda/lib/python3.10/site-packages (from requests->visdom) (2024.2.2)
Requirement already satisfied: jsonpointer>=1.9 in /opt/conda/lib/python3.10/site-packages (from jsonpatch->visdom) (2.1)
Requirement already satisfied: smmap<6,>=3.0.1 in /workspace/home/.local/lib/python3.10/site-packages (from gitdb<5,>=4.0.1->gitpython!=3.1.29,>=1.0.0->wandb) (5.0.2)
Starte neues Training (100 Epochen, kein Decay)...
----------------- Options ---------------
               batch_size: 8                             	[default: 1]
                    beta1: 0.5                           
          checkpoints_dir: ./checkpoints                 
           continue_train: False                         
                crop_size: 256                           
                 dataroot: ./datasets/sim2real           	[default: None]
             dataset_mode: unaligned                     
                direction: AtoB                          
             display_freq: 100                           	[default: 400]
          display_winsize: 256                           
                    epoch: latest                        
              epoch_count: 1                             
                 gan_mode: lsgan                         
                init_gain: 0.02                          
                init_type: normal                        
                 input_nc: 3                             
                  isTrain: True                          	[default: None]
                 lambda_A: 10.0                          
                 lambda_B: 10.0                          
          lambda_identity: 2.0                           	[default: 0.5]
                load_iter: 0                             	[default: 0]
                load_size: 286                           
                       lr: 0.00015                       	[default: 0.0002]
           lr_decay_iters: 50                            
                lr_policy: linear                        
         max_dataset_size: inf                           
                    model: cycle_gan                     
                 n_epochs: 100                           
           n_epochs_decay: 0                             	[default: 100]
               n_layers_D: 3                             
                     name: sim2real_test100              	[default: experiment_name]
                      ndf: 64                            
                     netD: basic                         
                     netG: resnet_9blocks                
                      ngf: 64                            
               no_dropout: True                          
                  no_flip: True                          	[default: False]
                  no_html: False                         
                     norm: instance                      
              num_threads: 4                             
                output_nc: 3                             
                    phase: train                         
                pool_size: 50                            
               preprocess: resize_and_crop               
               print_freq: 50                            	[default: 100]
             save_by_iter: False                         
          save_epoch_freq: 10                            	[default: 5]
         save_latest_freq: 5000                          
           serial_batches: False                         
                   suffix:                               
         update_html_freq: 1000                          
                use_wandb: False                         
                  verbose: False                         
       wandb_project_name: CycleGAN-and-pix2pix          
----------------- End -------------------
Initialized with device cuda:0
dataset [UnalignedDataset] was created
The number of training images = 1926
model [CycleGANModel] was created
Initialized with device cuda:0
initialize network with normal
Initialized with device cuda:0
initialize network with normal
Initialized with device cuda:0
initialize network with normal
Initialized with device cuda:0
initialize network with normal
---------- Networks initialized -------------
[Network G_A] Total number of parameters : 11.378 M
[Network G_B] Total number of parameters : 11.378 M
[Network D_A] Total number of parameters : 2.765 M
[Network D_B] Total number of parameters : 2.765 M
-----------------------------------------------
create web directory checkpoints/sim2real_test100/web...
[Rank 0] (epoch: 1, iters: 200, time: 0.063, data: 0.916) , D_A: 0.595, G_A: 0.925, cycle_A: 0.875, idt_A: 2.051, D_B: 0.281, G_B: 0.613, cycle_B: 1.097, idt_B: 1.447

[Rank 0] (epoch: 1, iters: 400, time: 0.030, data: 0.003) , D_A: 0.374, G_A: 0.659, cycle_A: 0.790, idt_A: 1.844, D_B: 0.166, G_B: 0.640, cycle_B: 1.038, idt_B: 1.233

[Rank 0] (epoch: 1, iters: 600, time: 0.030, data: 0.007) , D_A: 0.570, G_A: 1.012, cycle_A: 0.746, idt_A: 1.616, D_B: 0.248, G_B: 0.659, cycle_B: 0.936, idt_B: 1.165

[Rank 0] (epoch: 1, iters: 800, time: 0.026, data: 0.110) , D_A: 0.162, G_A: 0.505, cycle_A: 0.513, idt_A: 1.396, D_B: 0.125, G_B: 0.732, cycle_B: 0.873, idt_B: 0.857

[Rank 0] (epoch: 1, iters: 1000, time: 0.043, data: 0.009) , D_A: 0.209, G_A: 0.478, cycle_A: 0.421, idt_A: 1.578, D_B: 0.183, G_B: 0.935, cycle_B: 0.856, idt_B: 0.717

[Rank 0] (epoch: 1, iters: 1200, time: 0.030, data: 0.002) , D_A: 0.148, G_A: 0.623, cycle_A: 0.575, idt_A: 1.512, D_B: 0.110, G_B: 0.780, cycle_B: 0.895, idt_B: 1.009

[Rank 0] (epoch: 1, iters: 1400, time: 0.030, data: 0.006) , D_A: 0.169, G_A: 0.418, cycle_A: 0.478, idt_A: 1.433, D_B: 0.206, G_B: 0.679, cycle_B: 0.876, idt_B: 0.800

[Rank 0] (epoch: 1, iters: 1600, time: 0.030, data: 0.002) , D_A: 0.180, G_A: 0.535, cycle_A: 0.380, idt_A: 1.317, D_B: 0.052, G_B: 1.000, cycle_B: 0.794, idt_B: 0.644

[Rank 0] (epoch: 1, iters: 1800, time: 0.030, data: 0.017) , D_A: 0.166, G_A: 0.459, cycle_A: 0.459, idt_A: 1.577, D_B: 0.044, G_B: 0.845, cycle_B: 0.934, idt_B: 0.726

learning rate 0.0001500 -> 0.0001500
End of epoch 1 / 100 	 Time Taken: 60 sec
[Rank 0] (epoch: 2, iters: 72, time: 0.039, data: 0.154) , D_A: 0.146, G_A: 0.993, cycle_A: 0.556, idt_A: 2.156, D_B: 0.130, G_B: 1.132, cycle_B: 1.210, idt_B: 0.948

[Rank 0] (epoch: 2, iters: 272, time: 0.030, data: 0.003) , D_A: 0.316, G_A: 0.447, cycle_A: 0.564, idt_A: 1.274, D_B: 0.112, G_B: 0.577, cycle_B: 0.841, idt_B: 1.017

[Rank 0] (epoch: 2, iters: 472, time: 0.030, data: 0.002) , D_A: 0.193, G_A: 0.513, cycle_A: 0.428, idt_A: 1.369, D_B: 0.159, G_B: 0.540, cycle_B: 0.879, idt_B: 0.664

[Rank 0] (epoch: 2, iters: 672, time: 0.030, data: 0.002) , D_A: 0.184, G_A: 0.405, cycle_A: 0.476, idt_A: 1.016, D_B: 0.176, G_B: 0.434, cycle_B: 0.727, idt_B: 0.838

[Rank 0] (epoch: 2, iters: 872, time: 0.026, data: 0.174) , D_A: 0.199, G_A: 0.396, cycle_A: 0.413, idt_A: 1.247, D_B: 0.245, G_B: 0.425, cycle_B: 0.790, idt_B: 0.691

[Rank 0] (epoch: 2, iters: 1072, time: 0.042, data: 0.003) , D_A: 0.253, G_A: 0.298, cycle_A: 0.290, idt_A: 1.130, D_B: 0.237, G_B: 0.615, cycle_B: 0.668, idt_B: 0.333

[Rank 0] (epoch: 2, iters: 1272, time: 0.030, data: 0.002) , D_A: 0.173, G_A: 0.427, cycle_A: 0.322, idt_A: 1.238, D_B: 0.187, G_B: 0.360, cycle_B: 0.708, idt_B: 0.568

[Rank 0] (epoch: 2, iters: 1472, time: 0.030, data: 0.003) , D_A: 0.204, G_A: 0.426, cycle_A: 0.283, idt_A: 1.208, D_B: 0.153, G_B: 0.422, cycle_B: 0.779, idt_B: 0.431

[Rank 0] (epoch: 2, iters: 1672, time: 0.026, data: 0.201) , D_A: 0.148, G_A: 0.742, cycle_A: 4.319, idt_A: 3.270, D_B: 0.110, G_B: 0.879, cycle_B: 2.705, idt_B: 6.626

[Rank 0] (epoch: 2, iters: 1872, time: 0.030, data: 0.002) , D_A: 0.175, G_A: 0.751, cycle_A: 0.490, idt_A: 1.609, D_B: 0.051, G_B: 1.002, cycle_B: 1.034, idt_B: 0.930

learning rate 0.0001500 -> 0.0001500
End of epoch 2 / 100 	 Time Taken: 62 sec
[Rank 0] (epoch: 3, iters: 144, time: 0.042, data: 0.002) , D_A: 0.111, G_A: 0.789, cycle_A: 0.298, idt_A: 1.071, D_B: 0.034, G_B: 0.930, cycle_B: 0.703, idt_B: 0.532

[Rank 0] (epoch: 3, iters: 344, time: 0.030, data: 0.002) , D_A: 0.073, G_A: 0.601, cycle_A: 0.374, idt_A: 1.287, D_B: 0.073, G_B: 0.972, cycle_B: 0.813, idt_B: 0.573

[Rank 0] (epoch: 3, iters: 544, time: 0.030, data: 0.002) , D_A: 0.043, G_A: 0.863, cycle_A: 0.381, idt_A: 1.312, D_B: 0.032, G_B: 1.002, cycle_B: 0.882, idt_B: 0.543

[Rank 0] (epoch: 3, iters: 744, time: 0.026, data: 0.176) , D_A: 0.067, G_A: 0.852, cycle_A: 0.280, idt_A: 1.572, D_B: 0.064, G_B: 1.011, cycle_B: 0.905, idt_B: 0.447

[Rank 0] (epoch: 3, iters: 944, time: 0.030, data: 0.002) , D_A: 0.129, G_A: 0.729, cycle_A: 0.305, idt_A: 1.937, D_B: 0.038, G_B: 0.755, cycle_B: 1.163, idt_B: 0.446

[Rank 0] (epoch: 3, iters: 1144, time: 0.047, data: 0.002) , D_A: 0.088, G_A: 0.832, cycle_A: 0.286, idt_A: 1.007, D_B: 0.041, G_B: 0.820, cycle_B: 0.686, idt_B: 0.450

saving the latest model (epoch 3, total_iters 5000)
[Rank 0] (epoch: 3, iters: 1344, time: 0.030, data: 0.002) , D_A: 0.094, G_A: 0.610, cycle_A: 0.271, idt_A: 1.851, D_B: 0.086, G_B: 0.592, cycle_B: 1.053, idt_B: 0.453

[Rank 0] (epoch: 3, iters: 1544, time: 0.026, data: 0.176) , D_A: 0.058, G_A: 1.026, cycle_A: 0.615, idt_A: 1.341, D_B: 0.155, G_B: 0.931, cycle_B: 0.845, idt_B: 0.969

[Rank 0] (epoch: 3, iters: 1744, time: 0.030, data: 0.003) , D_A: 0.098, G_A: 0.564, cycle_A: 0.324, idt_A: 0.969, D_B: 0.081, G_B: 0.724, cycle_B: 0.660, idt_B: 0.549

learning rate 0.0001500 -> 0.0001500
End of epoch 3 / 100 	 Time Taken: 60 sec
[Rank 0] (epoch: 4, iters: 16, time: 0.042, data: 0.003) , D_A: 0.115, G_A: 0.373, cycle_A: 0.341, idt_A: 1.198, D_B: 0.117, G_B: 0.563, cycle_B: 0.995, idt_B: 0.474

[Rank 0] (epoch: 4, iters: 216, time: 0.043, data: 0.002) , D_A: 0.155, G_A: 0.432, cycle_A: 0.345, idt_A: 1.036, D_B: 0.516, G_B: 1.104, cycle_B: 0.662, idt_B: 0.459

[Rank 0] (epoch: 4, iters: 416, time: 0.030, data: 0.003) , D_A: 0.194, G_A: 0.680, cycle_A: 0.317, idt_A: 1.126, D_B: 0.279, G_B: 0.553, cycle_B: 0.718, idt_B: 0.478

[Rank 0] (epoch: 4, iters: 616, time: 0.026, data: 0.148) , D_A: 0.172, G_A: 0.487, cycle_A: 0.273, idt_A: 1.210, D_B: 0.226, G_B: 0.451, cycle_B: 0.876, idt_B: 0.385

[Rank 0] (epoch: 4, iters: 816, time: 0.030, data: 0.002) , D_A: 0.129, G_A: 0.293, cycle_A: 0.376, idt_A: 0.999, D_B: 0.184, G_B: 0.628, cycle_B: 0.695, idt_B: 0.528

[Rank 0] (epoch: 4, iters: 1016, time: 0.030, data: 0.001) , D_A: 0.087, G_A: 0.737, cycle_A: 1.104, idt_A: 4.436, D_B: 0.180, G_B: 1.491, cycle_B: 2.520, idt_B: 0.506

[Rank 0] (epoch: 4, iters: 1216, time: 0.045, data: 0.003) , D_A: 0.068, G_A: 0.808, cycle_A: 0.236, idt_A: 1.295, D_B: 0.045, G_B: 0.943, cycle_B: 0.907, idt_B: 0.396

[Rank 0] (epoch: 4, iters: 1416, time: 0.026, data: 0.082) , D_A: 0.082, G_A: 0.597, cycle_A: 0.287, idt_A: 1.438, D_B: 0.440, G_B: 0.571, cycle_B: 1.025, idt_B: 0.498

[Rank 0] (epoch: 4, iters: 1616, time: 0.030, data: 0.002) , D_A: 0.107, G_A: 0.618, cycle_A: 0.296, idt_A: 1.027, D_B: 0.044, G_B: 0.648, cycle_B: 0.716, idt_B: 0.390

[Rank 0] (epoch: 4, iters: 1816, time: 0.030, data: 0.002) , D_A: 0.062, G_A: 0.813, cycle_A: 0.297, idt_A: 1.377, D_B: 0.046, G_B: 1.020, cycle_B: 0.850, idt_B: 0.440

learning rate 0.0001500 -> 0.0001500
End of epoch 4 / 100 	 Time Taken: 60 sec
[Rank 0] (epoch: 5, iters: 88, time: 0.042, data: 0.002) , D_A: 0.107, G_A: 0.645, cycle_A: 0.475, idt_A: 1.211, D_B: 0.086, G_B: 0.779, cycle_B: 0.828, idt_B: 0.653

[Rank 0] (epoch: 5, iters: 288, time: 0.041, data: 0.003) , D_A: 0.117, G_A: 0.402, cycle_A: 0.374, idt_A: 1.327, D_B: 0.152, G_B: 0.409, cycle_B: 0.889, idt_B: 0.401

[Rank 0] (epoch: 5, iters: 488, time: 0.029, data: 0.092) , D_A: 0.111, G_A: 0.466, cycle_A: 0.260, idt_A: 1.084, D_B: 0.111, G_B: 0.477, cycle_B: 0.760, idt_B: 0.414

[Rank 0] (epoch: 5, iters: 688, time: 0.026, data: 0.145) , D_A: 0.173, G_A: 0.348, cycle_A: 0.198, idt_A: 1.196, D_B: 0.160, G_B: 0.391, cycle_B: 0.775, idt_B: 0.292

[Rank 0] (epoch: 5, iters: 888, time: 0.030, data: 0.003) , D_A: 0.136, G_A: 0.384, cycle_A: 0.276, idt_A: 0.968, D_B: 0.192, G_B: 0.400, cycle_B: 0.758, idt_B: 0.345

[Rank 0] (epoch: 5, iters: 1088, time: 0.030, data: 0.003) , D_A: 0.072, G_A: 0.705, cycle_A: 0.296, idt_A: 1.350, D_B: 0.143, G_B: 1.148, cycle_B: 0.751, idt_B: 0.499

[Rank 0] (epoch: 5, iters: 1288, time: 0.047, data: 0.003) , D_A: 0.054, G_A: 0.738, cycle_A: 0.213, idt_A: 1.197, D_B: 0.045, G_B: 0.733, cycle_B: 0.831, idt_B: 0.319

[Rank 0] (epoch: 5, iters: 1488, time: 0.029, data: 0.022) , D_A: 0.239, G_A: 1.194, cycle_A: 0.312, idt_A: 1.320, D_B: 0.101, G_B: 0.648, cycle_B: 0.834, idt_B: 0.490

[Rank 0] (epoch: 5, iters: 1688, time: 0.030, data: 0.004) , D_A: 0.119, G_A: 0.547, cycle_A: 0.190, idt_A: 1.013, D_B: 0.107, G_B: 0.410, cycle_B: 0.705, idt_B: 0.277

[Rank 0] (epoch: 5, iters: 1888, time: 0.026, data: 0.157) , D_A: 0.117, G_A: 1.192, cycle_A: 0.262, idt_A: 1.116, D_B: 0.045, G_B: 0.933, cycle_B: 0.844, idt_B: 0.387

learning rate 0.0001500 -> 0.0001500
End of epoch 5 / 100 	 Time Taken: 59 sec
[Rank 0] (epoch: 6, iters: 160, time: 0.042, data: 0.002) , D_A: 0.034, G_A: 0.617, cycle_A: 0.233, idt_A: 1.065, D_B: 0.076, G_B: 0.750, cycle_B: 0.737, idt_B: 0.250

[Rank 0] (epoch: 6, iters: 360, time: 0.039, data: 0.085) , D_A: 0.036, G_A: 1.071, cycle_A: 0.221, idt_A: 0.921, D_B: 0.049, G_B: 0.680, cycle_B: 0.619, idt_B: 0.345

saving the latest model (epoch 6, total_iters 10000)
[Rank 0] (epoch: 6, iters: 560, time: 0.030, data: 0.002) , D_A: 0.390, G_A: 1.136, cycle_A: 0.424, idt_A: 1.044, D_B: 0.177, G_B: 0.327, cycle_B: 0.716, idt_B: 0.448

[Rank 0] (epoch: 6, iters: 760, time: 0.026, data: 0.005) , D_A: 0.175, G_A: 0.630, cycle_A: 0.387, idt_A: 1.049, D_B: 0.089, G_B: 0.527, cycle_B: 0.719, idt_B: 0.584

[Rank 0] (epoch: 6, iters: 960, time: 0.030, data: 0.002) , D_A: 0.093, G_A: 0.691, cycle_A: 0.262, idt_A: 1.136, D_B: 0.093, G_B: 0.634, cycle_B: 0.820, idt_B: 0.306

[Rank 0] (epoch: 6, iters: 1160, time: 0.026, data: 0.014) , D_A: 0.119, G_A: 0.556, cycle_A: 0.246, idt_A: 0.941, D_B: 0.262, G_B: 0.680, cycle_B: 0.675, idt_B: 0.338

[Rank 0] (epoch: 6, iters: 1360, time: 0.039, data: 0.003) , D_A: 0.066, G_A: 1.243, cycle_A: 0.824, idt_A: 2.451, D_B: 0.239, G_B: 1.561, cycle_B: 1.575, idt_B: 0.868

[Rank 0] (epoch: 6, iters: 1560, time: 0.030, data: 0.002) , D_A: 0.042, G_A: 0.686, cycle_A: 0.243, idt_A: 1.349, D_B: 0.048, G_B: 0.775, cycle_B: 0.903, idt_B: 0.361

[Rank 0] (epoch: 6, iters: 1760, time: 0.030, data: 0.003) , D_A: 0.099, G_A: 0.321, cycle_A: 0.243, idt_A: 0.813, D_B: 0.073, G_B: 0.801, cycle_B: 0.635, idt_B: 0.346

learning rate 0.0001500 -> 0.0001500
End of epoch 6 / 100 	 Time Taken: 60 sec
[Rank 0] (epoch: 7, iters: 32, time: 0.043, data: 0.205) , D_A: 0.099, G_A: 0.517, cycle_A: 0.339, idt_A: 0.981, D_B: 0.257, G_B: 0.617, cycle_B: 0.851, idt_B: 0.362

[Rank 0] (epoch: 7, iters: 232, time: 0.026, data: 0.006) , D_A: 0.162, G_A: 0.362, cycle_A: 0.256, idt_A: 0.823, D_B: 0.201, G_B: 0.183, cycle_B: 0.820, idt_B: 0.341

[Rank 0] (epoch: 7, iters: 432, time: 0.048, data: 0.002) , D_A: 0.203, G_A: 0.565, cycle_A: 0.244, idt_A: 0.923, D_B: 0.266, G_B: 0.485, cycle_B: 0.748, idt_B: 0.342

[Rank 0] (epoch: 7, iters: 632, time: 0.026, data: 0.003) , D_A: 0.233, G_A: 0.255, cycle_A: 0.207, idt_A: 1.085, D_B: 0.193, G_B: 0.516, cycle_B: 0.778, idt_B: 0.285

[Rank 0] (epoch: 7, iters: 832, time: 0.030, data: 0.001) , D_A: 0.143, G_A: 0.355, cycle_A: 0.307, idt_A: 0.820, D_B: 0.168, G_B: 0.469, cycle_B: 0.645, idt_B: 0.391

[Rank 0] (epoch: 7, iters: 1032, time: 0.026, data: 0.003) , D_A: 0.110, G_A: 0.450, cycle_A: 0.241, idt_A: 0.914, D_B: 0.257, G_B: 0.874, cycle_B: 0.923, idt_B: 0.325

[Rank 0] (epoch: 7, iters: 1232, time: 0.030, data: 0.001) , D_A: 0.198, G_A: 0.162, cycle_A: 0.252, idt_A: 0.866, D_B: 0.203, G_B: 0.566, cycle_B: 0.649, idt_B: 0.376

[Rank 0] (epoch: 7, iters: 1432, time: 0.043, data: 0.003) , D_A: 0.195, G_A: 1.225, cycle_A: 1.757, idt_A: 1.488, D_B: 0.192, G_B: 1.572, cycle_B: 1.694, idt_B: 1.380

[Rank 0] (epoch: 7, iters: 1632, time: 0.029, data: 0.004) , D_A: 0.044, G_A: 0.853, cycle_A: 0.246, idt_A: 1.009, D_B: 0.070, G_B: 0.765, cycle_B: 0.696, idt_B: 0.437

[Rank 0] (epoch: 7, iters: 1832, time: 0.026, data: 0.193) , D_A: 0.088, G_A: 1.013, cycle_A: 0.309, idt_A: 0.958, D_B: 0.052, G_B: 0.831, cycle_B: 0.736, idt_B: 0.454

learning rate 0.0001500 -> 0.0001500
End of epoch 7 / 100 	 Time Taken: 60 sec
[Rank 0] (epoch: 8, iters: 104, time: 0.040, data: 0.002) , D_A: 0.074, G_A: 0.958, cycle_A: 0.258, idt_A: 1.076, D_B: 0.024, G_B: 0.921, cycle_B: 0.804, idt_B: 0.397

[Rank 0] (epoch: 8, iters: 304, time: 0.026, data: 0.004) , D_A: 0.094, G_A: 0.661, cycle_A: 0.447, idt_A: 1.009, D_B: 0.045, G_B: 1.030, cycle_B: 0.876, idt_B: 0.751

[Rank 0] (epoch: 8, iters: 504, time: 0.047, data: 0.002) , D_A: 0.030, G_A: 1.049, cycle_A: 0.266, idt_A: 0.851, D_B: 0.019, G_B: 0.823, cycle_B: 0.678, idt_B: 0.446

[Rank 0] (epoch: 8, iters: 704, time: 0.030, data: 0.002) , D_A: 0.023, G_A: 1.031, cycle_A: 0.264, idt_A: 1.040, D_B: 0.015, G_B: 1.045, cycle_B: 0.702, idt_B: 0.428

[Rank 0] (epoch: 8, iters: 904, time: 0.030, data: 0.002) , D_A: 0.048, G_A: 0.675, cycle_A: 0.246, idt_A: 0.918, D_B: 0.012, G_B: 0.984, cycle_B: 0.704, idt_B: 0.351

[Rank 0] (epoch: 8, iters: 1104, time: 0.030, data: 0.002) , D_A: 0.107, G_A: 0.548, cycle_A: 0.278, idt_A: 0.775, D_B: 0.018, G_B: 0.740, cycle_B: 0.554, idt_B: 0.412

[Rank 0] (epoch: 8, iters: 1304, time: 0.030, data: 0.003) , D_A: 0.189, G_A: 0.576, cycle_A: 0.479, idt_A: 0.899, D_B: 0.033, G_B: 0.718, cycle_B: 0.754, idt_B: 0.523

[Rank 0] (epoch: 8, iters: 1504, time: 0.048, data: 0.003) , D_A: 0.055, G_A: 0.693, cycle_A: 2.642, idt_A: 1.013, D_B: 0.105, G_B: 1.466, cycle_B: 1.793, idt_B: 7.849

saving the latest model (epoch 8, total_iters 15000)
[Rank 0] (epoch: 8, iters: 1704, time: 0.026, data: 0.004) , D_A: 0.061, G_A: 0.593, cycle_A: 0.417, idt_A: 0.786, D_B: 0.028, G_B: 1.036, cycle_B: 0.618, idt_B: 0.510

[Rank 0] (epoch: 8, iters: 1904, time: 0.026, data: 0.016) , D_A: 0.070, G_A: 0.780, cycle_A: 0.288, idt_A: 1.094, D_B: 0.031, G_B: 0.695, cycle_B: 0.692, idt_B: 0.382

learning rate 0.0001500 -> 0.0001500
End of epoch 8 / 100 	 Time Taken: 56 sec
[Rank 0] (epoch: 9, iters: 176, time: 0.045, data: 0.001) , D_A: 0.185, G_A: 0.272, cycle_A: 0.240, idt_A: 0.894, D_B: 0.114, G_B: 0.343, cycle_B: 0.645, idt_B: 0.322

[Rank 0] (epoch: 9, iters: 376, time: 0.030, data: 0.002) , D_A: 0.052, G_A: 0.756, cycle_A: 0.188, idt_A: 0.904, D_B: 0.061, G_B: 0.686, cycle_B: 0.739, idt_B: 0.417

[Rank 0] (epoch: 9, iters: 576, time: 0.051, data: 0.002) , D_A: 0.180, G_A: 0.238, cycle_A: 0.228, idt_A: 1.024, D_B: 0.035, G_B: 0.733, cycle_B: 0.766, idt_B: 0.411

[Rank 0] (epoch: 9, iters: 776, time: 0.030, data: 0.005) , D_A: 0.204, G_A: 0.659, cycle_A: 0.232, idt_A: 0.968, D_B: 0.093, G_B: 0.506, cycle_B: 0.694, idt_B: 0.304

[Rank 0] (epoch: 9, iters: 976, time: 0.030, data: 0.002) , D_A: 0.343, G_A: 0.102, cycle_A: 0.261, idt_A: 0.867, D_B: 0.672, G_B: 0.940, cycle_B: 0.820, idt_B: 0.336

[Rank 0] (epoch: 9, iters: 1176, time: 0.030, data: 0.181) , D_A: 0.718, G_A: 0.926, cycle_A: 0.185, idt_A: 0.700, D_B: 0.168, G_B: 0.342, cycle_B: 0.654, idt_B: 0.276

[Rank 0] (epoch: 9, iters: 1376, time: 0.028, data: 0.004) , D_A: 0.118, G_A: 0.304, cycle_A: 0.268, idt_A: 0.778, D_B: 0.151, G_B: 0.295, cycle_B: 0.594, idt_B: 0.392

[Rank 0] (epoch: 9, iters: 1576, time: 0.051, data: 0.002) , D_A: 0.099, G_A: 0.495, cycle_A: 0.350, idt_A: 0.800, D_B: 0.212, G_B: 0.186, cycle_B: 0.620, idt_B: 0.453

[Rank 0] (epoch: 9, iters: 1776, time: 0.030, data: 0.003) , D_A: 0.222, G_A: 0.787, cycle_A: 0.285, idt_A: 1.037, D_B: 0.072, G_B: 0.733, cycle_B: 0.774, idt_B: 0.406

learning rate 0.0001500 -> 0.0001500
End of epoch 9 / 100 	 Time Taken: 58 sec
[Rank 0] (epoch: 10, iters: 48, time: 0.047, data: 0.002) , D_A: 0.099, G_A: 0.469, cycle_A: 0.244, idt_A: 0.752, D_B: 0.165, G_B: 0.349, cycle_B: 0.899, idt_B: 0.359

[Rank 0] (epoch: 10, iters: 248, time: 0.030, data: 0.003) , D_A: 0.386, G_A: 1.165, cycle_A: 0.211, idt_A: 0.886, D_B: 0.122, G_B: 0.314, cycle_B: 0.766, idt_B: 0.337

[Rank 0] (epoch: 10, iters: 448, time: 0.030, data: 0.002) , D_A: 0.183, G_A: 0.563, cycle_A: 0.202, idt_A: 0.754, D_B: 0.167, G_B: 0.504, cycle_B: 0.600, idt_B: 0.269

[Rank 0] (epoch: 10, iters: 648, time: 0.042, data: 0.161) , D_A: 0.093, G_A: 0.592, cycle_A: 0.298, idt_A: 0.891, D_B: 0.182, G_B: 0.378, cycle_B: 0.690, idt_B: 0.444

[Rank 0] (epoch: 10, iters: 848, time: 0.030, data: 0.003) , D_A: 0.502, G_A: 0.969, cycle_A: 0.155, idt_A: 0.762, D_B: 0.161, G_B: 0.424, cycle_B: 0.637, idt_B: 0.217

[Rank 0] (epoch: 10, iters: 1048, time: 0.029, data: 0.004) , D_A: 0.105, G_A: 0.688, cycle_A: 0.196, idt_A: 0.793, D_B: 0.219, G_B: 0.463, cycle_B: 0.735, idt_B: 0.256

[Rank 0] (epoch: 10, iters: 1248, time: 0.026, data: 0.149) , D_A: 0.099, G_A: 0.759, cycle_A: 0.209, idt_A: 0.704, D_B: 0.162, G_B: 0.351, cycle_B: 0.604, idt_B: 0.289

[Rank 0] (epoch: 10, iters: 1448, time: 0.030, data: 0.002) , D_A: 0.135, G_A: 0.929, cycle_A: 0.257, idt_A: 0.811, D_B: 0.239, G_B: 0.200, cycle_B: 0.706, idt_B: 0.353

[Rank 0] (epoch: 10, iters: 1648, time: 0.052, data: 0.003) , D_A: 0.131, G_A: 0.395, cycle_A: 0.179, idt_A: 0.813, D_B: 0.178, G_B: 0.375, cycle_B: 0.586, idt_B: 0.262

[Rank 0] (epoch: 10, iters: 1848, time: 0.029, data: 0.006) , D_A: 0.177, G_A: 0.604, cycle_A: 0.235, idt_A: 0.747, D_B: 0.205, G_B: 0.374, cycle_B: 0.559, idt_B: 0.298

learning rate 0.0001500 -> 0.0001500
saving the model at the end of epoch 10, iters 19280
End of epoch 10 / 100 	 Time Taken: 58 sec
[Rank 0] (epoch: 11, iters: 120, time: 0.045, data: 0.066) , D_A: 0.275, G_A: 0.347, cycle_A: 0.179, idt_A: 0.656, D_B: 0.182, G_B: 0.329, cycle_B: 0.610, idt_B: 0.258

[Rank 0] (epoch: 11, iters: 320, time: 0.030, data: 0.002) , D_A: 0.103, G_A: 0.542, cycle_A: 0.192, idt_A: 0.776, D_B: 0.157, G_B: 0.368, cycle_B: 0.782, idt_B: 0.259

[Rank 0] (epoch: 11, iters: 520, time: 0.030, data: 0.003) , D_A: 0.097, G_A: 0.385, cycle_A: 0.201, idt_A: 0.754, D_B: 0.160, G_B: 0.304, cycle_B: 0.796, idt_B: 0.231

[Rank 0] (epoch: 11, iters: 720, time: 0.050, data: 0.003) , D_A: 0.099, G_A: 0.479, cycle_A: 0.227, idt_A: 0.746, D_B: 0.205, G_B: 0.338, cycle_B: 0.682, idt_B: 0.292

saving the latest model (epoch 11, total_iters 20000)
[Rank 0] (epoch: 11, iters: 920, time: 0.030, data: 0.003) , D_A: 0.234, G_A: 0.857, cycle_A: 0.179, idt_A: 0.702, D_B: 0.178, G_B: 0.332, cycle_B: 0.567, idt_B: 0.226

[Rank 0] (epoch: 11, iters: 1120, time: 0.026, data: 0.134) , D_A: 0.110, G_A: 0.573, cycle_A: 0.242, idt_A: 0.738, D_B: 0.281, G_B: 0.205, cycle_B: 0.563, idt_B: 0.322

[Rank 0] (epoch: 11, iters: 1320, time: 0.026, data: 0.025) , D_A: 0.098, G_A: 0.527, cycle_A: 0.240, idt_A: 0.758, D_B: 0.251, G_B: 0.309, cycle_B: 0.562, idt_B: 0.333

[Rank 0] (epoch: 11, iters: 1520, time: 0.030, data: 0.003) , D_A: 0.098, G_A: 0.425, cycle_A: 0.247, idt_A: 0.895, D_B: 0.229, G_B: 0.272, cycle_B: 0.593, idt_B: 0.325

[Rank 0] (epoch: 11, iters: 1720, time: 0.053, data: 0.003) , D_A: 0.121, G_A: 1.456, cycle_A: 0.196, idt_A: 0.816, D_B: 0.203, G_B: 0.410, cycle_B: 0.549, idt_B: 0.297

[Rank 0] (epoch: 11, iters: 1920, time: 0.030, data: 0.004) , D_A: 0.141, G_A: 0.417, cycle_A: 0.193, idt_A: 0.684, D_B: 0.176, G_B: 0.251, cycle_B: 0.599, idt_B: 0.282

learning rate 0.0001500 -> 0.0001500
End of epoch 11 / 100 	 Time Taken: 57 sec
[Rank 0] (epoch: 12, iters: 192, time: 0.051, data: 0.003) , D_A: 0.111, G_A: 0.870, cycle_A: 2.907, idt_A: 1.138, D_B: 0.253, G_B: 0.183, cycle_B: 1.198, idt_B: 0.191

[Rank 0] (epoch: 12, iters: 392, time: 0.030, data: 0.002) , D_A: 0.073, G_A: 0.617, cycle_A: 0.401, idt_A: 0.864, D_B: 0.228, G_B: 0.356, cycle_B: 0.621, idt_B: 0.467

[Rank 0] (epoch: 12, iters: 592, time: 0.026, data: 0.171) , D_A: 0.096, G_A: 0.345, cycle_A: 0.175, idt_A: 0.666, D_B: 0.155, G_B: 0.287, cycle_B: 0.551, idt_B: 0.233

[Rank 0] (epoch: 12, iters: 792, time: 0.045, data: 0.003) , D_A: 0.093, G_A: 0.290, cycle_A: 0.196, idt_A: 0.653, D_B: 0.235, G_B: 0.176, cycle_B: 0.539, idt_B: 0.246

[Rank 0] (epoch: 12, iters: 992, time: 0.030, data: 0.002) , D_A: 0.050, G_A: 0.578, cycle_A: 0.193, idt_A: 0.936, D_B: 0.231, G_B: 0.126, cycle_B: 0.718, idt_B: 0.257

[Rank 0] (epoch: 12, iters: 1192, time: 0.026, data: 0.002) , D_A: 0.137, G_A: 0.909, cycle_A: 0.254, idt_A: 0.755, D_B: 0.226, G_B: 0.236, cycle_B: 0.587, idt_B: 0.346

[Rank 0] (epoch: 12, iters: 1392, time: 0.030, data: 0.003) , D_A: 0.096, G_A: 0.926, cycle_A: 0.143, idt_A: 0.917, D_B: 0.142, G_B: 0.404, cycle_B: 0.729, idt_B: 0.215

[Rank 0] (epoch: 12, iters: 1592, time: 0.026, data: 0.003) , D_A: 0.139, G_A: 0.311, cycle_A: 0.203, idt_A: 0.603, D_B: 0.246, G_B: 0.491, cycle_B: 0.517, idt_B: 0.269

[Rank 0] (epoch: 12, iters: 1792, time: 0.051, data: 0.002) , D_A: 0.121, G_A: 0.723, cycle_A: 0.201, idt_A: 0.713, D_B: 0.212, G_B: 0.639, cycle_B: 0.557, idt_B: 0.272

learning rate 0.0001500 -> 0.0001500
End of epoch 12 / 100 	 Time Taken: 58 sec
[Rank 0] (epoch: 13, iters: 64, time: 0.047, data: 0.003) , D_A: 0.228, G_A: 0.189, cycle_A: 0.242, idt_A: 0.693, D_B: 0.143, G_B: 0.609, cycle_B: 0.521, idt_B: 0.317

[Rank 0] (epoch: 13, iters: 264, time: 0.029, data: 0.033) , D_A: 0.106, G_A: 0.495, cycle_A: 0.187, idt_A: 0.707, D_B: 0.220, G_B: 0.182, cycle_B: 0.625, idt_B: 0.273

[Rank 0] (epoch: 13, iters: 464, time: 0.026, data: 0.005) , D_A: 0.078, G_A: 0.981, cycle_A: 0.190, idt_A: 0.684, D_B: 0.268, G_B: 1.280, cycle_B: 0.540, idt_B: 0.268

[Rank 0] (epoch: 13, iters: 664, time: 0.030, data: 0.006) , D_A: 0.208, G_A: 0.225, cycle_A: 0.232, idt_A: 0.731, D_B: 0.103, G_B: 0.606, cycle_B: 0.652, idt_B: 0.308

[Rank 0] (epoch: 13, iters: 864, time: 0.051, data: 0.003) , D_A: 0.074, G_A: 0.735, cycle_A: 0.156, idt_A: 0.614, D_B: 0.185, G_B: 0.488, cycle_B: 0.584, idt_B: 0.221

[Rank 0] (epoch: 13, iters: 1064, time: 0.030, data: 0.003) , D_A: 0.115, G_A: 0.519, cycle_A: 0.221, idt_A: 0.580, D_B: 0.190, G_B: 0.247, cycle_B: 0.498, idt_B: 0.224

[Rank 0] (epoch: 13, iters: 1264, time: 0.030, data: 0.004) , D_A: 0.215, G_A: 0.884, cycle_A: 0.217, idt_A: 0.829, D_B: 0.128, G_B: 0.881, cycle_B: 0.709, idt_B: 0.283

[Rank 0] (epoch: 13, iters: 1464, time: 0.026, data: 0.154) , D_A: 0.151, G_A: 0.313, cycle_A: 0.205, idt_A: 0.643, D_B: 0.124, G_B: 0.508, cycle_B: 0.577, idt_B: 0.274

[Rank 0] (epoch: 13, iters: 1664, time: 0.026, data: 0.054) , D_A: 0.086, G_A: 0.632, cycle_A: 0.222, idt_A: 0.710, D_B: 0.303, G_B: 1.455, cycle_B: 0.532, idt_B: 0.312

[Rank 0] (epoch: 13, iters: 1864, time: 0.047, data: 0.002) , D_A: 0.098, G_A: 0.672, cycle_A: 0.158, idt_A: 0.532, D_B: 0.203, G_B: 0.317, cycle_B: 0.486, idt_B: 0.220

saving the latest model (epoch 13, total_iters 25000)
learning rate 0.0001500 -> 0.0001500
End of epoch 13 / 100 	 Time Taken: 61 sec
[Rank 0] (epoch: 14, iters: 136, time: 0.044, data: 0.002) , D_A: 0.080, G_A: 0.446, cycle_A: 0.176, idt_A: 0.536, D_B: 0.222, G_B: 0.099, cycle_B: 0.490, idt_B: 0.254

[Rank 0] (epoch: 14, iters: 336, time: 0.030, data: 0.002) , D_A: 0.083, G_A: 0.470, cycle_A: 0.167, idt_A: 0.689, D_B: 0.213, G_B: 0.148, cycle_B: 0.507, idt_B: 0.236

[Rank 0] (epoch: 14, iters: 536, time: 0.030, data: 0.002) , D_A: 0.117, G_A: 0.348, cycle_A: 0.169, idt_A: 0.518, D_B: 0.240, G_B: 0.215, cycle_B: 0.407, idt_B: 0.216

[Rank 0] (epoch: 14, iters: 736, time: 0.030, data: 0.142) , D_A: 0.062, G_A: 0.539, cycle_A: 0.192, idt_A: 1.258, D_B: 0.163, G_B: 0.433, cycle_B: 0.995, idt_B: 0.183

[Rank 0] (epoch: 14, iters: 936, time: 0.044, data: 0.003) , D_A: 0.044, G_A: 1.446, cycle_A: 0.225, idt_A: 1.470, D_B: 0.059, G_B: 0.854, cycle_B: 1.120, idt_B: 0.279

[Rank 0] (epoch: 14, iters: 1136, time: 0.026, data: 0.041) , D_A: 0.054, G_A: 1.243, cycle_A: 0.236, idt_A: 1.670, D_B: 0.037, G_B: 0.889, cycle_B: 1.005, idt_B: 0.279

[Rank 0] (epoch: 14, iters: 1336, time: 0.030, data: 0.002) , D_A: 0.026, G_A: 1.052, cycle_A: 0.279, idt_A: 0.917, D_B: 0.042, G_B: 0.975, cycle_B: 0.790, idt_B: 0.466

[Rank 0] (epoch: 14, iters: 1536, time: 0.026, data: 0.252) , D_A: 0.043, G_A: 1.122, cycle_A: 0.827, idt_A: 2.064, D_B: 0.032, G_B: 0.922, cycle_B: 2.450, idt_B: 1.456

[Rank 0] (epoch: 14, iters: 1736, time: 0.030, data: 0.002) , D_A: 0.028, G_A: 0.816, cycle_A: 0.144, idt_A: 0.998, D_B: 0.027, G_B: 0.702, cycle_B: 0.778, idt_B: 0.203

learning rate 0.0001500 -> 0.0001500
End of epoch 14 / 100 	 Time Taken: 61 sec
[Rank 0] (epoch: 15, iters: 8, time: 0.041, data: 0.002) , D_A: 0.034, G_A: 1.036, cycle_A: 0.261, idt_A: 0.956, D_B: 0.039, G_B: 0.806, cycle_B: 0.755, idt_B: 0.349

[Rank 0] (epoch: 15, iters: 208, time: 0.030, data: 0.002) , D_A: 0.034, G_A: 0.654, cycle_A: 0.199, idt_A: 0.968, D_B: 0.039, G_B: 0.868, cycle_B: 0.765, idt_B: 0.271

[Rank 0] (epoch: 15, iters: 408, time: 0.030, data: 0.002) , D_A: 0.021, G_A: 0.858, cycle_A: 0.233, idt_A: 0.750, D_B: 0.056, G_B: 0.571, cycle_B: 0.725, idt_B: 0.262

[Rank 0] (epoch: 15, iters: 608, time: 0.030, data: 0.003) , D_A: 0.022, G_A: 0.973, cycle_A: 0.211, idt_A: 0.748, D_B: 0.087, G_B: 0.346, cycle_B: 0.705, idt_B: 0.245

[Rank 0] (epoch: 15, iters: 808, time: 0.029, data: 0.121) , D_A: 0.035, G_A: 1.002, cycle_A: 0.162, idt_A: 0.833, D_B: 0.129, G_B: 0.285, cycle_B: 0.818, idt_B: 0.188

[Rank 0] (epoch: 15, iters: 1008, time: 0.043, data: 0.003) , D_A: 0.065, G_A: 0.523, cycle_A: 0.182, idt_A: 0.661, D_B: 0.061, G_B: 0.640, cycle_B: 0.622, idt_B: 0.247

[Rank 0] (epoch: 15, iters: 1208, time: 0.026, data: 0.053) , D_A: 0.101, G_A: 0.480, cycle_A: 0.131, idt_A: 0.546, D_B: 0.153, G_B: 0.222, cycle_B: 0.521, idt_B: 0.177

[Rank 0] (epoch: 15, iters: 1408, time: 0.030, data: 0.003) , D_A: 0.061, G_A: 0.576, cycle_A: 0.147, idt_A: 0.731, D_B: 0.161, G_B: 0.432, cycle_B: 0.577, idt_B: 0.181

[Rank 0] (epoch: 15, iters: 1608, time: 0.030, data: 0.003) , D_A: 0.509, G_A: 0.970, cycle_A: 0.200, idt_A: 0.677, D_B: 0.177, G_B: 0.535, cycle_B: 0.593, idt_B: 0.268

[Rank 0] (epoch: 15, iters: 1808, time: 0.026, data: 0.154) , D_A: 0.141, G_A: 0.243, cycle_A: 0.208, idt_A: 0.879, D_B: 0.243, G_B: 0.575, cycle_B: 0.635, idt_B: 0.227

learning rate 0.0001500 -> 0.0001500
End of epoch 15 / 100 	 Time Taken: 60 sec
[Rank 0] (epoch: 16, iters: 80, time: 0.046, data: 0.003) , D_A: 0.208, G_A: 0.835, cycle_A: 0.130, idt_A: 0.762, D_B: 0.116, G_B: 0.565, cycle_B: 0.608, idt_B: 0.150

[Rank 0] (epoch: 16, iters: 280, time: 0.030, data: 0.002) , D_A: 0.093, G_A: 0.482, cycle_A: 0.181, idt_A: 0.693, D_B: 0.118, G_B: 0.639, cycle_B: 0.573, idt_B: 0.236

[Rank 0] (epoch: 16, iters: 480, time: 0.030, data: 0.002) , D_A: 0.068, G_A: 0.612, cycle_A: 0.175, idt_A: 0.686, D_B: 0.159, G_B: 0.405, cycle_B: 0.597, idt_B: 0.246

[Rank 0] (epoch: 16, iters: 680, time: 0.026, data: 0.160) , D_A: 0.068, G_A: 1.046, cycle_A: 0.221, idt_A: 0.683, D_B: 0.270, G_B: 0.588, cycle_B: 0.836, idt_B: 0.333

[Rank 0] (epoch: 16, iters: 880, time: 0.030, data: 0.002) , D_A: 0.058, G_A: 1.191, cycle_A: 3.899, idt_A: 1.505, D_B: 0.313, G_B: 0.845, cycle_B: 1.155, idt_B: 2.763

[Rank 0] (epoch: 16, iters: 1080, time: 0.051, data: 0.003) , D_A: 0.035, G_A: 0.700, cycle_A: 0.217, idt_A: 0.866, D_B: 0.100, G_B: 0.605, cycle_B: 0.696, idt_B: 0.361

saving the latest model (epoch 16, total_iters 30000)
[Rank 0] (epoch: 16, iters: 1280, time: 0.030, data: 0.003) , D_A: 0.049, G_A: 0.502, cycle_A: 0.350, idt_A: 0.650, D_B: 0.041, G_B: 0.701, cycle_B: 0.536, idt_B: 0.414

[Rank 0] (epoch: 16, iters: 1480, time: 0.026, data: 0.178) , D_A: 0.031, G_A: 0.601, cycle_A: 0.254, idt_A: 0.788, D_B: 0.030, G_B: 0.685, cycle_B: 0.568, idt_B: 0.363

[Rank 0] (epoch: 16, iters: 1680, time: 0.030, data: 0.002) , D_A: 0.038, G_A: 0.633, cycle_A: 0.157, idt_A: 0.627, D_B: 0.131, G_B: 0.386, cycle_B: 0.689, idt_B: 0.245

[Rank 0] (epoch: 16, iters: 1880, time: 0.030, data: 0.003) , D_A: 0.029, G_A: 0.910, cycle_A: 0.353, idt_A: 0.723, D_B: 0.077, G_B: 0.719, cycle_B: 0.688, idt_B: 0.530

learning rate 0.0001500 -> 0.0001500
End of epoch 16 / 100 	 Time Taken: 61 sec
[Rank 0] (epoch: 17, iters: 152, time: 0.048, data: 0.002) , D_A: 0.028, G_A: 0.789, cycle_A: 0.252, idt_A: 0.606, D_B: 0.105, G_B: 0.469, cycle_B: 0.557, idt_B: 0.436

[Rank 0] (epoch: 17, iters: 352, time: 0.030, data: 0.003) , D_A: 0.035, G_A: 1.226, cycle_A: 0.316, idt_A: 0.654, D_B: 0.049, G_B: 0.767, cycle_B: 0.574, idt_B: 0.414

[Rank 0] (epoch: 17, iters: 552, time: 0.026, data: 0.176) , D_A: 0.034, G_A: 0.865, cycle_A: 0.267, idt_A: 0.661, D_B: 0.069, G_B: 0.614, cycle_B: 0.665, idt_B: 0.306

[Rank 0] (epoch: 17, iters: 752, time: 0.030, data: 0.003) , D_A: 0.059, G_A: 0.587, cycle_A: 0.189, idt_A: 0.730, D_B: 0.141, G_B: 0.308, cycle_B: 0.777, idt_B: 0.198

[Rank 0] (epoch: 17, iters: 952, time: 0.026, data: 0.005) , D_A: 0.103, G_A: 0.378, cycle_A: 0.425, idt_A: 0.630, D_B: 0.083, G_B: 0.932, cycle_B: 0.564, idt_B: 0.338

[Rank 0] (epoch: 17, iters: 1152, time: 0.047, data: 0.002) , D_A: 0.112, G_A: 0.535, cycle_A: 0.445, idt_A: 0.577, D_B: 0.128, G_B: 0.478, cycle_B: 0.635, idt_B: 0.225

[Rank 0] (epoch: 17, iters: 1352, time: 0.030, data: 0.003) , D_A: 0.150, G_A: 0.763, cycle_A: 0.229, idt_A: 0.680, D_B: 0.153, G_B: 0.288, cycle_B: 0.576, idt_B: 0.290

[Rank 0] (epoch: 17, iters: 1552, time: 0.030, data: 0.002) , D_A: 0.151, G_A: 0.275, cycle_A: 0.190, idt_A: 0.627, D_B: 0.061, G_B: 0.494, cycle_B: 0.624, idt_B: 0.208

[Rank 0] (epoch: 17, iters: 1752, time: 0.029, data: 0.004) , D_A: 0.088, G_A: 0.513, cycle_A: 0.231, idt_A: 0.504, D_B: 0.095, G_B: 0.405, cycle_B: 0.418, idt_B: 0.240

learning rate 0.0001500 -> 0.0001500
End of epoch 17 / 100 	 Time Taken: 59 sec
[Rank 0] (epoch: 18, iters: 24, time: 0.066, data: 0.161) , D_A: 0.074, G_A: 0.865, cycle_A: 0.310, idt_A: 0.639, D_B: 0.195, G_B: 0.765, cycle_B: 0.532, idt_B: 0.265

[Rank 0] (epoch: 18, iters: 224, time: 0.044, data: 0.003) , D_A: 0.030, G_A: 0.850, cycle_A: 0.215, idt_A: 0.592, D_B: 0.060, G_B: 1.044, cycle_B: 0.568, idt_B: 0.361

[Rank 0] (epoch: 18, iters: 424, time: 0.026, data: 0.044) , D_A: 0.047, G_A: 0.918, cycle_A: 0.181, idt_A: 0.589, D_B: 0.025, G_B: 1.182, cycle_B: 0.587, idt_B: 0.367

[Rank 0] (epoch: 18, iters: 624, time: 0.030, data: 0.002) , D_A: 0.054, G_A: 0.612, cycle_A: 0.250, idt_A: 0.781, D_B: 0.067, G_B: 0.401, cycle_B: 0.950, idt_B: 0.300

[Rank 0] (epoch: 18, iters: 824, time: 0.030, data: 0.002) , D_A: 0.040, G_A: 0.638, cycle_A: 0.193, idt_A: 0.872, D_B: 0.062, G_B: 0.777, cycle_B: 0.649, idt_B: 0.247

[Rank 0] (epoch: 18, iters: 1024, time: 0.030, data: 0.003) , D_A: 0.154, G_A: 0.523, cycle_A: 3.301, idt_A: 0.704, D_B: 0.175, G_B: 1.817, cycle_B: 1.005, idt_B: 0.349

[Rank 0] (epoch: 18, iters: 1224, time: 0.044, data: 0.149) , D_A: 0.034, G_A: 0.537, cycle_A: 0.284, idt_A: 0.526, D_B: 0.050, G_B: 0.500, cycle_B: 0.600, idt_B: 0.334

[Rank 0] (epoch: 18, iters: 1424, time: 0.030, data: 0.002) , D_A: 0.138, G_A: 0.541, cycle_A: 0.224, idt_A: 0.604, D_B: 0.043, G_B: 0.759, cycle_B: 0.670, idt_B: 0.255

[Rank 0] (epoch: 18, iters: 1624, time: 0.030, data: 0.002) , D_A: 0.137, G_A: 0.737, cycle_A: 0.267, idt_A: 0.586, D_B: 0.233, G_B: 0.143, cycle_B: 0.526, idt_B: 0.296

[Rank 0] (epoch: 18, iters: 1824, time: 0.026, data: 0.002) , D_A: 0.098, G_A: 0.557, cycle_A: 0.184, idt_A: 0.599, D_B: 0.129, G_B: 0.681, cycle_B: 0.526, idt_B: 0.222

learning rate 0.0001500 -> 0.0001500
End of epoch 18 / 100 	 Time Taken: 59 sec
[Rank 0] (epoch: 19, iters: 96, time: 0.048, data: 0.003) , D_A: 0.072, G_A: 0.672, cycle_A: 0.170, idt_A: 0.570, D_B: 0.248, G_B: 0.390, cycle_B: 0.469, idt_B: 0.197

[Rank 0] (epoch: 19, iters: 296, time: 0.043, data: 0.014) , D_A: 0.133, G_A: 0.534, cycle_A: 0.217, idt_A: 0.665, D_B: 0.155, G_B: 0.262, cycle_B: 0.577, idt_B: 0.246

saving the latest model (epoch 19, total_iters 35000)
[Rank 0] (epoch: 19, iters: 496, time: 0.030, data: 0.002) , D_A: 0.118, G_A: 0.341, cycle_A: 0.206, idt_A: 0.566, D_B: 0.148, G_B: 0.405, cycle_B: 0.530, idt_B: 0.241

[Rank 0] (epoch: 19, iters: 696, time: 0.030, data: 0.002) , D_A: 0.121, G_A: 0.332, cycle_A: 0.222, idt_A: 0.689, D_B: 0.247, G_B: 0.269, cycle_B: 0.541, idt_B: 0.245

[Rank 0] (epoch: 19, iters: 896, time: 0.030, data: 0.004) , D_A: 0.388, G_A: 0.318, cycle_A: 0.226, idt_A: 0.650, D_B: 0.218, G_B: 0.280, cycle_B: 0.479, idt_B: 0.228

[Rank 0] (epoch: 19, iters: 1096, time: 0.026, data: 0.170) , D_A: 0.154, G_A: 0.559, cycle_A: 0.252, idt_A: 0.703, D_B: 0.184, G_B: 0.431, cycle_B: 0.582, idt_B: 0.298

[Rank 0] (epoch: 19, iters: 1296, time: 0.047, data: 0.002) , D_A: 0.276, G_A: 0.249, cycle_A: 0.180, idt_A: 0.623, D_B: 0.197, G_B: 0.253, cycle_B: 0.453, idt_B: 0.189

[Rank 0] (epoch: 19, iters: 1496, time: 0.030, data: 0.002) , D_A: 0.104, G_A: 0.492, cycle_A: 0.213, idt_A: 0.688, D_B: 0.207, G_B: 0.398, cycle_B: 0.489, idt_B: 0.265

[Rank 0] (epoch: 19, iters: 1696, time: 0.029, data: 0.003) , D_A: 0.279, G_A: 0.646, cycle_A: 0.177, idt_A: 0.606, D_B: 0.212, G_B: 0.257, cycle_B: 0.462, idt_B: 0.217

[Rank 0] (epoch: 19, iters: 1896, time: 0.026, data: 0.170) , D_A: 0.100, G_A: 0.735, cycle_A: 0.171, idt_A: 0.546, D_B: 0.257, G_B: 0.366, cycle_B: 0.539, idt_B: 0.204

learning rate 0.0001500 -> 0.0001500
End of epoch 19 / 100 	 Time Taken: 61 sec
[Rank 0] (epoch: 20, iters: 168, time: 0.043, data: 0.002) , D_A: 0.105, G_A: 0.325, cycle_A: 0.152, idt_A: 0.554, D_B: 0.225, G_B: 0.439, cycle_B: 0.514, idt_B: 0.191

[Rank 0] (epoch: 20, iters: 368, time: 0.047, data: 0.002) , D_A: 0.098, G_A: 0.324, cycle_A: 0.174, idt_A: 0.577, D_B: 0.198, G_B: 0.284, cycle_B: 0.501, idt_B: 0.237

[Rank 0] (epoch: 20, iters: 568, time: 0.026, data: 0.003) , D_A: 0.193, G_A: 0.165, cycle_A: 0.182, idt_A: 0.531, D_B: 0.212, G_B: 0.357, cycle_B: 0.491, idt_B: 0.222

[Rank 0] (epoch: 20, iters: 768, time: 0.030, data: 0.002) , D_A: 0.149, G_A: 0.293, cycle_A: 0.181, idt_A: 0.643, D_B: 0.173, G_B: 0.290, cycle_B: 0.568, idt_B: 0.228

[Rank 0] (epoch: 20, iters: 968, time: 0.026, data: 0.045) , D_A: 0.111, G_A: 0.677, cycle_A: 0.212, idt_A: 0.715, D_B: 0.206, G_B: 0.248, cycle_B: 0.531, idt_B: 0.244

[Rank 0] (epoch: 20, iters: 1168, time: 0.030, data: 0.002) , D_A: 0.144, G_A: 0.266, cycle_A: 0.170, idt_A: 0.591, D_B: 0.328, G_B: 0.624, cycle_B: 0.471, idt_B: 0.215

[Rank 0] (epoch: 20, iters: 1368, time: 0.047, data: 0.003) , D_A: 0.077, G_A: 0.508, cycle_A: 0.167, idt_A: 0.488, D_B: 0.232, G_B: 0.386, cycle_B: 0.434, idt_B: 0.215

[Rank 0] (epoch: 20, iters: 1568, time: 0.030, data: 0.002) , D_A: 0.050, G_A: 0.686, cycle_A: 0.198, idt_A: 0.640, D_B: 0.297, G_B: 0.188, cycle_B: 0.465, idt_B: 0.199

[Rank 0] (epoch: 20, iters: 1768, time: 0.026, data: 0.186) , D_A: 0.077, G_A: 0.397, cycle_A: 0.191, idt_A: 0.708, D_B: 0.254, G_B: 0.202, cycle_B: 0.510, idt_B: 0.194

learning rate 0.0001500 -> 0.0001500
saving the model at the end of epoch 20, iters 38560
End of epoch 20 / 100 	 Time Taken: 61 sec
[Rank 0] (epoch: 21, iters: 40, time: 0.043, data: 0.002) , D_A: 0.078, G_A: 0.444, cycle_A: 0.132, idt_A: 0.496, D_B: 0.143, G_B: 0.508, cycle_B: 0.440, idt_B: 0.169

[Rank 0] (epoch: 21, iters: 240, time: 0.026, data: 0.003) , D_A: 0.075, G_A: 0.467, cycle_A: 0.187, idt_A: 0.685, D_B: 0.235, G_B: 0.660, cycle_B: 0.499, idt_B: 0.206

[Rank 0] (epoch: 21, iters: 440, time: 0.044, data: 0.003) , D_A: 0.121, G_A: 0.706, cycle_A: 0.156, idt_A: 0.516, D_B: 0.327, G_B: 0.053, cycle_B: 0.463, idt_B: 0.185

[Rank 0] (epoch: 21, iters: 640, time: 0.026, data: 0.002) , D_A: 0.218, G_A: 1.033, cycle_A: 0.328, idt_A: 0.533, D_B: 0.179, G_B: 0.348, cycle_B: 0.518, idt_B: 0.332

[Rank 0] (epoch: 21, iters: 840, time: 0.030, data: 0.003) , D_A: 0.097, G_A: 0.286, cycle_A: 0.187, idt_A: 0.526, D_B: 0.179, G_B: 0.194, cycle_B: 0.516, idt_B: 0.229

[Rank 0] (epoch: 21, iters: 1040, time: 0.030, data: 0.004) , D_A: 0.104, G_A: 0.256, cycle_A: 0.156, idt_A: 0.524, D_B: 0.132, G_B: 0.589, cycle_B: 0.466, idt_B: 0.163

[Rank 0] (epoch: 21, iters: 1240, time: 0.030, data: 0.003) , D_A: 0.057, G_A: 0.712, cycle_A: 0.220, idt_A: 0.682, D_B: 0.121, G_B: 1.137, cycle_B: 0.557, idt_B: 0.352

[Rank 0] (epoch: 21, iters: 1440, time: 0.043, data: 0.065) , D_A: 0.134, G_A: 0.240, cycle_A: 0.176, idt_A: 0.612, D_B: 0.172, G_B: 0.486, cycle_B: 0.488, idt_B: 0.205

saving the latest model (epoch 21, total_iters 40000)
[Rank 0] (epoch: 21, iters: 1640, time: 0.030, data: 0.003) , D_A: 0.114, G_A: 0.365, cycle_A: 0.192, idt_A: 0.482, D_B: 0.172, G_B: 0.329, cycle_B: 0.484, idt_B: 0.247

[Rank 0] (epoch: 21, iters: 1840, time: 0.030, data: 0.002) , D_A: 0.066, G_A: 0.479, cycle_A: 0.207, idt_A: 0.411, D_B: 0.099, G_B: 0.458, cycle_B: 0.418, idt_B: 0.252

learning rate 0.0001500 -> 0.0001500
End of epoch 21 / 100 	 Time Taken: 59 sec
[Rank 0] (epoch: 22, iters: 112, time: 0.047, data: 0.003) , D_A: 0.102, G_A: 0.343, cycle_A: 0.197, idt_A: 0.535, D_B: 0.102, G_B: 0.363, cycle_B: 0.498, idt_B: 0.215

[Rank 0] (epoch: 22, iters: 312, time: 0.030, data: 0.003) , D_A: 0.082, G_A: 0.391, cycle_A: 0.296, idt_A: 0.545, D_B: 0.066, G_B: 0.701, cycle_B: 0.466, idt_B: 0.208

[Rank 0] (epoch: 22, iters: 512, time: 0.046, data: 0.002) , D_A: 0.186, G_A: 0.330, cycle_A: 0.148, idt_A: 0.487, D_B: 0.145, G_B: 1.065, cycle_B: 0.422, idt_B: 0.165

[Rank 0] (epoch: 22, iters: 712, time: 0.026, data: 0.013) , D_A: 0.169, G_A: 0.398, cycle_A: 0.168, idt_A: 0.539, D_B: 0.189, G_B: 0.216, cycle_B: 0.498, idt_B: 0.226

[Rank 0] (epoch: 22, iters: 912, time: 0.030, data: 0.003) , D_A: 0.097, G_A: 0.432, cycle_A: 0.186, idt_A: 0.453, D_B: 0.165, G_B: 0.305, cycle_B: 0.379, idt_B: 0.241

[Rank 0] (epoch: 22, iters: 1112, time: 0.030, data: 0.002) , D_A: 0.109, G_A: 0.557, cycle_A: 0.238, idt_A: 0.536, D_B: 0.074, G_B: 0.716, cycle_B: 0.531, idt_B: 0.257

[Rank 0] (epoch: 22, iters: 1312, time: 0.030, data: 0.002) , D_A: 0.079, G_A: 0.704, cycle_A: 0.276, idt_A: 0.467, D_B: 0.043, G_B: 0.991, cycle_B: 0.504, idt_B: 0.370

[Rank 0] (epoch: 22, iters: 1512, time: 0.050, data: 0.004) , D_A: 0.067, G_A: 0.724, cycle_A: 0.175, idt_A: 0.459, D_B: 0.199, G_B: 0.327, cycle_B: 0.418, idt_B: 0.209

[Rank 0] (epoch: 22, iters: 1712, time: 0.026, data: 0.015) , D_A: 0.093, G_A: 0.541, cycle_A: 0.150, idt_A: 0.464, D_B: 0.149, G_B: 0.243, cycle_B: 0.390, idt_B: 0.159

[Rank 0] (epoch: 22, iters: 1912, time: 0.030, data: 0.003) , D_A: 0.047, G_A: 0.826, cycle_A: 0.152, idt_A: 0.554, D_B: 0.189, G_B: 0.376, cycle_B: 0.424, idt_B: 0.212

learning rate 0.0001500 -> 0.0001500
End of epoch 22 / 100 	 Time Taken: 59 sec
[Rank 0] (epoch: 23, iters: 184, time: 0.047, data: 0.002) , D_A: 0.120, G_A: 0.532, cycle_A: 0.139, idt_A: 0.559, D_B: 0.143, G_B: 0.279, cycle_B: 0.471, idt_B: 0.160

[Rank 0] (epoch: 23, iters: 384, time: 0.030, data: 0.003) , D_A: 0.080, G_A: 0.557, cycle_A: 0.187, idt_A: 0.451, D_B: 0.118, G_B: 0.477, cycle_B: 0.473, idt_B: 0.234

[Rank 0] (epoch: 23, iters: 584, time: 0.043, data: 0.178) , D_A: 0.078, G_A: 0.639, cycle_A: 0.240, idt_A: 0.521, D_B: 0.038, G_B: 0.936, cycle_B: 0.497, idt_B: 0.240

[Rank 0] (epoch: 23, iters: 784, time: 0.030, data: 0.002) , D_A: 0.063, G_A: 0.475, cycle_A: 0.189, idt_A: 0.585, D_B: 0.056, G_B: 0.290, cycle_B: 0.424, idt_B: 0.236

[Rank 0] (epoch: 23, iters: 984, time: 0.029, data: 0.002) , D_A: 0.082, G_A: 0.364, cycle_A: 0.288, idt_A: 0.489, D_B: 0.043, G_B: 0.862, cycle_B: 0.526, idt_B: 0.343

[Rank 0] (epoch: 23, iters: 1184, time: 0.030, data: 0.001) , D_A: 0.068, G_A: 0.562, cycle_A: 0.169, idt_A: 0.637, D_B: 0.185, G_B: 0.125, cycle_B: 0.533, idt_B: 0.199

[Rank 0] (epoch: 23, iters: 1384, time: 0.030, data: 0.003) , D_A: 0.260, G_A: 0.110, cycle_A: 0.165, idt_A: 0.436, D_B: 0.091, G_B: 0.477, cycle_B: 0.413, idt_B: 0.219

[Rank 0] (epoch: 23, iters: 1584, time: 0.049, data: 0.063) , D_A: 0.135, G_A: 0.722, cycle_A: 0.144, idt_A: 0.526, D_B: 0.052, G_B: 0.603, cycle_B: 0.449, idt_B: 0.184

[Rank 0] (epoch: 23, iters: 1784, time: 0.029, data: 0.003) , D_A: 0.133, G_A: 1.402, cycle_A: 0.132, idt_A: 0.694, D_B: 0.171, G_B: 0.387, cycle_B: 0.497, idt_B: 0.167

learning rate 0.0001500 -> 0.0001500
End of epoch 23 / 100 	 Time Taken: 56 sec
[Rank 0] (epoch: 24, iters: 56, time: 0.047, data: 0.003) , D_A: 0.201, G_A: 0.613, cycle_A: 0.180, idt_A: 0.420, D_B: 0.158, G_B: 0.321, cycle_B: 0.398, idt_B: 0.186

[Rank 0] (epoch: 24, iters: 256, time: 0.030, data: 0.002) , D_A: 0.107, G_A: 0.356, cycle_A: 0.183, idt_A: 0.573, D_B: 0.185, G_B: 0.329, cycle_B: 0.446, idt_B: 0.249

[Rank 0] (epoch: 24, iters: 456, time: 0.030, data: 0.003) , D_A: 0.075, G_A: 0.820, cycle_A: 0.147, idt_A: 0.569, D_B: 0.256, G_B: 0.470, cycle_B: 0.494, idt_B: 0.187

[Rank 0] (epoch: 24, iters: 656, time: 0.052, data: 0.005) , D_A: 0.156, G_A: 0.761, cycle_A: 0.181, idt_A: 0.505, D_B: 0.073, G_B: 0.720, cycle_B: 0.430, idt_B: 0.235

saving the latest model (epoch 24, total_iters 45000)
[Rank 0] (epoch: 24, iters: 856, time: 0.026, data: 0.005) , D_A: 0.125, G_A: 0.542, cycle_A: 0.174, idt_A: 0.486, D_B: 0.218, G_B: 0.491, cycle_B: 0.479, idt_B: 0.230

[Rank 0] (epoch: 24, iters: 1056, time: 0.030, data: 0.002) , D_A: 0.080, G_A: 0.587, cycle_A: 0.149, idt_A: 0.559, D_B: 0.171, G_B: 0.239, cycle_B: 0.453, idt_B: 0.179

[Rank 0] (epoch: 24, iters: 1256, time: 0.030, data: 0.003) , D_A: 0.089, G_A: 0.570, cycle_A: 0.115, idt_A: 0.437, D_B: 0.195, G_B: 0.738, cycle_B: 0.375, idt_B: 0.175

[Rank 0] (epoch: 24, iters: 1456, time: 0.030, data: 0.002) , D_A: 0.174, G_A: 0.764, cycle_A: 0.184, idt_A: 0.416, D_B: 0.190, G_B: 0.131, cycle_B: 0.410, idt_B: 0.248

[Rank 0] (epoch: 24, iters: 1656, time: 0.043, data: 0.067) , D_A: 0.052, G_A: 0.648, cycle_A: 0.166, idt_A: 0.523, D_B: 0.111, G_B: 0.860, cycle_B: 0.499, idt_B: 0.225

[Rank 0] (epoch: 24, iters: 1856, time: 0.030, data: 0.002) , D_A: 0.177, G_A: 0.553, cycle_A: 0.204, idt_A: 0.423, D_B: 0.099, G_B: 0.578, cycle_B: 0.417, idt_B: 0.232

learning rate 0.0001500 -> 0.0001500
End of epoch 24 / 100 	 Time Taken: 58 sec
[Rank 0] (epoch: 25, iters: 128, time: 0.048, data: 0.003) , D_A: 0.047, G_A: 0.959, cycle_A: 0.173, idt_A: 0.447, D_B: 0.227, G_B: 0.157, cycle_B: 0.421, idt_B: 0.218

[Rank 0] (epoch: 25, iters: 328, time: 0.026, data: 0.022) , D_A: 0.073, G_A: 1.405, cycle_A: 0.159, idt_A: 0.539, D_B: 0.067, G_B: 1.369, cycle_B: 0.576, idt_B: 0.180

[Rank 0] (epoch: 25, iters: 528, time: 0.030, data: 0.002) , D_A: 0.087, G_A: 0.525, cycle_A: 0.182, idt_A: 0.549, D_B: 0.241, G_B: 0.506, cycle_B: 0.432, idt_B: 0.191

[Rank 0] (epoch: 25, iters: 728, time: 0.047, data: 0.002) , D_A: 0.085, G_A: 0.413, cycle_A: 0.197, idt_A: 0.461, D_B: 0.310, G_B: 0.277, cycle_B: 0.416, idt_B: 0.295

[Rank 0] (epoch: 25, iters: 928, time: 0.030, data: 0.003) , D_A: 0.051, G_A: 0.488, cycle_A: 0.167, idt_A: 0.631, D_B: 0.116, G_B: 0.434, cycle_B: 0.455, idt_B: 0.210

[Rank 0] (epoch: 25, iters: 1128, time: 0.026, data: 0.159) , D_A: 0.067, G_A: 0.381, cycle_A: 0.127, idt_A: 0.722, D_B: 0.240, G_B: 0.187, cycle_B: 0.428, idt_B: 0.150

[Rank 0] (epoch: 25, iters: 1328, time: 0.030, data: 0.003) , D_A: 0.066, G_A: 0.832, cycle_A: 0.168, idt_A: 0.504, D_B: 0.080, G_B: 0.482, cycle_B: 0.433, idt_B: 0.174

[Rank 0] (epoch: 25, iters: 1528, time: 0.030, data: 0.002) , D_A: 0.080, G_A: 0.701, cycle_A: 0.186, idt_A: 0.484, D_B: 0.160, G_B: 0.357, cycle_B: 0.479, idt_B: 0.231

[Rank 0] (epoch: 25, iters: 1728, time: 0.053, data: 0.003) , D_A: 0.187, G_A: 0.364, cycle_A: 0.154, idt_A: 0.493, D_B: 0.117, G_B: 0.334, cycle_B: 0.368, idt_B: 0.175

[Rank 0] (epoch: 25, iters: 1928, time: 0.024, data: 0.006) , D_A: 0.091, G_A: 0.737, cycle_A: 0.153, idt_A: 0.479, D_B: 0.143, G_B: 0.172, cycle_B: 0.461, idt_B: 0.164

learning rate 0.0001500 -> 0.0001500
End of epoch 25 / 100 	 Time Taken: 59 sec
[Rank 0] (epoch: 26, iters: 200, time: 0.044, data: 1.324) , D_A: 0.087, G_A: 0.514, cycle_A: 0.106, idt_A: 0.474, D_B: 0.134, G_B: 0.446, cycle_B: 0.394, idt_B: 0.134

[Rank 0] (epoch: 26, iters: 400, time: 0.029, data: 0.003) , D_A: 0.073, G_A: 0.512, cycle_A: 0.146, idt_A: 0.552, D_B: 0.179, G_B: 0.100, cycle_B: 0.474, idt_B: 0.178

[Rank 0] (epoch: 26, iters: 600, time: 0.030, data: 0.002) , D_A: 0.046, G_A: 1.016, cycle_A: 1.327, idt_A: 0.899, D_B: 0.117, G_B: 0.960, cycle_B: 1.479, idt_B: 0.544

[Rank 0] (epoch: 26, iters: 800, time: 0.065, data: 0.002) , D_A: 0.039, G_A: 1.370, cycle_A: 0.193, idt_A: 0.508, D_B: 0.038, G_B: 0.622, cycle_B: 0.535, idt_B: 0.315

[Rank 0] (epoch: 26, iters: 1000, time: 0.030, data: 0.002) , D_A: 0.024, G_A: 0.727, cycle_A: 0.197, idt_A: 0.792, D_B: 0.045, G_B: 0.456, cycle_B: 0.646, idt_B: 0.247

[Rank 0] (epoch: 26, iters: 1200, time: 0.029, data: 0.003) , D_A: 0.072, G_A: 0.618, cycle_A: 0.251, idt_A: 0.481, D_B: 0.026, G_B: 1.342, cycle_B: 0.549, idt_B: 0.287

[Rank 0] (epoch: 26, iters: 1400, time: 0.030, data: 0.003) , D_A: 0.102, G_A: 0.741, cycle_A: 0.326, idt_A: 0.547, D_B: 0.062, G_B: 0.524, cycle_B: 0.653, idt_B: 0.300

[Rank 0] (epoch: 26, iters: 1600, time: 0.030, data: 0.002) , D_A: 0.345, G_A: 1.073, cycle_A: 0.118, idt_A: 0.487, D_B: 0.142, G_B: 0.260, cycle_B: 0.469, idt_B: 0.152

[Rank 0] (epoch: 26, iters: 1800, time: 0.048, data: 0.006) , D_A: 0.057, G_A: 0.661, cycle_A: 0.145, idt_A: 0.539, D_B: 0.281, G_B: 0.311, cycle_B: 0.447, idt_B: 0.215

saving the latest model (epoch 26, total_iters 50000)
learning rate 0.0001500 -> 0.0001500
End of epoch 26 / 100 	 Time Taken: 59 sec
[Rank 0] (epoch: 27, iters: 72, time: 0.042, data: 0.003) , D_A: 0.124, G_A: 0.850, cycle_A: 0.107, idt_A: 0.432, D_B: 0.156, G_B: 0.457, cycle_B: 0.396, idt_B: 0.135

[Rank 0] (epoch: 27, iters: 272, time: 0.030, data: 0.003) , D_A: 0.075, G_A: 0.433, cycle_A: 0.181, idt_A: 0.508, D_B: 0.163, G_B: 0.310, cycle_B: 0.440, idt_B: 0.270

[Rank 0] (epoch: 27, iters: 472, time: 0.030, data: 0.002) , D_A: 0.040, G_A: 0.679, cycle_A: 0.110, idt_A: 0.512, D_B: 0.015, G_B: 1.005, cycle_B: 0.459, idt_B: 0.166

[Rank 0] (epoch: 27, iters: 672, time: 0.030, data: 0.003) , D_A: 0.165, G_A: 0.572, cycle_A: 0.165, idt_A: 0.427, D_B: 0.127, G_B: 0.368, cycle_B: 0.403, idt_B: 0.207

[Rank 0] (epoch: 27, iters: 872, time: 0.043, data: 0.161) , D_A: 0.162, G_A: 0.413, cycle_A: 0.129, idt_A: 0.598, D_B: 0.128, G_B: 0.344, cycle_B: 0.435, idt_B: 0.146

[Rank 0] (epoch: 27, iters: 1072, time: 0.030, data: 0.002) , D_A: 0.115, G_A: 0.837, cycle_A: 0.154, idt_A: 0.405, D_B: 0.097, G_B: 0.941, cycle_B: 0.441, idt_B: 0.212

[Rank 0] (epoch: 27, iters: 1272, time: 0.026, data: 0.003) , D_A: 0.047, G_A: 0.561, cycle_A: 0.156, idt_A: 0.418, D_B: 0.197, G_B: 0.168, cycle_B: 0.379, idt_B: 0.157

[Rank 0] (epoch: 27, iters: 1472, time: 0.030, data: 0.002) , D_A: 0.129, G_A: 0.369, cycle_A: 0.167, idt_A: 0.483, D_B: 0.059, G_B: 0.659, cycle_B: 0.460, idt_B: 0.186

[Rank 0] (epoch: 27, iters: 1672, time: 0.030, data: 0.001) , D_A: 0.049, G_A: 0.521, cycle_A: 0.174, idt_A: 0.410, D_B: 0.196, G_B: 0.218, cycle_B: 0.405, idt_B: 0.189

[Rank 0] (epoch: 27, iters: 1872, time: 0.047, data: 0.002) , D_A: 0.078, G_A: 0.722, cycle_A: 0.169, idt_A: 0.349, D_B: 0.148, G_B: 0.258, cycle_B: 0.341, idt_B: 0.206

learning rate 0.0001500 -> 0.0001500
End of epoch 27 / 100 	 Time Taken: 60 sec
[Rank 0] (epoch: 28, iters: 144, time: 0.048, data: 0.002) , D_A: 0.407, G_A: 0.534, cycle_A: 0.151, idt_A: 0.450, D_B: 0.024, G_B: 0.918, cycle_B: 0.411, idt_B: 0.180

[Rank 0] (epoch: 28, iters: 344, time: 0.030, data: 0.003) , D_A: 0.095, G_A: 0.330, cycle_A: 0.143, idt_A: 0.393, D_B: 0.299, G_B: 0.602, cycle_B: 0.390, idt_B: 0.163

[Rank 0] (epoch: 28, iters: 544, time: 0.030, data: 0.003) , D_A: 0.059, G_A: 0.551, cycle_A: 0.155, idt_A: 0.372, D_B: 0.145, G_B: 0.418, cycle_B: 0.327, idt_B: 0.188

[Rank 0] (epoch: 28, iters: 744, time: 0.030, data: 0.005) , D_A: 0.144, G_A: 0.425, cycle_A: 0.197, idt_A: 0.388, D_B: 0.182, G_B: 0.318, cycle_B: 0.420, idt_B: 0.230

[Rank 0] (epoch: 28, iters: 944, time: 0.048, data: 0.005) , D_A: 0.312, G_A: 1.239, cycle_A: 0.161, idt_A: 0.480, D_B: 0.055, G_B: 0.594, cycle_B: 0.487, idt_B: 0.212

[Rank 0] (epoch: 28, iters: 1144, time: 0.026, data: 0.020) , D_A: 0.052, G_A: 0.620, cycle_A: 0.185, idt_A: 0.466, D_B: 0.342, G_B: 0.063, cycle_B: 0.438, idt_B: 0.239

[Rank 0] (epoch: 28, iters: 1344, time: 0.030, data: 0.002) , D_A: 0.066, G_A: 0.583, cycle_A: 0.162, idt_A: 0.348, D_B: 0.194, G_B: 0.249, cycle_B: 0.315, idt_B: 0.208

[Rank 0] (epoch: 28, iters: 1544, time: 0.030, data: 0.002) , D_A: 0.076, G_A: 0.506, cycle_A: 0.147, idt_A: 0.509, D_B: 0.192, G_B: 0.398, cycle_B: 0.467, idt_B: 0.198

[Rank 0] (epoch: 28, iters: 1744, time: 0.030, data: 0.004) , D_A: 0.367, G_A: 0.515, cycle_A: 0.167, idt_A: 0.365, D_B: 0.205, G_B: 0.167, cycle_B: 0.376, idt_B: 0.179

learning rate 0.0001500 -> 0.0001500
End of epoch 28 / 100 	 Time Taken: 59 sec
[Rank 0] (epoch: 29, iters: 16, time: 0.044, data: 0.040) , D_A: 0.214, G_A: 0.360, cycle_A: 0.324, idt_A: 1.835, D_B: 0.062, G_B: 0.794, cycle_B: 1.285, idt_B: 0.312

[Rank 0] (epoch: 29, iters: 216, time: 0.030, data: 0.002) , D_A: 0.148, G_A: 0.443, cycle_A: 0.150, idt_A: 1.362, D_B: 0.045, G_B: 0.642, cycle_B: 1.096, idt_B: 0.176

[Rank 0] (epoch: 29, iters: 416, time: 0.030, data: 0.003) , D_A: 0.114, G_A: 0.515, cycle_A: 0.139, idt_A: 1.317, D_B: 0.021, G_B: 0.745, cycle_B: 0.932, idt_B: 0.195

[Rank 0] (epoch: 29, iters: 616, time: 0.026, data: 0.185) , D_A: 0.140, G_A: 0.304, cycle_A: 0.255, idt_A: 1.393, D_B: 0.064, G_B: 0.789, cycle_B: 1.098, idt_B: 0.316

[Rank 0] (epoch: 29, iters: 816, time: 0.030, data: 0.002) , D_A: 0.220, G_A: 0.273, cycle_A: 0.147, idt_A: 1.270, D_B: 0.090, G_B: 0.393, cycle_B: 1.094, idt_B: 0.238

[Rank 0] (epoch: 29, iters: 1016, time: 0.046, data: 0.002) , D_A: 0.201, G_A: 0.335, cycle_A: 0.163, idt_A: 0.958, D_B: 0.104, G_B: 0.578, cycle_B: 0.950, idt_B: 0.201

saving the latest model (epoch 29, total_iters 55000)
[Rank 0] (epoch: 29, iters: 1216, time: 0.030, data: 0.003) , D_A: 0.237, G_A: 0.332, cycle_A: 0.214, idt_A: 1.007, D_B: 0.066, G_B: 0.877, cycle_B: 1.081, idt_B: 0.480

[Rank 0] (epoch: 29, iters: 1416, time: 0.030, data: 0.045) , D_A: 0.266, G_A: 0.342, cycle_A: 0.135, idt_A: 1.132, D_B: 0.154, G_B: 0.721, cycle_B: 0.862, idt_B: 0.209

[Rank 0] (epoch: 29, iters: 1616, time: 0.026, data: 0.178) , D_A: 0.256, G_A: 0.310, cycle_A: 0.118, idt_A: 0.964, D_B: 0.226, G_B: 0.118, cycle_B: 0.748, idt_B: 0.169

[Rank 0] (epoch: 29, iters: 1816, time: 0.030, data: 0.002) , D_A: 0.229, G_A: 0.270, cycle_A: 0.154, idt_A: 1.073, D_B: 0.130, G_B: 1.118, cycle_B: 0.976, idt_B: 0.202

learning rate 0.0001500 -> 0.0001500
End of epoch 29 / 100 	 Time Taken: 61 sec
[Rank 0] (epoch: 30, iters: 88, time: 0.066, data: 0.018) , D_A: 0.232, G_A: 0.292, cycle_A: 0.119, idt_A: 0.923, D_B: 0.025, G_B: 1.036, cycle_B: 0.715, idt_B: 0.174

[Rank 0] (epoch: 30, iters: 288, time: 0.030, data: 0.002) , D_A: 0.253, G_A: 0.331, cycle_A: 0.127, idt_A: 0.781, D_B: 0.100, G_B: 0.587, cycle_B: 0.668, idt_B: 0.204

[Rank 0] (epoch: 30, iters: 488, time: 0.026, data: 0.150) , D_A: 0.230, G_A: 0.318, cycle_A: 0.113, idt_A: 0.868, D_B: 0.096, G_B: 0.389, cycle_B: 0.674, idt_B: 0.155

[Rank 0] (epoch: 30, iters: 688, time: 0.026, data: 0.002) , D_A: 0.225, G_A: 0.267, cycle_A: 0.144, idt_A: 0.685, D_B: 0.066, G_B: 0.982, cycle_B: 0.767, idt_B: 0.151

[Rank 0] (epoch: 30, iters: 888, time: 0.029, data: 0.002) , D_A: 0.224, G_A: 0.286, cycle_A: 0.136, idt_A: 0.685, D_B: 0.402, G_B: 0.419, cycle_B: 0.731, idt_B: 0.196

[Rank 0] (epoch: 30, iters: 1088, time: 0.048, data: 0.001) , D_A: 0.257, G_A: 0.282, cycle_A: 0.115, idt_A: 0.878, D_B: 0.110, G_B: 0.640, cycle_B: 0.938, idt_B: 0.166

[Rank 0] (epoch: 30, iters: 1288, time: 0.030, data: 0.002) , D_A: 0.233, G_A: 0.305, cycle_A: 0.100, idt_A: 0.798, D_B: 0.132, G_B: 0.622, cycle_B: 0.662, idt_B: 0.155

[Rank 0] (epoch: 30, iters: 1488, time: 0.030, data: 0.003) , D_A: 0.233, G_A: 0.252, cycle_A: 0.111, idt_A: 0.739, D_B: 0.401, G_B: 0.419, cycle_B: 0.577, idt_B: 0.152

[Rank 0] (epoch: 30, iters: 1688, time: 0.026, data: 0.188) , D_A: 0.229, G_A: 0.271, cycle_A: 0.156, idt_A: 0.715, D_B: 0.152, G_B: 0.396, cycle_B: 0.698, idt_B: 0.197

[Rank 0] (epoch: 30, iters: 1888, time: 0.030, data: 0.002) , D_A: 0.223, G_A: 0.325, cycle_A: 0.104, idt_A: 0.631, D_B: 0.086, G_B: 0.469, cycle_B: 0.591, idt_B: 0.164

learning rate 0.0001500 -> 0.0001500
saving the model at the end of epoch 30, iters 57840
End of epoch 30 / 100 	 Time Taken: 60 sec
[Rank 0] (epoch: 31, iters: 160, time: 0.048, data: 0.002) , D_A: 0.249, G_A: 0.329, cycle_A: 0.144, idt_A: 0.768, D_B: 0.148, G_B: 0.357, cycle_B: 0.649, idt_B: 0.205

[Rank 0] (epoch: 31, iters: 360, time: 0.026, data: 0.003) , D_A: 0.248, G_A: 0.277, cycle_A: 0.102, idt_A: 0.622, D_B: 0.170, G_B: 0.271, cycle_B: 0.625, idt_B: 0.131

[Rank 0] (epoch: 31, iters: 560, time: 0.026, data: 0.005) , D_A: 0.261, G_A: 0.237, cycle_A: 0.146, idt_A: 0.817, D_B: 0.300, G_B: 0.747, cycle_B: 0.877, idt_B: 0.164

[Rank 0] (epoch: 31, iters: 760, time: 0.030, data: 0.002) , D_A: 0.258, G_A: 0.362, cycle_A: 0.111, idt_A: 0.721, D_B: 0.145, G_B: 0.410, cycle_B: 0.735, idt_B: 0.138

[Rank 0] (epoch: 31, iters: 960, time: 0.030, data: 0.002) , D_A: 0.257, G_A: 0.360, cycle_A: 0.143, idt_A: 0.640, D_B: 0.176, G_B: 0.098, cycle_B: 0.808, idt_B: 0.169

[Rank 0] (epoch: 31, iters: 1160, time: 0.044, data: 0.050) , D_A: 0.237, G_A: 0.347, cycle_A: 0.147, idt_A: 0.570, D_B: 0.134, G_B: 0.738, cycle_B: 0.573, idt_B: 0.164

[Rank 0] (epoch: 31, iters: 1360, time: 0.026, data: 0.004) , D_A: 0.232, G_A: 0.263, cycle_A: 0.131, idt_A: 0.591, D_B: 0.149, G_B: 0.366, cycle_B: 0.593, idt_B: 0.187

[Rank 0] (epoch: 31, iters: 1560, time: 0.030, data: 0.002) , D_A: 0.236, G_A: 0.315, cycle_A: 0.144, idt_A: 0.564, D_B: 0.187, G_B: 0.179, cycle_B: 0.560, idt_B: 0.212

[Rank 0] (epoch: 31, iters: 1760, time: 0.030, data: 0.002) , D_A: 0.243, G_A: 0.316, cycle_A: 0.197, idt_A: 0.589, D_B: 0.179, G_B: 0.231, cycle_B: 0.554, idt_B: 0.255

learning rate 0.0001500 -> 0.0001500
End of epoch 31 / 100 	 Time Taken: 61 sec
[Rank 0] (epoch: 32, iters: 32, time: 0.048, data: 0.174) , D_A: 0.266, G_A: 0.304, cycle_A: 0.106, idt_A: 0.752, D_B: 0.198, G_B: 0.574, cycle_B: 0.609, idt_B: 0.162

[Rank 0] (epoch: 32, iters: 232, time: 0.044, data: 0.038) , D_A: 0.225, G_A: 0.302, cycle_A: 0.109, idt_A: 0.714, D_B: 0.150, G_B: 0.651, cycle_B: 0.523, idt_B: 0.182

saving the latest model (epoch 32, total_iters 60000)
[Rank 0] (epoch: 32, iters: 432, time: 0.026, data: 0.002) , D_A: 0.210, G_A: 0.281, cycle_A: 0.125, idt_A: 0.593, D_B: 0.211, G_B: 0.297, cycle_B: 0.539, idt_B: 0.191

[Rank 0] (epoch: 32, iters: 632, time: 0.030, data: 0.002) , D_A: 0.134, G_A: 0.420, cycle_A: 0.170, idt_A: 0.955, D_B: 0.130, G_B: 0.378, cycle_B: 0.819, idt_B: 0.246

[Rank 0] (epoch: 32, iters: 832, time: 0.030, data: 0.003) , D_A: 0.263, G_A: 0.467, cycle_A: 0.143, idt_A: 0.782, D_B: 0.162, G_B: 0.501, cycle_B: 0.618, idt_B: 0.212

[Rank 0] (epoch: 32, iters: 1032, time: 0.030, data: 0.003) , D_A: 0.450, G_A: 0.537, cycle_A: 0.194, idt_A: 0.637, D_B: 0.372, G_B: 0.044, cycle_B: 0.587, idt_B: 0.295

[Rank 0] (epoch: 32, iters: 1232, time: 0.044, data: 0.151) , D_A: 0.220, G_A: 0.288, cycle_A: 0.105, idt_A: 0.556, D_B: 0.237, G_B: 0.113, cycle_B: 0.531, idt_B: 0.137

[Rank 0] (epoch: 32, iters: 1432, time: 0.030, data: 0.003) , D_A: 0.225, G_A: 0.322, cycle_A: 0.168, idt_A: 0.687, D_B: 0.212, G_B: 0.398, cycle_B: 0.627, idt_B: 0.201

[Rank 0] (epoch: 32, iters: 1632, time: 0.030, data: 0.003) , D_A: 0.215, G_A: 0.251, cycle_A: 0.126, idt_A: 0.547, D_B: 0.281, G_B: 0.320, cycle_B: 0.457, idt_B: 0.181

[Rank 0] (epoch: 32, iters: 1832, time: 0.030, data: 0.003) , D_A: 0.243, G_A: 0.258, cycle_A: 0.104, idt_A: 0.573, D_B: 0.189, G_B: 0.275, cycle_B: 0.455, idt_B: 0.152

learning rate 0.0001500 -> 0.0001500
End of epoch 32 / 100 	 Time Taken: 60 sec
[Rank 0] (epoch: 33, iters: 104, time: 0.045, data: 0.170) , D_A: 0.311, G_A: 0.452, cycle_A: 0.090, idt_A: 0.520, D_B: 0.259, G_B: 0.605, cycle_B: 0.462, idt_B: 0.131

[Rank 0] (epoch: 33, iters: 304, time: 0.048, data: 0.002) , D_A: 0.208, G_A: 0.277, cycle_A: 0.132, idt_A: 0.577, D_B: 0.205, G_B: 0.482, cycle_B: 0.556, idt_B: 0.165

[Rank 0] (epoch: 33, iters: 504, time: 0.030, data: 0.002) , D_A: 0.242, G_A: 0.243, cycle_A: 0.095, idt_A: 0.588, D_B: 0.092, G_B: 0.560, cycle_B: 0.534, idt_B: 0.138

[Rank 0] (epoch: 33, iters: 704, time: 0.030, data: 0.003) , D_A: 0.212, G_A: 0.306, cycle_A: 0.096, idt_A: 0.469, D_B: 0.120, G_B: 0.423, cycle_B: 0.408, idt_B: 0.136

[Rank 0] (epoch: 33, iters: 904, time: 0.026, data: 0.187) , D_A: 0.223, G_A: 0.257, cycle_A: 0.084, idt_A: 0.670, D_B: 0.426, G_B: 0.527, cycle_B: 0.482, idt_B: 0.134

[Rank 0] (epoch: 33, iters: 1104, time: 0.030, data: 0.002) , D_A: 0.229, G_A: 0.322, cycle_A: 0.113, idt_A: 0.511, D_B: 0.145, G_B: 0.318, cycle_B: 0.467, idt_B: 0.152

[Rank 0] (epoch: 33, iters: 1304, time: 0.074, data: 0.003) , D_A: 0.237, G_A: 0.282, cycle_A: 0.136, idt_A: 0.476, D_B: 0.149, G_B: 0.266, cycle_B: 0.452, idt_B: 0.210

[Rank 0] (epoch: 33, iters: 1504, time: 0.030, data: 0.002) , D_A: 0.215, G_A: 0.362, cycle_A: 0.111, idt_A: 0.536, D_B: 0.160, G_B: 0.462, cycle_B: 0.608, idt_B: 0.146

[Rank 0] (epoch: 33, iters: 1704, time: 0.030, data: 0.002) , D_A: 0.251, G_A: 0.271, cycle_A: 0.131, idt_A: 0.510, D_B: 0.177, G_B: 0.428, cycle_B: 0.534, idt_B: 0.182

[Rank 0] (epoch: 33, iters: 1904, time: 0.030, data: 0.005) , D_A: 0.239, G_A: 0.274, cycle_A: 0.101, idt_A: 0.520, D_B: 0.101, G_B: 0.342, cycle_B: 0.544, idt_B: 0.144

learning rate 0.0001500 -> 0.0001500
End of epoch 33 / 100 	 Time Taken: 59 sec
[Rank 0] (epoch: 34, iters: 176, time: 0.045, data: 0.003) , D_A: 0.238, G_A: 0.270, cycle_A: 0.131, idt_A: 0.582, D_B: 0.148, G_B: 0.378, cycle_B: 0.458, idt_B: 0.176

[Rank 0] (epoch: 34, iters: 376, time: 0.055, data: 0.002) , D_A: 0.211, G_A: 0.382, cycle_A: 0.107, idt_A: 0.521, D_B: 0.332, G_B: 0.657, cycle_B: 0.463, idt_B: 0.149

[Rank 0] (epoch: 34, iters: 576, time: 0.030, data: 0.003) , D_A: 0.204, G_A: 0.361, cycle_A: 0.125, idt_A: 0.528, D_B: 0.133, G_B: 0.557, cycle_B: 0.500, idt_B: 0.200

[Rank 0] (epoch: 34, iters: 776, time: 0.029, data: 0.003) , D_A: 0.220, G_A: 0.244, cycle_A: 0.133, idt_A: 0.557, D_B: 0.084, G_B: 0.434, cycle_B: 0.597, idt_B: 0.192

[Rank 0] (epoch: 34, iters: 976, time: 0.026, data: 0.005) , D_A: 0.224, G_A: 0.320, cycle_A: 0.090, idt_A: 0.953, D_B: 0.194, G_B: 0.287, cycle_B: 0.520, idt_B: 0.144

[Rank 0] (epoch: 34, iters: 1176, time: 0.030, data: 0.002) , D_A: 0.228, G_A: 0.289, cycle_A: 0.098, idt_A: 0.472, D_B: 0.283, G_B: 0.342, cycle_B: 0.488, idt_B: 0.134

[Rank 0] (epoch: 34, iters: 1376, time: 0.054, data: 0.003) , D_A: 0.213, G_A: 0.351, cycle_A: 0.101, idt_A: 0.484, D_B: 0.169, G_B: 0.460, cycle_B: 0.501, idt_B: 0.153

saving the latest model (epoch 34, total_iters 65000)
[Rank 0] (epoch: 34, iters: 1576, time: 0.030, data: 0.005) , D_A: 0.231, G_A: 0.292, cycle_A: 0.102, idt_A: 0.459, D_B: 0.178, G_B: 0.381, cycle_B: 0.462, idt_B: 0.131

[Rank 0] (epoch: 34, iters: 1776, time: 0.026, data: 0.004) , D_A: 0.232, G_A: 0.319, cycle_A: 0.155, idt_A: 0.492, D_B: 0.257, G_B: 0.111, cycle_B: 0.407, idt_B: 0.251

learning rate 0.0001500 -> 0.0001500
End of epoch 34 / 100 	 Time Taken: 57 sec
[Rank 0] (epoch: 35, iters: 48, time: 0.049, data: 0.003) , D_A: 0.225, G_A: 0.320, cycle_A: 0.116, idt_A: 0.415, D_B: 0.215, G_B: 0.191, cycle_B: 0.493, idt_B: 0.176

[Rank 0] (epoch: 35, iters: 248, time: 0.030, data: 0.002) , D_A: 0.214, G_A: 0.266, cycle_A: 0.096, idt_A: 0.579, D_B: 0.352, G_B: 0.697, cycle_B: 0.550, idt_B: 0.128

[Rank 0] (epoch: 35, iters: 448, time: 0.054, data: 0.002) , D_A: 0.238, G_A: 0.234, cycle_A: 0.099, idt_A: 0.450, D_B: 0.081, G_B: 0.393, cycle_B: 0.393, idt_B: 0.141

[Rank 0] (epoch: 35, iters: 648, time: 0.030, data: 0.006) , D_A: 0.259, G_A: 0.275, cycle_A: 0.107, idt_A: 0.479, D_B: 0.112, G_B: 0.270, cycle_B: 0.592, idt_B: 0.161

[Rank 0] (epoch: 35, iters: 848, time: 0.026, data: 0.124) , D_A: 0.239, G_A: 0.283, cycle_A: 0.107, idt_A: 0.408, D_B: 0.119, G_B: 0.377, cycle_B: 0.446, idt_B: 0.157

[Rank 0] (epoch: 35, iters: 1048, time: 0.030, data: 0.001) , D_A: 0.249, G_A: 0.262, cycle_A: 0.111, idt_A: 0.451, D_B: 0.249, G_B: 0.368, cycle_B: 0.493, idt_B: 0.139

[Rank 0] (epoch: 35, iters: 1248, time: 0.030, data: 0.002) , D_A: 0.224, G_A: 0.319, cycle_A: 0.159, idt_A: 0.419, D_B: 0.183, G_B: 0.664, cycle_B: 0.422, idt_B: 0.207

[Rank 0] (epoch: 35, iters: 1448, time: 0.053, data: 0.003) , D_A: 0.231, G_A: 0.260, cycle_A: 0.087, idt_A: 0.511, D_B: 0.078, G_B: 1.206, cycle_B: 0.465, idt_B: 0.131

[Rank 0] (epoch: 35, iters: 1648, time: 0.030, data: 0.004) , D_A: 0.241, G_A: 0.233, cycle_A: 0.106, idt_A: 0.427, D_B: 0.184, G_B: 0.315, cycle_B: 0.381, idt_B: 0.120

[Rank 0] (epoch: 35, iters: 1848, time: 0.026, data: 0.004) , D_A: 0.175, G_A: 0.363, cycle_A: 0.138, idt_A: 0.721, D_B: 0.136, G_B: 0.558, cycle_B: 0.536, idt_B: 0.213

learning rate 0.0001500 -> 0.0001500
End of epoch 35 / 100 	 Time Taken: 57 sec
[Rank 0] (epoch: 36, iters: 120, time: 0.047, data: 0.002) , D_A: 0.212, G_A: 0.261, cycle_A: 0.113, idt_A: 0.685, D_B: 0.134, G_B: 0.332, cycle_B: 0.587, idt_B: 0.142

[Rank 0] (epoch: 36, iters: 320, time: 0.030, data: 0.002) , D_A: 0.218, G_A: 0.264, cycle_A: 0.093, idt_A: 0.416, D_B: 0.366, G_B: 0.562, cycle_B: 0.420, idt_B: 0.138

[Rank 0] (epoch: 36, iters: 520, time: 0.076, data: 0.002) , D_A: 0.239, G_A: 0.209, cycle_A: 0.087, idt_A: 0.518, D_B: 0.147, G_B: 0.497, cycle_B: 0.490, idt_B: 0.115

[Rank 0] (epoch: 36, iters: 720, time: 0.029, data: 0.005) , D_A: 0.236, G_A: 0.367, cycle_A: 0.143, idt_A: 0.468, D_B: 0.101, G_B: 0.537, cycle_B: 0.410, idt_B: 0.205

[Rank 0] (epoch: 36, iters: 920, time: 0.030, data: 0.002) , D_A: 0.346, G_A: 0.418, cycle_A: 0.112, idt_A: 0.510, D_B: 0.188, G_B: 0.852, cycle_B: 0.503, idt_B: 0.159

[Rank 0] (epoch: 36, iters: 1120, time: 0.030, data: 0.149) , D_A: 0.245, G_A: 0.264, cycle_A: 0.126, idt_A: 0.419, D_B: 0.118, G_B: 1.236, cycle_B: 0.401, idt_B: 0.184

[Rank 0] (epoch: 36, iters: 1320, time: 0.026, data: 0.154) , D_A: 0.309, G_A: 0.355, cycle_A: 0.095, idt_A: 0.431, D_B: 0.245, G_B: 0.302, cycle_B: 0.437, idt_B: 0.147

[Rank 0] (epoch: 36, iters: 1520, time: 0.053, data: 0.002) , D_A: 0.217, G_A: 0.314, cycle_A: 0.144, idt_A: 0.391, D_B: 0.186, G_B: 0.347, cycle_B: 0.334, idt_B: 0.204

[Rank 0] (epoch: 36, iters: 1720, time: 0.030, data: 0.002) , D_A: 0.213, G_A: 0.289, cycle_A: 0.099, idt_A: 0.380, D_B: 0.173, G_B: 0.372, cycle_B: 0.368, idt_B: 0.167

[Rank 0] (epoch: 36, iters: 1920, time: 0.030, data: 0.003) , D_A: 0.255, G_A: 0.277, cycle_A: 0.100, idt_A: 0.357, D_B: 0.233, G_B: 0.117, cycle_B: 0.395, idt_B: 0.138

learning rate 0.0001500 -> 0.0001500
End of epoch 36 / 100 	 Time Taken: 58 sec
[Rank 0] (epoch: 37, iters: 192, time: 0.048, data: 0.003) , D_A: 0.217, G_A: 0.363, cycle_A: 0.121, idt_A: 0.376, D_B: 0.297, G_B: 1.332, cycle_B: 0.400, idt_B: 0.158

[Rank 0] (epoch: 37, iters: 392, time: 0.030, data: 0.003) , D_A: 0.239, G_A: 0.350, cycle_A: 0.107, idt_A: 0.419, D_B: 0.293, G_B: 0.459, cycle_B: 0.397, idt_B: 0.157

[Rank 0] (epoch: 37, iters: 592, time: 0.045, data: 0.161) , D_A: 0.251, G_A: 0.333, cycle_A: 0.093, idt_A: 0.466, D_B: 0.155, G_B: 0.323, cycle_B: 0.442, idt_B: 0.131

saving the latest model (epoch 37, total_iters 70000)
[Rank 0] (epoch: 37, iters: 792, time: 0.030, data: 0.003) , D_A: 0.208, G_A: 0.379, cycle_A: 0.114, idt_A: 0.431, D_B: 0.059, G_B: 1.194, cycle_B: 0.469, idt_B: 0.169

[Rank 0] (epoch: 37, iters: 992, time: 0.029, data: 0.005) , D_A: 0.220, G_A: 0.312, cycle_A: 0.100, idt_A: 0.421, D_B: 0.118, G_B: 0.437, cycle_B: 0.416, idt_B: 0.144

[Rank 0] (epoch: 37, iters: 1192, time: 0.026, data: 0.123) , D_A: 0.236, G_A: 0.288, cycle_A: 0.109, idt_A: 0.406, D_B: 0.089, G_B: 0.556, cycle_B: 0.437, idt_B: 0.136

[Rank 0] (epoch: 37, iters: 1392, time: 0.030, data: 0.002) , D_A: 0.219, G_A: 0.299, cycle_A: 0.183, idt_A: 0.434, D_B: 0.073, G_B: 1.091, cycle_B: 0.407, idt_B: 0.184

[Rank 0] (epoch: 37, iters: 1592, time: 0.049, data: 0.002) , D_A: 0.217, G_A: 0.378, cycle_A: 0.085, idt_A: 0.405, D_B: 0.023, G_B: 0.827, cycle_B: 0.485, idt_B: 0.123

[Rank 0] (epoch: 37, iters: 1792, time: 0.030, data: 0.003) , D_A: 0.255, G_A: 0.264, cycle_A: 0.093, idt_A: 0.420, D_B: 0.354, G_B: 0.631, cycle_B: 0.388, idt_B: 0.145

learning rate 0.0001500 -> 0.0001500
End of epoch 37 / 100 	 Time Taken: 58 sec
[Rank 0] (epoch: 38, iters: 64, time: 0.049, data: 0.087) , D_A: 0.222, G_A: 0.352, cycle_A: 0.099, idt_A: 0.418, D_B: 0.066, G_B: 0.972, cycle_B: 0.387, idt_B: 0.148

[Rank 0] (epoch: 38, iters: 264, time: 0.030, data: 0.005) , D_A: 0.317, G_A: 0.328, cycle_A: 0.137, idt_A: 0.463, D_B: 0.152, G_B: 0.603, cycle_B: 0.445, idt_B: 0.208

[Rank 0] (epoch: 38, iters: 464, time: 0.026, data: 0.160) , D_A: 0.221, G_A: 0.243, cycle_A: 0.108, idt_A: 0.318, D_B: 0.147, G_B: 0.662, cycle_B: 0.338, idt_B: 0.152

[Rank 0] (epoch: 38, iters: 664, time: 0.056, data: 0.002) , D_A: 0.212, G_A: 0.405, cycle_A: 0.106, idt_A: 0.443, D_B: 0.183, G_B: 0.633, cycle_B: 0.376, idt_B: 0.178

[Rank 0] (epoch: 38, iters: 864, time: 0.026, data: 0.006) , D_A: 0.229, G_A: 0.287, cycle_A: 0.104, idt_A: 0.365, D_B: 0.075, G_B: 1.085, cycle_B: 0.366, idt_B: 0.159

[Rank 0] (epoch: 38, iters: 1064, time: 0.030, data: 0.002) , D_A: 0.221, G_A: 0.349, cycle_A: 0.072, idt_A: 0.343, D_B: 0.149, G_B: 0.190, cycle_B: 0.356, idt_B: 0.106

[Rank 0] (epoch: 38, iters: 1264, time: 0.026, data: 0.002) , D_A: 0.233, G_A: 0.338, cycle_A: 0.102, idt_A: 0.420, D_B: 0.231, G_B: 0.306, cycle_B: 0.366, idt_B: 0.152

[Rank 0] (epoch: 38, iters: 1464, time: 0.030, data: 0.003) , D_A: 0.260, G_A: 0.241, cycle_A: 0.114, idt_A: 0.384, D_B: 0.183, G_B: 0.298, cycle_B: 0.348, idt_B: 0.159

[Rank 0] (epoch: 38, iters: 1664, time: 0.063, data: 0.002) , D_A: 0.212, G_A: 0.247, cycle_A: 0.122, idt_A: 0.405, D_B: 0.191, G_B: 0.404, cycle_B: 0.372, idt_B: 0.168

[Rank 0] (epoch: 38, iters: 1864, time: 0.030, data: 0.001) , D_A: 0.240, G_A: 0.303, cycle_A: 0.090, idt_A: 0.415, D_B: 0.129, G_B: 0.332, cycle_B: 0.461, idt_B: 0.126

learning rate 0.0001500 -> 0.0001500
End of epoch 38 / 100 	 Time Taken: 59 sec
[Rank 0] (epoch: 39, iters: 136, time: 0.045, data: 0.126) , D_A: 0.205, G_A: 0.257, cycle_A: 0.106, idt_A: 0.326, D_B: 0.123, G_B: 0.312, cycle_B: 0.348, idt_B: 0.136

[Rank 0] (epoch: 39, iters: 336, time: 0.030, data: 0.002) , D_A: 0.253, G_A: 0.217, cycle_A: 0.100, idt_A: 0.347, D_B: 0.095, G_B: 0.550, cycle_B: 0.346, idt_B: 0.146

[Rank 0] (epoch: 39, iters: 536, time: 0.030, data: 0.002) , D_A: 0.236, G_A: 0.196, cycle_A: 0.115, idt_A: 0.383, D_B: 0.121, G_B: 0.348, cycle_B: 0.397, idt_B: 0.144

[Rank 0] (epoch: 39, iters: 736, time: 0.055, data: 0.002) , D_A: 0.242, G_A: 0.282, cycle_A: 0.118, idt_A: 0.339, D_B: 0.149, G_B: 1.114, cycle_B: 0.371, idt_B: 0.150

[Rank 0] (epoch: 39, iters: 936, time: 0.026, data: 0.008) , D_A: 0.243, G_A: 0.227, cycle_A: 0.102, idt_A: 0.601, D_B: 0.209, G_B: 0.584, cycle_B: 0.478, idt_B: 0.144

[Rank 0] (epoch: 39, iters: 1136, time: 0.026, data: 0.001) , D_A: 0.223, G_A: 0.286, cycle_A: 0.120, idt_A: 0.422, D_B: 0.095, G_B: 1.309, cycle_B: 0.432, idt_B: 0.184

[Rank 0] (epoch: 39, iters: 1336, time: 0.030, data: 0.002) , D_A: 0.209, G_A: 0.204, cycle_A: 0.094, idt_A: 0.297, D_B: 0.090, G_B: 1.333, cycle_B: 0.321, idt_B: 0.134

[Rank 0] (epoch: 39, iters: 1536, time: 0.030, data: 0.003) , D_A: 0.186, G_A: 0.316, cycle_A: 0.131, idt_A: 0.414, D_B: 0.271, G_B: 0.416, cycle_B: 0.459, idt_B: 0.205

[Rank 0] (epoch: 39, iters: 1736, time: 0.056, data: 0.003) , D_A: 0.222, G_A: 0.309, cycle_A: 0.098, idt_A: 0.474, D_B: 0.056, G_B: 0.857, cycle_B: 0.471, idt_B: 0.138

saving the latest model (epoch 39, total_iters 75000)
learning rate 0.0001500 -> 0.0001500
End of epoch 39 / 100 	 Time Taken: 59 sec
[Rank 0] (epoch: 40, iters: 8, time: 0.051, data: 0.004) , D_A: 0.208, G_A: 0.271, cycle_A: 0.142, idt_A: 0.372, D_B: 0.056, G_B: 1.242, cycle_B: 0.386, idt_B: 0.220

[Rank 0] (epoch: 40, iters: 208, time: 0.026, data: 0.003) , D_A: 0.219, G_A: 0.380, cycle_A: 0.123, idt_A: 0.372, D_B: 0.047, G_B: 0.822, cycle_B: 0.418, idt_B: 0.174

[Rank 0] (epoch: 40, iters: 408, time: 0.030, data: 0.002) , D_A: 0.226, G_A: 0.308, cycle_A: 0.087, idt_A: 0.337, D_B: 0.136, G_B: 0.294, cycle_B: 0.357, idt_B: 0.113

[Rank 0] (epoch: 40, iters: 608, time: 0.030, data: 0.002) , D_A: 0.388, G_A: 0.359, cycle_A: 0.109, idt_A: 0.345, D_B: 0.061, G_B: 0.829, cycle_B: 0.374, idt_B: 0.150

[Rank 0] (epoch: 40, iters: 808, time: 0.049, data: 0.169) , D_A: 0.113, G_A: 0.567, cycle_A: 0.271, idt_A: 0.701, D_B: 0.061, G_B: 1.181, cycle_B: 0.672, idt_B: 0.284

[Rank 0] (epoch: 40, iters: 1008, time: 0.026, data: 0.001) , D_A: 0.101, G_A: 0.446, cycle_A: 0.128, idt_A: 0.436, D_B: 0.243, G_B: 0.284, cycle_B: 0.512, idt_B: 0.181

[Rank 0] (epoch: 40, iters: 1208, time: 0.030, data: 0.003) , D_A: 0.153, G_A: 0.249, cycle_A: 0.142, idt_A: 0.530, D_B: 0.152, G_B: 0.626, cycle_B: 0.429, idt_B: 0.211

[Rank 0] (epoch: 40, iters: 1408, time: 0.029, data: 0.002) , D_A: 0.170, G_A: 0.393, cycle_A: 0.098, idt_A: 0.332, D_B: 0.045, G_B: 0.955, cycle_B: 0.446, idt_B: 0.148

[Rank 0] (epoch: 40, iters: 1608, time: 0.026, data: 0.177) , D_A: 0.174, G_A: 0.301, cycle_A: 0.119, idt_A: 0.614, D_B: 0.491, G_B: 2.094, cycle_B: 0.449, idt_B: 0.182

[Rank 0] (epoch: 40, iters: 1808, time: 0.054, data: 0.002) , D_A: 0.222, G_A: 0.150, cycle_A: 0.118, idt_A: 0.366, D_B: 0.124, G_B: 0.349, cycle_B: 0.369, idt_B: 0.171

learning rate 0.0001500 -> 0.0001500
saving the model at the end of epoch 40, iters 77120
End of epoch 40 / 100 	 Time Taken: 58 sec
[Rank 0] (epoch: 41, iters: 80, time: 0.049, data: 0.002) , D_A: 0.216, G_A: 0.303, cycle_A: 0.124, idt_A: 0.368, D_B: 0.183, G_B: 0.208, cycle_B: 0.408, idt_B: 0.176

[Rank 0] (epoch: 41, iters: 280, time: 0.030, data: 0.002) , D_A: 0.184, G_A: 0.333, cycle_A: 0.129, idt_A: 0.683, D_B: 0.046, G_B: 1.000, cycle_B: 0.524, idt_B: 0.173

[Rank 0] (epoch: 41, iters: 480, time: 0.030, data: 0.002) , D_A: 0.206, G_A: 0.284, cycle_A: 0.134, idt_A: 0.382, D_B: 0.068, G_B: 0.613, cycle_B: 0.452, idt_B: 0.189

[Rank 0] (epoch: 41, iters: 680, time: 0.026, data: 0.154) , D_A: 0.198, G_A: 0.303, cycle_A: 0.090, idt_A: 0.492, D_B: 0.068, G_B: 1.215, cycle_B: 0.472, idt_B: 0.120

[Rank 0] (epoch: 41, iters: 880, time: 0.050, data: 0.002) , D_A: 0.222, G_A: 0.436, cycle_A: 0.119, idt_A: 0.321, D_B: 0.317, G_B: 0.292, cycle_B: 0.429, idt_B: 0.151

[Rank 0] (epoch: 41, iters: 1080, time: 0.030, data: 0.002) , D_A: 0.195, G_A: 0.322, cycle_A: 0.071, idt_A: 0.506, D_B: 0.287, G_B: 0.772, cycle_B: 0.380, idt_B: 0.093

[Rank 0] (epoch: 41, iters: 1280, time: 0.030, data: 0.003) , D_A: 0.127, G_A: 0.791, cycle_A: 0.207, idt_A: 0.424, D_B: 0.132, G_B: 0.272, cycle_B: 1.073, idt_B: 0.263

[Rank 0] (epoch: 41, iters: 1480, time: 0.026, data: 0.175) , D_A: 0.119, G_A: 0.519, cycle_A: 0.127, idt_A: 0.433, D_B: 0.031, G_B: 0.627, cycle_B: 0.411, idt_B: 0.158

[Rank 0] (epoch: 41, iters: 1680, time: 0.030, data: 0.002) , D_A: 0.190, G_A: 0.579, cycle_A: 0.208, idt_A: 0.426, D_B: 0.148, G_B: 0.198, cycle_B: 0.418, idt_B: 0.358

[Rank 0] (epoch: 41, iters: 1880, time: 0.048, data: 0.002) , D_A: 0.171, G_A: 0.482, cycle_A: 0.143, idt_A: 0.392, D_B: 0.082, G_B: 0.700, cycle_B: 0.349, idt_B: 0.230

learning rate 0.0001500 -> 0.0001500
End of epoch 41 / 100 	 Time Taken: 61 sec
[Rank 0] (epoch: 42, iters: 152, time: 0.049, data: 0.001) , D_A: 0.483, G_A: 1.148, cycle_A: 0.104, idt_A: 0.414, D_B: 0.129, G_B: 0.450, cycle_B: 0.444, idt_B: 0.122

[Rank 0] (epoch: 42, iters: 352, time: 0.030, data: 0.002) , D_A: 0.203, G_A: 0.461, cycle_A: 0.129, idt_A: 0.352, D_B: 0.172, G_B: 0.228, cycle_B: 0.376, idt_B: 0.178

[Rank 0] (epoch: 42, iters: 552, time: 0.026, data: 0.154) , D_A: 0.186, G_A: 0.532, cycle_A: 0.126, idt_A: 0.425, D_B: 0.057, G_B: 0.570, cycle_B: 0.400, idt_B: 0.195

[Rank 0] (epoch: 42, iters: 752, time: 0.030, data: 0.002) , D_A: 0.159, G_A: 0.653, cycle_A: 0.131, idt_A: 0.345, D_B: 0.121, G_B: 0.357, cycle_B: 0.364, idt_B: 0.179

[Rank 0] (epoch: 42, iters: 952, time: 0.048, data: 0.003) , D_A: 0.223, G_A: 0.334, cycle_A: 0.098, idt_A: 0.544, D_B: 0.158, G_B: 0.215, cycle_B: 0.468, idt_B: 0.143

saving the latest model (epoch 42, total_iters 80000)
[Rank 0] (epoch: 42, iters: 1152, time: 0.030, data: 0.003) , D_A: 0.191, G_A: 0.210, cycle_A: 0.119, idt_A: 0.435, D_B: 0.135, G_B: 0.423, cycle_B: 0.406, idt_B: 0.170

[Rank 0] (epoch: 42, iters: 1352, time: 0.026, data: 0.190) , D_A: 0.407, G_A: 0.946, cycle_A: 0.114, idt_A: 0.406, D_B: 0.136, G_B: 0.347, cycle_B: 0.388, idt_B: 0.158

[Rank 0] (epoch: 42, iters: 1552, time: 0.030, data: 0.003) , D_A: 0.199, G_A: 0.245, cycle_A: 0.117, idt_A: 0.444, D_B: 0.158, G_B: 0.214, cycle_B: 0.501, idt_B: 0.161

[Rank 0] (epoch: 42, iters: 1752, time: 0.026, data: 0.002) , D_A: 0.143, G_A: 0.286, cycle_A: 0.094, idt_A: 0.347, D_B: 0.207, G_B: 0.421, cycle_B: 0.372, idt_B: 0.127

learning rate 0.0001500 -> 0.0001500
End of epoch 42 / 100 	 Time Taken: 60 sec
[Rank 0] (epoch: 43, iters: 24, time: 0.055, data: 0.003) , D_A: 0.221, G_A: 0.239, cycle_A: 0.128, idt_A: 0.346, D_B: 0.161, G_B: 0.931, cycle_B: 0.341, idt_B: 0.132

[Rank 0] (epoch: 43, iters: 224, time: 0.030, data: 0.003) , D_A: 0.229, G_A: 0.259, cycle_A: 0.115, idt_A: 0.454, D_B: 0.163, G_B: 0.300, cycle_B: 0.366, idt_B: 0.163

[Rank 0] (epoch: 43, iters: 424, time: 0.030, data: 0.003) , D_A: 0.251, G_A: 0.324, cycle_A: 0.132, idt_A: 0.345, D_B: 0.121, G_B: 0.418, cycle_B: 0.387, idt_B: 0.130

[Rank 0] (epoch: 43, iters: 624, time: 0.026, data: 0.171) , D_A: 0.136, G_A: 0.346, cycle_A: 0.113, idt_A: 0.317, D_B: 0.173, G_B: 0.458, cycle_B: 0.327, idt_B: 0.153

[Rank 0] (epoch: 43, iters: 824, time: 0.030, data: 0.003) , D_A: 0.233, G_A: 0.436, cycle_A: 0.107, idt_A: 0.391, D_B: 0.060, G_B: 1.293, cycle_B: 0.423, idt_B: 0.165

[Rank 0] (epoch: 43, iters: 1024, time: 0.056, data: 0.002) , D_A: 0.275, G_A: 0.804, cycle_A: 0.101, idt_A: 0.374, D_B: 0.120, G_B: 0.935, cycle_B: 0.403, idt_B: 0.138

[Rank 0] (epoch: 43, iters: 1224, time: 0.030, data: 0.003) , D_A: 0.052, G_A: 0.950, cycle_A: 0.127, idt_A: 0.634, D_B: 0.029, G_B: 1.273, cycle_B: 0.556, idt_B: 0.191

[Rank 0] (epoch: 43, iters: 1424, time: 0.026, data: 0.175) , D_A: 0.064, G_A: 0.707, cycle_A: 0.117, idt_A: 0.364, D_B: 0.087, G_B: 0.427, cycle_B: 0.391, idt_B: 0.156

[Rank 0] (epoch: 43, iters: 1624, time: 0.030, data: 0.003) , D_A: 0.025, G_A: 0.883, cycle_A: 0.098, idt_A: 0.409, D_B: 0.121, G_B: 0.738, cycle_B: 0.423, idt_B: 0.136

[Rank 0] (epoch: 43, iters: 1824, time: 0.030, data: 0.002) , D_A: 0.081, G_A: 0.503, cycle_A: 0.147, idt_A: 0.415, D_B: 0.033, G_B: 1.019, cycle_B: 0.374, idt_B: 0.208

learning rate 0.0001500 -> 0.0001500
End of epoch 43 / 100 	 Time Taken: 61 sec
[Rank 0] (epoch: 44, iters: 96, time: 0.068, data: 0.003) , D_A: 0.086, G_A: 0.534, cycle_A: 0.130, idt_A: 0.642, D_B: 0.134, G_B: 0.395, cycle_B: 0.504, idt_B: 0.167

[Rank 0] (epoch: 44, iters: 296, time: 0.026, data: 0.003) , D_A: 0.217, G_A: 0.454, cycle_A: 0.134, idt_A: 0.361, D_B: 0.246, G_B: 0.930, cycle_B: 0.358, idt_B: 0.166

[Rank 0] (epoch: 44, iters: 496, time: 0.027, data: 0.003) , D_A: 0.130, G_A: 0.345, cycle_A: 0.095, idt_A: 0.362, D_B: 0.225, G_B: 0.674, cycle_B: 0.376, idt_B: 0.142

[Rank 0] (epoch: 44, iters: 696, time: 0.030, data: 0.002) , D_A: 0.161, G_A: 0.495, cycle_A: 0.101, idt_A: 0.603, D_B: 0.133, G_B: 0.771, cycle_B: 0.479, idt_B: 0.150

[Rank 0] (epoch: 44, iters: 896, time: 0.030, data: 0.003) , D_A: 0.191, G_A: 0.338, cycle_A: 0.145, idt_A: 0.375, D_B: 0.019, G_B: 1.171, cycle_B: 0.423, idt_B: 0.200

[Rank 0] (epoch: 44, iters: 1096, time: 0.046, data: 0.068) , D_A: 0.180, G_A: 0.574, cycle_A: 0.092, idt_A: 0.360, D_B: 0.085, G_B: 0.347, cycle_B: 0.376, idt_B: 0.127

[Rank 0] (epoch: 44, iters: 1296, time: 0.026, data: 0.003) , D_A: 0.150, G_A: 0.455, cycle_A: 0.102, idt_A: 0.395, D_B: 0.113, G_B: 0.449, cycle_B: 0.365, idt_B: 0.143

[Rank 0] (epoch: 44, iters: 1496, time: 0.030, data: 0.003) , D_A: 0.190, G_A: 0.195, cycle_A: 0.118, idt_A: 0.293, D_B: 0.037, G_B: 0.858, cycle_B: 0.300, idt_B: 0.152

[Rank 0] (epoch: 44, iters: 1696, time: 0.029, data: 0.006) , D_A: 0.111, G_A: 0.522, cycle_A: 0.127, idt_A: 0.357, D_B: 0.019, G_B: 0.967, cycle_B: 0.426, idt_B: 0.178

[Rank 0] (epoch: 44, iters: 1896, time: 0.030, data: 0.003) , D_A: 0.159, G_A: 0.375, cycle_A: 0.112, idt_A: 0.512, D_B: 0.011, G_B: 0.977, cycle_B: 0.401, idt_B: 0.150

learning rate 0.0001500 -> 0.0001500
End of epoch 44 / 100 	 Time Taken: 60 sec
[Rank 0] (epoch: 45, iters: 168, time: 0.047, data: 0.004) , D_A: 0.122, G_A: 0.559, cycle_A: 0.113, idt_A: 0.360, D_B: 0.078, G_B: 0.510, cycle_B: 0.374, idt_B: 0.132

saving the latest model (epoch 45, total_iters 85000)
[Rank 0] (epoch: 45, iters: 368, time: 0.030, data: 0.001) , D_A: 0.144, G_A: 0.398, cycle_A: 0.102, idt_A: 0.367, D_B: 0.170, G_B: 0.510, cycle_B: 0.393, idt_B: 0.123

[Rank 0] (epoch: 45, iters: 568, time: 0.026, data: 0.002) , D_A: 0.201, G_A: 0.786, cycle_A: 0.109, idt_A: 0.385, D_B: 0.063, G_B: 0.835, cycle_B: 0.444, idt_B: 0.137

[Rank 0] (epoch: 45, iters: 768, time: 0.026, data: 0.173) , D_A: 0.381, G_A: 0.706, cycle_A: 0.106, idt_A: 0.404, D_B: 0.122, G_B: 0.825, cycle_B: 0.348, idt_B: 0.132

[Rank 0] (epoch: 45, iters: 968, time: 0.030, data: 0.003) , D_A: 0.100, G_A: 0.434, cycle_A: 0.110, idt_A: 0.363, D_B: 0.022, G_B: 0.733, cycle_B: 0.375, idt_B: 0.143

[Rank 0] (epoch: 45, iters: 1168, time: 0.051, data: 0.004) , D_A: 0.116, G_A: 0.569, cycle_A: 0.123, idt_A: 0.392, D_B: 0.014, G_B: 0.970, cycle_B: 0.336, idt_B: 0.173

[Rank 0] (epoch: 45, iters: 1368, time: 0.030, data: 0.003) , D_A: 0.140, G_A: 0.318, cycle_A: 0.111, idt_A: 0.343, D_B: 0.038, G_B: 0.832, cycle_B: 0.452, idt_B: 0.134

[Rank 0] (epoch: 45, iters: 1568, time: 0.030, data: 0.002) , D_A: 0.191, G_A: 0.863, cycle_A: 0.130, idt_A: 0.402, D_B: 0.066, G_B: 0.868, cycle_B: 0.370, idt_B: 0.152

[Rank 0] (epoch: 45, iters: 1768, time: 0.026, data: 0.061) , D_A: 0.068, G_A: 0.568, cycle_A: 0.120, idt_A: 0.368, D_B: 0.066, G_B: 0.366, cycle_B: 0.397, idt_B: 0.156

learning rate 0.0001500 -> 0.0001500
End of epoch 45 / 100 	 Time Taken: 59 sec
[Rank 0] (epoch: 46, iters: 40, time: 0.045, data: 0.060) , D_A: 0.159, G_A: 0.592, cycle_A: 0.117, idt_A: 0.338, D_B: 0.024, G_B: 1.043, cycle_B: 0.340, idt_B: 0.135

[Rank 0] (epoch: 46, iters: 240, time: 0.050, data: 0.003) , D_A: 0.057, G_A: 0.823, cycle_A: 0.109, idt_A: 0.405, D_B: 0.129, G_B: 0.019, cycle_B: 0.351, idt_B: 0.138

[Rank 0] (epoch: 46, iters: 440, time: 0.030, data: 0.002) , D_A: 0.067, G_A: 0.771, cycle_A: 0.125, idt_A: 0.447, D_B: 0.032, G_B: 0.649, cycle_B: 0.358, idt_B: 0.157

[Rank 0] (epoch: 46, iters: 640, time: 0.030, data: 0.003) , D_A: 0.128, G_A: 0.457, cycle_A: 0.097, idt_A: 0.536, D_B: 0.195, G_B: 0.429, cycle_B: 0.449, idt_B: 0.133

[Rank 0] (epoch: 46, iters: 840, time: 0.026, data: 0.176) , D_A: 0.171, G_A: 0.636, cycle_A: 0.139, idt_A: 0.380, D_B: 0.092, G_B: 0.807, cycle_B: 0.436, idt_B: 0.134

[Rank 0] (epoch: 46, iters: 1040, time: 0.030, data: 0.002) , D_A: 0.118, G_A: 0.612, cycle_A: 0.155, idt_A: 0.406, D_B: 0.179, G_B: 0.182, cycle_B: 0.376, idt_B: 0.198

[Rank 0] (epoch: 46, iters: 1240, time: 0.074, data: 0.003) , D_A: 0.102, G_A: 0.349, cycle_A: 0.123, idt_A: 0.342, D_B: 0.120, G_B: 1.131, cycle_B: 0.310, idt_B: 0.170

[Rank 0] (epoch: 46, iters: 1440, time: 0.030, data: 0.001) , D_A: 0.142, G_A: 0.325, cycle_A: 0.107, idt_A: 0.334, D_B: 0.144, G_B: 0.671, cycle_B: 0.326, idt_B: 0.128

[Rank 0] (epoch: 46, iters: 1640, time: 0.026, data: 0.158) , D_A: 0.225, G_A: 0.341, cycle_A: 0.138, idt_A: 0.499, D_B: 0.184, G_B: 0.667, cycle_B: 0.439, idt_B: 0.182

[Rank 0] (epoch: 46, iters: 1840, time: 0.030, data: 0.002) , D_A: 0.139, G_A: 0.444, cycle_A: 0.126, idt_A: 0.454, D_B: 0.042, G_B: 0.602, cycle_B: 0.360, idt_B: 0.181

learning rate 0.0001500 -> 0.0001500
End of epoch 46 / 100 	 Time Taken: 61 sec
[Rank 0] (epoch: 47, iters: 112, time: 0.050, data: 0.004) , D_A: 0.054, G_A: 0.744, cycle_A: 0.131, idt_A: 0.379, D_B: 0.075, G_B: 0.855, cycle_B: 0.369, idt_B: 0.136

[Rank 0] (epoch: 47, iters: 312, time: 0.049, data: 0.003) , D_A: 0.100, G_A: 0.395, cycle_A: 0.120, idt_A: 0.401, D_B: 0.128, G_B: 0.294, cycle_B: 0.375, idt_B: 0.146

[Rank 0] (epoch: 47, iters: 512, time: 0.030, data: 0.003) , D_A: 0.137, G_A: 0.239, cycle_A: 0.096, idt_A: 0.364, D_B: 0.130, G_B: 1.032, cycle_B: 0.329, idt_B: 0.130

[Rank 0] (epoch: 47, iters: 712, time: 0.026, data: 0.164) , D_A: 0.157, G_A: 0.651, cycle_A: 0.125, idt_A: 0.345, D_B: 0.034, G_B: 0.641, cycle_B: 0.414, idt_B: 0.133

[Rank 0] (epoch: 47, iters: 912, time: 0.030, data: 0.004) , D_A: 0.094, G_A: 0.868, cycle_A: 0.133, idt_A: 0.314, D_B: 0.124, G_B: 0.218, cycle_B: 0.294, idt_B: 0.172

[Rank 0] (epoch: 47, iters: 1112, time: 0.030, data: 0.002) , D_A: 0.085, G_A: 0.539, cycle_A: 0.102, idt_A: 0.395, D_B: 0.190, G_B: 0.282, cycle_B: 0.381, idt_B: 0.132

[Rank 0] (epoch: 47, iters: 1312, time: 0.050, data: 0.003) , D_A: 0.095, G_A: 0.417, cycle_A: 0.097, idt_A: 0.356, D_B: 0.018, G_B: 0.727, cycle_B: 0.349, idt_B: 0.137

saving the latest model (epoch 47, total_iters 90000)
[Rank 0] (epoch: 47, iters: 1512, time: 0.030, data: 0.002) , D_A: 0.123, G_A: 0.390, cycle_A: 0.128, idt_A: 0.393, D_B: 0.056, G_B: 0.440, cycle_B: 0.402, idt_B: 0.175

[Rank 0] (epoch: 47, iters: 1712, time: 0.026, data: 0.155) , D_A: 0.087, G_A: 0.568, cycle_A: 0.102, idt_A: 0.507, D_B: 0.285, G_B: 0.028, cycle_B: 0.399, idt_B: 0.117

[Rank 0] (epoch: 47, iters: 1912, time: 0.030, data: 0.003) , D_A: 0.242, G_A: 1.579, cycle_A: 0.129, idt_A: 0.382, D_B: 0.150, G_B: 0.572, cycle_B: 0.406, idt_B: 0.183

learning rate 0.0001500 -> 0.0001500
End of epoch 47 / 100 	 Time Taken: 59 sec
[Rank 0] (epoch: 48, iters: 184, time: 0.049, data: 0.002) , D_A: 0.070, G_A: 0.549, cycle_A: 0.114, idt_A: 0.327, D_B: 0.016, G_B: 0.733, cycle_B: 0.327, idt_B: 0.153

[Rank 0] (epoch: 48, iters: 384, time: 0.049, data: 0.002) , D_A: 0.192, G_A: 0.743, cycle_A: 0.138, idt_A: 0.312, D_B: 0.030, G_B: 0.834, cycle_B: 0.341, idt_B: 0.166

[Rank 0] (epoch: 48, iters: 584, time: 0.026, data: 0.005) , D_A: 0.049, G_A: 0.701, cycle_A: 0.140, idt_A: 0.279, D_B: 0.112, G_B: 0.557, cycle_B: 0.274, idt_B: 0.225

[Rank 0] (epoch: 48, iters: 784, time: 0.030, data: 0.003) , D_A: 0.134, G_A: 0.427, cycle_A: 0.161, idt_A: 0.411, D_B: 0.029, G_B: 0.904, cycle_B: 0.419, idt_B: 0.207

[Rank 0] (epoch: 48, iters: 984, time: 0.026, data: 0.190) , D_A: 0.153, G_A: 0.348, cycle_A: 0.110, idt_A: 0.379, D_B: 0.012, G_B: 0.899, cycle_B: 0.338, idt_B: 0.139

[Rank 0] (epoch: 48, iters: 1184, time: 0.030, data: 0.002) , D_A: 0.178, G_A: 0.201, cycle_A: 0.128, idt_A: 0.500, D_B: 0.083, G_B: 0.747, cycle_B: 0.383, idt_B: 0.188

[Rank 0] (epoch: 48, iters: 1384, time: 0.065, data: 0.002) , D_A: 0.113, G_A: 0.384, cycle_A: 0.106, idt_A: 0.425, D_B: 0.066, G_B: 0.550, cycle_B: 0.350, idt_B: 0.124

[Rank 0] (epoch: 48, iters: 1584, time: 0.030, data: 0.002) , D_A: 0.157, G_A: 0.435, cycle_A: 0.132, idt_A: 0.375, D_B: 0.095, G_B: 0.778, cycle_B: 0.469, idt_B: 0.188

[Rank 0] (epoch: 48, iters: 1784, time: 0.030, data: 0.089) , D_A: 0.126, G_A: 0.802, cycle_A: 0.106, idt_A: 0.338, D_B: 0.115, G_B: 0.472, cycle_B: 0.316, idt_B: 0.129

learning rate 0.0001500 -> 0.0001500
End of epoch 48 / 100 	 Time Taken: 58 sec
[Rank 0] (epoch: 49, iters: 56, time: 0.050, data: 0.003) , D_A: 0.075, G_A: 0.873, cycle_A: 0.108, idt_A: 0.499, D_B: 0.341, G_B: 0.251, cycle_B: 0.514, idt_B: 0.239

[Rank 0] (epoch: 49, iters: 256, time: 0.030, data: 0.003) , D_A: 0.046, G_A: 0.851, cycle_A: 0.120, idt_A: 0.334, D_B: 0.190, G_B: 0.275, cycle_B: 0.336, idt_B: 0.139

[Rank 0] (epoch: 49, iters: 456, time: 0.051, data: 0.176) , D_A: 0.018, G_A: 0.913, cycle_A: 0.123, idt_A: 0.414, D_B: 0.126, G_B: 0.215, cycle_B: 0.415, idt_B: 0.190

[Rank 0] (epoch: 49, iters: 656, time: 0.030, data: 0.003) , D_A: 0.017, G_A: 0.812, cycle_A: 0.113, idt_A: 0.433, D_B: 0.222, G_B: 0.627, cycle_B: 0.467, idt_B: 0.132

[Rank 0] (epoch: 49, iters: 856, time: 0.030, data: 0.002) , D_A: 0.011, G_A: 0.993, cycle_A: 0.087, idt_A: 0.343, D_B: 0.058, G_B: 1.111, cycle_B: 0.326, idt_B: 0.121

[Rank 0] (epoch: 49, iters: 1056, time: 0.030, data: 0.002) , D_A: 0.130, G_A: 0.332, cycle_A: 0.129, idt_A: 0.401, D_B: 0.019, G_B: 0.921, cycle_B: 0.499, idt_B: 0.170

[Rank 0] (epoch: 49, iters: 1256, time: 0.026, data: 0.003) , D_A: 0.051, G_A: 0.670, cycle_A: 0.134, idt_A: 0.405, D_B: 0.072, G_B: 0.357, cycle_B: 0.401, idt_B: 0.191

[Rank 0] (epoch: 49, iters: 1456, time: 0.046, data: 0.018) , D_A: 0.033, G_A: 1.025, cycle_A: 0.098, idt_A: 0.515, D_B: 0.124, G_B: 0.807, cycle_B: 0.427, idt_B: 0.128

[Rank 0] (epoch: 49, iters: 1656, time: 0.030, data: 0.003) , D_A: 0.078, G_A: 0.792, cycle_A: 0.122, idt_A: 0.389, D_B: 0.300, G_B: 0.084, cycle_B: 0.350, idt_B: 0.153

[Rank 0] (epoch: 49, iters: 1856, time: 0.030, data: 0.003) , D_A: 0.104, G_A: 0.535, cycle_A: 0.135, idt_A: 0.369, D_B: 0.162, G_B: 0.171, cycle_B: 0.330, idt_B: 0.190

learning rate 0.0001500 -> 0.0001500
End of epoch 49 / 100 	 Time Taken: 58 sec
[Rank 0] (epoch: 50, iters: 128, time: 0.049, data: 0.003) , D_A: 0.136, G_A: 0.450, cycle_A: 0.121, idt_A: 0.281, D_B: 0.091, G_B: 0.996, cycle_B: 0.288, idt_B: 0.161

[Rank 0] (epoch: 50, iters: 328, time: 0.026, data: 0.022) , D_A: 0.112, G_A: 0.314, cycle_A: 0.126, idt_A: 0.302, D_B: 0.059, G_B: 0.828, cycle_B: 0.273, idt_B: 0.154

[Rank 0] (epoch: 50, iters: 528, time: 0.050, data: 0.004) , D_A: 0.213, G_A: 0.881, cycle_A: 0.122, idt_A: 0.340, D_B: 0.102, G_B: 0.532, cycle_B: 0.351, idt_B: 0.158

saving the latest model (epoch 50, total_iters 95000)
[Rank 0] (epoch: 50, iters: 728, time: 0.030, data: 0.003) , D_A: 0.152, G_A: 0.958, cycle_A: 0.111, idt_A: 0.403, D_B: 0.106, G_B: 0.198, cycle_B: 0.376, idt_B: 0.117

[Rank 0] (epoch: 50, iters: 928, time: 0.030, data: 0.002) , D_A: 0.175, G_A: 0.193, cycle_A: 0.160, idt_A: 0.320, D_B: 0.150, G_B: 0.474, cycle_B: 0.318, idt_B: 0.187

[Rank 0] (epoch: 50, iters: 1128, time: 0.030, data: 0.176) , D_A: 0.045, G_A: 1.315, cycle_A: 0.147, idt_A: 0.287, D_B: 0.049, G_B: 1.005, cycle_B: 0.358, idt_B: 0.204

[Rank 0] (epoch: 50, iters: 1328, time: 0.030, data: 0.052) , D_A: 0.040, G_A: 0.712, cycle_A: 0.101, idt_A: 0.599, D_B: 0.029, G_B: 0.798, cycle_B: 0.471, idt_B: 0.120

[Rank 0] (epoch: 50, iters: 1528, time: 0.059, data: 0.181) , D_A: 0.084, G_A: 0.694, cycle_A: 0.095, idt_A: 0.373, D_B: 0.292, G_B: 1.110, cycle_B: 0.319, idt_B: 0.119

[Rank 0] (epoch: 50, iters: 1728, time: 0.030, data: 0.001) , D_A: 0.138, G_A: 0.530, cycle_A: 0.157, idt_A: 0.409, D_B: 0.136, G_B: 0.157, cycle_B: 0.367, idt_B: 0.108

[Rank 0] (epoch: 50, iters: 1928, time: 0.024, data: 0.003) , D_A: 0.052, G_A: 0.504, cycle_A: 0.126, idt_A: 0.290, D_B: 0.198, G_B: 0.498, cycle_B: 0.284, idt_B: 0.147

learning rate 0.0001500 -> 0.0001500
saving the model at the end of epoch 50, iters 96400
End of epoch 50 / 100 	 Time Taken: 60 sec
[Rank 0] (epoch: 51, iters: 200, time: 0.047, data: 1.337) , D_A: 0.109, G_A: 0.647, cycle_A: 0.115, idt_A: 0.447, D_B: 0.169, G_B: 0.384, cycle_B: 0.372, idt_B: 0.157

[Rank 0] (epoch: 51, iters: 400, time: 0.030, data: 0.003) , D_A: 0.124, G_A: 0.675, cycle_A: 0.096, idt_A: 0.313, D_B: 0.088, G_B: 0.606, cycle_B: 0.363, idt_B: 0.112

[Rank 0] (epoch: 51, iters: 600, time: 0.051, data: 0.003) , D_A: 0.086, G_A: 0.471, cycle_A: 0.165, idt_A: 0.339, D_B: 0.139, G_B: 0.204, cycle_B: 0.363, idt_B: 0.176

[Rank 0] (epoch: 51, iters: 800, time: 0.030, data: 0.003) , D_A: 0.140, G_A: 0.638, cycle_A: 0.092, idt_A: 0.376, D_B: 0.070, G_B: 1.054, cycle_B: 0.316, idt_B: 0.131

[Rank 0] (epoch: 51, iters: 1000, time: 0.030, data: 0.003) , D_A: 0.083, G_A: 0.354, cycle_A: 0.126, idt_A: 0.321, D_B: 0.009, G_B: 1.005, cycle_B: 0.347, idt_B: 0.142

[Rank 0] (epoch: 51, iters: 1200, time: 0.026, data: 0.184) , D_A: 0.129, G_A: 0.581, cycle_A: 0.143, idt_A: 0.424, D_B: 0.052, G_B: 0.428, cycle_B: 0.355, idt_B: 0.158

[Rank 0] (epoch: 51, iters: 1400, time: 0.030, data: 0.002) , D_A: 0.065, G_A: 0.655, cycle_A: 0.128, idt_A: 0.280, D_B: 0.032, G_B: 0.678, cycle_B: 0.303, idt_B: 0.169

[Rank 0] (epoch: 51, iters: 1600, time: 0.056, data: 0.003) , D_A: 0.057, G_A: 0.526, cycle_A: 0.112, idt_A: 0.352, D_B: 0.116, G_B: 0.317, cycle_B: 0.363, idt_B: 0.140

[Rank 0] (epoch: 51, iters: 1800, time: 0.030, data: 0.003) , D_A: 0.088, G_A: 0.351, cycle_A: 0.096, idt_A: 0.378, D_B: 0.111, G_B: 0.518, cycle_B: 0.403, idt_B: 0.128

learning rate 0.0001500 -> 0.0001500
End of epoch 51 / 100 	 Time Taken: 59 sec
[Rank 0] (epoch: 52, iters: 72, time: 0.047, data: 0.001) , D_A: 0.187, G_A: 0.441, cycle_A: 0.114, idt_A: 0.385, D_B: 0.108, G_B: 0.839, cycle_B: 0.339, idt_B: 0.147

[Rank 0] (epoch: 52, iters: 272, time: 0.030, data: 0.003) , D_A: 0.047, G_A: 0.661, cycle_A: 0.114, idt_A: 0.336, D_B: 0.143, G_B: 0.419, cycle_B: 0.348, idt_B: 0.130

[Rank 0] (epoch: 52, iters: 472, time: 0.030, data: 0.002) , D_A: 0.119, G_A: 0.451, cycle_A: 0.126, idt_A: 0.324, D_B: 0.059, G_B: 1.576, cycle_B: 0.429, idt_B: 0.161

[Rank 0] (epoch: 52, iters: 672, time: 0.072, data: 0.002) , D_A: 0.115, G_A: 0.703, cycle_A: 0.133, idt_A: 0.313, D_B: 0.136, G_B: 0.382, cycle_B: 0.315, idt_B: 0.168

[Rank 0] (epoch: 52, iters: 872, time: 0.026, data: 0.005) , D_A: 0.075, G_A: 0.748, cycle_A: 0.087, idt_A: 0.448, D_B: 0.164, G_B: 0.213, cycle_B: 0.352, idt_B: 0.104

[Rank 0] (epoch: 52, iters: 1072, time: 0.026, data: 0.004) , D_A: 0.085, G_A: 0.340, cycle_A: 0.086, idt_A: 0.325, D_B: 0.099, G_B: 0.247, cycle_B: 0.371, idt_B: 0.097

[Rank 0] (epoch: 52, iters: 1272, time: 0.030, data: 0.002) , D_A: 0.038, G_A: 0.866, cycle_A: 0.117, idt_A: 0.334, D_B: 0.017, G_B: 0.973, cycle_B: 0.356, idt_B: 0.146

[Rank 0] (epoch: 52, iters: 1472, time: 0.030, data: 0.002) , D_A: 0.139, G_A: 0.861, cycle_A: 0.136, idt_A: 0.380, D_B: 0.147, G_B: 1.139, cycle_B: 0.380, idt_B: 0.174

[Rank 0] (epoch: 52, iters: 1672, time: 0.052, data: 0.127) , D_A: 0.060, G_A: 0.596, cycle_A: 0.121, idt_A: 0.314, D_B: 0.070, G_B: 0.419, cycle_B: 0.318, idt_B: 0.145

saving the latest model (epoch 52, total_iters 100000)
[Rank 0] (epoch: 52, iters: 1872, time: 0.026, data: 0.003) , D_A: 0.088, G_A: 0.334, cycle_A: 0.093, idt_A: 0.338, D_B: 0.024, G_B: 0.701, cycle_B: 0.352, idt_B: 0.130

learning rate 0.0001500 -> 0.0001500
End of epoch 52 / 100 	 Time Taken: 60 sec
[Rank 0] (epoch: 53, iters: 144, time: 0.047, data: 0.002) , D_A: 0.030, G_A: 1.129, cycle_A: 0.131, idt_A: 0.367, D_B: 0.065, G_B: 0.992, cycle_B: 0.368, idt_B: 0.190

[Rank 0] (epoch: 53, iters: 344, time: 0.030, data: 0.003) , D_A: 0.234, G_A: 0.215, cycle_A: 0.137, idt_A: 0.441, D_B: 0.139, G_B: 1.322, cycle_B: 0.344, idt_B: 0.152

[Rank 0] (epoch: 53, iters: 544, time: 0.030, data: 0.002) , D_A: 0.137, G_A: 0.700, cycle_A: 0.092, idt_A: 0.323, D_B: 0.530, G_B: 0.493, cycle_B: 0.321, idt_B: 0.120

[Rank 0] (epoch: 53, iters: 744, time: 0.046, data: 0.172) , D_A: 0.041, G_A: 0.831, cycle_A: 0.112, idt_A: 0.377, D_B: 0.213, G_B: 0.186, cycle_B: 0.330, idt_B: 0.147

[Rank 0] (epoch: 53, iters: 944, time: 0.030, data: 0.002) , D_A: 0.100, G_A: 0.398, cycle_A: 0.107, idt_A: 0.315, D_B: 0.172, G_B: 0.388, cycle_B: 0.307, idt_B: 0.133

[Rank 0] (epoch: 53, iters: 1144, time: 0.030, data: 0.003) , D_A: 0.151, G_A: 0.626, cycle_A: 0.125, idt_A: 0.396, D_B: 0.352, G_B: 0.516, cycle_B: 0.356, idt_B: 0.147

[Rank 0] (epoch: 53, iters: 1344, time: 0.030, data: 0.002) , D_A: 0.096, G_A: 0.754, cycle_A: 0.252, idt_A: 0.336, D_B: 0.355, G_B: 0.720, cycle_B: 0.402, idt_B: 0.110

[Rank 0] (epoch: 53, iters: 1544, time: 0.026, data: 0.149) , D_A: 0.085, G_A: 0.322, cycle_A: 0.119, idt_A: 0.320, D_B: 0.155, G_B: 0.381, cycle_B: 0.328, idt_B: 0.129

[Rank 0] (epoch: 53, iters: 1744, time: 0.055, data: 0.002) , D_A: 0.120, G_A: 0.495, cycle_A: 0.113, idt_A: 0.324, D_B: 0.166, G_B: 0.612, cycle_B: 0.317, idt_B: 0.148

learning rate 0.0001500 -> 0.0001500
End of epoch 53 / 100 	 Time Taken: 59 sec
[Rank 0] (epoch: 54, iters: 16, time: 0.066, data: 0.003) , D_A: 0.086, G_A: 0.944, cycle_A: 0.265, idt_A: 0.498, D_B: 0.023, G_B: 0.965, cycle_B: 0.728, idt_B: 0.415

[Rank 0] (epoch: 54, iters: 216, time: 0.030, data: 0.003) , D_A: 0.027, G_A: 0.916, cycle_A: 0.181, idt_A: 0.603, D_B: 0.015, G_B: 0.899, cycle_B: 0.742, idt_B: 0.275

[Rank 0] (epoch: 54, iters: 416, time: 0.030, data: 0.003) , D_A: 0.071, G_A: 1.094, cycle_A: 0.150, idt_A: 0.603, D_B: 0.018, G_B: 0.747, cycle_B: 0.623, idt_B: 0.266

[Rank 0] (epoch: 54, iters: 616, time: 0.030, data: 0.003) , D_A: 0.021, G_A: 0.970, cycle_A: 0.144, idt_A: 0.440, D_B: 0.019, G_B: 0.729, cycle_B: 0.574, idt_B: 0.240

[Rank 0] (epoch: 54, iters: 816, time: 0.054, data: 0.003) , D_A: 0.028, G_A: 0.726, cycle_A: 0.188, idt_A: 0.368, D_B: 0.013, G_B: 1.106, cycle_B: 0.443, idt_B: 0.319

[Rank 0] (epoch: 54, iters: 1016, time: 0.029, data: 0.003) , D_A: 0.011, G_A: 1.038, cycle_A: 0.146, idt_A: 0.434, D_B: 0.016, G_B: 0.821, cycle_B: 0.522, idt_B: 0.208

[Rank 0] (epoch: 54, iters: 1216, time: 0.026, data: 0.170) , D_A: 0.031, G_A: 0.857, cycle_A: 0.128, idt_A: 0.457, D_B: 0.036, G_B: 0.653, cycle_B: 0.515, idt_B: 0.181

[Rank 0] (epoch: 54, iters: 1416, time: 0.030, data: 0.002) , D_A: 0.021, G_A: 1.248, cycle_A: 0.159, idt_A: 0.580, D_B: 0.049, G_B: 0.393, cycle_B: 0.446, idt_B: 0.223

[Rank 0] (epoch: 54, iters: 1616, time: 0.030, data: 0.003) , D_A: 0.013, G_A: 0.916, cycle_A: 0.173, idt_A: 0.367, D_B: 0.074, G_B: 0.271, cycle_B: 0.468, idt_B: 0.303

[Rank 0] (epoch: 54, iters: 1816, time: 0.048, data: 0.004) , D_A: 0.012, G_A: 0.998, cycle_A: 0.149, idt_A: 0.420, D_B: 0.079, G_B: 0.930, cycle_B: 0.539, idt_B: 0.194

learning rate 0.0001500 -> 0.0001500
End of epoch 54 / 100 	 Time Taken: 60 sec
[Rank 0] (epoch: 55, iters: 88, time: 0.051, data: 0.044) , D_A: 0.062, G_A: 0.558, cycle_A: 0.164, idt_A: 0.426, D_B: 0.084, G_B: 0.725, cycle_B: 0.390, idt_B: 0.207

[Rank 0] (epoch: 55, iters: 288, time: 0.030, data: 0.003) , D_A: 0.199, G_A: 1.072, cycle_A: 0.135, idt_A: 0.407, D_B: 0.798, G_B: 1.774, cycle_B: 0.409, idt_B: 0.165

[Rank 0] (epoch: 55, iters: 488, time: 0.026, data: 0.176) , D_A: 0.071, G_A: 0.641, cycle_A: 0.083, idt_A: 0.381, D_B: 0.214, G_B: 0.418, cycle_B: 0.387, idt_B: 0.120

[Rank 0] (epoch: 55, iters: 688, time: 0.030, data: 0.002) , D_A: 0.107, G_A: 0.539, cycle_A: 0.114, idt_A: 0.373, D_B: 0.179, G_B: 0.501, cycle_B: 0.376, idt_B: 0.151

[Rank 0] (epoch: 55, iters: 888, time: 0.050, data: 0.002) , D_A: 0.040, G_A: 0.715, cycle_A: 0.109, idt_A: 0.410, D_B: 0.306, G_B: 0.738, cycle_B: 0.323, idt_B: 0.129

saving the latest model (epoch 55, total_iters 105000)
[Rank 0] (epoch: 55, iters: 1088, time: 0.030, data: 0.003) , D_A: 0.055, G_A: 0.551, cycle_A: 0.197, idt_A: 0.361, D_B: 0.052, G_B: 0.626, cycle_B: 0.480, idt_B: 0.324

[Rank 0] (epoch: 55, iters: 1288, time: 0.026, data: 0.166) , D_A: 0.052, G_A: 0.534, cycle_A: 0.138, idt_A: 0.332, D_B: 0.158, G_B: 0.214, cycle_B: 0.344, idt_B: 0.192

[Rank 0] (epoch: 55, iters: 1488, time: 0.030, data: 0.002) , D_A: 0.074, G_A: 0.518, cycle_A: 0.129, idt_A: 0.414, D_B: 0.246, G_B: 0.224, cycle_B: 0.364, idt_B: 0.142

[Rank 0] (epoch: 55, iters: 1688, time: 0.030, data: 0.002) , D_A: 0.041, G_A: 0.878, cycle_A: 0.123, idt_A: 0.336, D_B: 0.092, G_B: 0.743, cycle_B: 0.333, idt_B: 0.153

[Rank 0] (epoch: 55, iters: 1888, time: 0.049, data: 0.005) , D_A: 0.078, G_A: 0.447, cycle_A: 0.128, idt_A: 0.283, D_B: 0.105, G_B: 0.793, cycle_B: 0.297, idt_B: 0.151

learning rate 0.0001500 -> 0.0001500
End of epoch 55 / 100 	 Time Taken: 61 sec
[Rank 0] (epoch: 56, iters: 160, time: 0.071, data: 0.018) , D_A: 0.097, G_A: 0.796, cycle_A: 0.110, idt_A: 0.391, D_B: 0.139, G_B: 0.397, cycle_B: 0.333, idt_B: 0.141

[Rank 0] (epoch: 56, iters: 360, time: 0.026, data: 0.005) , D_A: 0.094, G_A: 0.376, cycle_A: 0.164, idt_A: 0.298, D_B: 0.163, G_B: 0.451, cycle_B: 0.318, idt_B: 0.230

[Rank 0] (epoch: 56, iters: 560, time: 0.030, data: 0.002) , D_A: 0.045, G_A: 0.721, cycle_A: 0.123, idt_A: 0.332, D_B: 0.099, G_B: 0.604, cycle_B: 0.367, idt_B: 0.170

[Rank 0] (epoch: 56, iters: 760, time: 0.029, data: 0.002) , D_A: 0.117, G_A: 0.348, cycle_A: 0.116, idt_A: 0.388, D_B: 0.095, G_B: 0.495, cycle_B: 0.390, idt_B: 0.151

[Rank 0] (epoch: 56, iters: 960, time: 0.051, data: 0.006) , D_A: 0.358, G_A: 1.459, cycle_A: 0.129, idt_A: 0.347, D_B: 0.178, G_B: 0.135, cycle_B: 0.322, idt_B: 0.158

[Rank 0] (epoch: 56, iters: 1160, time: 0.030, data: 0.002) , D_A: 0.119, G_A: 0.410, cycle_A: 0.139, idt_A: 0.363, D_B: 0.094, G_B: 1.051, cycle_B: 0.389, idt_B: 0.158

[Rank 0] (epoch: 56, iters: 1360, time: 0.030, data: 0.002) , D_A: 0.230, G_A: 0.710, cycle_A: 0.103, idt_A: 0.325, D_B: 0.085, G_B: 0.763, cycle_B: 0.327, idt_B: 0.126

[Rank 0] (epoch: 56, iters: 1560, time: 0.030, data: 0.004) , D_A: 0.233, G_A: 0.828, cycle_A: 0.119, idt_A: 0.502, D_B: 0.046, G_B: 0.550, cycle_B: 0.410, idt_B: 0.138

[Rank 0] (epoch: 56, iters: 1760, time: 0.026, data: 0.196) , D_A: 0.187, G_A: 0.795, cycle_A: 0.117, idt_A: 0.356, D_B: 0.112, G_B: 0.655, cycle_B: 0.369, idt_B: 0.146

learning rate 0.0001500 -> 0.0001500
End of epoch 56 / 100 	 Time Taken: 60 sec
[Rank 0] (epoch: 57, iters: 32, time: 0.051, data: 0.003) , D_A: 0.042, G_A: 0.666, cycle_A: 0.154, idt_A: 0.280, D_B: 0.213, G_B: 0.720, cycle_B: 0.296, idt_B: 0.219

[Rank 0] (epoch: 57, iters: 232, time: 0.030, data: 0.003) , D_A: 0.180, G_A: 0.630, cycle_A: 0.125, idt_A: 0.313, D_B: 0.033, G_B: 0.965, cycle_B: 0.308, idt_B: 0.173

[Rank 0] (epoch: 57, iters: 432, time: 0.026, data: 0.166) , D_A: 0.189, G_A: 0.381, cycle_A: 0.121, idt_A: 0.288, D_B: 0.269, G_B: 0.780, cycle_B: 0.318, idt_B: 0.124

[Rank 0] (epoch: 57, iters: 632, time: 0.030, data: 0.002) , D_A: 0.088, G_A: 0.935, cycle_A: 0.102, idt_A: 0.413, D_B: 0.067, G_B: 0.930, cycle_B: 0.411, idt_B: 0.135

[Rank 0] (epoch: 57, iters: 832, time: 0.030, data: 0.002) , D_A: 0.264, G_A: 1.077, cycle_A: 0.123, idt_A: 0.316, D_B: 0.142, G_B: 0.298, cycle_B: 0.298, idt_B: 0.134

[Rank 0] (epoch: 57, iters: 1032, time: 0.056, data: 0.003) , D_A: 0.087, G_A: 0.535, cycle_A: 0.156, idt_A: 0.338, D_B: 0.153, G_B: 0.502, cycle_B: 0.298, idt_B: 0.198

[Rank 0] (epoch: 57, iters: 1232, time: 0.026, data: 0.005) , D_A: 0.073, G_A: 0.549, cycle_A: 0.116, idt_A: 0.321, D_B: 0.028, G_B: 0.824, cycle_B: 0.332, idt_B: 0.140

[Rank 0] (epoch: 57, iters: 1432, time: 0.030, data: 0.003) , D_A: 0.159, G_A: 0.179, cycle_A: 0.137, idt_A: 0.368, D_B: 0.031, G_B: 0.927, cycle_B: 0.356, idt_B: 0.164

[Rank 0] (epoch: 57, iters: 1632, time: 0.030, data: 0.003) , D_A: 0.162, G_A: 0.645, cycle_A: 0.153, idt_A: 0.307, D_B: 0.019, G_B: 1.091, cycle_B: 0.323, idt_B: 0.181

[Rank 0] (epoch: 57, iters: 1832, time: 0.030, data: 0.003) , D_A: 0.203, G_A: 0.678, cycle_A: 0.111, idt_A: 0.331, D_B: 0.032, G_B: 1.318, cycle_B: 0.392, idt_B: 0.133

learning rate 0.0001500 -> 0.0001500
End of epoch 57 / 100 	 Time Taken: 59 sec
[Rank 0] (epoch: 58, iters: 104, time: 0.047, data: 0.113) , D_A: 0.093, G_A: 0.394, cycle_A: 0.107, idt_A: 0.301, D_B: 0.005, G_B: 0.929, cycle_B: 0.326, idt_B: 0.131

saving the latest model (epoch 58, total_iters 110000)
[Rank 0] (epoch: 58, iters: 304, time: 0.026, data: 0.003) , D_A: 0.116, G_A: 0.628, cycle_A: 0.156, idt_A: 0.338, D_B: 0.020, G_B: 0.536, cycle_B: 0.391, idt_B: 0.150

[Rank 0] (epoch: 58, iters: 504, time: 0.030, data: 0.003) , D_A: 0.083, G_A: 0.374, cycle_A: 0.130, idt_A: 0.357, D_B: 0.009, G_B: 0.953, cycle_B: 0.341, idt_B: 0.142

[Rank 0] (epoch: 58, iters: 704, time: 0.030, data: 0.003) , D_A: 0.086, G_A: 0.447, cycle_A: 0.153, idt_A: 0.363, D_B: 0.022, G_B: 1.244, cycle_B: 0.493, idt_B: 0.173

[Rank 0] (epoch: 58, iters: 904, time: 0.030, data: 0.002) , D_A: 0.085, G_A: 0.443, cycle_A: 0.097, idt_A: 0.301, D_B: 0.013, G_B: 0.774, cycle_B: 0.333, idt_B: 0.126

[Rank 0] (epoch: 58, iters: 1104, time: 0.047, data: 0.125) , D_A: 0.109, G_A: 0.676, cycle_A: 0.123, idt_A: 0.298, D_B: 0.015, G_B: 1.053, cycle_B: 0.368, idt_B: 0.135

[Rank 0] (epoch: 58, iters: 1304, time: 0.030, data: 0.002) , D_A: 0.049, G_A: 0.949, cycle_A: 0.106, idt_A: 0.322, D_B: 0.008, G_B: 1.080, cycle_B: 0.332, idt_B: 0.132

[Rank 0] (epoch: 58, iters: 1504, time: 0.030, data: 0.002) , D_A: 0.051, G_A: 0.659, cycle_A: 0.128, idt_A: 0.348, D_B: 0.145, G_B: 0.360, cycle_B: 0.332, idt_B: 0.171

[Rank 0] (epoch: 58, iters: 1704, time: 0.030, data: 0.002) , D_A: 0.212, G_A: 0.141, cycle_A: 0.114, idt_A: 0.315, D_B: 0.233, G_B: 0.504, cycle_B: 0.319, idt_B: 0.146

[Rank 0] (epoch: 58, iters: 1904, time: 0.026, data: 0.164) , D_A: 0.107, G_A: 0.467, cycle_A: 0.102, idt_A: 0.293, D_B: 0.227, G_B: 0.266, cycle_B: 0.272, idt_B: 0.108

learning rate 0.0001500 -> 0.0001500
End of epoch 58 / 100 	 Time Taken: 60 sec
[Rank 0] (epoch: 59, iters: 176, time: 0.050, data: 0.002) , D_A: 0.046, G_A: 0.610, cycle_A: 0.103, idt_A: 0.342, D_B: 0.142, G_B: 0.270, cycle_B: 0.386, idt_B: 0.118

[Rank 0] (epoch: 59, iters: 376, time: 0.030, data: 0.004) , D_A: 0.075, G_A: 0.414, cycle_A: 0.124, idt_A: 0.283, D_B: 0.056, G_B: 0.630, cycle_B: 0.336, idt_B: 0.166

[Rank 0] (epoch: 59, iters: 576, time: 0.030, data: 0.003) , D_A: 0.123, G_A: 0.894, cycle_A: 0.146, idt_A: 0.544, D_B: 0.038, G_B: 1.281, cycle_B: 0.477, idt_B: 0.179

[Rank 0] (epoch: 59, iters: 776, time: 0.030, data: 0.022) , D_A: 0.137, G_A: 0.936, cycle_A: 0.089, idt_A: 0.346, D_B: 0.149, G_B: 1.549, cycle_B: 0.355, idt_B: 0.119

[Rank 0] (epoch: 59, iters: 976, time: 0.026, data: 0.168) , D_A: 0.071, G_A: 0.410, cycle_A: 0.132, idt_A: 0.285, D_B: 0.279, G_B: 0.035, cycle_B: 0.305, idt_B: 0.168

[Rank 0] (epoch: 59, iters: 1176, time: 0.050, data: 0.002) , D_A: 0.113, G_A: 0.782, cycle_A: 0.115, idt_A: 0.290, D_B: 0.191, G_B: 0.313, cycle_B: 0.345, idt_B: 0.132

[Rank 0] (epoch: 59, iters: 1376, time: 0.030, data: 0.003) , D_A: 0.201, G_A: 0.218, cycle_A: 0.118, idt_A: 0.282, D_B: 0.053, G_B: 0.707, cycle_B: 0.308, idt_B: 0.142

[Rank 0] (epoch: 59, iters: 1576, time: 0.029, data: 0.191) , D_A: 0.100, G_A: 0.441, cycle_A: 0.114, idt_A: 0.317, D_B: 0.085, G_B: 0.581, cycle_B: 0.363, idt_B: 0.153

[Rank 0] (epoch: 59, iters: 1776, time: 0.030, data: 0.002) , D_A: 0.101, G_A: 0.348, cycle_A: 0.138, idt_A: 0.276, D_B: 0.037, G_B: 1.406, cycle_B: 0.311, idt_B: 0.206

learning rate 0.0001500 -> 0.0001500
End of epoch 59 / 100 	 Time Taken: 60 sec
[Rank 0] (epoch: 60, iters: 48, time: 0.051, data: 0.166) , D_A: 0.069, G_A: 0.544, cycle_A: 0.155, idt_A: 0.335, D_B: 0.125, G_B: 0.208, cycle_B: 0.346, idt_B: 0.177

[Rank 0] (epoch: 60, iters: 248, time: 0.070, data: 0.004) , D_A: 0.088, G_A: 0.346, cycle_A: 0.092, idt_A: 0.294, D_B: 0.033, G_B: 1.351, cycle_B: 0.345, idt_B: 0.126

[Rank 0] (epoch: 60, iters: 448, time: 0.030, data: 0.002) , D_A: 0.113, G_A: 0.475, cycle_A: 0.183, idt_A: 0.287, D_B: 0.097, G_B: 0.732, cycle_B: 0.344, idt_B: 0.265

[Rank 0] (epoch: 60, iters: 648, time: 0.026, data: 0.154) , D_A: 0.100, G_A: 0.730, cycle_A: 0.112, idt_A: 0.345, D_B: 0.079, G_B: 0.894, cycle_B: 0.339, idt_B: 0.125

[Rank 0] (epoch: 60, iters: 848, time: 0.030, data: 0.002) , D_A: 0.091, G_A: 0.488, cycle_A: 0.112, idt_A: 0.277, D_B: 0.019, G_B: 1.083, cycle_B: 0.292, idt_B: 0.158

[Rank 0] (epoch: 60, iters: 1048, time: 0.030, data: 0.003) , D_A: 0.057, G_A: 0.910, cycle_A: 0.110, idt_A: 0.285, D_B: 0.010, G_B: 0.908, cycle_B: 0.318, idt_B: 0.132

[Rank 0] (epoch: 60, iters: 1248, time: 0.051, data: 0.065) , D_A: 0.067, G_A: 0.473, cycle_A: 0.128, idt_A: 0.318, D_B: 0.021, G_B: 1.109, cycle_B: 0.365, idt_B: 0.167

saving the latest model (epoch 60, total_iters 115000)
[Rank 0] (epoch: 60, iters: 1448, time: 0.029, data: 0.002) , D_A: 0.052, G_A: 0.629, cycle_A: 0.099, idt_A: 0.294, D_B: 0.036, G_B: 0.911, cycle_B: 0.283, idt_B: 0.128

[Rank 0] (epoch: 60, iters: 1648, time: 0.030, data: 0.004) , D_A: 0.047, G_A: 0.636, cycle_A: 0.115, idt_A: 0.375, D_B: 0.006, G_B: 0.940, cycle_B: 0.315, idt_B: 0.138

[Rank 0] (epoch: 60, iters: 1848, time: 0.030, data: 0.003) , D_A: 0.048, G_A: 0.692, cycle_A: 0.099, idt_A: 0.297, D_B: 0.009, G_B: 1.034, cycle_B: 0.379, idt_B: 0.122

learning rate 0.0001500 -> 0.0001500
saving the model at the end of epoch 60, iters 115680
End of epoch 60 / 100 	 Time Taken: 59 sec
[Rank 0] (epoch: 61, iters: 120, time: 0.051, data: 0.167) , D_A: 0.660, G_A: 0.225, cycle_A: 0.159, idt_A: 0.332, D_B: 0.032, G_B: 0.655, cycle_B: 0.375, idt_B: 0.178

[Rank 0] (epoch: 61, iters: 320, time: 0.051, data: 0.002) , D_A: 0.119, G_A: 0.270, cycle_A: 0.104, idt_A: 0.280, D_B: 0.013, G_B: 0.973, cycle_B: 0.298, idt_B: 0.131

[Rank 0] (epoch: 61, iters: 520, time: 0.026, data: 0.005) , D_A: 0.218, G_A: 0.592, cycle_A: 0.122, idt_A: 0.299, D_B: 0.248, G_B: 1.143, cycle_B: 0.298, idt_B: 0.147

[Rank 0] (epoch: 61, iters: 720, time: 0.030, data: 0.002) , D_A: 0.044, G_A: 0.748, cycle_A: 0.118, idt_A: 0.314, D_B: 0.150, G_B: 0.255, cycle_B: 0.345, idt_B: 0.139

[Rank 0] (epoch: 61, iters: 920, time: 0.030, data: 0.002) , D_A: 0.076, G_A: 0.388, cycle_A: 0.109, idt_A: 0.407, D_B: 0.024, G_B: 0.759, cycle_B: 0.370, idt_B: 0.145

[Rank 0] (epoch: 61, iters: 1120, time: 0.030, data: 0.002) , D_A: 0.074, G_A: 0.502, cycle_A: 0.169, idt_A: 0.335, D_B: 0.152, G_B: 0.619, cycle_B: 0.331, idt_B: 0.155

[Rank 0] (epoch: 61, iters: 1320, time: 0.050, data: 0.068) , D_A: 0.034, G_A: 0.757, cycle_A: 0.090, idt_A: 0.302, D_B: 0.026, G_B: 0.975, cycle_B: 0.295, idt_B: 0.124

[Rank 0] (epoch: 61, iters: 1520, time: 0.030, data: 0.002) , D_A: 0.278, G_A: 1.222, cycle_A: 0.089, idt_A: 0.296, D_B: 0.005, G_B: 0.956, cycle_B: 0.306, idt_B: 0.113

[Rank 0] (epoch: 61, iters: 1720, time: 0.030, data: 0.003) , D_A: 0.030, G_A: 1.181, cycle_A: 0.132, idt_A: 0.396, D_B: 0.019, G_B: 1.320, cycle_B: 0.446, idt_B: 0.159

[Rank 0] (epoch: 61, iters: 1920, time: 0.030, data: 0.176) , D_A: 0.086, G_A: 0.505, cycle_A: 0.136, idt_A: 0.276, D_B: 0.011, G_B: 0.929, cycle_B: 0.403, idt_B: 0.151

learning rate 0.0001500 -> 0.0001500
End of epoch 61 / 100 	 Time Taken: 60 sec
[Rank 0] (epoch: 62, iters: 192, time: 0.070, data: 0.001) , D_A: 0.066, G_A: 0.446, cycle_A: 0.158, idt_A: 0.388, D_B: 0.094, G_B: 0.259, cycle_B: 0.327, idt_B: 0.176

[Rank 0] (epoch: 62, iters: 392, time: 0.046, data: 0.005) , D_A: 0.088, G_A: 0.736, cycle_A: 0.129, idt_A: 0.292, D_B: 0.075, G_B: 0.444, cycle_B: 0.330, idt_B: 0.168

[Rank 0] (epoch: 62, iters: 592, time: 0.026, data: 0.004) , D_A: 0.134, G_A: 0.351, cycle_A: 0.144, idt_A: 0.308, D_B: 0.132, G_B: 0.377, cycle_B: 0.338, idt_B: 0.177

[Rank 0] (epoch: 62, iters: 792, time: 0.030, data: 0.004) , D_A: 0.065, G_A: 0.560, cycle_A: 0.117, idt_A: 0.289, D_B: 0.007, G_B: 1.025, cycle_B: 0.306, idt_B: 0.143

[Rank 0] (epoch: 62, iters: 992, time: 0.030, data: 0.002) , D_A: 0.304, G_A: 0.998, cycle_A: 0.158, idt_A: 0.330, D_B: 0.039, G_B: 0.764, cycle_B: 0.435, idt_B: 0.165

[Rank 0] (epoch: 62, iters: 1192, time: 0.030, data: 0.003) , D_A: 0.205, G_A: 0.208, cycle_A: 0.100, idt_A: 0.330, D_B: 0.233, G_B: 1.235, cycle_B: 0.314, idt_B: 0.125

[Rank 0] (epoch: 62, iters: 1392, time: 0.057, data: 0.174) , D_A: 0.173, G_A: 0.374, cycle_A: 0.134, idt_A: 0.319, D_B: 0.081, G_B: 0.395, cycle_B: 0.302, idt_B: 0.139

[Rank 0] (epoch: 62, iters: 1592, time: 0.030, data: 0.002) , D_A: 0.036, G_A: 0.640, cycle_A: 0.231, idt_A: 0.289, D_B: 0.207, G_B: 0.219, cycle_B: 0.316, idt_B: 0.147

[Rank 0] (epoch: 62, iters: 1792, time: 0.030, data: 0.002) , D_A: 0.120, G_A: 1.023, cycle_A: 0.097, idt_A: 0.419, D_B: 0.167, G_B: 0.264, cycle_B: 0.394, idt_B: 0.134

learning rate 0.0001500 -> 0.0001500
End of epoch 62 / 100 	 Time Taken: 59 sec
[Rank 0] (epoch: 63, iters: 64, time: 0.049, data: 0.002) , D_A: 0.159, G_A: 0.206, cycle_A: 0.111, idt_A: 0.404, D_B: 0.247, G_B: 0.481, cycle_B: 0.325, idt_B: 0.134

[Rank 0] (epoch: 63, iters: 264, time: 0.030, data: 0.003) , D_A: 0.073, G_A: 0.631, cycle_A: 0.129, idt_A: 0.318, D_B: 0.181, G_B: 0.185, cycle_B: 0.362, idt_B: 0.163

[Rank 0] (epoch: 63, iters: 464, time: 0.067, data: 0.149) , D_A: 0.152, G_A: 0.551, cycle_A: 0.109, idt_A: 0.306, D_B: 0.137, G_B: 0.479, cycle_B: 0.300, idt_B: 0.133

saving the latest model (epoch 63, total_iters 120000)
[Rank 0] (epoch: 63, iters: 664, time: 0.026, data: 0.003) , D_A: 0.079, G_A: 0.466, cycle_A: 0.113, idt_A: 0.275, D_B: 0.201, G_B: 0.386, cycle_B: 0.298, idt_B: 0.148

[Rank 0] (epoch: 63, iters: 864, time: 0.030, data: 0.005) , D_A: 0.116, G_A: 0.278, cycle_A: 0.120, idt_A: 0.368, D_B: 0.153, G_B: 0.439, cycle_B: 0.304, idt_B: 0.131

[Rank 0] (epoch: 63, iters: 1064, time: 0.029, data: 0.003) , D_A: 0.142, G_A: 0.665, cycle_A: 0.165, idt_A: 0.276, D_B: 0.192, G_B: 0.270, cycle_B: 0.255, idt_B: 0.131

[Rank 0] (epoch: 63, iters: 1264, time: 0.030, data: 0.002) , D_A: 0.309, G_A: 0.216, cycle_A: 0.199, idt_A: 1.079, D_B: 0.059, G_B: 0.516, cycle_B: 0.698, idt_B: 0.143

[Rank 0] (epoch: 63, iters: 1464, time: 0.060, data: 0.139) , D_A: 0.275, G_A: 0.269, cycle_A: 0.096, idt_A: 0.598, D_B: 0.043, G_B: 1.352, cycle_B: 0.540, idt_B: 0.150

[Rank 0] (epoch: 63, iters: 1664, time: 0.026, data: 0.007) , D_A: 0.245, G_A: 0.313, cycle_A: 0.098, idt_A: 0.463, D_B: 0.189, G_B: 0.180, cycle_B: 0.456, idt_B: 0.131

[Rank 0] (epoch: 63, iters: 1864, time: 0.030, data: 0.002) , D_A: 0.246, G_A: 0.277, cycle_A: 0.098, idt_A: 0.393, D_B: 0.145, G_B: 0.660, cycle_B: 0.383, idt_B: 0.139

learning rate 0.0001500 -> 0.0001500
End of epoch 63 / 100 	 Time Taken: 59 sec
[Rank 0] (epoch: 64, iters: 136, time: 0.049, data: 0.002) , D_A: 0.220, G_A: 0.274, cycle_A: 0.112, idt_A: 0.372, D_B: 0.153, G_B: 0.208, cycle_B: 0.391, idt_B: 0.165

[Rank 0] (epoch: 64, iters: 336, time: 0.026, data: 0.003) , D_A: 0.231, G_A: 0.278, cycle_A: 0.103, idt_A: 0.425, D_B: 0.087, G_B: 0.572, cycle_B: 0.349, idt_B: 0.149

[Rank 0] (epoch: 64, iters: 536, time: 0.050, data: 0.001) , D_A: 0.239, G_A: 0.262, cycle_A: 0.084, idt_A: 0.361, D_B: 0.076, G_B: 1.258, cycle_B: 0.360, idt_B: 0.122

[Rank 0] (epoch: 64, iters: 736, time: 0.029, data: 0.001) , D_A: 0.241, G_A: 0.269, cycle_A: 0.119, idt_A: 0.360, D_B: 0.020, G_B: 0.987, cycle_B: 0.381, idt_B: 0.153

[Rank 0] (epoch: 64, iters: 936, time: 0.026, data: 0.168) , D_A: 0.242, G_A: 0.269, cycle_A: 0.085, idt_A: 0.399, D_B: 0.010, G_B: 1.033, cycle_B: 0.368, idt_B: 0.127

[Rank 0] (epoch: 64, iters: 1136, time: 0.029, data: 0.002) , D_A: 0.247, G_A: 0.246, cycle_A: 0.094, idt_A: 0.287, D_B: 0.181, G_B: 0.266, cycle_B: 0.301, idt_B: 0.129

[Rank 0] (epoch: 64, iters: 1336, time: 0.029, data: 0.005) , D_A: 0.269, G_A: 0.256, cycle_A: 0.079, idt_A: 0.322, D_B: 0.153, G_B: 0.369, cycle_B: 0.318, idt_B: 0.111

[Rank 0] (epoch: 64, iters: 1536, time: 0.058, data: 0.002) , D_A: 0.261, G_A: 0.255, cycle_A: 0.072, idt_A: 0.329, D_B: 0.162, G_B: 0.316, cycle_B: 0.362, idt_B: 0.099

[Rank 0] (epoch: 64, iters: 1736, time: 0.029, data: 0.002) , D_A: 0.244, G_A: 0.307, cycle_A: 0.104, idt_A: 0.369, D_B: 0.055, G_B: 1.239, cycle_B: 0.407, idt_B: 0.158

learning rate 0.0001500 -> 0.0001500
End of epoch 64 / 100 	 Time Taken: 58 sec
[Rank 0] (epoch: 65, iters: 8, time: 0.086, data: 0.083) , D_A: 0.244, G_A: 0.263, cycle_A: 0.100, idt_A: 0.340, D_B: 0.028, G_B: 1.029, cycle_B: 0.384, idt_B: 0.139

[Rank 0] (epoch: 65, iters: 208, time: 0.026, data: 0.004) , D_A: 0.256, G_A: 0.251, cycle_A: 0.063, idt_A: 0.412, D_B: 0.064, G_B: 1.200, cycle_B: 0.375, idt_B: 0.096

[Rank 0] (epoch: 65, iters: 408, time: 0.026, data: 0.002) , D_A: 0.260, G_A: 0.250, cycle_A: 0.074, idt_A: 0.299, D_B: 0.026, G_B: 0.719, cycle_B: 0.321, idt_B: 0.110

[Rank 0] (epoch: 65, iters: 608, time: 0.051, data: 0.002) , D_A: 0.258, G_A: 0.235, cycle_A: 0.110, idt_A: 0.290, D_B: 0.037, G_B: 0.455, cycle_B: 0.289, idt_B: 0.146

[Rank 0] (epoch: 65, iters: 808, time: 0.026, data: 0.004) , D_A: 0.254, G_A: 0.260, cycle_A: 0.066, idt_A: 0.295, D_B: 0.143, G_B: 0.347, cycle_B: 0.290, idt_B: 0.098

[Rank 0] (epoch: 65, iters: 1008, time: 0.030, data: 0.003) , D_A: 0.248, G_A: 0.249, cycle_A: 0.088, idt_A: 0.311, D_B: 0.070, G_B: 0.803, cycle_B: 0.326, idt_B: 0.130

[Rank 0] (epoch: 65, iters: 1208, time: 0.026, data: 0.002) , D_A: 0.264, G_A: 0.238, cycle_A: 0.106, idt_A: 0.278, D_B: 0.068, G_B: 0.461, cycle_B: 0.322, idt_B: 0.144

[Rank 0] (epoch: 65, iters: 1408, time: 0.030, data: 0.002) , D_A: 0.248, G_A: 0.278, cycle_A: 0.098, idt_A: 0.329, D_B: 0.017, G_B: 0.893, cycle_B: 0.349, idt_B: 0.152

[Rank 0] (epoch: 65, iters: 1608, time: 0.049, data: 0.003) , D_A: 0.241, G_A: 0.241, cycle_A: 0.095, idt_A: 0.357, D_B: 0.054, G_B: 0.738, cycle_B: 0.310, idt_B: 0.129

saving the latest model (epoch 65, total_iters 125000)
[Rank 0] (epoch: 65, iters: 1808, time: 0.030, data: 0.001) , D_A: 0.248, G_A: 0.259, cycle_A: 0.081, idt_A: 0.298, D_B: 0.017, G_B: 0.901, cycle_B: 0.316, idt_B: 0.118

learning rate 0.0001500 -> 0.0001500
End of epoch 65 / 100 	 Time Taken: 58 sec
[Rank 0] (epoch: 66, iters: 80, time: 0.051, data: 0.004) , D_A: 0.248, G_A: 0.278, cycle_A: 0.094, idt_A: 0.281, D_B: 0.110, G_B: 0.147, cycle_B: 0.298, idt_B: 0.152

[Rank 0] (epoch: 66, iters: 280, time: 0.026, data: 0.003) , D_A: 0.257, G_A: 0.241, cycle_A: 0.073, idt_A: 0.274, D_B: 0.080, G_B: 0.305, cycle_B: 0.302, idt_B: 0.118

[Rank 0] (epoch: 66, iters: 480, time: 0.029, data: 0.003) , D_A: 0.247, G_A: 0.235, cycle_A: 0.099, idt_A: 0.259, D_B: 0.039, G_B: 0.772, cycle_B: 0.291, idt_B: 0.162

[Rank 0] (epoch: 66, iters: 680, time: 0.077, data: 0.002) , D_A: 0.254, G_A: 0.256, cycle_A: 0.117, idt_A: 0.286, D_B: 0.013, G_B: 0.796, cycle_B: 0.309, idt_B: 0.179

[Rank 0] (epoch: 66, iters: 880, time: 0.030, data: 0.001) , D_A: 0.248, G_A: 0.291, cycle_A: 0.075, idt_A: 0.245, D_B: 0.242, G_B: 0.074, cycle_B: 0.273, idt_B: 0.122

[Rank 0] (epoch: 66, iters: 1080, time: 0.030, data: 0.130) , D_A: 0.248, G_A: 0.256, cycle_A: 0.062, idt_A: 0.316, D_B: 0.221, G_B: 0.163, cycle_B: 0.325, idt_B: 0.097

[Rank 0] (epoch: 66, iters: 1280, time: 0.029, data: 0.003) , D_A: 0.236, G_A: 0.257, cycle_A: 0.078, idt_A: 0.302, D_B: 0.150, G_B: 0.450, cycle_B: 0.362, idt_B: 0.118

[Rank 0] (epoch: 66, iters: 1480, time: 0.026, data: 0.188) , D_A: 0.246, G_A: 0.262, cycle_A: 0.097, idt_A: 0.356, D_B: 0.229, G_B: 0.334, cycle_B: 0.303, idt_B: 0.162

[Rank 0] (epoch: 66, iters: 1680, time: 0.052, data: 0.002) , D_A: 0.242, G_A: 0.259, cycle_A: 0.116, idt_A: 0.262, D_B: 0.016, G_B: 0.785, cycle_B: 0.303, idt_B: 0.175

[Rank 0] (epoch: 66, iters: 1880, time: 0.030, data: 0.003) , D_A: 0.241, G_A: 0.265, cycle_A: 0.103, idt_A: 0.313, D_B: 0.009, G_B: 1.022, cycle_B: 0.319, idt_B: 0.171

learning rate 0.0001500 -> 0.0001500
End of epoch 66 / 100 	 Time Taken: 59 sec
[Rank 0] (epoch: 67, iters: 152, time: 0.063, data: 0.005) , D_A: 0.239, G_A: 0.249, cycle_A: 0.085, idt_A: 0.272, D_B: 0.075, G_B: 1.125, cycle_B: 0.326, idt_B: 0.135

[Rank 0] (epoch: 67, iters: 352, time: 0.030, data: 0.004) , D_A: 0.258, G_A: 0.250, cycle_A: 0.103, idt_A: 0.316, D_B: 0.041, G_B: 1.051, cycle_B: 0.356, idt_B: 0.157

[Rank 0] (epoch: 67, iters: 552, time: 0.026, data: 0.155) , D_A: 0.255, G_A: 0.250, cycle_A: 0.094, idt_A: 0.216, D_B: 0.037, G_B: 0.674, cycle_B: 0.245, idt_B: 0.153

[Rank 0] (epoch: 67, iters: 752, time: 0.058, data: 0.002) , D_A: 0.243, G_A: 0.254, cycle_A: 0.086, idt_A: 0.329, D_B: 0.079, G_B: 0.957, cycle_B: 0.303, idt_B: 0.135

[Rank 0] (epoch: 67, iters: 952, time: 0.026, data: 0.007) , D_A: 0.261, G_A: 0.226, cycle_A: 0.077, idt_A: 0.241, D_B: 0.022, G_B: 1.019, cycle_B: 0.271, idt_B: 0.123

[Rank 0] (epoch: 67, iters: 1152, time: 0.030, data: 0.003) , D_A: 0.256, G_A: 0.244, cycle_A: 0.078, idt_A: 0.258, D_B: 0.011, G_B: 0.930, cycle_B: 0.322, idt_B: 0.124

[Rank 0] (epoch: 67, iters: 1352, time: 0.030, data: 0.002) , D_A: 0.252, G_A: 0.250, cycle_A: 0.095, idt_A: 0.292, D_B: 0.007, G_B: 0.918, cycle_B: 0.281, idt_B: 0.143

[Rank 0] (epoch: 67, iters: 1552, time: 0.029, data: 0.003) , D_A: 0.251, G_A: 0.219, cycle_A: 0.085, idt_A: 0.296, D_B: 0.300, G_B: 1.509, cycle_B: 0.361, idt_B: 0.122

[Rank 0] (epoch: 67, iters: 1752, time: 0.045, data: 0.198) , D_A: 0.248, G_A: 0.266, cycle_A: 0.088, idt_A: 0.327, D_B: 0.018, G_B: 0.865, cycle_B: 0.387, idt_B: 0.154

learning rate 0.0001500 -> 0.0001500
End of epoch 67 / 100 	 Time Taken: 61 sec
[Rank 0] (epoch: 68, iters: 24, time: 0.067, data: 0.002) , D_A: 0.240, G_A: 0.257, cycle_A: 0.077, idt_A: 0.253, D_B: 0.013, G_B: 0.768, cycle_B: 0.308, idt_B: 0.121

[Rank 0] (epoch: 68, iters: 224, time: 0.030, data: 0.002) , D_A: 0.247, G_A: 0.270, cycle_A: 0.083, idt_A: 0.300, D_B: 0.008, G_B: 0.955, cycle_B: 0.308, idt_B: 0.127

[Rank 0] (epoch: 68, iters: 424, time: 0.026, data: 0.179) , D_A: 0.243, G_A: 0.248, cycle_A: 0.104, idt_A: 0.272, D_B: 0.018, G_B: 0.918, cycle_B: 0.275, idt_B: 0.152

[Rank 0] (epoch: 68, iters: 624, time: 0.030, data: 0.002) , D_A: 0.248, G_A: 0.286, cycle_A: 0.079, idt_A: 0.293, D_B: 0.008, G_B: 1.034, cycle_B: 0.301, idt_B: 0.125

[Rank 0] (epoch: 68, iters: 824, time: 0.050, data: 0.003) , D_A: 0.267, G_A: 0.237, cycle_A: 0.080, idt_A: 0.398, D_B: 0.009, G_B: 0.896, cycle_B: 0.300, idt_B: 0.131

saving the latest model (epoch 68, total_iters 130000)
[Rank 0] (epoch: 68, iters: 1024, time: 0.030, data: 0.003) , D_A: 0.241, G_A: 0.259, cycle_A: 0.084, idt_A: 0.258, D_B: 0.035, G_B: 1.203, cycle_B: 0.298, idt_B: 0.136

[Rank 0] (epoch: 68, iters: 1224, time: 0.026, data: 0.147) , D_A: 0.248, G_A: 0.252, cycle_A: 0.080, idt_A: 0.270, D_B: 0.024, G_B: 0.809, cycle_B: 0.291, idt_B: 0.124

[Rank 0] (epoch: 68, iters: 1424, time: 0.030, data: 0.002) , D_A: 0.268, G_A: 0.287, cycle_A: 0.099, idt_A: 0.212, D_B: 0.011, G_B: 0.843, cycle_B: 0.256, idt_B: 0.130

[Rank 0] (epoch: 68, iters: 1624, time: 0.030, data: 0.002) , D_A: 0.240, G_A: 0.219, cycle_A: 0.109, idt_A: 0.254, D_B: 0.096, G_B: 0.431, cycle_B: 0.292, idt_B: 0.175

[Rank 0] (epoch: 68, iters: 1824, time: 0.046, data: 0.136) , D_A: 0.251, G_A: 0.267, cycle_A: 0.071, idt_A: 0.244, D_B: 0.156, G_B: 0.228, cycle_B: 0.271, idt_B: 0.111

learning rate 0.0001500 -> 0.0001500
End of epoch 68 / 100 	 Time Taken: 62 sec
[Rank 0] (epoch: 69, iters: 96, time: 0.050, data: 0.002) , D_A: 0.244, G_A: 0.244, cycle_A: 0.098, idt_A: 0.278, D_B: 0.488, G_B: 1.035, cycle_B: 0.311, idt_B: 0.149

[Rank 0] (epoch: 69, iters: 296, time: 0.026, data: 0.028) , D_A: 0.267, G_A: 0.208, cycle_A: 0.095, idt_A: 0.296, D_B: 0.146, G_B: 0.870, cycle_B: 0.315, idt_B: 0.143

[Rank 0] (epoch: 69, iters: 496, time: 0.030, data: 0.003) , D_A: 0.244, G_A: 0.233, cycle_A: 0.064, idt_A: 0.283, D_B: 0.132, G_B: 0.602, cycle_B: 0.313, idt_B: 0.099

[Rank 0] (epoch: 69, iters: 696, time: 0.029, data: 0.003) , D_A: 0.240, G_A: 0.264, cycle_A: 0.099, idt_A: 0.380, D_B: 0.252, G_B: 0.071, cycle_B: 0.332, idt_B: 0.135

[Rank 0] (epoch: 69, iters: 896, time: 0.070, data: 0.003) , D_A: 0.271, G_A: 0.242, cycle_A: 0.069, idt_A: 0.268, D_B: 0.148, G_B: 0.368, cycle_B: 0.316, idt_B: 0.109

[Rank 0] (epoch: 69, iters: 1096, time: 0.030, data: 0.003) , D_A: 0.248, G_A: 0.234, cycle_A: 0.087, idt_A: 0.261, D_B: 0.217, G_B: 0.526, cycle_B: 0.301, idt_B: 0.132

[Rank 0] (epoch: 69, iters: 1296, time: 0.030, data: 0.187) , D_A: 0.262, G_A: 0.258, cycle_A: 0.088, idt_A: 0.352, D_B: 0.175, G_B: 0.174, cycle_B: 0.270, idt_B: 0.130

[Rank 0] (epoch: 69, iters: 1496, time: 0.026, data: 0.179) , D_A: 0.251, G_A: 0.273, cycle_A: 0.085, idt_A: 0.261, D_B: 0.167, G_B: 0.272, cycle_B: 0.312, idt_B: 0.142

[Rank 0] (epoch: 69, iters: 1696, time: 0.030, data: 0.002) , D_A: 0.251, G_A: 0.255, cycle_A: 0.078, idt_A: 0.196, D_B: 0.140, G_B: 0.448, cycle_B: 0.248, idt_B: 0.125

[Rank 0] (epoch: 69, iters: 1896, time: 0.051, data: 0.002) , D_A: 0.250, G_A: 0.251, cycle_A: 0.109, idt_A: 0.271, D_B: 0.172, G_B: 0.348, cycle_B: 0.267, idt_B: 0.167

learning rate 0.0001500 -> 0.0001500
End of epoch 69 / 100 	 Time Taken: 59 sec
[Rank 0] (epoch: 70, iters: 168, time: 0.050, data: 0.004) , D_A: 0.255, G_A: 0.257, cycle_A: 0.056, idt_A: 0.265, D_B: 0.266, G_B: 0.713, cycle_B: 0.249, idt_B: 0.083

[Rank 0] (epoch: 70, iters: 368, time: 0.029, data: 0.003) , D_A: 0.245, G_A: 0.230, cycle_A: 0.089, idt_A: 0.283, D_B: 0.176, G_B: 0.332, cycle_B: 0.297, idt_B: 0.148

[Rank 0] (epoch: 70, iters: 568, time: 0.026, data: 0.185) , D_A: 0.242, G_A: 0.259, cycle_A: 0.082, idt_A: 0.270, D_B: 0.270, G_B: 0.092, cycle_B: 0.282, idt_B: 0.130

[Rank 0] (epoch: 70, iters: 768, time: 0.030, data: 0.002) , D_A: 0.258, G_A: 0.244, cycle_A: 0.064, idt_A: 0.239, D_B: 0.156, G_B: 0.403, cycle_B: 0.325, idt_B: 0.104

[Rank 0] (epoch: 70, iters: 968, time: 0.049, data: 0.002) , D_A: 0.267, G_A: 0.278, cycle_A: 0.074, idt_A: 0.377, D_B: 0.156, G_B: 0.315, cycle_B: 0.304, idt_B: 0.126

[Rank 0] (epoch: 70, iters: 1168, time: 0.026, data: 0.003) , D_A: 0.239, G_A: 0.243, cycle_A: 0.081, idt_A: 0.233, D_B: 0.162, G_B: 0.280, cycle_B: 0.235, idt_B: 0.128

[Rank 0] (epoch: 70, iters: 1368, time: 0.026, data: 0.004) , D_A: 0.246, G_A: 0.257, cycle_A: 0.098, idt_A: 0.296, D_B: 0.171, G_B: 0.402, cycle_B: 0.280, idt_B: 0.146

[Rank 0] (epoch: 70, iters: 1568, time: 0.030, data: 0.002) , D_A: 0.250, G_A: 0.250, cycle_A: 0.066, idt_A: 0.268, D_B: 0.149, G_B: 0.229, cycle_B: 0.272, idt_B: 0.104

[Rank 0] (epoch: 70, iters: 1768, time: 0.030, data: 0.002) , D_A: 0.254, G_A: 0.269, cycle_A: 0.078, idt_A: 0.248, D_B: 0.179, G_B: 0.439, cycle_B: 0.257, idt_B: 0.124

learning rate 0.0001500 -> 0.0001500
saving the model at the end of epoch 70, iters 134960
End of epoch 70 / 100 	 Time Taken: 61 sec
[Rank 0] (epoch: 71, iters: 40, time: 0.067, data: 0.004) , D_A: 0.279, G_A: 0.288, cycle_A: 0.083, idt_A: 0.334, D_B: 0.152, G_B: 0.398, cycle_B: 0.338, idt_B: 0.129

saving the latest model (epoch 71, total_iters 135000)
[Rank 0] (epoch: 71, iters: 240, time: 0.029, data: 0.003) , D_A: 0.237, G_A: 0.284, cycle_A: 0.108, idt_A: 0.276, D_B: 0.092, G_B: 0.603, cycle_B: 0.346, idt_B: 0.159

[Rank 0] (epoch: 71, iters: 440, time: 0.030, data: 0.002) , D_A: 0.251, G_A: 0.216, cycle_A: 0.085, idt_A: 0.260, D_B: 0.094, G_B: 0.550, cycle_B: 0.301, idt_B: 0.150

[Rank 0] (epoch: 71, iters: 640, time: 0.030, data: 0.003) , D_A: 0.235, G_A: 0.301, cycle_A: 0.092, idt_A: 0.273, D_B: 0.166, G_B: 0.600, cycle_B: 0.308, idt_B: 0.155

[Rank 0] (epoch: 71, iters: 840, time: 0.026, data: 0.154) , D_A: 0.246, G_A: 0.230, cycle_A: 0.071, idt_A: 0.256, D_B: 0.199, G_B: 0.403, cycle_B: 0.247, idt_B: 0.118

[Rank 0] (epoch: 71, iters: 1040, time: 0.047, data: 0.138) , D_A: 0.245, G_A: 0.259, cycle_A: 0.086, idt_A: 0.323, D_B: 0.173, G_B: 0.530, cycle_B: 0.311, idt_B: 0.143

[Rank 0] (epoch: 71, iters: 1240, time: 0.029, data: 0.004) , D_A: 0.248, G_A: 0.243, cycle_A: 0.082, idt_A: 0.249, D_B: 0.242, G_B: 0.586, cycle_B: 0.272, idt_B: 0.128

[Rank 0] (epoch: 71, iters: 1440, time: 0.030, data: 0.003) , D_A: 0.254, G_A: 0.249, cycle_A: 0.066, idt_A: 0.230, D_B: 0.120, G_B: 0.251, cycle_B: 0.255, idt_B: 0.100

[Rank 0] (epoch: 71, iters: 1640, time: 0.026, data: 0.150) , D_A: 0.242, G_A: 0.254, cycle_A: 0.085, idt_A: 0.255, D_B: 0.224, G_B: 0.260, cycle_B: 0.268, idt_B: 0.141

[Rank 0] (epoch: 71, iters: 1840, time: 0.030, data: 0.003) , D_A: 0.264, G_A: 0.275, cycle_A: 0.075, idt_A: 0.221, D_B: 0.184, G_B: 0.422, cycle_B: 0.256, idt_B: 0.128

learning rate 0.0001500 -> 0.0001500
End of epoch 71 / 100 	 Time Taken: 59 sec
[Rank 0] (epoch: 72, iters: 112, time: 0.051, data: 0.003) , D_A: 0.225, G_A: 0.242, cycle_A: 0.076, idt_A: 0.327, D_B: 0.155, G_B: 0.291, cycle_B: 0.327, idt_B: 0.115

[Rank 0] (epoch: 72, iters: 312, time: 0.030, data: 0.003) , D_A: 0.240, G_A: 0.257, cycle_A: 0.073, idt_A: 0.242, D_B: 0.189, G_B: 0.353, cycle_B: 0.337, idt_B: 0.120

[Rank 0] (epoch: 72, iters: 512, time: 0.030, data: 0.003) , D_A: 0.248, G_A: 0.259, cycle_A: 0.080, idt_A: 0.274, D_B: 0.192, G_B: 0.201, cycle_B: 0.322, idt_B: 0.124

[Rank 0] (epoch: 72, iters: 712, time: 0.029, data: 0.003) , D_A: 0.252, G_A: 0.260, cycle_A: 0.078, idt_A: 0.256, D_B: 0.209, G_B: 0.139, cycle_B: 0.275, idt_B: 0.124

[Rank 0] (epoch: 72, iters: 912, time: 0.026, data: 0.132) , D_A: 0.251, G_A: 0.241, cycle_A: 0.090, idt_A: 0.392, D_B: 0.142, G_B: 0.747, cycle_B: 0.295, idt_B: 0.147

[Rank 0] (epoch: 72, iters: 1112, time: 0.051, data: 0.002) , D_A: 0.251, G_A: 0.271, cycle_A: 0.078, idt_A: 0.277, D_B: 0.180, G_B: 0.184, cycle_B: 0.279, idt_B: 0.125

[Rank 0] (epoch: 72, iters: 1312, time: 0.030, data: 0.002) , D_A: 0.252, G_A: 0.267, cycle_A: 0.081, idt_A: 0.313, D_B: 0.131, G_B: 0.182, cycle_B: 0.290, idt_B: 0.146

[Rank 0] (epoch: 72, iters: 1512, time: 0.029, data: 0.003) , D_A: 0.251, G_A: 0.265, cycle_A: 0.098, idt_A: 0.260, D_B: 0.182, G_B: 0.216, cycle_B: 0.257, idt_B: 0.159

[Rank 0] (epoch: 72, iters: 1712, time: 0.026, data: 0.072) , D_A: 0.247, G_A: 0.256, cycle_A: 0.102, idt_A: 0.226, D_B: 0.240, G_B: 0.434, cycle_B: 0.309, idt_B: 0.167

[Rank 0] (epoch: 72, iters: 1912, time: 0.030, data: 0.002) , D_A: 0.254, G_A: 0.247, cycle_A: 0.101, idt_A: 0.257, D_B: 0.048, G_B: 0.764, cycle_B: 0.257, idt_B: 0.159

learning rate 0.0001500 -> 0.0001500
End of epoch 72 / 100 	 Time Taken: 59 sec
[Rank 0] (epoch: 73, iters: 184, time: 0.073, data: 0.002) , D_A: 0.264, G_A: 0.270, cycle_A: 0.093, idt_A: 0.241, D_B: 0.060, G_B: 0.699, cycle_B: 0.309, idt_B: 0.141

[Rank 0] (epoch: 73, iters: 384, time: 0.029, data: 0.002) , D_A: 0.244, G_A: 0.239, cycle_A: 0.087, idt_A: 0.231, D_B: 0.081, G_B: 0.677, cycle_B: 0.285, idt_B: 0.143

[Rank 0] (epoch: 73, iters: 584, time: 0.026, data: 0.085) , D_A: 0.313, G_A: 0.288, cycle_A: 0.104, idt_A: 0.250, D_B: 0.014, G_B: 1.028, cycle_B: 0.251, idt_B: 0.155

[Rank 0] (epoch: 73, iters: 784, time: 0.029, data: 0.004) , D_A: 0.240, G_A: 0.267, cycle_A: 0.082, idt_A: 0.301, D_B: 0.170, G_B: 0.808, cycle_B: 0.293, idt_B: 0.133

[Rank 0] (epoch: 73, iters: 984, time: 0.030, data: 0.002) , D_A: 0.252, G_A: 0.177, cycle_A: 0.107, idt_A: 0.268, D_B: 0.164, G_B: 0.845, cycle_B: 0.281, idt_B: 0.171

[Rank 0] (epoch: 73, iters: 1184, time: 0.057, data: 0.003) , D_A: 0.244, G_A: 0.272, cycle_A: 0.086, idt_A: 0.185, D_B: 0.216, G_B: 0.485, cycle_B: 0.254, idt_B: 0.152

saving the latest model (epoch 73, total_iters 140000)
[Rank 0] (epoch: 73, iters: 1384, time: 0.026, data: 0.005) , D_A: 0.261, G_A: 0.247, cycle_A: 0.074, idt_A: 0.234, D_B: 0.157, G_B: 1.678, cycle_B: 0.290, idt_B: 0.123

[Rank 0] (epoch: 73, iters: 1584, time: 0.029, data: 0.004) , D_A: 0.242, G_A: 0.258, cycle_A: 0.069, idt_A: 0.225, D_B: 0.195, G_B: 0.673, cycle_B: 0.256, idt_B: 0.117

[Rank 0] (epoch: 73, iters: 1784, time: 0.030, data: 0.003) , D_A: 0.266, G_A: 0.190, cycle_A: 0.106, idt_A: 0.360, D_B: 0.145, G_B: 0.223, cycle_B: 0.313, idt_B: 0.158

learning rate 0.0001500 -> 0.0001500
End of epoch 73 / 100 	 Time Taken: 58 sec
[Rank 0] (epoch: 74, iters: 56, time: 0.052, data: 0.003) , D_A: 0.280, G_A: 0.197, cycle_A: 0.102, idt_A: 0.315, D_B: 0.120, G_B: 0.633, cycle_B: 0.393, idt_B: 0.163

[Rank 0] (epoch: 74, iters: 256, time: 0.052, data: 0.002) , D_A: 0.255, G_A: 0.218, cycle_A: 0.087, idt_A: 0.285, D_B: 0.166, G_B: 0.146, cycle_B: 0.293, idt_B: 0.135

[Rank 0] (epoch: 74, iters: 456, time: 0.026, data: 0.006) , D_A: 0.251, G_A: 0.280, cycle_A: 0.069, idt_A: 0.228, D_B: 0.038, G_B: 0.710, cycle_B: 0.294, idt_B: 0.117

[Rank 0] (epoch: 74, iters: 656, time: 0.029, data: 0.002) , D_A: 0.241, G_A: 0.286, cycle_A: 0.071, idt_A: 0.273, D_B: 0.114, G_B: 1.051, cycle_B: 0.307, idt_B: 0.109

[Rank 0] (epoch: 74, iters: 856, time: 0.030, data: 0.002) , D_A: 0.249, G_A: 0.244, cycle_A: 0.081, idt_A: 0.239, D_B: 0.058, G_B: 0.587, cycle_B: 0.271, idt_B: 0.144

[Rank 0] (epoch: 74, iters: 1056, time: 0.029, data: 0.005) , D_A: 0.243, G_A: 0.265, cycle_A: 0.067, idt_A: 0.228, D_B: 0.160, G_B: 0.427, cycle_B: 0.262, idt_B: 0.107

[Rank 0] (epoch: 74, iters: 1256, time: 0.057, data: 0.004) , D_A: 0.260, G_A: 0.259, cycle_A: 0.095, idt_A: 0.292, D_B: 0.056, G_B: 1.133, cycle_B: 0.352, idt_B: 0.158

[Rank 0] (epoch: 74, iters: 1456, time: 0.026, data: 0.006) , D_A: 0.242, G_A: 0.237, cycle_A: 0.078, idt_A: 0.319, D_B: 0.050, G_B: 1.340, cycle_B: 0.345, idt_B: 0.132

[Rank 0] (epoch: 74, iters: 1656, time: 0.029, data: 0.002) , D_A: 0.236, G_A: 0.237, cycle_A: 0.072, idt_A: 0.222, D_B: 0.043, G_B: 1.094, cycle_B: 0.295, idt_B: 0.116

[Rank 0] (epoch: 74, iters: 1856, time: 0.029, data: 0.004) , D_A: 0.242, G_A: 0.273, cycle_A: 0.074, idt_A: 0.289, D_B: 0.019, G_B: 0.966, cycle_B: 0.374, idt_B: 0.120

learning rate 0.0001500 -> 0.0001500
End of epoch 74 / 100 	 Time Taken: 59 sec
[Rank 0] (epoch: 75, iters: 128, time: 0.051, data: 0.003) , D_A: 0.253, G_A: 0.227, cycle_A: 0.084, idt_A: 0.262, D_B: 0.014, G_B: 0.896, cycle_B: 0.333, idt_B: 0.131

[Rank 0] (epoch: 75, iters: 328, time: 0.047, data: 0.005) , D_A: 0.234, G_A: 0.288, cycle_A: 0.076, idt_A: 0.269, D_B: 0.011, G_B: 0.922, cycle_B: 0.341, idt_B: 0.106

[Rank 0] (epoch: 75, iters: 528, time: 0.030, data: 0.002) , D_A: 0.247, G_A: 0.260, cycle_A: 0.097, idt_A: 0.293, D_B: 0.018, G_B: 0.636, cycle_B: 0.396, idt_B: 0.158

[Rank 0] (epoch: 75, iters: 728, time: 0.030, data: 0.002) , D_A: 0.239, G_A: 0.246, cycle_A: 0.069, idt_A: 0.261, D_B: 0.035, G_B: 0.666, cycle_B: 0.403, idt_B: 0.114

[Rank 0] (epoch: 75, iters: 928, time: 0.029, data: 0.003) , D_A: 0.286, G_A: 0.352, cycle_A: 0.070, idt_A: 0.253, D_B: 0.015, G_B: 1.012, cycle_B: 0.369, idt_B: 0.113

[Rank 0] (epoch: 75, iters: 1128, time: 0.026, data: 0.191) , D_A: 0.246, G_A: 0.213, cycle_A: 0.083, idt_A: 0.355, D_B: 0.012, G_B: 0.709, cycle_B: 0.380, idt_B: 0.132

[Rank 0] (epoch: 75, iters: 1328, time: 0.069, data: 0.002) , D_A: 0.244, G_A: 0.294, cycle_A: 0.112, idt_A: 0.256, D_B: 0.019, G_B: 0.688, cycle_B: 0.332, idt_B: 0.176

[Rank 0] (epoch: 75, iters: 1528, time: 0.030, data: 0.002) , D_A: 0.247, G_A: 0.274, cycle_A: 0.085, idt_A: 0.286, D_B: 0.012, G_B: 0.712, cycle_B: 0.355, idt_B: 0.126

[Rank 0] (epoch: 75, iters: 1728, time: 0.029, data: 0.003) , D_A: 0.237, G_A: 0.267, cycle_A: 0.099, idt_A: 0.383, D_B: 0.015, G_B: 0.960, cycle_B: 0.381, idt_B: 0.143

[Rank 0] (epoch: 75, iters: 1928, time: 0.023, data: 0.067) , D_A: 0.215, G_A: 0.284, cycle_A: 0.065, idt_A: 0.344, D_B: 0.007, G_B: 0.904, cycle_B: 0.403, idt_B: 0.094

learning rate 0.0001500 -> 0.0001500
End of epoch 75 / 100 	 Time Taken: 61 sec
[Rank 0] (epoch: 76, iters: 200, time: 0.046, data: 1.163) , D_A: 0.239, G_A: 0.330, cycle_A: 0.099, idt_A: 0.255, D_B: 0.018, G_B: 1.404, cycle_B: 0.354, idt_B: 0.150

[Rank 0] (epoch: 76, iters: 400, time: 0.045, data: 0.003) , D_A: 0.248, G_A: 0.214, cycle_A: 0.077, idt_A: 0.347, D_B: 0.007, G_B: 1.047, cycle_B: 0.335, idt_B: 0.128

saving the latest model (epoch 76, total_iters 145000)
[Rank 0] (epoch: 76, iters: 600, time: 0.029, data: 0.002) , D_A: 0.243, G_A: 0.306, cycle_A: 0.068, idt_A: 0.233, D_B: 0.011, G_B: 1.131, cycle_B: 0.373, idt_B: 0.105

[Rank 0] (epoch: 76, iters: 800, time: 0.030, data: 0.003) , D_A: 0.229, G_A: 0.315, cycle_A: 0.096, idt_A: 0.273, D_B: 0.009, G_B: 0.908, cycle_B: 0.338, idt_B: 0.153

[Rank 0] (epoch: 76, iters: 1000, time: 0.029, data: 0.009) , D_A: 0.242, G_A: 0.248, cycle_A: 0.105, idt_A: 0.301, D_B: 0.011, G_B: 0.865, cycle_B: 0.359, idt_B: 0.172

[Rank 0] (epoch: 76, iters: 1200, time: 0.026, data: 0.157) , D_A: 0.234, G_A: 0.243, cycle_A: 0.091, idt_A: 0.218, D_B: 0.010, G_B: 1.066, cycle_B: 0.335, idt_B: 0.146

[Rank 0] (epoch: 76, iters: 1400, time: 0.056, data: 0.003) , D_A: 0.283, G_A: 0.273, cycle_A: 0.071, idt_A: 0.253, D_B: 0.009, G_B: 0.911, cycle_B: 0.327, idt_B: 0.109

[Rank 0] (epoch: 76, iters: 1600, time: 0.029, data: 0.003) , D_A: 0.291, G_A: 0.377, cycle_A: 0.083, idt_A: 0.225, D_B: 0.011, G_B: 0.949, cycle_B: 0.281, idt_B: 0.128

[Rank 0] (epoch: 76, iters: 1800, time: 0.029, data: 0.004) , D_A: 0.221, G_A: 0.275, cycle_A: 0.057, idt_A: 0.343, D_B: 0.010, G_B: 0.810, cycle_B: 0.396, idt_B: 0.092

learning rate 0.0001500 -> 0.0001500
End of epoch 76 / 100 	 Time Taken: 61 sec
[Rank 0] (epoch: 77, iters: 72, time: 0.067, data: 0.181) , D_A: 0.228, G_A: 0.257, cycle_A: 0.103, idt_A: 0.237, D_B: 0.022, G_B: 0.878, cycle_B: 0.351, idt_B: 0.161

[Rank 0] (epoch: 77, iters: 272, time: 0.030, data: 0.002) , D_A: 0.251, G_A: 0.232, cycle_A: 0.093, idt_A: 0.272, D_B: 0.007, G_B: 0.873, cycle_B: 0.273, idt_B: 0.148

[Rank 0] (epoch: 77, iters: 472, time: 0.056, data: 0.006) , D_A: 0.270, G_A: 0.194, cycle_A: 0.066, idt_A: 0.275, D_B: 0.019, G_B: 1.210, cycle_B: 0.374, idt_B: 0.099

[Rank 0] (epoch: 77, iters: 672, time: 0.030, data: 0.005) , D_A: 0.243, G_A: 0.214, cycle_A: 0.088, idt_A: 0.254, D_B: 0.007, G_B: 1.199, cycle_B: 0.399, idt_B: 0.132

[Rank 0] (epoch: 77, iters: 872, time: 0.029, data: 0.182) , D_A: 0.221, G_A: 0.304, cycle_A: 0.077, idt_A: 0.255, D_B: 0.010, G_B: 0.828, cycle_B: 0.321, idt_B: 0.122

[Rank 0] (epoch: 77, iters: 1072, time: 0.030, data: 0.003) , D_A: 0.288, G_A: 0.239, cycle_A: 0.082, idt_A: 0.246, D_B: 0.009, G_B: 0.817, cycle_B: 0.289, idt_B: 0.124

[Rank 0] (epoch: 77, iters: 1272, time: 0.029, data: 0.003) , D_A: 0.233, G_A: 0.234, cycle_A: 0.084, idt_A: 0.278, D_B: 0.006, G_B: 1.003, cycle_B: 0.371, idt_B: 0.121

[Rank 0] (epoch: 77, iters: 1472, time: 0.044, data: 0.171) , D_A: 0.227, G_A: 0.287, cycle_A: 0.065, idt_A: 0.258, D_B: 0.007, G_B: 0.927, cycle_B: 0.323, idt_B: 0.101

[Rank 0] (epoch: 77, iters: 1672, time: 0.029, data: 0.002) , D_A: 0.240, G_A: 0.198, cycle_A: 0.084, idt_A: 0.218, D_B: 0.014, G_B: 0.951, cycle_B: 0.315, idt_B: 0.117

[Rank 0] (epoch: 77, iters: 1872, time: 0.026, data: 0.161) , D_A: 0.236, G_A: 0.228, cycle_A: 0.096, idt_A: 0.244, D_B: 0.012, G_B: 0.914, cycle_B: 0.310, idt_B: 0.138

learning rate 0.0001500 -> 0.0001500
End of epoch 77 / 100 	 Time Taken: 61 sec
[Rank 0] (epoch: 78, iters: 144, time: 0.049, data: 0.056) , D_A: 0.252, G_A: 0.238, cycle_A: 0.076, idt_A: 0.265, D_B: 0.008, G_B: 0.954, cycle_B: 0.322, idt_B: 0.116

[Rank 0] (epoch: 78, iters: 344, time: 0.030, data: 0.002) , D_A: 0.253, G_A: 0.233, cycle_A: 0.084, idt_A: 0.323, D_B: 0.010, G_B: 0.943, cycle_B: 0.324, idt_B: 0.126

[Rank 0] (epoch: 78, iters: 544, time: 0.065, data: 0.003) , D_A: 0.277, G_A: 0.313, cycle_A: 0.059, idt_A: 0.216, D_B: 0.007, G_B: 0.878, cycle_B: 0.247, idt_B: 0.090

[Rank 0] (epoch: 78, iters: 744, time: 0.030, data: 0.002) , D_A: 0.233, G_A: 0.308, cycle_A: 0.071, idt_A: 0.308, D_B: 0.008, G_B: 0.900, cycle_B: 0.335, idt_B: 0.100

[Rank 0] (epoch: 78, iters: 944, time: 0.030, data: 0.183) , D_A: 0.254, G_A: 0.240, cycle_A: 0.074, idt_A: 0.227, D_B: 0.023, G_B: 0.806, cycle_B: 0.317, idt_B: 0.115

[Rank 0] (epoch: 78, iters: 1144, time: 0.029, data: 0.004) , D_A: 0.269, G_A: 0.191, cycle_A: 0.074, idt_A: 0.280, D_B: 0.013, G_B: 1.139, cycle_B: 0.320, idt_B: 0.112

[Rank 0] (epoch: 78, iters: 1344, time: 0.026, data: 0.179) , D_A: 0.275, G_A: 0.216, cycle_A: 0.102, idt_A: 0.246, D_B: 0.016, G_B: 0.808, cycle_B: 0.332, idt_B: 0.150

[Rank 0] (epoch: 78, iters: 1544, time: 0.058, data: 0.002) , D_A: 0.219, G_A: 0.226, cycle_A: 0.095, idt_A: 0.215, D_B: 0.014, G_B: 0.823, cycle_B: 0.311, idt_B: 0.158

saving the latest model (epoch 78, total_iters 150000)
[Rank 0] (epoch: 78, iters: 1744, time: 0.030, data: 0.003) , D_A: 0.237, G_A: 0.276, cycle_A: 0.077, idt_A: 0.210, D_B: 0.014, G_B: 0.950, cycle_B: 0.294, idt_B: 0.109

learning rate 0.0001500 -> 0.0001500
End of epoch 78 / 100 	 Time Taken: 59 sec
[Rank 0] (epoch: 79, iters: 16, time: 0.049, data: 0.003) , D_A: 0.311, G_A: 0.279, cycle_A: 0.054, idt_A: 0.278, D_B: 0.010, G_B: 0.916, cycle_B: 0.327, idt_B: 0.079

[Rank 0] (epoch: 79, iters: 216, time: 0.030, data: 0.003) , D_A: 0.230, G_A: 0.267, cycle_A: 0.088, idt_A: 0.260, D_B: 0.017, G_B: 1.123, cycle_B: 0.333, idt_B: 0.138

[Rank 0] (epoch: 79, iters: 416, time: 0.030, data: 0.003) , D_A: 0.240, G_A: 0.222, cycle_A: 0.083, idt_A: 0.225, D_B: 0.022, G_B: 0.896, cycle_B: 0.282, idt_B: 0.122

[Rank 0] (epoch: 79, iters: 616, time: 0.066, data: 0.159) , D_A: 0.306, G_A: 0.296, cycle_A: 0.081, idt_A: 0.291, D_B: 0.008, G_B: 1.005, cycle_B: 0.368, idt_B: 0.126

[Rank 0] (epoch: 79, iters: 816, time: 0.029, data: 0.003) , D_A: 0.217, G_A: 0.211, cycle_A: 0.095, idt_A: 0.211, D_B: 0.007, G_B: 0.994, cycle_B: 0.268, idt_B: 0.122

[Rank 0] (epoch: 79, iters: 1016, time: 0.030, data: 0.002) , D_A: 0.285, G_A: 0.301, cycle_A: 0.082, idt_A: 0.281, D_B: 0.010, G_B: 0.912, cycle_B: 0.296, idt_B: 0.122

[Rank 0] (epoch: 79, iters: 1216, time: 0.030, data: 0.003) , D_A: 0.244, G_A: 0.306, cycle_A: 0.080, idt_A: 0.208, D_B: 0.010, G_B: 0.777, cycle_B: 0.286, idt_B: 0.131

[Rank 0] (epoch: 79, iters: 1416, time: 0.030, data: 0.133) , D_A: 0.208, G_A: 0.349, cycle_A: 0.115, idt_A: 0.242, D_B: 0.020, G_B: 1.157, cycle_B: 0.300, idt_B: 0.191

[Rank 0] (epoch: 79, iters: 1616, time: 0.057, data: 0.006) , D_A: 0.236, G_A: 0.227, cycle_A: 0.078, idt_A: 0.250, D_B: 0.008, G_B: 1.094, cycle_B: 0.302, idt_B: 0.119

[Rank 0] (epoch: 79, iters: 1816, time: 0.029, data: 0.003) , D_A: 0.246, G_A: 0.293, cycle_A: 0.080, idt_A: 0.252, D_B: 0.015, G_B: 0.911, cycle_B: 0.377, idt_B: 0.121

learning rate 0.0001500 -> 0.0001500
End of epoch 79 / 100 	 Time Taken: 60 sec
[Rank 0] (epoch: 80, iters: 88, time: 0.051, data: 0.185) , D_A: 0.238, G_A: 0.240, cycle_A: 0.091, idt_A: 0.238, D_B: 0.012, G_B: 0.821, cycle_B: 0.315, idt_B: 0.127

[Rank 0] (epoch: 80, iters: 288, time: 0.029, data: 0.001) , D_A: 0.241, G_A: 0.277, cycle_A: 0.062, idt_A: 0.349, D_B: 0.005, G_B: 0.961, cycle_B: 0.302, idt_B: 0.106

[Rank 0] (epoch: 80, iters: 488, time: 0.030, data: 0.005) , D_A: 0.196, G_A: 0.296, cycle_A: 0.069, idt_A: 0.247, D_B: 0.004, G_B: 1.014, cycle_B: 0.315, idt_B: 0.103

[Rank 0] (epoch: 80, iters: 688, time: 0.052, data: 0.164) , D_A: 0.247, G_A: 0.328, cycle_A: 0.099, idt_A: 0.209, D_B: 0.007, G_B: 0.875, cycle_B: 0.257, idt_B: 0.124

[Rank 0] (epoch: 80, iters: 888, time: 0.030, data: 0.002) , D_A: 0.251, G_A: 0.240, cycle_A: 0.082, idt_A: 0.161, D_B: 0.014, G_B: 0.916, cycle_B: 0.234, idt_B: 0.130

[Rank 0] (epoch: 80, iters: 1088, time: 0.026, data: 0.002) , D_A: 0.229, G_A: 0.293, cycle_A: 0.070, idt_A: 0.398, D_B: 0.007, G_B: 0.844, cycle_B: 0.385, idt_B: 0.099

[Rank 0] (epoch: 80, iters: 1288, time: 0.030, data: 0.003) , D_A: 0.247, G_A: 0.282, cycle_A: 0.072, idt_A: 0.306, D_B: 0.018, G_B: 1.071, cycle_B: 0.385, idt_B: 0.113

[Rank 0] (epoch: 80, iters: 1488, time: 0.026, data: 0.190) , D_A: 0.251, G_A: 0.306, cycle_A: 0.088, idt_A: 0.374, D_B: 0.002, G_B: 1.046, cycle_B: 0.338, idt_B: 0.133

[Rank 0] (epoch: 80, iters: 1688, time: 0.065, data: 0.003) , D_A: 0.283, G_A: 0.205, cycle_A: 0.084, idt_A: 0.246, D_B: 0.008, G_B: 0.904, cycle_B: 0.302, idt_B: 0.120

[Rank 0] (epoch: 80, iters: 1888, time: 0.030, data: 0.002) , D_A: 0.223, G_A: 0.329, cycle_A: 0.098, idt_A: 0.383, D_B: 0.033, G_B: 0.904, cycle_B: 0.381, idt_B: 0.138

learning rate 0.0001500 -> 0.0001500
saving the model at the end of epoch 80, iters 154240
End of epoch 80 / 100 	 Time Taken: 59 sec
[Rank 0] (epoch: 81, iters: 160, time: 0.050, data: 0.003) , D_A: 0.229, G_A: 0.296, cycle_A: 0.111, idt_A: 0.235, D_B: 0.003, G_B: 0.926, cycle_B: 0.284, idt_B: 0.168

[Rank 0] (epoch: 81, iters: 360, time: 0.026, data: 0.013) , D_A: 0.355, G_A: 0.597, cycle_A: 0.204, idt_A: 0.542, D_B: 0.012, G_B: 0.773, cycle_B: 0.383, idt_B: 0.157

[Rank 0] (epoch: 81, iters: 560, time: 0.030, data: 0.003) , D_A: 0.728, G_A: 1.043, cycle_A: 0.144, idt_A: 0.449, D_B: 0.005, G_B: 0.985, cycle_B: 0.383, idt_B: 0.146

[Rank 0] (epoch: 81, iters: 760, time: 0.051, data: 0.002) , D_A: 0.314, G_A: 1.044, cycle_A: 0.231, idt_A: 0.627, D_B: 0.022, G_B: 1.140, cycle_B: 1.517, idt_B: 0.250

saving the latest model (epoch 81, total_iters 155000)
[Rank 0] (epoch: 81, iters: 960, time: 0.030, data: 0.002) , D_A: 0.152, G_A: 0.138, cycle_A: 0.138, idt_A: 0.260, D_B: 0.187, G_B: 0.422, cycle_B: 0.344, idt_B: 0.125

[Rank 0] (epoch: 81, iters: 1160, time: 0.030, data: 0.003) , D_A: 0.230, G_A: 0.488, cycle_A: 0.156, idt_A: 0.381, D_B: 0.024, G_B: 0.929, cycle_B: 0.342, idt_B: 0.219

[Rank 0] (epoch: 81, iters: 1360, time: 0.026, data: 0.005) , D_A: 0.262, G_A: 0.315, cycle_A: 0.132, idt_A: 0.251, D_B: 0.087, G_B: 0.854, cycle_B: 0.353, idt_B: 0.202

[Rank 0] (epoch: 81, iters: 1560, time: 0.029, data: 0.003) , D_A: 0.195, G_A: 0.332, cycle_A: 0.101, idt_A: 0.381, D_B: 0.185, G_B: 0.624, cycle_B: 0.434, idt_B: 0.142

[Rank 0] (epoch: 81, iters: 1760, time: 0.070, data: 0.002) , D_A: 0.198, G_A: 0.225, cycle_A: 0.120, idt_A: 0.239, D_B: 0.627, G_B: 0.563, cycle_B: 0.308, idt_B: 0.157

learning rate 0.0001500 -> 0.0001500
End of epoch 81 / 100 	 Time Taken: 59 sec
[Rank 0] (epoch: 82, iters: 32, time: 0.052, data: 0.002) , D_A: 0.211, G_A: 0.396, cycle_A: 0.103, idt_A: 0.318, D_B: 0.188, G_B: 0.276, cycle_B: 0.299, idt_B: 0.130

[Rank 0] (epoch: 82, iters: 232, time: 0.026, data: 0.005) , D_A: 0.200, G_A: 0.255, cycle_A: 0.117, idt_A: 0.249, D_B: 0.209, G_B: 0.183, cycle_B: 0.286, idt_B: 0.152

[Rank 0] (epoch: 82, iters: 432, time: 0.026, data: 0.004) , D_A: 0.216, G_A: 0.353, cycle_A: 0.084, idt_A: 0.218, D_B: 0.158, G_B: 0.248, cycle_B: 0.286, idt_B: 0.115

[Rank 0] (epoch: 82, iters: 632, time: 0.030, data: 0.003) , D_A: 0.179, G_A: 0.306, cycle_A: 0.095, idt_A: 0.286, D_B: 0.166, G_B: 0.406, cycle_B: 0.322, idt_B: 0.135

[Rank 0] (epoch: 82, iters: 832, time: 0.050, data: 0.002) , D_A: 0.222, G_A: 0.252, cycle_A: 0.079, idt_A: 0.281, D_B: 0.192, G_B: 0.334, cycle_B: 0.308, idt_B: 0.118

[Rank 0] (epoch: 82, iters: 1032, time: 0.030, data: 0.002) , D_A: 0.222, G_A: 0.243, cycle_A: 0.098, idt_A: 0.242, D_B: 0.186, G_B: 0.183, cycle_B: 0.325, idt_B: 0.128

[Rank 0] (epoch: 82, iters: 1232, time: 0.026, data: 0.021) , D_A: 0.178, G_A: 0.343, cycle_A: 0.108, idt_A: 0.232, D_B: 0.156, G_B: 0.319, cycle_B: 0.330, idt_B: 0.151

[Rank 0] (epoch: 82, iters: 1432, time: 0.030, data: 0.003) , D_A: 0.209, G_A: 0.296, cycle_A: 0.165, idt_A: 0.218, D_B: 0.351, G_B: 0.358, cycle_B: 0.274, idt_B: 0.295

[Rank 0] (epoch: 82, iters: 1632, time: 0.029, data: 0.005) , D_A: 0.243, G_A: 0.420, cycle_A: 0.104, idt_A: 0.289, D_B: 0.191, G_B: 0.278, cycle_B: 0.324, idt_B: 0.121

[Rank 0] (epoch: 82, iters: 1832, time: 0.053, data: 0.003) , D_A: 0.165, G_A: 0.308, cycle_A: 0.100, idt_A: 0.254, D_B: 0.094, G_B: 0.389, cycle_B: 0.299, idt_B: 0.142

learning rate 0.0001500 -> 0.0001500
End of epoch 82 / 100 	 Time Taken: 58 sec
[Rank 0] (epoch: 83, iters: 104, time: 0.071, data: 0.002) , D_A: 0.223, G_A: 0.157, cycle_A: 0.100, idt_A: 0.256, D_B: 0.168, G_B: 0.500, cycle_B: 0.286, idt_B: 0.127

[Rank 0] (epoch: 83, iters: 304, time: 0.030, data: 0.002) , D_A: 0.179, G_A: 0.313, cycle_A: 0.102, idt_A: 0.259, D_B: 0.109, G_B: 0.828, cycle_B: 0.318, idt_B: 0.167

[Rank 0] (epoch: 83, iters: 504, time: 0.026, data: 0.004) , D_A: 0.186, G_A: 0.421, cycle_A: 0.090, idt_A: 0.233, D_B: 0.165, G_B: 0.265, cycle_B: 0.310, idt_B: 0.107

[Rank 0] (epoch: 83, iters: 704, time: 0.029, data: 0.002) , D_A: 0.100, G_A: 0.604, cycle_A: 0.100, idt_A: 0.277, D_B: 0.139, G_B: 0.472, cycle_B: 0.311, idt_B: 0.130

[Rank 0] (epoch: 83, iters: 904, time: 0.060, data: 0.001) , D_A: 0.218, G_A: 0.339, cycle_A: 0.106, idt_A: 0.199, D_B: 0.154, G_B: 0.095, cycle_B: 0.296, idt_B: 0.125

[Rank 0] (epoch: 83, iters: 1104, time: 0.030, data: 0.003) , D_A: 0.257, G_A: 0.101, cycle_A: 0.114, idt_A: 0.372, D_B: 0.030, G_B: 0.751, cycle_B: 0.348, idt_B: 0.146

[Rank 0] (epoch: 83, iters: 1304, time: 0.030, data: 0.002) , D_A: 0.303, G_A: 0.135, cycle_A: 0.083, idt_A: 0.298, D_B: 0.066, G_B: 0.623, cycle_B: 0.303, idt_B: 0.103

[Rank 0] (epoch: 83, iters: 1504, time: 0.029, data: 0.025) , D_A: 0.228, G_A: 0.335, cycle_A: 0.112, idt_A: 0.243, D_B: 0.024, G_B: 0.733, cycle_B: 0.313, idt_B: 0.154

[Rank 0] (epoch: 83, iters: 1704, time: 0.026, data: 0.005) , D_A: 0.175, G_A: 0.572, cycle_A: 0.107, idt_A: 0.370, D_B: 0.162, G_B: 0.281, cycle_B: 0.364, idt_B: 0.126

[Rank 0] (epoch: 83, iters: 1904, time: 0.050, data: 0.002) , D_A: 0.201, G_A: 0.416, cycle_A: 0.088, idt_A: 0.380, D_B: 0.172, G_B: 0.294, cycle_B: 0.326, idt_B: 0.106

saving the latest model (epoch 83, total_iters 160000)
learning rate 0.0001500 -> 0.0001500
End of epoch 83 / 100 	 Time Taken: 58 sec
[Rank 0] (epoch: 84, iters: 176, time: 0.073, data: 0.001) , D_A: 0.091, G_A: 0.829, cycle_A: 0.095, idt_A: 0.267, D_B: 0.104, G_B: 0.374, cycle_B: 0.297, idt_B: 0.123

[Rank 0] (epoch: 84, iters: 376, time: 0.030, data: 0.002) , D_A: 0.279, G_A: 0.961, cycle_A: 0.111, idt_A: 0.352, D_B: 0.133, G_B: 0.381, cycle_B: 0.392, idt_B: 0.149

[Rank 0] (epoch: 84, iters: 576, time: 0.029, data: 0.004) , D_A: 0.208, G_A: 0.548, cycle_A: 0.140, idt_A: 0.271, D_B: 0.090, G_B: 0.287, cycle_B: 0.298, idt_B: 0.141

[Rank 0] (epoch: 84, iters: 776, time: 0.029, data: 0.166) , D_A: 0.097, G_A: 0.456, cycle_A: 0.120, idt_A: 0.237, D_B: 0.053, G_B: 0.488, cycle_B: 0.284, idt_B: 0.168

[Rank 0] (epoch: 84, iters: 976, time: 0.049, data: 0.187) , D_A: 0.055, G_A: 0.736, cycle_A: 0.095, idt_A: 0.332, D_B: 0.062, G_B: 0.548, cycle_B: 0.347, idt_B: 0.112

[Rank 0] (epoch: 84, iters: 1176, time: 0.026, data: 0.003) , D_A: 0.188, G_A: 0.453, cycle_A: 0.103, idt_A: 0.262, D_B: 0.128, G_B: 0.354, cycle_B: 0.319, idt_B: 0.133

[Rank 0] (epoch: 84, iters: 1376, time: 0.030, data: 0.003) , D_A: 0.228, G_A: 0.191, cycle_A: 0.203, idt_A: 0.247, D_B: 0.169, G_B: 0.196, cycle_B: 0.296, idt_B: 0.151

[Rank 0] (epoch: 84, iters: 1576, time: 0.029, data: 0.002) , D_A: 0.142, G_A: 0.295, cycle_A: 0.099, idt_A: 0.268, D_B: 0.186, G_B: 0.342, cycle_B: 0.293, idt_B: 0.134

[Rank 0] (epoch: 84, iters: 1776, time: 0.026, data: 0.002) , D_A: 0.108, G_A: 0.853, cycle_A: 0.153, idt_A: 0.316, D_B: 0.134, G_B: 0.492, cycle_B: 0.373, idt_B: 0.238

learning rate 0.0001500 -> 0.0001500
End of epoch 84 / 100 	 Time Taken: 58 sec
[Rank 0] (epoch: 85, iters: 48, time: 0.052, data: 0.002) , D_A: 0.041, G_A: 1.087, cycle_A: 0.085, idt_A: 0.375, D_B: 0.126, G_B: 0.881, cycle_B: 0.445, idt_B: 0.132

[Rank 0] (epoch: 85, iters: 248, time: 0.030, data: 0.002) , D_A: 0.026, G_A: 0.948, cycle_A: 0.094, idt_A: 0.371, D_B: 0.154, G_B: 0.820, cycle_B: 0.396, idt_B: 0.136

[Rank 0] (epoch: 85, iters: 448, time: 0.030, data: 0.003) , D_A: 0.014, G_A: 0.787, cycle_A: 0.090, idt_A: 0.330, D_B: 0.194, G_B: 0.157, cycle_B: 0.400, idt_B: 0.133

[Rank 0] (epoch: 85, iters: 648, time: 0.026, data: 0.098) , D_A: 0.013, G_A: 0.955, cycle_A: 0.081, idt_A: 0.334, D_B: 0.147, G_B: 0.176, cycle_B: 0.416, idt_B: 0.131

[Rank 0] (epoch: 85, iters: 848, time: 0.030, data: 0.002) , D_A: 0.118, G_A: 0.248, cycle_A: 0.149, idt_A: 0.291, D_B: 0.093, G_B: 0.300, cycle_B: 0.401, idt_B: 0.166

[Rank 0] (epoch: 85, iters: 1048, time: 0.052, data: 0.003) , D_A: 0.146, G_A: 0.200, cycle_A: 0.114, idt_A: 0.310, D_B: 0.071, G_B: 0.284, cycle_B: 0.350, idt_B: 0.160

[Rank 0] (epoch: 85, iters: 1248, time: 0.030, data: 0.002) , D_A: 0.173, G_A: 0.225, cycle_A: 0.116, idt_A: 0.284, D_B: 0.066, G_B: 0.576, cycle_B: 0.341, idt_B: 0.159

[Rank 0] (epoch: 85, iters: 1448, time: 0.030, data: 0.004) , D_A: 0.161, G_A: 0.302, cycle_A: 0.136, idt_A: 0.229, D_B: 0.050, G_B: 0.981, cycle_B: 0.287, idt_B: 0.176

[Rank 0] (epoch: 85, iters: 1648, time: 0.026, data: 0.071) , D_A: 0.223, G_A: 0.550, cycle_A: 0.121, idt_A: 0.328, D_B: 0.049, G_B: 1.264, cycle_B: 0.351, idt_B: 0.155

[Rank 0] (epoch: 85, iters: 1848, time: 0.030, data: 0.002) , D_A: 0.162, G_A: 0.903, cycle_A: 0.103, idt_A: 0.279, D_B: 0.188, G_B: 0.724, cycle_B: 0.325, idt_B: 0.113

learning rate 0.0001500 -> 0.0001500
End of epoch 85 / 100 	 Time Taken: 58 sec
[Rank 0] (epoch: 86, iters: 120, time: 0.073, data: 0.003) , D_A: 0.099, G_A: 0.458, cycle_A: 0.113, idt_A: 0.293, D_B: 0.245, G_B: 0.897, cycle_B: 0.324, idt_B: 0.163

[Rank 0] (epoch: 86, iters: 320, time: 0.030, data: 0.002) , D_A: 0.088, G_A: 0.378, cycle_A: 0.097, idt_A: 0.274, D_B: 0.289, G_B: 0.615, cycle_B: 0.302, idt_B: 0.119

[Rank 0] (epoch: 86, iters: 520, time: 0.026, data: 0.149) , D_A: 0.143, G_A: 0.213, cycle_A: 0.121, idt_A: 0.287, D_B: 0.192, G_B: 0.403, cycle_B: 0.316, idt_B: 0.154

[Rank 0] (epoch: 86, iters: 720, time: 0.030, data: 0.002) , D_A: 0.122, G_A: 0.541, cycle_A: 0.112, idt_A: 0.289, D_B: 0.243, G_B: 0.492, cycle_B: 0.326, idt_B: 0.139

[Rank 0] (epoch: 86, iters: 920, time: 0.029, data: 0.002) , D_A: 0.175, G_A: 0.767, cycle_A: 0.102, idt_A: 0.265, D_B: 0.099, G_B: 0.399, cycle_B: 0.294, idt_B: 0.144

[Rank 0] (epoch: 86, iters: 1120, time: 0.056, data: 0.003) , D_A: 0.212, G_A: 0.801, cycle_A: 0.100, idt_A: 0.272, D_B: 0.233, G_B: 0.178, cycle_B: 0.301, idt_B: 0.127

saving the latest model (epoch 86, total_iters 165000)
[Rank 0] (epoch: 86, iters: 1320, time: 0.026, data: 0.004) , D_A: 0.114, G_A: 0.370, cycle_A: 0.097, idt_A: 0.268, D_B: 0.160, G_B: 0.204, cycle_B: 0.297, idt_B: 0.118

[Rank 0] (epoch: 86, iters: 1520, time: 0.030, data: 0.002) , D_A: 0.074, G_A: 0.554, cycle_A: 0.108, idt_A: 0.257, D_B: 0.150, G_B: 1.162, cycle_B: 0.327, idt_B: 0.137

[Rank 0] (epoch: 86, iters: 1720, time: 0.029, data: 0.003) , D_A: 0.066, G_A: 0.442, cycle_A: 0.113, idt_A: 0.231, D_B: 0.208, G_B: 0.155, cycle_B: 0.274, idt_B: 0.144

[Rank 0] (epoch: 86, iters: 1920, time: 0.030, data: 0.003) , D_A: 0.105, G_A: 0.378, cycle_A: 0.098, idt_A: 0.232, D_B: 0.200, G_B: 0.217, cycle_B: 0.237, idt_B: 0.119

learning rate 0.0001500 -> 0.0001500
End of epoch 86 / 100 	 Time Taken: 59 sec
[Rank 0] (epoch: 87, iters: 192, time: 0.053, data: 0.003) , D_A: 0.070, G_A: 0.395, cycle_A: 0.119, idt_A: 0.234, D_B: 0.219, G_B: 0.338, cycle_B: 0.284, idt_B: 0.156

[Rank 0] (epoch: 87, iters: 392, time: 0.026, data: 0.005) , D_A: 0.183, G_A: 0.247, cycle_A: 0.096, idt_A: 0.287, D_B: 0.016, G_B: 0.974, cycle_B: 0.340, idt_B: 0.127

[Rank 0] (epoch: 87, iters: 592, time: 0.030, data: 0.002) , D_A: 0.104, G_A: 0.270, cycle_A: 0.110, idt_A: 0.399, D_B: 0.014, G_B: 0.877, cycle_B: 0.350, idt_B: 0.134

[Rank 0] (epoch: 87, iters: 792, time: 0.030, data: 0.002) , D_A: 0.200, G_A: 0.542, cycle_A: 0.107, idt_A: 0.241, D_B: 0.048, G_B: 0.623, cycle_B: 0.286, idt_B: 0.119

[Rank 0] (epoch: 87, iters: 992, time: 0.029, data: 0.003) , D_A: 0.139, G_A: 0.940, cycle_A: 0.077, idt_A: 0.220, D_B: 0.169, G_B: 0.335, cycle_B: 0.258, idt_B: 0.092

[Rank 0] (epoch: 87, iters: 1192, time: 0.069, data: 0.004) , D_A: 0.142, G_A: 0.836, cycle_A: 0.116, idt_A: 0.226, D_B: 0.149, G_B: 0.831, cycle_B: 0.271, idt_B: 0.155

[Rank 0] (epoch: 87, iters: 1392, time: 0.030, data: 0.002) , D_A: 0.210, G_A: 0.373, cycle_A: 0.098, idt_A: 0.261, D_B: 0.158, G_B: 0.211, cycle_B: 0.293, idt_B: 0.122

[Rank 0] (epoch: 87, iters: 1592, time: 0.030, data: 0.003) , D_A: 0.084, G_A: 0.409, cycle_A: 0.110, idt_A: 0.315, D_B: 0.191, G_B: 0.176, cycle_B: 0.345, idt_B: 0.113

[Rank 0] (epoch: 87, iters: 1792, time: 0.030, data: 0.004) , D_A: 0.113, G_A: 0.450, cycle_A: 0.106, idt_A: 0.282, D_B: 0.179, G_B: 0.615, cycle_B: 0.329, idt_B: 0.153

learning rate 0.0001500 -> 0.0001500
End of epoch 87 / 100 	 Time Taken: 58 sec
[Rank 0] (epoch: 88, iters: 64, time: 0.054, data: 0.005) , D_A: 0.089, G_A: 0.350, cycle_A: 0.114, idt_A: 0.289, D_B: 0.042, G_B: 0.781, cycle_B: 0.305, idt_B: 0.154

[Rank 0] (epoch: 88, iters: 264, time: 0.048, data: 0.003) , D_A: 0.117, G_A: 0.270, cycle_A: 0.098, idt_A: 0.238, D_B: 0.052, G_B: 0.771, cycle_B: 0.269, idt_B: 0.139

[Rank 0] (epoch: 88, iters: 464, time: 0.029, data: 0.004) , D_A: 0.088, G_A: 0.316, cycle_A: 0.091, idt_A: 0.242, D_B: 0.048, G_B: 0.618, cycle_B: 0.290, idt_B: 0.108

[Rank 0] (epoch: 88, iters: 664, time: 0.030, data: 0.003) , D_A: 0.116, G_A: 0.223, cycle_A: 0.134, idt_A: 0.251, D_B: 0.212, G_B: 0.516, cycle_B: 0.276, idt_B: 0.132

[Rank 0] (epoch: 88, iters: 864, time: 0.030, data: 0.184) , D_A: 0.142, G_A: 0.339, cycle_A: 0.090, idt_A: 0.231, D_B: 0.402, G_B: 1.251, cycle_B: 0.272, idt_B: 0.104

[Rank 0] (epoch: 88, iters: 1064, time: 0.026, data: 0.016) , D_A: 0.140, G_A: 1.100, cycle_A: 0.101, idt_A: 0.271, D_B: 0.016, G_B: 0.843, cycle_B: 0.295, idt_B: 0.126

[Rank 0] (epoch: 88, iters: 1264, time: 0.072, data: 0.003) , D_A: 0.074, G_A: 1.036, cycle_A: 0.110, idt_A: 0.254, D_B: 0.016, G_B: 1.164, cycle_B: 0.285, idt_B: 0.147

[Rank 0] (epoch: 88, iters: 1464, time: 0.030, data: 0.002) , D_A: 0.092, G_A: 0.426, cycle_A: 0.116, idt_A: 0.256, D_B: 0.012, G_B: 0.699, cycle_B: 0.325, idt_B: 0.149

[Rank 0] (epoch: 88, iters: 1664, time: 0.030, data: 0.002) , D_A: 0.079, G_A: 0.412, cycle_A: 0.088, idt_A: 0.274, D_B: 0.141, G_B: 0.385, cycle_B: 0.309, idt_B: 0.102

[Rank 0] (epoch: 88, iters: 1864, time: 0.029, data: 0.003) , D_A: 0.105, G_A: 0.903, cycle_A: 0.105, idt_A: 0.239, D_B: 0.035, G_B: 1.174, cycle_B: 0.280, idt_B: 0.109

learning rate 0.0001500 -> 0.0001500
End of epoch 88 / 100 	 Time Taken: 58 sec
[Rank 0] (epoch: 89, iters: 136, time: 0.049, data: 0.074) , D_A: 0.052, G_A: 0.782, cycle_A: 0.075, idt_A: 0.271, D_B: 0.123, G_B: 1.241, cycle_B: 0.273, idt_B: 0.091

[Rank 0] (epoch: 89, iters: 336, time: 0.053, data: 0.004) , D_A: 0.063, G_A: 0.716, cycle_A: 0.098, idt_A: 0.230, D_B: 0.037, G_B: 0.574, cycle_B: 0.282, idt_B: 0.124

saving the latest model (epoch 89, total_iters 170000)
[Rank 0] (epoch: 89, iters: 536, time: 0.030, data: 0.003) , D_A: 0.078, G_A: 0.431, cycle_A: 0.106, idt_A: 0.259, D_B: 0.026, G_B: 0.915, cycle_B: 0.303, idt_B: 0.127

[Rank 0] (epoch: 89, iters: 736, time: 0.029, data: 0.004) , D_A: 0.208, G_A: 0.559, cycle_A: 0.084, idt_A: 0.360, D_B: 0.174, G_B: 0.392, cycle_B: 0.357, idt_B: 0.108

[Rank 0] (epoch: 89, iters: 936, time: 0.026, data: 0.165) , D_A: 0.046, G_A: 1.028, cycle_A: 0.111, idt_A: 0.247, D_B: 0.273, G_B: 0.091, cycle_B: 0.268, idt_B: 0.134

[Rank 0] (epoch: 89, iters: 1136, time: 0.030, data: 0.002) , D_A: 0.078, G_A: 0.762, cycle_A: 0.102, idt_A: 0.232, D_B: 0.148, G_B: 0.613, cycle_B: 0.319, idt_B: 0.115

[Rank 0] (epoch: 89, iters: 1336, time: 0.091, data: 0.003) , D_A: 0.094, G_A: 1.487, cycle_A: 0.099, idt_A: 0.270, D_B: 0.174, G_B: 0.556, cycle_B: 0.266, idt_B: 0.123

[Rank 0] (epoch: 89, iters: 1536, time: 0.030, data: 0.003) , D_A: 0.060, G_A: 0.711, cycle_A: 0.116, idt_A: 0.234, D_B: 0.036, G_B: 1.052, cycle_B: 0.235, idt_B: 0.139

[Rank 0] (epoch: 89, iters: 1736, time: 0.026, data: 0.157) , D_A: 0.067, G_A: 0.581, cycle_A: 0.100, idt_A: 0.239, D_B: 0.052, G_B: 0.652, cycle_B: 0.259, idt_B: 0.115

learning rate 0.0001500 -> 0.0001500
End of epoch 89 / 100 	 Time Taken: 60 sec
[Rank 0] (epoch: 90, iters: 8, time: 0.050, data: 0.002) , D_A: 0.184, G_A: 0.470, cycle_A: 0.152, idt_A: 0.235, D_B: 0.053, G_B: 0.507, cycle_B: 0.296, idt_B: 0.167

[Rank 0] (epoch: 90, iters: 208, time: 0.030, data: 0.002) , D_A: 0.112, G_A: 0.230, cycle_A: 0.089, idt_A: 0.302, D_B: 0.035, G_B: 0.648, cycle_B: 0.372, idt_B: 0.106

[Rank 0] (epoch: 90, iters: 408, time: 0.060, data: 0.003) , D_A: 0.086, G_A: 0.716, cycle_A: 0.122, idt_A: 0.304, D_B: 0.010, G_B: 0.908, cycle_B: 0.367, idt_B: 0.150

[Rank 0] (epoch: 90, iters: 608, time: 0.029, data: 0.004) , D_A: 0.147, G_A: 0.246, cycle_A: 0.077, idt_A: 0.286, D_B: 0.018, G_B: 0.712, cycle_B: 0.445, idt_B: 0.108

[Rank 0] (epoch: 90, iters: 808, time: 0.030, data: 0.002) , D_A: 0.111, G_A: 0.291, cycle_A: 0.137, idt_A: 0.318, D_B: 0.016, G_B: 0.781, cycle_B: 0.381, idt_B: 0.129

[Rank 0] (epoch: 90, iters: 1008, time: 0.029, data: 0.003) , D_A: 0.200, G_A: 0.161, cycle_A: 0.113, idt_A: 0.242, D_B: 0.010, G_B: 0.922, cycle_B: 0.360, idt_B: 0.140

[Rank 0] (epoch: 90, iters: 1208, time: 0.030, data: 0.005) , D_A: 0.069, G_A: 0.891, cycle_A: 0.251, idt_A: 0.294, D_B: 0.086, G_B: 2.055, cycle_B: 0.981, idt_B: 0.108

[Rank 0] (epoch: 90, iters: 1408, time: 0.048, data: 0.173) , D_A: 0.040, G_A: 0.511, cycle_A: 0.105, idt_A: 0.272, D_B: 0.021, G_B: 0.852, cycle_B: 0.365, idt_B: 0.137

[Rank 0] (epoch: 90, iters: 1608, time: 0.030, data: 0.003) , D_A: 0.149, G_A: 0.613, cycle_A: 0.231, idt_A: 0.286, D_B: 0.171, G_B: 0.182, cycle_B: 0.327, idt_B: 0.119

[Rank 0] (epoch: 90, iters: 1808, time: 0.030, data: 0.003) , D_A: 0.075, G_A: 0.426, cycle_A: 0.117, idt_A: 0.258, D_B: 0.078, G_B: 0.294, cycle_B: 0.343, idt_B: 0.157

learning rate 0.0001500 -> 0.0001500
saving the model at the end of epoch 90, iters 173520
End of epoch 90 / 100 	 Time Taken: 60 sec
[Rank 0] (epoch: 91, iters: 80, time: 0.074, data: 0.002) , D_A: 0.047, G_A: 0.485, cycle_A: 0.115, idt_A: 0.239, D_B: 0.017, G_B: 0.986, cycle_B: 0.318, idt_B: 0.142

[Rank 0] (epoch: 91, iters: 280, time: 0.030, data: 0.002) , D_A: 0.056, G_A: 0.635, cycle_A: 0.095, idt_A: 0.235, D_B: 0.008, G_B: 0.857, cycle_B: 0.295, idt_B: 0.106

[Rank 0] (epoch: 91, iters: 480, time: 0.053, data: 0.004) , D_A: 0.094, G_A: 0.590, cycle_A: 0.109, idt_A: 0.272, D_B: 0.008, G_B: 0.931, cycle_B: 0.284, idt_B: 0.133

[Rank 0] (epoch: 91, iters: 680, time: 0.030, data: 0.003) , D_A: 0.191, G_A: 0.179, cycle_A: 0.121, idt_A: 0.237, D_B: 0.009, G_B: 0.912, cycle_B: 0.319, idt_B: 0.150

[Rank 0] (epoch: 91, iters: 880, time: 0.026, data: 0.146) , D_A: 0.339, G_A: 0.984, cycle_A: 0.083, idt_A: 0.258, D_B: 0.005, G_B: 0.864, cycle_B: 0.322, idt_B: 0.102

[Rank 0] (epoch: 91, iters: 1080, time: 0.030, data: 0.002) , D_A: 0.067, G_A: 0.587, cycle_A: 0.114, idt_A: 0.231, D_B: 0.008, G_B: 0.839, cycle_B: 0.277, idt_B: 0.139

[Rank 0] (epoch: 91, iters: 1280, time: 0.030, data: 0.003) , D_A: 0.097, G_A: 0.614, cycle_A: 0.124, idt_A: 0.239, D_B: 0.009, G_B: 0.919, cycle_B: 0.285, idt_B: 0.131

[Rank 0] (epoch: 91, iters: 1480, time: 0.060, data: 0.002) , D_A: 0.079, G_A: 0.364, cycle_A: 0.108, idt_A: 0.256, D_B: 0.006, G_B: 0.875, cycle_B: 0.287, idt_B: 0.117

saving the latest model (epoch 91, total_iters 175000)
[Rank 0] (epoch: 91, iters: 1680, time: 0.029, data: 0.005) , D_A: 0.072, G_A: 0.711, cycle_A: 0.130, idt_A: 0.319, D_B: 0.010, G_B: 0.950, cycle_B: 0.354, idt_B: 0.151

[Rank 0] (epoch: 91, iters: 1880, time: 0.026, data: 0.002) , D_A: 0.429, G_A: 1.155, cycle_A: 0.099, idt_A: 0.254, D_B: 0.007, G_B: 0.807, cycle_B: 0.271, idt_B: 0.132

learning rate 0.0001500 -> 0.0001500
End of epoch 91 / 100 	 Time Taken: 59 sec
[Rank 0] (epoch: 92, iters: 152, time: 0.072, data: 0.001) , D_A: 0.077, G_A: 0.675, cycle_A: 0.107, idt_A: 0.267, D_B: 0.008, G_B: 0.977, cycle_B: 0.277, idt_B: 0.119

[Rank 0] (epoch: 92, iters: 352, time: 0.029, data: 0.002) , D_A: 0.078, G_A: 0.322, cycle_A: 0.119, idt_A: 0.316, D_B: 0.014, G_B: 1.043, cycle_B: 0.360, idt_B: 0.144

[Rank 0] (epoch: 92, iters: 552, time: 0.046, data: 0.162) , D_A: 0.090, G_A: 0.326, cycle_A: 0.093, idt_A: 0.242, D_B: 0.011, G_B: 1.164, cycle_B: 0.328, idt_B: 0.125

[Rank 0] (epoch: 92, iters: 752, time: 0.030, data: 0.002) , D_A: 0.053, G_A: 0.793, cycle_A: 0.107, idt_A: 0.295, D_B: 0.017, G_B: 0.836, cycle_B: 0.406, idt_B: 0.120

[Rank 0] (epoch: 92, iters: 952, time: 0.029, data: 0.002) , D_A: 0.123, G_A: 0.560, cycle_A: 0.097, idt_A: 0.290, D_B: 0.006, G_B: 0.928, cycle_B: 0.334, idt_B: 0.111

[Rank 0] (epoch: 92, iters: 1152, time: 0.030, data: 0.003) , D_A: 0.060, G_A: 0.394, cycle_A: 0.131, idt_A: 0.221, D_B: 0.011, G_B: 0.993, cycle_B: 0.311, idt_B: 0.158

[Rank 0] (epoch: 92, iters: 1352, time: 0.026, data: 0.174) , D_A: 0.115, G_A: 0.289, cycle_A: 0.096, idt_A: 0.185, D_B: 0.006, G_B: 1.054, cycle_B: 0.310, idt_B: 0.100

[Rank 0] (epoch: 92, iters: 1552, time: 0.051, data: 0.003) , D_A: 0.170, G_A: 0.410, cycle_A: 0.094, idt_A: 0.260, D_B: 0.009, G_B: 0.875, cycle_B: 0.319, idt_B: 0.113

[Rank 0] (epoch: 92, iters: 1752, time: 0.030, data: 0.003) , D_A: 0.152, G_A: 0.188, cycle_A: 0.111, idt_A: 0.215, D_B: 0.014, G_B: 0.742, cycle_B: 0.288, idt_B: 0.126

learning rate 0.0001500 -> 0.0001500
End of epoch 92 / 100 	 Time Taken: 61 sec
[Rank 0] (epoch: 93, iters: 24, time: 0.075, data: 0.003) , D_A: 0.093, G_A: 0.191, cycle_A: 0.088, idt_A: 0.310, D_B: 0.010, G_B: 0.845, cycle_B: 0.359, idt_B: 0.105

[Rank 0] (epoch: 93, iters: 224, time: 0.029, data: 0.003) , D_A: 0.090, G_A: 0.663, cycle_A: 0.127, idt_A: 0.247, D_B: 0.008, G_B: 1.145, cycle_B: 0.311, idt_B: 0.147

[Rank 0] (epoch: 93, iters: 424, time: 0.026, data: 0.194) , D_A: 0.081, G_A: 0.532, cycle_A: 0.114, idt_A: 0.298, D_B: 0.010, G_B: 0.918, cycle_B: 0.285, idt_B: 0.124

[Rank 0] (epoch: 93, iters: 624, time: 0.059, data: 0.002) , D_A: 0.242, G_A: 0.204, cycle_A: 0.090, idt_A: 0.243, D_B: 0.010, G_B: 1.116, cycle_B: 0.266, idt_B: 0.109

[Rank 0] (epoch: 93, iters: 824, time: 0.029, data: 0.003) , D_A: 0.108, G_A: 0.252, cycle_A: 0.106, idt_A: 0.265, D_B: 0.010, G_B: 0.814, cycle_B: 0.323, idt_B: 0.123

[Rank 0] (epoch: 93, iters: 1024, time: 0.030, data: 0.002) , D_A: 0.096, G_A: 1.317, cycle_A: 0.239, idt_A: 0.335, D_B: 0.018, G_B: 0.948, cycle_B: 0.584, idt_B: 0.435

[Rank 0] (epoch: 93, iters: 1224, time: 0.030, data: 0.157) , D_A: 0.035, G_A: 0.830, cycle_A: 0.129, idt_A: 0.247, D_B: 0.003, G_B: 0.959, cycle_B: 0.326, idt_B: 0.158

[Rank 0] (epoch: 93, iters: 1424, time: 0.029, data: 0.003) , D_A: 0.029, G_A: 0.747, cycle_A: 0.134, idt_A: 0.250, D_B: 0.004, G_B: 1.014, cycle_B: 0.278, idt_B: 0.137

[Rank 0] (epoch: 93, iters: 1624, time: 0.046, data: 0.191) , D_A: 0.052, G_A: 0.850, cycle_A: 0.115, idt_A: 0.284, D_B: 0.004, G_B: 0.905, cycle_B: 0.294, idt_B: 0.137

[Rank 0] (epoch: 93, iters: 1824, time: 0.029, data: 0.002) , D_A: 0.093, G_A: 0.365, cycle_A: 0.109, idt_A: 0.339, D_B: 0.004, G_B: 0.986, cycle_B: 0.330, idt_B: 0.119

learning rate 0.0001500 -> 0.0001500
End of epoch 93 / 100 	 Time Taken: 61 sec
[Rank 0] (epoch: 94, iters: 96, time: 0.096, data: 0.002) , D_A: 0.219, G_A: 0.209, cycle_A: 0.146, idt_A: 0.204, D_B: 0.070, G_B: 0.513, cycle_B: 0.274, idt_B: 0.164

[Rank 0] (epoch: 94, iters: 296, time: 0.029, data: 0.004) , D_A: 0.047, G_A: 0.681, cycle_A: 0.100, idt_A: 0.266, D_B: 0.176, G_B: 0.426, cycle_B: 0.294, idt_B: 0.122

[Rank 0] (epoch: 94, iters: 496, time: 0.026, data: 0.178) , D_A: 0.048, G_A: 0.609, cycle_A: 0.128, idt_A: 0.279, D_B: 0.113, G_B: 0.526, cycle_B: 0.310, idt_B: 0.134

[Rank 0] (epoch: 94, iters: 696, time: 0.060, data: 0.002) , D_A: 0.113, G_A: 0.762, cycle_A: 0.137, idt_A: 0.283, D_B: 0.011, G_B: 0.741, cycle_B: 0.330, idt_B: 0.175

saving the latest model (epoch 94, total_iters 180000)
[Rank 0] (epoch: 94, iters: 896, time: 0.026, data: 0.002) , D_A: 0.202, G_A: 0.195, cycle_A: 0.102, idt_A: 0.251, D_B: 0.212, G_B: 0.191, cycle_B: 0.294, idt_B: 0.119

[Rank 0] (epoch: 94, iters: 1096, time: 0.029, data: 0.002) , D_A: 0.040, G_A: 0.625, cycle_A: 0.108, idt_A: 0.259, D_B: 0.157, G_B: 0.314, cycle_B: 0.289, idt_B: 0.120

[Rank 0] (epoch: 94, iters: 1296, time: 0.030, data: 0.002) , D_A: 0.191, G_A: 0.190, cycle_A: 0.111, idt_A: 0.243, D_B: 0.145, G_B: 0.474, cycle_B: 0.260, idt_B: 0.129

[Rank 0] (epoch: 94, iters: 1496, time: 0.029, data: 0.002) , D_A: 0.043, G_A: 0.931, cycle_A: 0.086, idt_A: 0.275, D_B: 0.161, G_B: 0.560, cycle_B: 0.362, idt_B: 0.110

[Rank 0] (epoch: 94, iters: 1696, time: 0.050, data: 0.166) , D_A: 0.133, G_A: 0.468, cycle_A: 0.116, idt_A: 0.230, D_B: 0.151, G_B: 0.205, cycle_B: 0.316, idt_B: 0.136

[Rank 0] (epoch: 94, iters: 1896, time: 0.030, data: 0.002) , D_A: 0.087, G_A: 0.535, cycle_A: 0.090, idt_A: 0.227, D_B: 0.112, G_B: 0.375, cycle_B: 0.263, idt_B: 0.087

learning rate 0.0001500 -> 0.0001500
End of epoch 94 / 100 	 Time Taken: 60 sec
[Rank 0] (epoch: 95, iters: 168, time: 0.071, data: 0.002) , D_A: 0.134, G_A: 0.405, cycle_A: 0.108, idt_A: 0.270, D_B: 0.167, G_B: 0.250, cycle_B: 0.306, idt_B: 0.105

[Rank 0] (epoch: 95, iters: 368, time: 0.030, data: 0.002) , D_A: 0.091, G_A: 0.428, cycle_A: 0.107, idt_A: 0.243, D_B: 0.072, G_B: 1.218, cycle_B: 0.296, idt_B: 0.146

[Rank 0] (epoch: 95, iters: 568, time: 0.030, data: 0.002) , D_A: 0.130, G_A: 0.320, cycle_A: 0.102, idt_A: 0.239, D_B: 0.096, G_B: 0.384, cycle_B: 0.279, idt_B: 0.115

[Rank 0] (epoch: 95, iters: 768, time: 0.049, data: 0.004) , D_A: 0.067, G_A: 0.546, cycle_A: 0.099, idt_A: 0.273, D_B: 0.135, G_B: 0.186, cycle_B: 0.299, idt_B: 0.131

[Rank 0] (epoch: 95, iters: 968, time: 0.029, data: 0.002) , D_A: 0.250, G_A: 0.666, cycle_A: 0.111, idt_A: 0.249, D_B: 0.069, G_B: 1.398, cycle_B: 0.309, idt_B: 0.148

[Rank 0] (epoch: 95, iters: 1168, time: 0.030, data: 0.002) , D_A: 0.244, G_A: 0.276, cycle_A: 0.087, idt_A: 0.338, D_B: 0.074, G_B: 0.306, cycle_B: 0.374, idt_B: 0.108

[Rank 0] (epoch: 95, iters: 1368, time: 0.026, data: 0.090) , D_A: 0.233, G_A: 0.207, cycle_A: 0.092, idt_A: 0.230, D_B: 0.081, G_B: 1.319, cycle_B: 0.280, idt_B: 0.125

[Rank 0] (epoch: 95, iters: 1568, time: 0.030, data: 0.002) , D_A: 0.284, G_A: 0.194, cycle_A: 0.108, idt_A: 0.243, D_B: 0.078, G_B: 0.329, cycle_B: 0.269, idt_B: 0.141

[Rank 0] (epoch: 95, iters: 1768, time: 0.053, data: 0.003) , D_A: 0.248, G_A: 0.244, cycle_A: 0.098, idt_A: 0.360, D_B: 0.025, G_B: 0.977, cycle_B: 0.309, idt_B: 0.150

learning rate 0.0001500 -> 0.0001500
End of epoch 95 / 100 	 Time Taken: 60 sec
[Rank 0] (epoch: 96, iters: 40, time: 0.091, data: 0.002) , D_A: 0.288, G_A: 0.188, cycle_A: 0.102, idt_A: 0.283, D_B: 0.062, G_B: 0.422, cycle_B: 0.328, idt_B: 0.142

[Rank 0] (epoch: 96, iters: 240, time: 0.030, data: 0.002) , D_A: 0.247, G_A: 0.208, cycle_A: 0.111, idt_A: 0.230, D_B: 0.135, G_B: 0.523, cycle_B: 0.297, idt_B: 0.167

[Rank 0] (epoch: 96, iters: 440, time: 0.029, data: 0.002) , D_A: 0.229, G_A: 0.320, cycle_A: 0.073, idt_A: 0.163, D_B: 0.127, G_B: 0.372, cycle_B: 0.213, idt_B: 0.099

[Rank 0] (epoch: 96, iters: 640, time: 0.030, data: 0.005) , D_A: 0.240, G_A: 0.249, cycle_A: 0.080, idt_A: 0.221, D_B: 0.331, G_B: 0.082, cycle_B: 0.279, idt_B: 0.108

[Rank 0] (epoch: 96, iters: 840, time: 0.059, data: 0.003) , D_A: 0.239, G_A: 0.274, cycle_A: 0.109, idt_A: 0.284, D_B: 0.097, G_B: 0.552, cycle_B: 0.306, idt_B: 0.149

[Rank 0] (epoch: 96, iters: 1040, time: 0.029, data: 0.006) , D_A: 0.255, G_A: 0.263, cycle_A: 0.106, idt_A: 0.194, D_B: 0.135, G_B: 0.367, cycle_B: 0.262, idt_B: 0.158

[Rank 0] (epoch: 96, iters: 1240, time: 0.029, data: 0.002) , D_A: 0.295, G_A: 0.239, cycle_A: 0.106, idt_A: 0.214, D_B: 0.172, G_B: 1.233, cycle_B: 0.287, idt_B: 0.153

[Rank 0] (epoch: 96, iters: 1440, time: 0.026, data: 0.182) , D_A: 0.229, G_A: 0.305, cycle_A: 0.125, idt_A: 0.297, D_B: 0.050, G_B: 0.546, cycle_B: 0.291, idt_B: 0.147

[Rank 0] (epoch: 96, iters: 1640, time: 0.030, data: 0.002) , D_A: 0.230, G_A: 0.267, cycle_A: 0.090, idt_A: 0.211, D_B: 0.127, G_B: 0.224, cycle_B: 0.268, idt_B: 0.134

[Rank 0] (epoch: 96, iters: 1840, time: 0.061, data: 0.002) , D_A: 0.203, G_A: 0.354, cycle_A: 0.090, idt_A: 0.199, D_B: 0.025, G_B: 0.702, cycle_B: 0.231, idt_B: 0.130

saving the latest model (epoch 96, total_iters 185000)
learning rate 0.0001500 -> 0.0001500
End of epoch 96 / 100 	 Time Taken: 59 sec
[Rank 0] (epoch: 97, iters: 112, time: 0.072, data: 0.002) , D_A: 0.242, G_A: 0.236, cycle_A: 0.089, idt_A: 0.196, D_B: 0.017, G_B: 0.902, cycle_B: 0.276, idt_B: 0.128

[Rank 0] (epoch: 97, iters: 312, time: 0.030, data: 0.002) , D_A: 0.199, G_A: 0.260, cycle_A: 0.109, idt_A: 0.238, D_B: 0.069, G_B: 0.388, cycle_B: 0.262, idt_B: 0.174

[Rank 0] (epoch: 97, iters: 512, time: 0.030, data: 0.003) , D_A: 0.243, G_A: 0.253, cycle_A: 0.104, idt_A: 0.260, D_B: 0.071, G_B: 0.451, cycle_B: 0.282, idt_B: 0.141

[Rank 0] (epoch: 97, iters: 712, time: 0.030, data: 0.002) , D_A: 0.233, G_A: 0.323, cycle_A: 0.079, idt_A: 0.241, D_B: 0.093, G_B: 1.158, cycle_B: 0.244, idt_B: 0.108

[Rank 0] (epoch: 97, iters: 912, time: 0.048, data: 0.178) , D_A: 0.226, G_A: 0.224, cycle_A: 0.090, idt_A: 0.183, D_B: 0.080, G_B: 0.297, cycle_B: 0.253, idt_B: 0.119

[Rank 0] (epoch: 97, iters: 1112, time: 0.029, data: 0.002) , D_A: 0.273, G_A: 0.300, cycle_A: 0.085, idt_A: 0.214, D_B: 0.109, G_B: 0.779, cycle_B: 0.251, idt_B: 0.110

[Rank 0] (epoch: 97, iters: 1312, time: 0.030, data: 0.002) , D_A: 0.214, G_A: 0.311, cycle_A: 0.089, idt_A: 0.207, D_B: 0.057, G_B: 1.044, cycle_B: 0.281, idt_B: 0.121

[Rank 0] (epoch: 97, iters: 1512, time: 0.029, data: 0.003) , D_A: 0.247, G_A: 0.280, cycle_A: 0.088, idt_A: 0.216, D_B: 0.075, G_B: 0.622, cycle_B: 0.293, idt_B: 0.111

[Rank 0] (epoch: 97, iters: 1712, time: 0.026, data: 0.065) , D_A: 0.202, G_A: 0.234, cycle_A: 0.090, idt_A: 0.204, D_B: 0.029, G_B: 0.872, cycle_B: 0.259, idt_B: 0.124

[Rank 0] (epoch: 97, iters: 1912, time: 0.051, data: 0.001) , D_A: 0.194, G_A: 0.325, cycle_A: 0.085, idt_A: 0.202, D_B: 0.139, G_B: 0.032, cycle_B: 0.268, idt_B: 0.117

learning rate 0.0001500 -> 0.0001500
End of epoch 97 / 100 	 Time Taken: 59 sec
[Rank 0] (epoch: 98, iters: 184, time: 0.077, data: 0.001) , D_A: 0.183, G_A: 0.351, cycle_A: 0.077, idt_A: 0.194, D_B: 0.110, G_B: 0.410, cycle_B: 0.281, idt_B: 0.098

[Rank 0] (epoch: 98, iters: 384, time: 0.030, data: 0.003) , D_A: 0.213, G_A: 0.313, cycle_A: 0.096, idt_A: 0.217, D_B: 0.208, G_B: 0.951, cycle_B: 0.260, idt_B: 0.130

[Rank 0] (epoch: 98, iters: 584, time: 0.030, data: 0.002) , D_A: 0.200, G_A: 0.204, cycle_A: 0.099, idt_A: 0.210, D_B: 0.059, G_B: 0.577, cycle_B: 0.305, idt_B: 0.120

[Rank 0] (epoch: 98, iters: 784, time: 0.026, data: 0.110) , D_A: 0.194, G_A: 0.364, cycle_A: 0.086, idt_A: 0.234, D_B: 0.025, G_B: 0.753, cycle_B: 0.264, idt_B: 0.107

[Rank 0] (epoch: 98, iters: 984, time: 0.049, data: 0.044) , D_A: 0.191, G_A: 0.147, cycle_A: 0.096, idt_A: 0.222, D_B: 0.043, G_B: 0.418, cycle_B: 0.276, idt_B: 0.118

[Rank 0] (epoch: 98, iters: 1184, time: 0.030, data: 0.003) , D_A: 0.174, G_A: 0.391, cycle_A: 0.094, idt_A: 0.333, D_B: 0.037, G_B: 0.534, cycle_B: 0.255, idt_B: 0.121

[Rank 0] (epoch: 98, iters: 1384, time: 0.030, data: 0.003) , D_A: 0.075, G_A: 0.493, cycle_A: 0.114, idt_A: 0.220, D_B: 0.010, G_B: 0.986, cycle_B: 0.277, idt_B: 0.139

[Rank 0] (epoch: 98, iters: 1584, time: 0.030, data: 0.003) , D_A: 0.117, G_A: 0.201, cycle_A: 0.106, idt_A: 0.327, D_B: 0.033, G_B: 0.842, cycle_B: 0.285, idt_B: 0.149

[Rank 0] (epoch: 98, iters: 1784, time: 0.026, data: 0.068) , D_A: 0.131, G_A: 0.374, cycle_A: 0.118, idt_A: 0.285, D_B: 0.080, G_B: 0.445, cycle_B: 0.280, idt_B: 0.163

learning rate 0.0001500 -> 0.0001500
End of epoch 98 / 100 	 Time Taken: 58 sec
[Rank 0] (epoch: 99, iters: 56, time: 0.053, data: 0.002) , D_A: 0.211, G_A: 0.169, cycle_A: 0.119, idt_A: 0.225, D_B: 0.032, G_B: 0.819, cycle_B: 0.270, idt_B: 0.150

[Rank 0] (epoch: 99, iters: 256, time: 0.029, data: 0.003) , D_A: 0.061, G_A: 0.384, cycle_A: 0.097, idt_A: 0.215, D_B: 0.116, G_B: 1.063, cycle_B: 0.266, idt_B: 0.104

[Rank 0] (epoch: 99, iters: 456, time: 0.026, data: 0.180) , D_A: 0.209, G_A: 0.726, cycle_A: 0.099, idt_A: 0.226, D_B: 0.008, G_B: 0.889, cycle_B: 0.284, idt_B: 0.123

[Rank 0] (epoch: 99, iters: 656, time: 0.030, data: 0.003) , D_A: 0.124, G_A: 0.591, cycle_A: 0.090, idt_A: 0.227, D_B: 0.008, G_B: 0.981, cycle_B: 0.268, idt_B: 0.126

[Rank 0] (epoch: 99, iters: 856, time: 0.029, data: 0.003) , D_A: 0.126, G_A: 0.275, cycle_A: 0.105, idt_A: 0.267, D_B: 0.011, G_B: 0.996, cycle_B: 0.361, idt_B: 0.122

[Rank 0] (epoch: 99, iters: 1056, time: 0.073, data: 0.003) , D_A: 0.150, G_A: 0.484, cycle_A: 0.105, idt_A: 0.220, D_B: 0.153, G_B: 0.630, cycle_B: 0.254, idt_B: 0.121

saving the latest model (epoch 99, total_iters 190000)
[Rank 0] (epoch: 99, iters: 1256, time: 0.026, data: 0.004) , D_A: 0.163, G_A: 0.437, cycle_A: 0.089, idt_A: 0.293, D_B: 0.243, G_B: 0.107, cycle_B: 0.283, idt_B: 0.107

[Rank 0] (epoch: 99, iters: 1456, time: 0.030, data: 0.002) , D_A: 0.089, G_A: 0.798, cycle_A: 0.107, idt_A: 0.282, D_B: 0.150, G_B: 0.386, cycle_B: 0.285, idt_B: 0.128

[Rank 0] (epoch: 99, iters: 1656, time: 0.030, data: 0.002) , D_A: 0.067, G_A: 0.580, cycle_A: 0.100, idt_A: 0.260, D_B: 0.168, G_B: 0.328, cycle_B: 0.291, idt_B: 0.113

[Rank 0] (epoch: 99, iters: 1856, time: 0.029, data: 0.003) , D_A: 0.142, G_A: 0.767, cycle_A: 0.122, idt_A: 0.254, D_B: 0.248, G_B: 0.456, cycle_B: 0.287, idt_B: 0.142

learning rate 0.0001500 -> 0.0001500
End of epoch 99 / 100 	 Time Taken: 58 sec
[Rank 0] (epoch: 100, iters: 128, time: 0.054, data: 0.083) , D_A: 0.055, G_A: 0.666, cycle_A: 0.094, idt_A: 0.247, D_B: 0.144, G_B: 0.549, cycle_B: 0.309, idt_B: 0.116

[Rank 0] (epoch: 100, iters: 328, time: 0.030, data: 0.002) , D_A: 0.081, G_A: 0.378, cycle_A: 0.101, idt_A: 0.208, D_B: 0.205, G_B: 0.372, cycle_B: 0.257, idt_B: 0.105

[Rank 0] (epoch: 100, iters: 528, time: 0.026, data: 0.143) , D_A: 0.125, G_A: 0.622, cycle_A: 0.112, idt_A: 0.248, D_B: 0.168, G_B: 0.207, cycle_B: 0.295, idt_B: 0.148

[Rank 0] (epoch: 100, iters: 728, time: 0.030, data: 0.002) , D_A: 0.070, G_A: 0.514, cycle_A: 0.088, idt_A: 0.212, D_B: 0.173, G_B: 0.900, cycle_B: 0.260, idt_B: 0.102

[Rank 0] (epoch: 100, iters: 928, time: 0.030, data: 0.002) , D_A: 0.280, G_A: 1.110, cycle_A: 0.094, idt_A: 0.321, D_B: 0.192, G_B: 0.828, cycle_B: 0.375, idt_B: 0.116

[Rank 0] (epoch: 100, iters: 1128, time: 0.054, data: 0.003) , D_A: 0.094, G_A: 0.527, cycle_A: 0.121, idt_A: 0.224, D_B: 0.180, G_B: 0.161, cycle_B: 0.268, idt_B: 0.156

[Rank 0] (epoch: 100, iters: 1328, time: 0.026, data: 0.004) , D_A: 0.106, G_A: 0.735, cycle_A: 0.093, idt_A: 0.252, D_B: 0.238, G_B: 0.248, cycle_B: 0.273, idt_B: 0.113

[Rank 0] (epoch: 100, iters: 1528, time: 0.030, data: 0.001) , D_A: 0.219, G_A: 0.440, cycle_A: 0.089, idt_A: 0.274, D_B: 0.135, G_B: 0.495, cycle_B: 0.285, idt_B: 0.103

[Rank 0] (epoch: 100, iters: 1728, time: 0.030, data: 0.002) , D_A: 0.056, G_A: 0.490, cycle_A: 0.103, idt_A: 0.226, D_B: 0.045, G_B: 0.734, cycle_B: 0.268, idt_B: 0.130

[Rank 0] (epoch: 100, iters: 1928, time: 0.023, data: 0.004) , D_A: 0.047, G_A: 0.848, cycle_A: 0.103, idt_A: 0.244, D_B: 0.022, G_B: 1.023, cycle_B: 0.305, idt_B: 0.118

learning rate 0.0001500 -> 0.0000000
saving the model at the end of epoch 100, iters 192800
End of epoch 100 / 100 	 Time Taken: 59 sec
