========================================
SLURM Job Started: 2666
========================================
CPUs per task: 6
Total CPUs available: 6
GPU 0: NVIDIA H100 80GB HBM3 (UUID: GPU-0a8fe54c-fd8e-28b6-802f-30d8c3bef8ea)
========================================
Starte CycleGAN Training via Pyxis...
Installiere Dependencies...
Defaulting to user installation because normal site-packages is not writeable
Requirement already satisfied: dominate in /workspace/home/.local/lib/python3.10/site-packages (2.9.1)
Requirement already satisfied: visdom in /workspace/home/.local/lib/python3.10/site-packages (0.2.4)
Requirement already satisfied: wandb in /workspace/home/.local/lib/python3.10/site-packages (0.25.0)
Requirement already satisfied: numpy>=1.8 in /opt/conda/lib/python3.10/site-packages (from visdom) (1.26.3)
Requirement already satisfied: scipy in /workspace/home/.local/lib/python3.10/site-packages (from visdom) (1.15.3)
Requirement already satisfied: requests in /opt/conda/lib/python3.10/site-packages (from visdom) (2.31.0)
Requirement already satisfied: tornado in /workspace/home/.local/lib/python3.10/site-packages (from visdom) (6.5.4)
Requirement already satisfied: six in /opt/conda/lib/python3.10/site-packages (from visdom) (1.16.0)
Requirement already satisfied: jsonpatch in /opt/conda/lib/python3.10/site-packages (from visdom) (1.32)
Requirement already satisfied: websocket-client in /workspace/home/.local/lib/python3.10/site-packages (from visdom) (1.9.0)
Requirement already satisfied: networkx in /opt/conda/lib/python3.10/site-packages (from visdom) (3.1)
Requirement already satisfied: pillow in /opt/conda/lib/python3.10/site-packages (from visdom) (10.2.0)
Requirement already satisfied: click>=8.0.1 in /opt/conda/lib/python3.10/site-packages (from wandb) (8.1.7)
Requirement already satisfied: gitpython!=3.1.29,>=1.0.0 in /workspace/home/.local/lib/python3.10/site-packages (from wandb) (3.1.46)
Requirement already satisfied: packaging in /opt/conda/lib/python3.10/site-packages (from wandb) (23.1)
Requirement already satisfied: platformdirs in /opt/conda/lib/python3.10/site-packages (from wandb) (3.10.0)
Requirement already satisfied: protobuf!=4.21.0,!=5.28.0,<7,>=3.19.0 in /workspace/home/.local/lib/python3.10/site-packages (from wandb) (6.33.5)
Requirement already satisfied: pydantic<3 in /workspace/home/.local/lib/python3.10/site-packages (from wandb) (2.12.5)
Requirement already satisfied: pyyaml in /opt/conda/lib/python3.10/site-packages (from wandb) (6.0.1)
Requirement already satisfied: sentry-sdk>=2.0.0 in /workspace/home/.local/lib/python3.10/site-packages (from wandb) (2.53.0)
Requirement already satisfied: typing-extensions<5,>=4.8 in /workspace/home/.local/lib/python3.10/site-packages (from wandb) (4.15.0)
Requirement already satisfied: gitdb<5,>=4.0.1 in /workspace/home/.local/lib/python3.10/site-packages (from gitpython!=3.1.29,>=1.0.0->wandb) (4.0.12)
Requirement already satisfied: annotated-types>=0.6.0 in /workspace/home/.local/lib/python3.10/site-packages (from pydantic<3->wandb) (0.7.0)
Requirement already satisfied: pydantic-core==2.41.5 in /workspace/home/.local/lib/python3.10/site-packages (from pydantic<3->wandb) (2.41.5)
Requirement already satisfied: typing-inspection>=0.4.2 in /workspace/home/.local/lib/python3.10/site-packages (from pydantic<3->wandb) (0.4.2)
Requirement already satisfied: charset-normalizer<4,>=2 in /opt/conda/lib/python3.10/site-packages (from requests->visdom) (2.0.4)
Requirement already satisfied: idna<4,>=2.5 in /opt/conda/lib/python3.10/site-packages (from requests->visdom) (3.4)
Requirement already satisfied: urllib3<3,>=1.21.1 in /opt/conda/lib/python3.10/site-packages (from requests->visdom) (2.1.0)
Requirement already satisfied: certifi>=2017.4.17 in /opt/conda/lib/python3.10/site-packages (from requests->visdom) (2024.2.2)
Requirement already satisfied: jsonpointer>=1.9 in /opt/conda/lib/python3.10/site-packages (from jsonpatch->visdom) (2.1)
Requirement already satisfied: smmap<6,>=3.0.1 in /workspace/home/.local/lib/python3.10/site-packages (from gitdb<5,>=4.0.1->gitpython!=3.1.29,>=1.0.0->wandb) (5.0.2)
Starte weiteres Training ...
----------------- Options ---------------
               batch_size: 8                             	[default: 1]
                    beta1: 0.5                           
          checkpoints_dir: ./checkpoints                 
           continue_train: True                          	[default: False]
                crop_size: 256                           
                 dataroot: ./datasets/sim2real           	[default: None]
             dataset_mode: unaligned                     
                direction: AtoB                          
             display_freq: 200                           	[default: 400]
          display_winsize: 256                           
                    epoch: 100                           	[default: latest]
              epoch_count: 101                           	[default: 1]
                 gan_mode: lsgan                         
                init_gain: 0.02                          
                init_type: normal                        
                 input_nc: 3                             
                  isTrain: True                          	[default: None]
                 lambda_A: 11.0                          	[default: 10.0]
                 lambda_B: 11.0                          	[default: 10.0]
          lambda_identity: 1.5                           	[default: 0.5]
                load_iter: 0                             	[default: 0]
                load_size: 286                           
                       lr: 8e-05                         	[default: 0.0002]
           lr_decay_iters: 50                            
                lr_policy: linear                        
         max_dataset_size: inf                           
                    model: cycle_gan                     
                 n_epochs: 400                           	[default: 100]
           n_epochs_decay: 100                           
               n_layers_D: 3                             
                     name: sim2real_test100              	[default: experiment_name]
                      ndf: 64                            
                     netD: basic                         
                     netG: resnet_9blocks                
                      ngf: 64                            
               no_dropout: True                          
                  no_flip: True                          	[default: False]
                  no_html: False                         
                     norm: instance                      
              num_threads: 4                             
                output_nc: 3                             
                    phase: train                         
                pool_size: 50                            
               preprocess: resize_and_crop               
               print_freq: 100                           
             save_by_iter: False                         
          save_epoch_freq: 20                            	[default: 5]
         save_latest_freq: 5000                          
           serial_batches: False                         
                   suffix:                               
         update_html_freq: 1000                          
                use_wandb: False                         
                  verbose: False                         
       wandb_project_name: CycleGAN-and-pix2pix          
----------------- End -------------------
Initialized with device cuda:0
dataset [UnalignedDataset] was created
The number of training images = 1926
model [CycleGANModel] was created
Initialized with device cuda:0
initialize network with normal
loading the model from checkpoints/sim2real_test100/100_net_G_A.pth
Initialized with device cuda:0
initialize network with normal
loading the model from checkpoints/sim2real_test100/100_net_G_B.pth
Initialized with device cuda:0
initialize network with normal
loading the model from checkpoints/sim2real_test100/100_net_D_A.pth
Initialized with device cuda:0
initialize network with normal
loading the model from checkpoints/sim2real_test100/100_net_D_B.pth
---------- Networks initialized -------------
[Network G_A] Total number of parameters : 11.378 M
[Network G_B] Total number of parameters : 11.378 M
[Network D_A] Total number of parameters : 2.765 M
[Network D_B] Total number of parameters : 2.765 M
-----------------------------------------------
create web directory checkpoints/sim2real_test100/web...
[Rank 0] (epoch: 101, iters: 200, time: 0.069, data: 0.729) , D_A: 0.077, G_A: 0.468, cycle_A: 0.098, idt_A: 0.168, D_B: 0.111, G_B: 0.634, cycle_B: 0.307, idt_B: 0.090

[Rank 0] (epoch: 101, iters: 400, time: 0.030, data: 0.003) , D_A: 0.112, G_A: 0.519, cycle_A: 0.091, idt_A: 0.179, D_B: 0.083, G_B: 0.458, cycle_B: 0.281, idt_B: 0.075

[Rank 0] (epoch: 101, iters: 600, time: 0.030, data: 0.003) , D_A: 0.100, G_A: 0.439, cycle_A: 0.110, idt_A: 0.170, D_B: 0.121, G_B: 0.845, cycle_B: 0.305, idt_B: 0.089

[Rank 0] (epoch: 101, iters: 800, time: 0.030, data: 0.003) , D_A: 0.065, G_A: 0.437, cycle_A: 0.095, idt_A: 0.183, D_B: 0.040, G_B: 0.736, cycle_B: 0.322, idt_B: 0.070

[Rank 0] (epoch: 101, iters: 1000, time: 0.055, data: 0.003) , D_A: 0.095, G_A: 0.486, cycle_A: 0.102, idt_A: 0.173, D_B: 0.104, G_B: 0.423, cycle_B: 0.296, idt_B: 0.085

[Rank 0] (epoch: 101, iters: 1200, time: 0.030, data: 0.003) , D_A: 0.067, G_A: 0.495, cycle_A: 0.104, idt_A: 0.188, D_B: 0.057, G_B: 0.522, cycle_B: 0.308, idt_B: 0.087

[Rank 0] (epoch: 101, iters: 1400, time: 0.030, data: 0.003) , D_A: 0.182, G_A: 0.638, cycle_A: 0.132, idt_A: 0.163, D_B: 0.077, G_B: 0.444, cycle_B: 0.281, idt_B: 0.112

[Rank 0] (epoch: 101, iters: 1600, time: 0.030, data: 0.004) , D_A: 0.128, G_A: 0.475, cycle_A: 0.118, idt_A: 0.176, D_B: 0.057, G_B: 0.745, cycle_B: 0.323, idt_B: 0.099

[Rank 0] (epoch: 101, iters: 1800, time: 0.030, data: 0.002) , D_A: 0.061, G_A: 0.687, cycle_A: 0.124, idt_A: 0.174, D_B: 0.062, G_B: 0.727, cycle_B: 0.293, idt_B: 0.107

learning rate 0.0000800 -> 0.0000800
End of epoch 101 / 500 	 Time Taken: 55 sec
[Rank 0] (epoch: 102, iters: 72, time: 0.069, data: 0.003) , D_A: 0.062, G_A: 0.789, cycle_A: 0.117, idt_A: 0.171, D_B: 0.068, G_B: 0.435, cycle_B: 0.303, idt_B: 0.092

[Rank 0] (epoch: 102, iters: 272, time: 0.030, data: 0.002) , D_A: 0.082, G_A: 0.705, cycle_A: 0.090, idt_A: 0.165, D_B: 0.085, G_B: 0.193, cycle_B: 0.292, idt_B: 0.072

[Rank 0] (epoch: 102, iters: 472, time: 0.030, data: 0.002) , D_A: 0.053, G_A: 0.672, cycle_A: 0.066, idt_A: 0.174, D_B: 0.039, G_B: 1.391, cycle_B: 0.284, idt_B: 0.059

[Rank 0] (epoch: 102, iters: 672, time: 0.030, data: 0.003) , D_A: 0.066, G_A: 0.517, cycle_A: 0.072, idt_A: 0.187, D_B: 0.047, G_B: 1.125, cycle_B: 0.316, idt_B: 0.063

[Rank 0] (epoch: 102, iters: 872, time: 0.030, data: 0.003) , D_A: 0.072, G_A: 0.665, cycle_A: 0.112, idt_A: 0.153, D_B: 0.052, G_B: 0.626, cycle_B: 0.283, idt_B: 0.104

[Rank 0] (epoch: 102, iters: 1072, time: 0.055, data: 0.004) , D_A: 0.077, G_A: 0.418, cycle_A: 0.096, idt_A: 0.172, D_B: 0.109, G_B: 0.726, cycle_B: 0.305, idt_B: 0.079

[Rank 0] (epoch: 102, iters: 1272, time: 0.030, data: 0.003) , D_A: 0.077, G_A: 0.440, cycle_A: 0.117, idt_A: 0.180, D_B: 0.151, G_B: 0.188, cycle_B: 0.284, idt_B: 0.097

[Rank 0] (epoch: 102, iters: 1472, time: 0.030, data: 0.003) , D_A: 0.118, G_A: 0.243, cycle_A: 0.090, idt_A: 0.157, D_B: 0.014, G_B: 1.034, cycle_B: 0.287, idt_B: 0.084

[Rank 0] (epoch: 102, iters: 1672, time: 0.030, data: 0.002) , D_A: 0.102, G_A: 0.682, cycle_A: 0.099, idt_A: 0.181, D_B: 0.021, G_B: 1.118, cycle_B: 0.261, idt_B: 0.079

[Rank 0] (epoch: 102, iters: 1872, time: 0.030, data: 0.003) , D_A: 0.124, G_A: 0.354, cycle_A: 0.088, idt_A: 0.175, D_B: 0.062, G_B: 0.500, cycle_B: 0.297, idt_B: 0.068

learning rate 0.0000800 -> 0.0000800
End of epoch 102 / 500 	 Time Taken: 52 sec
[Rank 0] (epoch: 103, iters: 144, time: 0.049, data: 0.002) , D_A: 0.082, G_A: 0.343, cycle_A: 0.096, idt_A: 0.166, D_B: 0.026, G_B: 0.792, cycle_B: 0.307, idt_B: 0.083

[Rank 0] (epoch: 103, iters: 344, time: 0.030, data: 0.002) , D_A: 0.154, G_A: 0.565, cycle_A: 0.112, idt_A: 0.185, D_B: 0.135, G_B: 0.488, cycle_B: 0.311, idt_B: 0.095

[Rank 0] (epoch: 103, iters: 544, time: 0.030, data: 0.003) , D_A: 0.097, G_A: 0.390, cycle_A: 0.090, idt_A: 0.154, D_B: 0.012, G_B: 0.915, cycle_B: 0.270, idt_B: 0.073

[Rank 0] (epoch: 103, iters: 744, time: 0.030, data: 0.002) , D_A: 0.095, G_A: 0.595, cycle_A: 0.091, idt_A: 0.153, D_B: 0.013, G_B: 0.849, cycle_B: 0.278, idt_B: 0.078

[Rank 0] (epoch: 103, iters: 944, time: 0.030, data: 0.003) , D_A: 0.043, G_A: 0.707, cycle_A: 0.111, idt_A: 0.170, D_B: 0.021, G_B: 1.079, cycle_B: 0.291, idt_B: 0.086

[Rank 0] (epoch: 103, iters: 1144, time: 0.063, data: 0.002) , D_A: 0.057, G_A: 0.769, cycle_A: 0.118, idt_A: 0.163, D_B: 0.014, G_B: 0.766, cycle_B: 0.288, idt_B: 0.108

saving the latest model (epoch 103, total_iters 5000)
[Rank 0] (epoch: 103, iters: 1344, time: 0.030, data: 0.002) , D_A: 0.056, G_A: 0.603, cycle_A: 0.117, idt_A: 0.158, D_B: 0.044, G_B: 0.774, cycle_B: 0.271, idt_B: 0.080

[Rank 0] (epoch: 103, iters: 1544, time: 0.030, data: 0.002) , D_A: 0.051, G_A: 0.580, cycle_A: 0.138, idt_A: 0.154, D_B: 0.098, G_B: 0.938, cycle_B: 0.284, idt_B: 0.106

[Rank 0] (epoch: 103, iters: 1744, time: 0.030, data: 0.003) , D_A: 0.072, G_A: 0.493, cycle_A: 0.099, idt_A: 0.164, D_B: 0.011, G_B: 0.808, cycle_B: 0.244, idt_B: 0.092

learning rate 0.0000800 -> 0.0000800
End of epoch 103 / 500 	 Time Taken: 51 sec
[Rank 0] (epoch: 104, iters: 16, time: 0.049, data: 0.003) , D_A: 0.058, G_A: 0.729, cycle_A: 0.114, idt_A: 0.148, D_B: 0.020, G_B: 0.651, cycle_B: 0.257, idt_B: 0.090

[Rank 0] (epoch: 104, iters: 216, time: 0.049, data: 0.001) , D_A: 0.114, G_A: 0.641, cycle_A: 0.093, idt_A: 0.154, D_B: 0.052, G_B: 0.366, cycle_B: 0.276, idt_B: 0.087

[Rank 0] (epoch: 104, iters: 416, time: 0.030, data: 0.003) , D_A: 0.154, G_A: 0.351, cycle_A: 0.111, idt_A: 0.141, D_B: 0.017, G_B: 1.094, cycle_B: 0.248, idt_B: 0.085

[Rank 0] (epoch: 104, iters: 616, time: 0.030, data: 0.004) , D_A: 0.153, G_A: 0.537, cycle_A: 0.091, idt_A: 0.159, D_B: 0.009, G_B: 0.955, cycle_B: 0.277, idt_B: 0.084

[Rank 0] (epoch: 104, iters: 816, time: 0.030, data: 0.002) , D_A: 0.069, G_A: 0.636, cycle_A: 0.114, idt_A: 0.167, D_B: 0.009, G_B: 0.966, cycle_B: 0.283, idt_B: 0.084

[Rank 0] (epoch: 104, iters: 1016, time: 0.030, data: 0.003) , D_A: 0.064, G_A: 0.691, cycle_A: 0.086, idt_A: 0.168, D_B: 0.006, G_B: 1.043, cycle_B: 0.269, idt_B: 0.064

[Rank 0] (epoch: 104, iters: 1216, time: 0.068, data: 0.003) , D_A: 0.116, G_A: 0.313, cycle_A: 0.086, idt_A: 0.169, D_B: 0.118, G_B: 0.510, cycle_B: 0.255, idt_B: 0.074

[Rank 0] (epoch: 104, iters: 1416, time: 0.030, data: 0.003) , D_A: 0.053, G_A: 0.579, cycle_A: 0.118, idt_A: 0.165, D_B: 0.056, G_B: 0.371, cycle_B: 0.269, idt_B: 0.099

[Rank 0] (epoch: 104, iters: 1616, time: 0.030, data: 0.003) , D_A: 0.061, G_A: 0.623, cycle_A: 0.098, idt_A: 0.146, D_B: 0.009, G_B: 0.932, cycle_B: 0.276, idt_B: 0.078

[Rank 0] (epoch: 104, iters: 1816, time: 0.030, data: 0.003) , D_A: 0.058, G_A: 0.603, cycle_A: 0.065, idt_A: 0.151, D_B: 0.024, G_B: 0.769, cycle_B: 0.283, idt_B: 0.060

learning rate 0.0000800 -> 0.0000800
End of epoch 104 / 500 	 Time Taken: 52 sec
[Rank 0] (epoch: 105, iters: 88, time: 0.056, data: 0.003) , D_A: 0.062, G_A: 0.725, cycle_A: 0.084, idt_A: 0.147, D_B: 0.031, G_B: 0.751, cycle_B: 0.250, idt_B: 0.072

[Rank 0] (epoch: 105, iters: 288, time: 0.080, data: 0.002) , D_A: 0.071, G_A: 0.700, cycle_A: 0.091, idt_A: 0.179, D_B: 0.015, G_B: 0.990, cycle_B: 0.299, idt_B: 0.079

[Rank 0] (epoch: 105, iters: 488, time: 0.030, data: 0.003) , D_A: 0.145, G_A: 0.892, cycle_A: 0.111, idt_A: 0.165, D_B: 0.016, G_B: 0.740, cycle_B: 0.327, idt_B: 0.077

[Rank 0] (epoch: 105, iters: 688, time: 0.030, data: 0.003) , D_A: 0.079, G_A: 0.533, cycle_A: 0.105, idt_A: 0.157, D_B: 0.027, G_B: 0.997, cycle_B: 0.285, idt_B: 0.092

[Rank 0] (epoch: 105, iters: 888, time: 0.030, data: 0.003) , D_A: 0.080, G_A: 0.501, cycle_A: 0.108, idt_A: 0.156, D_B: 0.032, G_B: 0.814, cycle_B: 0.274, idt_B: 0.091

[Rank 0] (epoch: 105, iters: 1088, time: 0.030, data: 0.003) , D_A: 0.180, G_A: 0.188, cycle_A: 0.115, idt_A: 0.209, D_B: 0.018, G_B: 0.861, cycle_B: 0.356, idt_B: 0.094

[Rank 0] (epoch: 105, iters: 1288, time: 0.049, data: 0.003) , D_A: 0.035, G_A: 0.753, cycle_A: 0.115, idt_A: 0.179, D_B: 0.012, G_B: 0.862, cycle_B: 0.285, idt_B: 0.106

[Rank 0] (epoch: 105, iters: 1488, time: 0.030, data: 0.002) , D_A: 0.114, G_A: 0.659, cycle_A: 0.103, idt_A: 0.174, D_B: 0.022, G_B: 0.826, cycle_B: 0.284, idt_B: 0.086

[Rank 0] (epoch: 105, iters: 1688, time: 0.030, data: 0.003) , D_A: 0.162, G_A: 0.246, cycle_A: 0.109, idt_A: 0.180, D_B: 0.010, G_B: 1.056, cycle_B: 0.292, idt_B: 0.097

[Rank 0] (epoch: 105, iters: 1888, time: 0.030, data: 0.003) , D_A: 0.115, G_A: 0.627, cycle_A: 0.088, idt_A: 0.159, D_B: 0.005, G_B: 0.938, cycle_B: 0.246, idt_B: 0.078

learning rate 0.0000800 -> 0.0000800
End of epoch 105 / 500 	 Time Taken: 52 sec
[Rank 0] (epoch: 106, iters: 160, time: 0.049, data: 0.002) , D_A: 0.065, G_A: 0.418, cycle_A: 0.100, idt_A: 0.142, D_B: 0.039, G_B: 0.837, cycle_B: 0.244, idt_B: 0.088

[Rank 0] (epoch: 106, iters: 360, time: 0.069, data: 0.003) , D_A: 0.075, G_A: 0.491, cycle_A: 0.087, idt_A: 0.154, D_B: 0.085, G_B: 0.540, cycle_B: 0.267, idt_B: 0.079

saving the latest model (epoch 106, total_iters 10000)
[Rank 0] (epoch: 106, iters: 560, time: 0.030, data: 0.003) , D_A: 0.083, G_A: 0.341, cycle_A: 0.097, idt_A: 0.164, D_B: 0.042, G_B: 0.651, cycle_B: 0.277, idt_B: 0.080

[Rank 0] (epoch: 106, iters: 760, time: 0.030, data: 0.002) , D_A: 0.282, G_A: 0.895, cycle_A: 0.097, idt_A: 0.155, D_B: 0.020, G_B: 0.773, cycle_B: 0.270, idt_B: 0.084

[Rank 0] (epoch: 106, iters: 960, time: 0.030, data: 0.003) , D_A: 0.136, G_A: 1.039, cycle_A: 0.093, idt_A: 0.168, D_B: 0.008, G_B: 0.999, cycle_B: 0.284, idt_B: 0.077

[Rank 0] (epoch: 106, iters: 1160, time: 0.030, data: 0.002) , D_A: 0.077, G_A: 0.481, cycle_A: 0.098, idt_A: 0.161, D_B: 0.007, G_B: 0.999, cycle_B: 0.280, idt_B: 0.084

[Rank 0] (epoch: 106, iters: 1360, time: 0.056, data: 0.004) , D_A: 0.052, G_A: 0.787, cycle_A: 0.103, idt_A: 0.172, D_B: 0.066, G_B: 1.141, cycle_B: 0.304, idt_B: 0.079

[Rank 0] (epoch: 106, iters: 1560, time: 0.030, data: 0.002) , D_A: 0.065, G_A: 0.456, cycle_A: 0.109, idt_A: 0.169, D_B: 0.166, G_B: 0.294, cycle_B: 0.274, idt_B: 0.086

[Rank 0] (epoch: 106, iters: 1760, time: 0.030, data: 0.003) , D_A: 0.043, G_A: 0.905, cycle_A: 0.158, idt_A: 0.139, D_B: 0.089, G_B: 0.629, cycle_B: 0.242, idt_B: 0.101

learning rate 0.0000800 -> 0.0000800
End of epoch 106 / 500 	 Time Taken: 52 sec
[Rank 0] (epoch: 107, iters: 32, time: 0.056, data: 0.003) , D_A: 0.061, G_A: 0.572, cycle_A: 0.116, idt_A: 0.184, D_B: 0.040, G_B: 1.049, cycle_B: 0.275, idt_B: 0.098

[Rank 0] (epoch: 107, iters: 232, time: 0.029, data: 0.005) , D_A: 0.040, G_A: 0.911, cycle_A: 0.109, idt_A: 0.153, D_B: 0.032, G_B: 0.876, cycle_B: 0.239, idt_B: 0.099

[Rank 0] (epoch: 107, iters: 432, time: 0.065, data: 0.003) , D_A: 0.208, G_A: 0.676, cycle_A: 0.120, idt_A: 0.165, D_B: 0.035, G_B: 0.723, cycle_B: 0.277, idt_B: 0.090

[Rank 0] (epoch: 107, iters: 632, time: 0.030, data: 0.002) , D_A: 0.096, G_A: 0.524, cycle_A: 0.131, idt_A: 0.164, D_B: 0.030, G_B: 0.892, cycle_B: 0.286, idt_B: 0.115

[Rank 0] (epoch: 107, iters: 832, time: 0.030, data: 0.003) , D_A: 0.097, G_A: 0.554, cycle_A: 0.099, idt_A: 0.165, D_B: 0.012, G_B: 1.237, cycle_B: 0.286, idt_B: 0.091

[Rank 0] (epoch: 107, iters: 1032, time: 0.030, data: 0.003) , D_A: 0.061, G_A: 0.467, cycle_A: 0.123, idt_A: 0.150, D_B: 0.012, G_B: 0.741, cycle_B: 0.267, idt_B: 0.097

[Rank 0] (epoch: 107, iters: 1232, time: 0.030, data: 0.003) , D_A: 0.059, G_A: 1.259, cycle_A: 0.100, idt_A: 0.138, D_B: 0.111, G_B: 1.390, cycle_B: 0.275, idt_B: 0.089

[Rank 0] (epoch: 107, iters: 1432, time: 0.049, data: 0.002) , D_A: 0.111, G_A: 0.605, cycle_A: 0.130, idt_A: 0.155, D_B: 0.037, G_B: 0.760, cycle_B: 0.296, idt_B: 0.104

[Rank 0] (epoch: 107, iters: 1632, time: 0.030, data: 0.002) , D_A: 0.094, G_A: 0.596, cycle_A: 0.103, idt_A: 0.131, D_B: 0.010, G_B: 0.941, cycle_B: 0.281, idt_B: 0.086

[Rank 0] (epoch: 107, iters: 1832, time: 0.030, data: 0.002) , D_A: 0.124, G_A: 0.627, cycle_A: 0.118, idt_A: 0.147, D_B: 0.030, G_B: 0.716, cycle_B: 0.249, idt_B: 0.090

learning rate 0.0000800 -> 0.0000800
End of epoch 107 / 500 	 Time Taken: 52 sec
[Rank 0] (epoch: 108, iters: 104, time: 0.062, data: 0.003) , D_A: 0.139, G_A: 1.124, cycle_A: 0.118, idt_A: 0.158, D_B: 0.028, G_B: 1.161, cycle_B: 0.282, idt_B: 0.093

[Rank 0] (epoch: 108, iters: 304, time: 0.030, data: 0.002) , D_A: 0.050, G_A: 0.593, cycle_A: 0.116, idt_A: 0.160, D_B: 0.111, G_B: 0.283, cycle_B: 0.264, idt_B: 0.100

[Rank 0] (epoch: 108, iters: 504, time: 0.056, data: 0.003) , D_A: 0.203, G_A: 0.546, cycle_A: 0.095, idt_A: 0.155, D_B: 0.010, G_B: 0.967, cycle_B: 0.258, idt_B: 0.077

[Rank 0] (epoch: 108, iters: 704, time: 0.030, data: 0.002) , D_A: 0.051, G_A: 0.653, cycle_A: 0.111, idt_A: 0.147, D_B: 0.014, G_B: 0.821, cycle_B: 0.342, idt_B: 0.101

[Rank 0] (epoch: 108, iters: 904, time: 0.030, data: 0.003) , D_A: 0.204, G_A: 0.310, cycle_A: 0.094, idt_A: 0.174, D_B: 0.013, G_B: 1.110, cycle_B: 0.332, idt_B: 0.082

[Rank 0] (epoch: 108, iters: 1104, time: 0.030, data: 0.003) , D_A: 0.180, G_A: 0.247, cycle_A: 0.076, idt_A: 0.155, D_B: 0.012, G_B: 0.913, cycle_B: 0.307, idt_B: 0.071

[Rank 0] (epoch: 108, iters: 1304, time: 0.030, data: 0.003) , D_A: 0.182, G_A: 0.336, cycle_A: 0.094, idt_A: 0.178, D_B: 0.015, G_B: 1.022, cycle_B: 0.297, idt_B: 0.085

[Rank 0] (epoch: 108, iters: 1504, time: 0.055, data: 0.003) , D_A: 0.158, G_A: 0.384, cycle_A: 0.121, idt_A: 0.176, D_B: 0.011, G_B: 0.989, cycle_B: 0.308, idt_B: 0.096

saving the latest model (epoch 108, total_iters 15000)
[Rank 0] (epoch: 108, iters: 1704, time: 0.030, data: 0.003) , D_A: 0.113, G_A: 0.360, cycle_A: 0.094, idt_A: 0.146, D_B: 0.009, G_B: 0.887, cycle_B: 0.413, idt_B: 0.087

[Rank 0] (epoch: 108, iters: 1904, time: 0.030, data: 0.002) , D_A: 0.067, G_A: 0.399, cycle_A: 0.102, idt_A: 0.171, D_B: 0.011, G_B: 0.887, cycle_B: 0.353, idt_B: 0.090

learning rate 0.0000800 -> 0.0000800
End of epoch 108 / 500 	 Time Taken: 52 sec
[Rank 0] (epoch: 109, iters: 176, time: 0.066, data: 0.002) , D_A: 0.102, G_A: 0.621, cycle_A: 0.080, idt_A: 0.146, D_B: 0.013, G_B: 0.764, cycle_B: 0.319, idt_B: 0.067

[Rank 0] (epoch: 109, iters: 376, time: 0.030, data: 0.002) , D_A: 0.127, G_A: 0.601, cycle_A: 0.096, idt_A: 0.166, D_B: 0.014, G_B: 0.910, cycle_B: 0.339, idt_B: 0.083

[Rank 0] (epoch: 109, iters: 576, time: 0.048, data: 0.003) , D_A: 0.048, G_A: 0.517, cycle_A: 0.108, idt_A: 0.171, D_B: 0.016, G_B: 0.800, cycle_B: 0.343, idt_B: 0.091

[Rank 0] (epoch: 109, iters: 776, time: 0.030, data: 0.003) , D_A: 0.094, G_A: 0.539, cycle_A: 0.111, idt_A: 0.156, D_B: 0.009, G_B: 1.012, cycle_B: 0.320, idt_B: 0.092

[Rank 0] (epoch: 109, iters: 976, time: 0.030, data: 0.003) , D_A: 0.071, G_A: 0.667, cycle_A: 0.108, idt_A: 0.148, D_B: 0.011, G_B: 0.844, cycle_B: 0.323, idt_B: 0.084

[Rank 0] (epoch: 109, iters: 1176, time: 0.029, data: 0.003) , D_A: 0.123, G_A: 0.396, cycle_A: 0.121, idt_A: 0.146, D_B: 0.009, G_B: 0.841, cycle_B: 0.284, idt_B: 0.097

[Rank 0] (epoch: 109, iters: 1376, time: 0.030, data: 0.001) , D_A: 0.076, G_A: 0.352, cycle_A: 0.126, idt_A: 0.170, D_B: 0.010, G_B: 0.898, cycle_B: 0.325, idt_B: 0.105

[Rank 0] (epoch: 109, iters: 1576, time: 0.048, data: 0.002) , D_A: 0.044, G_A: 0.584, cycle_A: 0.088, idt_A: 0.158, D_B: 0.012, G_B: 0.813, cycle_B: 0.301, idt_B: 0.067

[Rank 0] (epoch: 109, iters: 1776, time: 0.030, data: 0.003) , D_A: 0.104, G_A: 0.814, cycle_A: 0.102, idt_A: 0.185, D_B: 0.008, G_B: 0.883, cycle_B: 0.323, idt_B: 0.087

learning rate 0.0000800 -> 0.0000800
End of epoch 109 / 500 	 Time Taken: 52 sec
[Rank 0] (epoch: 110, iters: 48, time: 0.077, data: 0.004) , D_A: 0.060, G_A: 0.559, cycle_A: 0.103, idt_A: 0.172, D_B: 0.006, G_B: 0.948, cycle_B: 0.319, idt_B: 0.079

[Rank 0] (epoch: 110, iters: 248, time: 0.030, data: 0.003) , D_A: 0.088, G_A: 0.771, cycle_A: 0.097, idt_A: 0.164, D_B: 0.007, G_B: 0.940, cycle_B: 0.318, idt_B: 0.079

[Rank 0] (epoch: 110, iters: 448, time: 0.030, data: 0.003) , D_A: 0.071, G_A: 0.574, cycle_A: 0.093, idt_A: 0.190, D_B: 0.007, G_B: 0.911, cycle_B: 0.356, idt_B: 0.076

[Rank 0] (epoch: 110, iters: 648, time: 0.048, data: 0.003) , D_A: 0.042, G_A: 0.857, cycle_A: 0.091, idt_A: 0.167, D_B: 0.010, G_B: 0.982, cycle_B: 0.324, idt_B: 0.072

[Rank 0] (epoch: 110, iters: 848, time: 0.030, data: 0.003) , D_A: 0.125, G_A: 0.334, cycle_A: 0.118, idt_A: 0.156, D_B: 0.013, G_B: 1.023, cycle_B: 0.301, idt_B: 0.096

[Rank 0] (epoch: 110, iters: 1048, time: 0.030, data: 0.002) , D_A: 0.072, G_A: 0.394, cycle_A: 0.097, idt_A: 0.170, D_B: 0.007, G_B: 0.916, cycle_B: 0.321, idt_B: 0.076

[Rank 0] (epoch: 110, iters: 1248, time: 0.030, data: 0.003) , D_A: 0.069, G_A: 0.520, cycle_A: 0.121, idt_A: 0.146, D_B: 0.009, G_B: 0.893, cycle_B: 0.302, idt_B: 0.102

[Rank 0] (epoch: 110, iters: 1448, time: 0.030, data: 0.003) , D_A: 0.126, G_A: 0.574, cycle_A: 0.108, idt_A: 0.187, D_B: 0.010, G_B: 0.870, cycle_B: 0.336, idt_B: 0.089

[Rank 0] (epoch: 110, iters: 1648, time: 0.065, data: 0.003) , D_A: 0.056, G_A: 0.867, cycle_A: 0.125, idt_A: 0.134, D_B: 0.007, G_B: 0.803, cycle_B: 0.254, idt_B: 0.104

[Rank 0] (epoch: 110, iters: 1848, time: 0.030, data: 0.002) , D_A: 0.094, G_A: 0.536, cycle_A: 0.107, idt_A: 0.161, D_B: 0.015, G_B: 1.081, cycle_B: 0.305, idt_B: 0.085

learning rate 0.0000800 -> 0.0000800
End of epoch 110 / 500 	 Time Taken: 52 sec
[Rank 0] (epoch: 111, iters: 120, time: 0.048, data: 0.003) , D_A: 0.052, G_A: 0.432, cycle_A: 0.087, idt_A: 0.177, D_B: 0.003, G_B: 1.001, cycle_B: 0.320, idt_B: 0.059

[Rank 0] (epoch: 111, iters: 320, time: 0.030, data: 0.002) , D_A: 0.100, G_A: 0.384, cycle_A: 0.088, idt_A: 0.156, D_B: 0.010, G_B: 0.817, cycle_B: 0.290, idt_B: 0.072

[Rank 0] (epoch: 111, iters: 520, time: 0.030, data: 0.003) , D_A: 0.109, G_A: 0.678, cycle_A: 0.102, idt_A: 0.171, D_B: 0.005, G_B: 0.998, cycle_B: 0.304, idt_B: 0.089

[Rank 0] (epoch: 111, iters: 720, time: 0.056, data: 0.003) , D_A: 0.037, G_A: 0.712, cycle_A: 0.120, idt_A: 0.154, D_B: 0.007, G_B: 1.020, cycle_B: 0.314, idt_B: 0.097

saving the latest model (epoch 111, total_iters 20000)
[Rank 0] (epoch: 111, iters: 920, time: 0.030, data: 0.003) , D_A: 0.090, G_A: 0.589, cycle_A: 0.095, idt_A: 0.157, D_B: 0.007, G_B: 1.164, cycle_B: 0.322, idt_B: 0.072

[Rank 0] (epoch: 111, iters: 1120, time: 0.030, data: 0.003) , D_A: 0.048, G_A: 0.694, cycle_A: 0.149, idt_A: 0.147, D_B: 0.008, G_B: 0.792, cycle_B: 0.287, idt_B: 0.117

[Rank 0] (epoch: 111, iters: 1320, time: 0.030, data: 0.002) , D_A: 0.080, G_A: 0.236, cycle_A: 0.089, idt_A: 0.161, D_B: 0.003, G_B: 1.025, cycle_B: 0.273, idt_B: 0.076

[Rank 0] (epoch: 111, iters: 1520, time: 0.030, data: 0.003) , D_A: 0.244, G_A: 0.998, cycle_A: 0.108, idt_A: 0.147, D_B: 0.005, G_B: 0.846, cycle_B: 0.292, idt_B: 0.076

[Rank 0] (epoch: 111, iters: 1720, time: 0.063, data: 0.003) , D_A: 0.125, G_A: 0.950, cycle_A: 0.105, idt_A: 0.164, D_B: 0.004, G_B: 1.045, cycle_B: 0.321, idt_B: 0.078

[Rank 0] (epoch: 111, iters: 1920, time: 0.030, data: 0.003) , D_A: 0.050, G_A: 0.489, cycle_A: 0.112, idt_A: 0.177, D_B: 0.014, G_B: 1.099, cycle_B: 0.308, idt_B: 0.094

learning rate 0.0000800 -> 0.0000800
End of epoch 111 / 500 	 Time Taken: 52 sec
[Rank 0] (epoch: 112, iters: 192, time: 0.048, data: 0.002) , D_A: 0.033, G_A: 0.851, cycle_A: 0.136, idt_A: 0.141, D_B: 0.005, G_B: 0.939, cycle_B: 0.254, idt_B: 0.092

[Rank 0] (epoch: 112, iters: 392, time: 0.030, data: 0.004) , D_A: 0.080, G_A: 0.479, cycle_A: 0.094, idt_A: 0.164, D_B: 0.008, G_B: 0.859, cycle_B: 0.301, idt_B: 0.069

[Rank 0] (epoch: 112, iters: 592, time: 0.030, data: 0.002) , D_A: 0.159, G_A: 0.775, cycle_A: 0.096, idt_A: 0.152, D_B: 0.004, G_B: 0.952, cycle_B: 0.283, idt_B: 0.080

[Rank 0] (epoch: 112, iters: 792, time: 0.065, data: 0.003) , D_A: 0.047, G_A: 0.581, cycle_A: 0.112, idt_A: 0.174, D_B: 0.005, G_B: 1.053, cycle_B: 0.321, idt_B: 0.085

[Rank 0] (epoch: 112, iters: 992, time: 0.030, data: 0.002) , D_A: 0.418, G_A: 1.489, cycle_A: 0.090, idt_A: 0.141, D_B: 0.006, G_B: 1.085, cycle_B: 0.283, idt_B: 0.071

[Rank 0] (epoch: 112, iters: 1192, time: 0.030, data: 0.003) , D_A: 0.065, G_A: 0.528, cycle_A: 0.100, idt_A: 0.166, D_B: 0.004, G_B: 0.887, cycle_B: 0.301, idt_B: 0.076

[Rank 0] (epoch: 112, iters: 1392, time: 0.030, data: 0.003) , D_A: 0.060, G_A: 0.799, cycle_A: 0.108, idt_A: 0.182, D_B: 0.007, G_B: 0.937, cycle_B: 0.349, idt_B: 0.093

[Rank 0] (epoch: 112, iters: 1592, time: 0.030, data: 0.002) , D_A: 0.115, G_A: 0.260, cycle_A: 0.083, idt_A: 0.168, D_B: 0.008, G_B: 0.839, cycle_B: 0.322, idt_B: 0.061

[Rank 0] (epoch: 112, iters: 1792, time: 0.048, data: 0.003) , D_A: 0.058, G_A: 0.488, cycle_A: 0.080, idt_A: 0.194, D_B: 0.007, G_B: 0.844, cycle_B: 0.330, idt_B: 0.054

learning rate 0.0000800 -> 0.0000800
End of epoch 112 / 500 	 Time Taken: 51 sec
[Rank 0] (epoch: 113, iters: 64, time: 0.051, data: 0.003) , D_A: 0.142, G_A: 0.602, cycle_A: 0.096, idt_A: 0.162, D_B: 0.004, G_B: 0.969, cycle_B: 0.296, idt_B: 0.074

[Rank 0] (epoch: 113, iters: 264, time: 0.030, data: 0.003) , D_A: 0.103, G_A: 0.416, cycle_A: 0.116, idt_A: 0.142, D_B: 0.008, G_B: 0.838, cycle_B: 0.289, idt_B: 0.085

[Rank 0] (epoch: 113, iters: 464, time: 0.030, data: 0.002) , D_A: 0.129, G_A: 0.775, cycle_A: 0.100, idt_A: 0.161, D_B: 0.009, G_B: 0.905, cycle_B: 0.302, idt_B: 0.085

[Rank 0] (epoch: 113, iters: 664, time: 0.030, data: 0.003) , D_A: 0.122, G_A: 0.468, cycle_A: 0.084, idt_A: 0.168, D_B: 0.007, G_B: 0.852, cycle_B: 0.317, idt_B: 0.067

[Rank 0] (epoch: 113, iters: 864, time: 0.072, data: 0.004) , D_A: 0.141, G_A: 0.851, cycle_A: 0.108, idt_A: 0.154, D_B: 0.009, G_B: 1.106, cycle_B: 0.273, idt_B: 0.085

[Rank 0] (epoch: 113, iters: 1064, time: 0.030, data: 0.003) , D_A: 0.059, G_A: 0.633, cycle_A: 0.107, idt_A: 0.146, D_B: 0.005, G_B: 0.945, cycle_B: 0.279, idt_B: 0.086

[Rank 0] (epoch: 113, iters: 1264, time: 0.030, data: 0.003) , D_A: 0.160, G_A: 0.383, cycle_A: 0.093, idt_A: 0.161, D_B: 0.003, G_B: 0.912, cycle_B: 0.309, idt_B: 0.079

[Rank 0] (epoch: 113, iters: 1464, time: 0.030, data: 0.002) , D_A: 0.153, G_A: 0.464, cycle_A: 0.111, idt_A: 0.170, D_B: 0.005, G_B: 0.916, cycle_B: 0.289, idt_B: 0.097

[Rank 0] (epoch: 113, iters: 1664, time: 0.030, data: 0.002) , D_A: 0.082, G_A: 0.690, cycle_A: 0.084, idt_A: 0.165, D_B: 0.006, G_B: 0.998, cycle_B: 0.308, idt_B: 0.077

[Rank 0] (epoch: 113, iters: 1864, time: 0.057, data: 0.003) , D_A: 0.059, G_A: 0.783, cycle_A: 0.118, idt_A: 0.167, D_B: 0.007, G_B: 1.122, cycle_B: 0.299, idt_B: 0.093

saving the latest model (epoch 113, total_iters 25000)
learning rate 0.0000800 -> 0.0000800
End of epoch 113 / 500 	 Time Taken: 52 sec
[Rank 0] (epoch: 114, iters: 136, time: 0.056, data: 0.001) , D_A: 0.104, G_A: 0.408, cycle_A: 0.111, idt_A: 0.148, D_B: 0.006, G_B: 0.950, cycle_B: 0.277, idt_B: 0.096

[Rank 0] (epoch: 114, iters: 336, time: 0.030, data: 0.004) , D_A: 0.145, G_A: 0.449, cycle_A: 0.089, idt_A: 0.145, D_B: 0.003, G_B: 0.840, cycle_B: 0.258, idt_B: 0.071

[Rank 0] (epoch: 114, iters: 536, time: 0.030, data: 0.002) , D_A: 0.085, G_A: 0.376, cycle_A: 0.094, idt_A: 0.162, D_B: 0.006, G_B: 1.056, cycle_B: 0.247, idt_B: 0.076

[Rank 0] (epoch: 114, iters: 736, time: 0.030, data: 0.002) , D_A: 0.132, G_A: 0.388, cycle_A: 0.111, idt_A: 0.173, D_B: 0.003, G_B: 0.965, cycle_B: 0.308, idt_B: 0.090

[Rank 0] (epoch: 114, iters: 936, time: 0.062, data: 0.003) , D_A: 0.041, G_A: 0.463, cycle_A: 0.099, idt_A: 0.165, D_B: 0.006, G_B: 0.872, cycle_B: 0.301, idt_B: 0.082

[Rank 0] (epoch: 114, iters: 1136, time: 0.030, data: 0.003) , D_A: 0.104, G_A: 0.539, cycle_A: 0.110, idt_A: 0.139, D_B: 0.009, G_B: 1.232, cycle_B: 0.262, idt_B: 0.087

[Rank 0] (epoch: 114, iters: 1336, time: 0.029, data: 0.003) , D_A: 0.071, G_A: 0.609, cycle_A: 0.110, idt_A: 0.145, D_B: 0.008, G_B: 0.902, cycle_B: 0.291, idt_B: 0.093

[Rank 0] (epoch: 114, iters: 1536, time: 0.030, data: 0.004) , D_A: 0.104, G_A: 0.366, cycle_A: 0.088, idt_A: 0.175, D_B: 0.006, G_B: 1.175, cycle_B: 0.335, idt_B: 0.071

[Rank 0] (epoch: 114, iters: 1736, time: 0.030, data: 0.004) , D_A: 0.086, G_A: 0.375, cycle_A: 0.098, idt_A: 0.174, D_B: 0.008, G_B: 0.818, cycle_B: 0.281, idt_B: 0.076

learning rate 0.0000800 -> 0.0000800
End of epoch 114 / 500 	 Time Taken: 51 sec
[Rank 0] (epoch: 115, iters: 8, time: 0.055, data: 0.007) , D_A: 0.077, G_A: 0.420, cycle_A: 0.100, idt_A: 0.156, D_B: 0.006, G_B: 0.942, cycle_B: 0.287, idt_B: 0.078

[Rank 0] (epoch: 115, iters: 208, time: 0.030, data: 0.008) , D_A: 0.070, G_A: 0.522, cycle_A: 0.072, idt_A: 0.149, D_B: 0.005, G_B: 0.948, cycle_B: 0.258, idt_B: 0.059

[Rank 0] (epoch: 115, iters: 408, time: 0.030, data: 0.003) , D_A: 0.149, G_A: 0.579, cycle_A: 0.115, idt_A: 0.151, D_B: 0.005, G_B: 1.006, cycle_B: 0.300, idt_B: 0.091

[Rank 0] (epoch: 115, iters: 608, time: 0.030, data: 0.003) , D_A: 0.044, G_A: 0.810, cycle_A: 0.095, idt_A: 0.148, D_B: 0.008, G_B: 0.942, cycle_B: 0.248, idt_B: 0.085

[Rank 0] (epoch: 115, iters: 808, time: 0.030, data: 0.003) , D_A: 0.119, G_A: 0.360, cycle_A: 0.112, idt_A: 0.154, D_B: 0.007, G_B: 0.882, cycle_B: 0.267, idt_B: 0.094

[Rank 0] (epoch: 115, iters: 1008, time: 0.075, data: 0.003) , D_A: 0.053, G_A: 0.536, cycle_A: 0.114, idt_A: 0.162, D_B: 0.007, G_B: 1.124, cycle_B: 0.303, idt_B: 0.102

[Rank 0] (epoch: 115, iters: 1208, time: 0.030, data: 0.004) , D_A: 0.047, G_A: 0.617, cycle_A: 0.115, idt_A: 0.148, D_B: 0.005, G_B: 0.874, cycle_B: 0.260, idt_B: 0.097

[Rank 0] (epoch: 115, iters: 1408, time: 0.030, data: 0.005) , D_A: 0.049, G_A: 0.749, cycle_A: 0.100, idt_A: 0.194, D_B: 0.004, G_B: 0.924, cycle_B: 0.301, idt_B: 0.083

[Rank 0] (epoch: 115, iters: 1608, time: 0.030, data: 0.002) , D_A: 0.071, G_A: 0.420, cycle_A: 0.085, idt_A: 0.158, D_B: 0.007, G_B: 1.024, cycle_B: 0.298, idt_B: 0.072

[Rank 0] (epoch: 115, iters: 1808, time: 0.030, data: 0.002) , D_A: 0.062, G_A: 0.999, cycle_A: 0.083, idt_A: 0.165, D_B: 0.003, G_B: 1.019, cycle_B: 0.251, idt_B: 0.069

learning rate 0.0000800 -> 0.0000800
End of epoch 115 / 500 	 Time Taken: 52 sec
[Rank 0] (epoch: 116, iters: 80, time: 0.057, data: 0.003) , D_A: 0.093, G_A: 0.497, cycle_A: 0.087, idt_A: 0.182, D_B: 0.003, G_B: 1.024, cycle_B: 0.281, idt_B: 0.067

[Rank 0] (epoch: 116, iters: 280, time: 0.029, data: 0.002) , D_A: 0.110, G_A: 0.745, cycle_A: 0.071, idt_A: 0.178, D_B: 0.004, G_B: 0.986, cycle_B: 0.303, idt_B: 0.062

[Rank 0] (epoch: 116, iters: 480, time: 0.030, data: 0.003) , D_A: 0.056, G_A: 0.636, cycle_A: 0.097, idt_A: 0.167, D_B: 0.005, G_B: 0.953, cycle_B: 0.273, idt_B: 0.096

[Rank 0] (epoch: 116, iters: 680, time: 0.030, data: 0.005) , D_A: 0.121, G_A: 0.373, cycle_A: 0.095, idt_A: 0.153, D_B: 0.008, G_B: 0.947, cycle_B: 0.262, idt_B: 0.076

[Rank 0] (epoch: 116, iters: 880, time: 0.030, data: 0.003) , D_A: 0.081, G_A: 0.488, cycle_A: 0.096, idt_A: 0.136, D_B: 0.005, G_B: 1.006, cycle_B: 0.254, idt_B: 0.070

[Rank 0] (epoch: 116, iters: 1080, time: 0.072, data: 0.004) , D_A: 0.071, G_A: 0.432, cycle_A: 0.107, idt_A: 0.169, D_B: 0.033, G_B: 0.999, cycle_B: 0.300, idt_B: 0.091

saving the latest model (epoch 116, total_iters 30000)
[Rank 0] (epoch: 116, iters: 1280, time: 0.030, data: 0.002) , D_A: 0.068, G_A: 0.495, cycle_A: 0.121, idt_A: 0.194, D_B: 0.003, G_B: 0.940, cycle_B: 0.305, idt_B: 0.100

[Rank 0] (epoch: 116, iters: 1480, time: 0.030, data: 0.003) , D_A: 0.099, G_A: 0.532, cycle_A: 0.104, idt_A: 0.162, D_B: 0.004, G_B: 1.108, cycle_B: 0.278, idt_B: 0.087

[Rank 0] (epoch: 116, iters: 1680, time: 0.030, data: 0.003) , D_A: 0.062, G_A: 0.269, cycle_A: 0.100, idt_A: 0.153, D_B: 0.003, G_B: 0.914, cycle_B: 0.250, idt_B: 0.073

[Rank 0] (epoch: 116, iters: 1880, time: 0.030, data: 0.003) , D_A: 0.097, G_A: 0.658, cycle_A: 0.112, idt_A: 0.144, D_B: 0.003, G_B: 0.887, cycle_B: 0.257, idt_B: 0.098

learning rate 0.0000800 -> 0.0000800
End of epoch 116 / 500 	 Time Taken: 52 sec
[Rank 0] (epoch: 117, iters: 152, time: 0.049, data: 0.003) , D_A: 0.205, G_A: 0.613, cycle_A: 0.114, idt_A: 0.163, D_B: 0.009, G_B: 0.945, cycle_B: 0.290, idt_B: 0.086

[Rank 0] (epoch: 117, iters: 352, time: 0.030, data: 0.003) , D_A: 0.117, G_A: 0.668, cycle_A: 0.109, idt_A: 0.157, D_B: 0.003, G_B: 0.972, cycle_B: 0.290, idt_B: 0.089

[Rank 0] (epoch: 117, iters: 552, time: 0.030, data: 0.003) , D_A: 0.078, G_A: 0.743, cycle_A: 0.101, idt_A: 0.152, D_B: 0.004, G_B: 0.908, cycle_B: 0.272, idt_B: 0.074

[Rank 0] (epoch: 117, iters: 752, time: 0.030, data: 0.003) , D_A: 0.122, G_A: 0.651, cycle_A: 0.121, idt_A: 0.142, D_B: 0.011, G_B: 0.810, cycle_B: 0.272, idt_B: 0.100

[Rank 0] (epoch: 117, iters: 952, time: 0.030, data: 0.003) , D_A: 0.072, G_A: 0.627, cycle_A: 0.074, idt_A: 0.133, D_B: 0.003, G_B: 0.982, cycle_B: 0.240, idt_B: 0.057

[Rank 0] (epoch: 117, iters: 1152, time: 0.050, data: 0.002) , D_A: 0.075, G_A: 0.520, cycle_A: 0.102, idt_A: 0.170, D_B: 0.004, G_B: 1.045, cycle_B: 0.314, idt_B: 0.089

[Rank 0] (epoch: 117, iters: 1352, time: 0.030, data: 0.003) , D_A: 0.078, G_A: 0.479, cycle_A: 0.091, idt_A: 0.152, D_B: 0.002, G_B: 0.984, cycle_B: 0.247, idt_B: 0.076

[Rank 0] (epoch: 117, iters: 1552, time: 0.030, data: 0.004) , D_A: 0.062, G_A: 0.644, cycle_A: 0.097, idt_A: 0.155, D_B: 0.002, G_B: 0.967, cycle_B: 0.255, idt_B: 0.072

[Rank 0] (epoch: 117, iters: 1752, time: 0.030, data: 0.003) , D_A: 0.066, G_A: 0.649, cycle_A: 0.090, idt_A: 0.153, D_B: 0.002, G_B: 0.979, cycle_B: 0.265, idt_B: 0.076

learning rate 0.0000800 -> 0.0000800
End of epoch 117 / 500 	 Time Taken: 51 sec
[Rank 0] (epoch: 118, iters: 24, time: 0.075, data: 0.004) , D_A: 0.178, G_A: 1.057, cycle_A: 0.102, idt_A: 0.159, D_B: 0.002, G_B: 1.005, cycle_B: 0.279, idt_B: 0.084

[Rank 0] (epoch: 118, iters: 224, time: 0.049, data: 0.003) , D_A: 0.057, G_A: 0.587, cycle_A: 0.090, idt_A: 0.184, D_B: 0.003, G_B: 0.959, cycle_B: 0.314, idt_B: 0.076

[Rank 0] (epoch: 118, iters: 424, time: 0.030, data: 0.004) , D_A: 0.107, G_A: 0.506, cycle_A: 0.115, idt_A: 0.143, D_B: 0.019, G_B: 1.091, cycle_B: 0.247, idt_B: 0.089

[Rank 0] (epoch: 118, iters: 624, time: 0.030, data: 0.002) , D_A: 0.147, G_A: 0.714, cycle_A: 0.111, idt_A: 0.159, D_B: 0.002, G_B: 0.903, cycle_B: 0.262, idt_B: 0.078

[Rank 0] (epoch: 118, iters: 824, time: 0.030, data: 0.004) , D_A: 0.042, G_A: 0.516, cycle_A: 0.108, idt_A: 0.159, D_B: 0.005, G_B: 1.167, cycle_B: 0.272, idt_B: 0.096

[Rank 0] (epoch: 118, iters: 1024, time: 0.030, data: 0.002) , D_A: 0.077, G_A: 0.474, cycle_A: 0.102, idt_A: 0.202, D_B: 0.002, G_B: 1.021, cycle_B: 0.335, idt_B: 0.081

[Rank 0] (epoch: 118, iters: 1224, time: 0.059, data: 0.003) , D_A: 0.033, G_A: 0.716, cycle_A: 0.082, idt_A: 0.154, D_B: 0.002, G_B: 1.048, cycle_B: 0.269, idt_B: 0.060

[Rank 0] (epoch: 118, iters: 1424, time: 0.030, data: 0.003) , D_A: 0.056, G_A: 0.465, cycle_A: 0.077, idt_A: 0.159, D_B: 0.005, G_B: 0.985, cycle_B: 0.283, idt_B: 0.061

[Rank 0] (epoch: 118, iters: 1624, time: 0.030, data: 0.003) , D_A: 0.069, G_A: 0.664, cycle_A: 0.085, idt_A: 0.173, D_B: 0.003, G_B: 1.113, cycle_B: 0.311, idt_B: 0.069

[Rank 0] (epoch: 118, iters: 1824, time: 0.030, data: 0.002) , D_A: 0.149, G_A: 0.603, cycle_A: 0.106, idt_A: 0.160, D_B: 0.004, G_B: 1.043, cycle_B: 0.280, idt_B: 0.087

learning rate 0.0000800 -> 0.0000800
End of epoch 118 / 500 	 Time Taken: 52 sec
[Rank 0] (epoch: 119, iters: 96, time: 0.049, data: 0.005) , D_A: 0.078, G_A: 0.524, cycle_A: 0.088, idt_A: 0.143, D_B: 0.002, G_B: 1.038, cycle_B: 0.244, idt_B: 0.074

[Rank 0] (epoch: 119, iters: 296, time: 0.048, data: 0.003) , D_A: 0.088, G_A: 0.732, cycle_A: 0.122, idt_A: 0.140, D_B: 0.003, G_B: 0.928, cycle_B: 0.248, idt_B: 0.100

saving the latest model (epoch 119, total_iters 35000)
[Rank 0] (epoch: 119, iters: 496, time: 0.030, data: 0.003) , D_A: 0.085, G_A: 0.345, cycle_A: 0.109, idt_A: 0.184, D_B: 0.001, G_B: 0.984, cycle_B: 0.302, idt_B: 0.087

[Rank 0] (epoch: 119, iters: 696, time: 0.030, data: 0.003) , D_A: 0.067, G_A: 0.453, cycle_A: 0.103, idt_A: 0.187, D_B: 0.003, G_B: 1.057, cycle_B: 0.287, idt_B: 0.092

[Rank 0] (epoch: 119, iters: 896, time: 0.030, data: 0.003) , D_A: 0.082, G_A: 0.683, cycle_A: 0.095, idt_A: 0.191, D_B: 0.001, G_B: 1.038, cycle_B: 0.319, idt_B: 0.076

[Rank 0] (epoch: 119, iters: 1096, time: 0.030, data: 0.003) , D_A: 0.121, G_A: 0.658, cycle_A: 0.076, idt_A: 0.154, D_B: 0.004, G_B: 0.970, cycle_B: 0.264, idt_B: 0.057

[Rank 0] (epoch: 119, iters: 1296, time: 0.075, data: 0.003) , D_A: 0.111, G_A: 0.663, cycle_A: 0.088, idt_A: 0.171, D_B: 0.003, G_B: 1.124, cycle_B: 0.262, idt_B: 0.069

[Rank 0] (epoch: 119, iters: 1496, time: 0.030, data: 0.003) , D_A: 0.038, G_A: 0.613, cycle_A: 0.089, idt_A: 0.157, D_B: 0.007, G_B: 1.004, cycle_B: 0.276, idt_B: 0.074

[Rank 0] (epoch: 119, iters: 1696, time: 0.030, data: 0.003) , D_A: 0.123, G_A: 0.748, cycle_A: 0.072, idt_A: 0.162, D_B: 0.011, G_B: 0.736, cycle_B: 0.302, idt_B: 0.058

[Rank 0] (epoch: 119, iters: 1896, time: 0.030, data: 0.003) , D_A: 0.157, G_A: 0.353, cycle_A: 0.093, idt_A: 0.183, D_B: 0.006, G_B: 0.863, cycle_B: 0.323, idt_B: 0.072

learning rate 0.0000800 -> 0.0000800
End of epoch 119 / 500 	 Time Taken: 52 sec
[Rank 0] (epoch: 120, iters: 168, time: 0.049, data: 0.003) , D_A: 0.086, G_A: 0.476, cycle_A: 0.134, idt_A: 0.156, D_B: 0.018, G_B: 0.705, cycle_B: 0.367, idt_B: 0.107

[Rank 0] (epoch: 120, iters: 368, time: 0.069, data: 0.002) , D_A: 0.040, G_A: 0.721, cycle_A: 0.135, idt_A: 0.154, D_B: 0.060, G_B: 0.734, cycle_B: 0.336, idt_B: 0.130

[Rank 0] (epoch: 120, iters: 568, time: 0.030, data: 0.003) , D_A: 0.131, G_A: 0.799, cycle_A: 0.178, idt_A: 0.166, D_B: 0.016, G_B: 1.026, cycle_B: 0.308, idt_B: 0.162

[Rank 0] (epoch: 120, iters: 768, time: 0.030, data: 0.003) , D_A: 0.134, G_A: 1.046, cycle_A: 0.136, idt_A: 0.167, D_B: 0.052, G_B: 0.997, cycle_B: 0.383, idt_B: 0.132

[Rank 0] (epoch: 120, iters: 968, time: 0.030, data: 0.003) , D_A: 0.070, G_A: 0.517, cycle_A: 0.106, idt_A: 0.134, D_B: 0.150, G_B: 0.895, cycle_B: 0.249, idt_B: 0.094

[Rank 0] (epoch: 120, iters: 1168, time: 0.030, data: 0.003) , D_A: 0.140, G_A: 0.587, cycle_A: 0.089, idt_A: 0.159, D_B: 0.124, G_B: 0.256, cycle_B: 0.272, idt_B: 0.069

[Rank 0] (epoch: 120, iters: 1368, time: 0.050, data: 0.002) , D_A: 0.047, G_A: 0.752, cycle_A: 0.132, idt_A: 0.189, D_B: 0.092, G_B: 0.299, cycle_B: 0.322, idt_B: 0.084

[Rank 0] (epoch: 120, iters: 1568, time: 0.030, data: 0.003) , D_A: 0.124, G_A: 0.502, cycle_A: 0.128, idt_A: 0.147, D_B: 0.196, G_B: 0.251, cycle_B: 0.254, idt_B: 0.113

[Rank 0] (epoch: 120, iters: 1768, time: 0.030, data: 0.004) , D_A: 0.060, G_A: 0.526, cycle_A: 0.097, idt_A: 0.173, D_B: 0.133, G_B: 0.383, cycle_B: 0.294, idt_B: 0.079

learning rate 0.0000800 -> 0.0000800
saving the model at the end of epoch 120, iters 38560
End of epoch 120 / 500 	 Time Taken: 52 sec
[Rank 0] (epoch: 121, iters: 40, time: 0.048, data: 0.003) , D_A: 0.069, G_A: 0.401, cycle_A: 0.093, idt_A: 0.150, D_B: 0.157, G_B: 0.488, cycle_B: 0.284, idt_B: 0.077

[Rank 0] (epoch: 121, iters: 240, time: 0.030, data: 0.003) , D_A: 0.082, G_A: 0.479, cycle_A: 0.102, idt_A: 0.176, D_B: 0.119, G_B: 0.466, cycle_B: 0.322, idt_B: 0.077

[Rank 0] (epoch: 121, iters: 440, time: 0.081, data: 0.002) , D_A: 0.090, G_A: 0.675, cycle_A: 0.077, idt_A: 0.139, D_B: 0.151, G_B: 0.396, cycle_B: 0.262, idt_B: 0.065

[Rank 0] (epoch: 121, iters: 640, time: 0.030, data: 0.006) , D_A: 0.091, G_A: 0.535, cycle_A: 0.129, idt_A: 0.176, D_B: 0.120, G_B: 0.561, cycle_B: 0.330, idt_B: 0.114

[Rank 0] (epoch: 121, iters: 840, time: 0.030, data: 0.002) , D_A: 0.087, G_A: 0.659, cycle_A: 0.101, idt_A: 0.151, D_B: 0.153, G_B: 0.284, cycle_B: 0.293, idt_B: 0.073

[Rank 0] (epoch: 121, iters: 1040, time: 0.030, data: 0.002) , D_A: 0.096, G_A: 0.627, cycle_A: 0.117, idt_A: 0.157, D_B: 0.167, G_B: 0.287, cycle_B: 0.313, idt_B: 0.088

[Rank 0] (epoch: 121, iters: 1240, time: 0.030, data: 0.003) , D_A: 0.099, G_A: 0.625, cycle_A: 0.085, idt_A: 0.138, D_B: 0.120, G_B: 0.684, cycle_B: 0.274, idt_B: 0.069

[Rank 0] (epoch: 121, iters: 1440, time: 0.055, data: 0.002) , D_A: 0.096, G_A: 0.528, cycle_A: 0.107, idt_A: 0.160, D_B: 0.194, G_B: 0.499, cycle_B: 0.309, idt_B: 0.093

saving the latest model (epoch 121, total_iters 40000)
[Rank 0] (epoch: 121, iters: 1640, time: 0.030, data: 0.002) , D_A: 0.098, G_A: 0.556, cycle_A: 0.097, idt_A: 0.188, D_B: 0.158, G_B: 0.533, cycle_B: 0.303, idt_B: 0.081

[Rank 0] (epoch: 121, iters: 1840, time: 0.030, data: 0.003) , D_A: 0.071, G_A: 0.421, cycle_A: 0.082, idt_A: 0.198, D_B: 0.114, G_B: 0.450, cycle_B: 0.329, idt_B: 0.073

learning rate 0.0000800 -> 0.0000800
End of epoch 121 / 500 	 Time Taken: 52 sec
[Rank 0] (epoch: 122, iters: 112, time: 0.067, data: 0.002) , D_A: 0.113, G_A: 0.678, cycle_A: 0.108, idt_A: 0.170, D_B: 0.122, G_B: 0.577, cycle_B: 0.319, idt_B: 0.089

[Rank 0] (epoch: 122, iters: 312, time: 0.030, data: 0.002) , D_A: 0.075, G_A: 0.243, cycle_A: 0.101, idt_A: 0.151, D_B: 0.140, G_B: 0.471, cycle_B: 0.344, idt_B: 0.083

[Rank 0] (epoch: 122, iters: 512, time: 0.050, data: 0.002) , D_A: 0.095, G_A: 0.612, cycle_A: 0.090, idt_A: 0.151, D_B: 0.129, G_B: 0.374, cycle_B: 0.274, idt_B: 0.076

[Rank 0] (epoch: 122, iters: 712, time: 0.030, data: 0.002) , D_A: 0.075, G_A: 0.448, cycle_A: 0.095, idt_A: 0.159, D_B: 0.092, G_B: 0.448, cycle_B: 0.310, idt_B: 0.081

[Rank 0] (epoch: 122, iters: 912, time: 0.030, data: 0.003) , D_A: 0.112, G_A: 0.323, cycle_A: 0.115, idt_A: 0.153, D_B: 0.131, G_B: 0.326, cycle_B: 0.259, idt_B: 0.097

[Rank 0] (epoch: 122, iters: 1112, time: 0.030, data: 0.004) , D_A: 0.090, G_A: 0.380, cycle_A: 0.111, idt_A: 0.179, D_B: 0.085, G_B: 0.757, cycle_B: 0.327, idt_B: 0.097

[Rank 0] (epoch: 122, iters: 1312, time: 0.030, data: 0.002) , D_A: 0.061, G_A: 0.473, cycle_A: 0.078, idt_A: 0.145, D_B: 0.210, G_B: 0.474, cycle_B: 0.313, idt_B: 0.063

[Rank 0] (epoch: 122, iters: 1512, time: 0.071, data: 0.002) , D_A: 0.129, G_A: 0.224, cycle_A: 0.093, idt_A: 0.168, D_B: 0.079, G_B: 0.541, cycle_B: 0.274, idt_B: 0.070

[Rank 0] (epoch: 122, iters: 1712, time: 0.030, data: 0.003) , D_A: 0.095, G_A: 0.897, cycle_A: 0.106, idt_A: 0.161, D_B: 0.148, G_B: 0.787, cycle_B: 0.298, idt_B: 0.100

[Rank 0] (epoch: 122, iters: 1912, time: 0.030, data: 0.003) , D_A: 0.114, G_A: 0.556, cycle_A: 0.076, idt_A: 0.157, D_B: 0.109, G_B: 0.477, cycle_B: 0.302, idt_B: 0.062

learning rate 0.0000800 -> 0.0000800
End of epoch 122 / 500 	 Time Taken: 52 sec
[Rank 0] (epoch: 123, iters: 184, time: 0.050, data: 0.002) , D_A: 0.156, G_A: 0.329, cycle_A: 0.106, idt_A: 0.185, D_B: 0.158, G_B: 0.425, cycle_B: 0.347, idt_B: 0.085

[Rank 0] (epoch: 123, iters: 384, time: 0.030, data: 0.003) , D_A: 0.100, G_A: 0.577, cycle_A: 0.092, idt_A: 0.151, D_B: 0.143, G_B: 0.341, cycle_B: 0.278, idt_B: 0.072

[Rank 0] (epoch: 123, iters: 584, time: 0.051, data: 0.003) , D_A: 0.066, G_A: 0.638, cycle_A: 0.112, idt_A: 0.165, D_B: 0.123, G_B: 0.339, cycle_B: 0.300, idt_B: 0.091

[Rank 0] (epoch: 123, iters: 784, time: 0.030, data: 0.003) , D_A: 0.116, G_A: 0.936, cycle_A: 0.099, idt_A: 0.168, D_B: 0.113, G_B: 0.533, cycle_B: 0.329, idt_B: 0.080

[Rank 0] (epoch: 123, iters: 984, time: 0.030, data: 0.003) , D_A: 0.054, G_A: 0.896, cycle_A: 0.126, idt_A: 0.131, D_B: 0.102, G_B: 0.311, cycle_B: 0.244, idt_B: 0.103

[Rank 0] (epoch: 123, iters: 1184, time: 0.030, data: 0.003) , D_A: 0.095, G_A: 0.550, cycle_A: 0.118, idt_A: 0.155, D_B: 0.107, G_B: 1.053, cycle_B: 0.252, idt_B: 0.110

[Rank 0] (epoch: 123, iters: 1384, time: 0.030, data: 0.003) , D_A: 0.081, G_A: 0.542, cycle_A: 0.147, idt_A: 0.142, D_B: 0.086, G_B: 0.696, cycle_B: 0.319, idt_B: 0.104

[Rank 0] (epoch: 123, iters: 1584, time: 0.064, data: 0.003) , D_A: 0.115, G_A: 0.348, cycle_A: 0.093, idt_A: 0.146, D_B: 0.032, G_B: 0.650, cycle_B: 0.310, idt_B: 0.082

[Rank 0] (epoch: 123, iters: 1784, time: 0.030, data: 0.002) , D_A: 0.064, G_A: 0.677, cycle_A: 0.112, idt_A: 0.159, D_B: 0.141, G_B: 0.232, cycle_B: 0.309, idt_B: 0.085

learning rate 0.0000800 -> 0.0000800
End of epoch 123 / 500 	 Time Taken: 51 sec
[Rank 0] (epoch: 124, iters: 56, time: 0.050, data: 0.003) , D_A: 0.104, G_A: 0.442, cycle_A: 0.094, idt_A: 0.190, D_B: 0.048, G_B: 0.921, cycle_B: 0.293, idt_B: 0.082

[Rank 0] (epoch: 124, iters: 256, time: 0.030, data: 0.002) , D_A: 0.093, G_A: 0.426, cycle_A: 0.121, idt_A: 0.143, D_B: 0.070, G_B: 0.431, cycle_B: 0.252, idt_B: 0.092

[Rank 0] (epoch: 124, iters: 456, time: 0.030, data: 0.002) , D_A: 0.044, G_A: 0.871, cycle_A: 0.106, idt_A: 0.179, D_B: 0.107, G_B: 0.802, cycle_B: 0.398, idt_B: 0.085

[Rank 0] (epoch: 124, iters: 656, time: 0.073, data: 0.003) , D_A: 0.048, G_A: 0.530, cycle_A: 0.098, idt_A: 0.154, D_B: 0.048, G_B: 0.559, cycle_B: 0.268, idt_B: 0.090

saving the latest model (epoch 124, total_iters 45000)
[Rank 0] (epoch: 124, iters: 856, time: 0.030, data: 0.002) , D_A: 0.058, G_A: 0.479, cycle_A: 0.079, idt_A: 0.158, D_B: 0.157, G_B: 0.276, cycle_B: 0.293, idt_B: 0.066

[Rank 0] (epoch: 124, iters: 1056, time: 0.030, data: 0.003) , D_A: 0.077, G_A: 0.517, cycle_A: 0.109, idt_A: 0.182, D_B: 0.106, G_B: 0.780, cycle_B: 0.338, idt_B: 0.084

[Rank 0] (epoch: 124, iters: 1256, time: 0.030, data: 0.003) , D_A: 0.066, G_A: 0.481, cycle_A: 0.107, idt_A: 0.175, D_B: 0.174, G_B: 0.459, cycle_B: 0.285, idt_B: 0.088

[Rank 0] (epoch: 124, iters: 1456, time: 0.030, data: 0.003) , D_A: 0.265, G_A: 0.830, cycle_A: 0.104, idt_A: 0.154, D_B: 0.096, G_B: 0.387, cycle_B: 0.280, idt_B: 0.089

[Rank 0] (epoch: 124, iters: 1656, time: 0.052, data: 0.003) , D_A: 0.134, G_A: 0.824, cycle_A: 0.097, idt_A: 0.192, D_B: 0.125, G_B: 0.281, cycle_B: 0.344, idt_B: 0.069

[Rank 0] (epoch: 124, iters: 1856, time: 0.030, data: 0.003) , D_A: 0.113, G_A: 0.494, cycle_A: 0.097, idt_A: 0.132, D_B: 0.123, G_B: 0.450, cycle_B: 0.244, idt_B: 0.084

learning rate 0.0000800 -> 0.0000800
End of epoch 124 / 500 	 Time Taken: 52 sec
[Rank 0] (epoch: 125, iters: 128, time: 0.067, data: 0.003) , D_A: 0.060, G_A: 0.578, cycle_A: 0.118, idt_A: 0.150, D_B: 0.173, G_B: 0.258, cycle_B: 0.284, idt_B: 0.099

[Rank 0] (epoch: 125, iters: 328, time: 0.030, data: 0.003) , D_A: 0.073, G_A: 0.444, cycle_A: 0.091, idt_A: 0.141, D_B: 0.110, G_B: 0.348, cycle_B: 0.288, idt_B: 0.075

[Rank 0] (epoch: 125, iters: 528, time: 0.030, data: 0.004) , D_A: 0.140, G_A: 0.321, cycle_A: 0.105, idt_A: 0.161, D_B: 0.144, G_B: 0.563, cycle_B: 0.325, idt_B: 0.089

[Rank 0] (epoch: 125, iters: 728, time: 0.057, data: 0.004) , D_A: 0.045, G_A: 0.781, cycle_A: 0.083, idt_A: 0.138, D_B: 0.043, G_B: 0.543, cycle_B: 0.258, idt_B: 0.070

[Rank 0] (epoch: 125, iters: 928, time: 0.030, data: 0.004) , D_A: 0.117, G_A: 0.305, cycle_A: 0.103, idt_A: 0.162, D_B: 0.071, G_B: 0.418, cycle_B: 0.277, idt_B: 0.088

[Rank 0] (epoch: 125, iters: 1128, time: 0.030, data: 0.004) , D_A: 0.111, G_A: 0.505, cycle_A: 0.108, idt_A: 0.155, D_B: 0.104, G_B: 0.506, cycle_B: 0.334, idt_B: 0.089

[Rank 0] (epoch: 125, iters: 1328, time: 0.030, data: 0.003) , D_A: 0.086, G_A: 0.505, cycle_A: 0.075, idt_A: 0.162, D_B: 0.144, G_B: 0.476, cycle_B: 0.277, idt_B: 0.062

[Rank 0] (epoch: 125, iters: 1528, time: 0.030, data: 0.003) , D_A: 0.095, G_A: 0.840, cycle_A: 0.111, idt_A: 0.163, D_B: 0.109, G_B: 0.389, cycle_B: 0.289, idt_B: 0.093

[Rank 0] (epoch: 125, iters: 1728, time: 0.050, data: 0.003) , D_A: 0.113, G_A: 0.707, cycle_A: 0.099, idt_A: 0.176, D_B: 0.073, G_B: 0.453, cycle_B: 0.340, idt_B: 0.086

[Rank 0] (epoch: 125, iters: 1928, time: 0.024, data: 0.003) , D_A: 0.187, G_A: 0.250, cycle_A: 0.080, idt_A: 0.142, D_B: 0.169, G_B: 0.192, cycle_B: 0.269, idt_B: 0.066

learning rate 0.0000800 -> 0.0000800
End of epoch 125 / 500 	 Time Taken: 51 sec
[Rank 0] (epoch: 126, iters: 200, time: 0.071, data: 0.961) , D_A: 0.091, G_A: 0.454, cycle_A: 0.129, idt_A: 0.152, D_B: 0.137, G_B: 0.263, cycle_B: 0.266, idt_B: 0.101

[Rank 0] (epoch: 126, iters: 400, time: 0.030, data: 0.003) , D_A: 0.082, G_A: 0.488, cycle_A: 0.115, idt_A: 0.178, D_B: 0.141, G_B: 0.456, cycle_B: 0.310, idt_B: 0.097

[Rank 0] (epoch: 126, iters: 600, time: 0.030, data: 0.003) , D_A: 0.133, G_A: 0.809, cycle_A: 0.106, idt_A: 0.162, D_B: 0.026, G_B: 0.878, cycle_B: 0.293, idt_B: 0.099

[Rank 0] (epoch: 126, iters: 800, time: 0.050, data: 0.003) , D_A: 0.121, G_A: 0.349, cycle_A: 0.111, idt_A: 0.148, D_B: 0.055, G_B: 1.354, cycle_B: 0.346, idt_B: 0.096

[Rank 0] (epoch: 126, iters: 1000, time: 0.030, data: 0.003) , D_A: 0.064, G_A: 0.730, cycle_A: 0.155, idt_A: 0.139, D_B: 0.049, G_B: 0.619, cycle_B: 0.254, idt_B: 0.131

[Rank 0] (epoch: 126, iters: 1200, time: 0.030, data: 0.003) , D_A: 0.134, G_A: 0.793, cycle_A: 0.095, idt_A: 0.137, D_B: 0.017, G_B: 0.951, cycle_B: 0.257, idt_B: 0.080

[Rank 0] (epoch: 126, iters: 1400, time: 0.030, data: 0.002) , D_A: 0.074, G_A: 0.969, cycle_A: 0.103, idt_A: 0.202, D_B: 0.048, G_B: 0.880, cycle_B: 0.294, idt_B: 0.083

[Rank 0] (epoch: 126, iters: 1600, time: 0.030, data: 0.003) , D_A: 0.131, G_A: 0.477, cycle_A: 0.100, idt_A: 0.146, D_B: 0.008, G_B: 0.924, cycle_B: 0.266, idt_B: 0.092

[Rank 0] (epoch: 126, iters: 1800, time: 0.070, data: 0.003) , D_A: 0.051, G_A: 0.566, cycle_A: 0.104, idt_A: 0.153, D_B: 0.086, G_B: 0.217, cycle_B: 0.240, idt_B: 0.086

saving the latest model (epoch 126, total_iters 50000)
learning rate 0.0000800 -> 0.0000800
End of epoch 126 / 500 	 Time Taken: 52 sec
[Rank 0] (epoch: 127, iters: 72, time: 0.059, data: 0.003) , D_A: 0.130, G_A: 0.812, cycle_A: 0.097, idt_A: 0.143, D_B: 0.013, G_B: 0.911, cycle_B: 0.258, idt_B: 0.079

[Rank 0] (epoch: 127, iters: 272, time: 0.030, data: 0.005) , D_A: 0.089, G_A: 0.503, cycle_A: 0.101, idt_A: 0.157, D_B: 0.009, G_B: 0.926, cycle_B: 0.284, idt_B: 0.092

[Rank 0] (epoch: 127, iters: 472, time: 0.030, data: 0.002) , D_A: 0.222, G_A: 0.362, cycle_A: 0.091, idt_A: 0.258, D_B: 0.011, G_B: 0.827, cycle_B: 0.398, idt_B: 0.091

[Rank 0] (epoch: 127, iters: 672, time: 0.030, data: 0.003) , D_A: 0.195, G_A: 0.345, cycle_A: 0.108, idt_A: 0.191, D_B: 0.012, G_B: 0.913, cycle_B: 0.312, idt_B: 0.102

[Rank 0] (epoch: 127, iters: 872, time: 0.064, data: 0.004) , D_A: 0.165, G_A: 0.306, cycle_A: 0.099, idt_A: 0.180, D_B: 0.013, G_B: 0.879, cycle_B: 0.320, idt_B: 0.087

[Rank 0] (epoch: 127, iters: 1072, time: 0.030, data: 0.002) , D_A: 0.217, G_A: 0.316, cycle_A: 0.085, idt_A: 0.172, D_B: 0.073, G_B: 0.454, cycle_B: 0.332, idt_B: 0.070

[Rank 0] (epoch: 127, iters: 1272, time: 0.030, data: 0.003) , D_A: 0.241, G_A: 0.159, cycle_A: 0.090, idt_A: 0.178, D_B: 0.016, G_B: 0.992, cycle_B: 0.292, idt_B: 0.074

[Rank 0] (epoch: 127, iters: 1472, time: 0.030, data: 0.003) , D_A: 0.223, G_A: 0.272, cycle_A: 0.089, idt_A: 0.156, D_B: 0.012, G_B: 1.086, cycle_B: 0.264, idt_B: 0.079

[Rank 0] (epoch: 127, iters: 1672, time: 0.030, data: 0.002) , D_A: 0.282, G_A: 0.187, cycle_A: 0.093, idt_A: 0.186, D_B: 0.007, G_B: 1.000, cycle_B: 0.273, idt_B: 0.091

[Rank 0] (epoch: 127, iters: 1872, time: 0.050, data: 0.003) , D_A: 0.249, G_A: 0.246, cycle_A: 0.082, idt_A: 0.150, D_B: 0.010, G_B: 1.168, cycle_B: 0.303, idt_B: 0.078

learning rate 0.0000800 -> 0.0000800
End of epoch 127 / 500 	 Time Taken: 51 sec
[Rank 0] (epoch: 128, iters: 144, time: 0.066, data: 0.003) , D_A: 0.272, G_A: 0.261, cycle_A: 0.112, idt_A: 0.137, D_B: 0.011, G_B: 0.941, cycle_B: 0.241, idt_B: 0.104

[Rank 0] (epoch: 128, iters: 344, time: 0.030, data: 0.002) , D_A: 0.288, G_A: 0.242, cycle_A: 0.072, idt_A: 0.204, D_B: 0.005, G_B: 0.866, cycle_B: 0.278, idt_B: 0.060

[Rank 0] (epoch: 128, iters: 544, time: 0.030, data: 0.003) , D_A: 0.243, G_A: 0.186, cycle_A: 0.074, idt_A: 0.152, D_B: 0.008, G_B: 0.777, cycle_B: 0.296, idt_B: 0.078

[Rank 0] (epoch: 128, iters: 744, time: 0.030, data: 0.004) , D_A: 0.221, G_A: 0.248, cycle_A: 0.075, idt_A: 0.159, D_B: 0.025, G_B: 0.698, cycle_B: 0.281, idt_B: 0.078

[Rank 0] (epoch: 128, iters: 944, time: 0.059, data: 0.003) , D_A: 0.273, G_A: 0.241, cycle_A: 0.095, idt_A: 0.138, D_B: 0.006, G_B: 0.951, cycle_B: 0.241, idt_B: 0.094

[Rank 0] (epoch: 128, iters: 1144, time: 0.030, data: 0.003) , D_A: 0.240, G_A: 0.275, cycle_A: 0.089, idt_A: 0.165, D_B: 0.004, G_B: 0.978, cycle_B: 0.265, idt_B: 0.086

[Rank 0] (epoch: 128, iters: 1344, time: 0.030, data: 0.003) , D_A: 0.168, G_A: 0.348, cycle_A: 0.080, idt_A: 0.158, D_B: 0.005, G_B: 1.002, cycle_B: 0.278, idt_B: 0.083

[Rank 0] (epoch: 128, iters: 1544, time: 0.030, data: 0.002) , D_A: 0.260, G_A: 0.214, cycle_A: 0.082, idt_A: 0.158, D_B: 0.005, G_B: 0.932, cycle_B: 0.292, idt_B: 0.079

[Rank 0] (epoch: 128, iters: 1744, time: 0.030, data: 0.003) , D_A: 0.214, G_A: 0.254, cycle_A: 0.111, idt_A: 0.145, D_B: 0.012, G_B: 1.103, cycle_B: 0.254, idt_B: 0.092

learning rate 0.0000800 -> 0.0000800
End of epoch 128 / 500 	 Time Taken: 52 sec
[Rank 0] (epoch: 129, iters: 16, time: 0.051, data: 0.002) , D_A: 0.243, G_A: 0.299, cycle_A: 0.072, idt_A: 0.160, D_B: 0.008, G_B: 0.854, cycle_B: 0.312, idt_B: 0.069

[Rank 0] (epoch: 129, iters: 216, time: 0.030, data: 0.003) , D_A: 0.169, G_A: 0.303, cycle_A: 0.091, idt_A: 0.135, D_B: 0.008, G_B: 1.019, cycle_B: 0.279, idt_B: 0.093

[Rank 0] (epoch: 129, iters: 416, time: 0.030, data: 0.004) , D_A: 0.256, G_A: 0.236, cycle_A: 0.097, idt_A: 0.137, D_B: 0.009, G_B: 0.788, cycle_B: 0.326, idt_B: 0.081

[Rank 0] (epoch: 129, iters: 616, time: 0.030, data: 0.003) , D_A: 0.215, G_A: 0.309, cycle_A: 0.087, idt_A: 0.157, D_B: 0.012, G_B: 0.870, cycle_B: 0.337, idt_B: 0.075

[Rank 0] (epoch: 129, iters: 816, time: 0.030, data: 0.003) , D_A: 0.202, G_A: 0.308, cycle_A: 0.105, idt_A: 0.139, D_B: 0.014, G_B: 0.829, cycle_B: 0.279, idt_B: 0.105

[Rank 0] (epoch: 129, iters: 1016, time: 0.066, data: 0.003) , D_A: 0.232, G_A: 0.225, cycle_A: 0.075, idt_A: 0.148, D_B: 0.008, G_B: 0.899, cycle_B: 0.290, idt_B: 0.070

saving the latest model (epoch 129, total_iters 55000)
[Rank 0] (epoch: 129, iters: 1216, time: 0.030, data: 0.002) , D_A: 0.237, G_A: 0.239, cycle_A: 0.096, idt_A: 0.154, D_B: 0.006, G_B: 0.862, cycle_B: 0.300, idt_B: 0.090

[Rank 0] (epoch: 129, iters: 1416, time: 0.030, data: 0.002) , D_A: 0.233, G_A: 0.197, cycle_A: 0.084, idt_A: 0.132, D_B: 0.006, G_B: 0.855, cycle_B: 0.270, idt_B: 0.073

[Rank 0] (epoch: 129, iters: 1616, time: 0.030, data: 0.003) , D_A: 0.218, G_A: 0.296, cycle_A: 0.086, idt_A: 0.137, D_B: 0.009, G_B: 0.897, cycle_B: 0.268, idt_B: 0.081

[Rank 0] (epoch: 129, iters: 1816, time: 0.030, data: 0.002) , D_A: 0.215, G_A: 0.322, cycle_A: 0.081, idt_A: 0.136, D_B: 0.009, G_B: 0.925, cycle_B: 0.267, idt_B: 0.074

learning rate 0.0000800 -> 0.0000800
End of epoch 129 / 500 	 Time Taken: 51 sec
[Rank 0] (epoch: 130, iters: 88, time: 0.055, data: 0.003) , D_A: 0.219, G_A: 0.280, cycle_A: 0.076, idt_A: 0.143, D_B: 0.007, G_B: 1.035, cycle_B: 0.294, idt_B: 0.067

[Rank 0] (epoch: 130, iters: 288, time: 0.030, data: 0.002) , D_A: 0.208, G_A: 0.296, cycle_A: 0.089, idt_A: 0.185, D_B: 0.006, G_B: 0.962, cycle_B: 0.348, idt_B: 0.088

[Rank 0] (epoch: 130, iters: 488, time: 0.030, data: 0.002) , D_A: 0.231, G_A: 0.268, cycle_A: 0.074, idt_A: 0.154, D_B: 0.007, G_B: 1.186, cycle_B: 0.319, idt_B: 0.072

[Rank 0] (epoch: 130, iters: 688, time: 0.030, data: 0.004) , D_A: 0.222, G_A: 0.227, cycle_A: 0.097, idt_A: 0.177, D_B: 0.013, G_B: 0.806, cycle_B: 0.328, idt_B: 0.085

[Rank 0] (epoch: 130, iters: 888, time: 0.030, data: 0.003) , D_A: 0.207, G_A: 0.308, cycle_A: 0.090, idt_A: 0.137, D_B: 0.007, G_B: 0.953, cycle_B: 0.285, idt_B: 0.084

[Rank 0] (epoch: 130, iters: 1088, time: 0.075, data: 0.002) , D_A: 0.200, G_A: 0.318, cycle_A: 0.100, idt_A: 0.147, D_B: 0.063, G_B: 1.149, cycle_B: 0.314, idt_B: 0.097

[Rank 0] (epoch: 130, iters: 1288, time: 0.030, data: 0.002) , D_A: 0.178, G_A: 0.305, cycle_A: 0.075, idt_A: 0.138, D_B: 0.009, G_B: 0.818, cycle_B: 0.391, idt_B: 0.068

[Rank 0] (epoch: 130, iters: 1488, time: 0.030, data: 0.002) , D_A: 0.204, G_A: 0.278, cycle_A: 0.070, idt_A: 0.139, D_B: 0.006, G_B: 0.885, cycle_B: 0.288, idt_B: 0.058

[Rank 0] (epoch: 130, iters: 1688, time: 0.030, data: 0.002) , D_A: 0.209, G_A: 0.268, cycle_A: 0.100, idt_A: 0.143, D_B: 0.008, G_B: 0.864, cycle_B: 0.257, idt_B: 0.087

[Rank 0] (epoch: 130, iters: 1888, time: 0.030, data: 0.002) , D_A: 0.224, G_A: 0.310, cycle_A: 0.093, idt_A: 0.147, D_B: 0.026, G_B: 0.820, cycle_B: 0.317, idt_B: 0.083

learning rate 0.0000800 -> 0.0000800
End of epoch 130 / 500 	 Time Taken: 52 sec
[Rank 0] (epoch: 131, iters: 160, time: 0.050, data: 0.002) , D_A: 0.192, G_A: 0.345, cycle_A: 0.092, idt_A: 0.195, D_B: 0.013, G_B: 0.796, cycle_B: 0.353, idt_B: 0.075

[Rank 0] (epoch: 131, iters: 360, time: 0.030, data: 0.002) , D_A: 0.187, G_A: 0.309, cycle_A: 0.090, idt_A: 0.133, D_B: 0.012, G_B: 0.885, cycle_B: 0.307, idt_B: 0.083

[Rank 0] (epoch: 131, iters: 560, time: 0.030, data: 0.002) , D_A: 0.168, G_A: 0.361, cycle_A: 0.100, idt_A: 0.156, D_B: 0.004, G_B: 0.920, cycle_B: 0.313, idt_B: 0.089

[Rank 0] (epoch: 131, iters: 760, time: 0.030, data: 0.003) , D_A: 0.211, G_A: 0.256, cycle_A: 0.130, idt_A: 0.169, D_B: 0.008, G_B: 1.057, cycle_B: 0.284, idt_B: 0.112

[Rank 0] (epoch: 131, iters: 960, time: 0.030, data: 0.003) , D_A: 0.161, G_A: 0.395, cycle_A: 0.104, idt_A: 0.142, D_B: 0.009, G_B: 0.830, cycle_B: 0.292, idt_B: 0.086

[Rank 0] (epoch: 131, iters: 1160, time: 0.067, data: 0.002) , D_A: 0.189, G_A: 0.322, cycle_A: 0.106, idt_A: 0.122, D_B: 0.004, G_B: 0.862, cycle_B: 0.246, idt_B: 0.089

[Rank 0] (epoch: 131, iters: 1360, time: 0.030, data: 0.002) , D_A: 0.160, G_A: 0.405, cycle_A: 0.079, idt_A: 0.176, D_B: 0.004, G_B: 0.956, cycle_B: 0.322, idt_B: 0.067

[Rank 0] (epoch: 131, iters: 1560, time: 0.030, data: 0.002) , D_A: 0.210, G_A: 0.456, cycle_A: 0.109, idt_A: 0.133, D_B: 0.006, G_B: 1.047, cycle_B: 0.285, idt_B: 0.093

[Rank 0] (epoch: 131, iters: 1760, time: 0.030, data: 0.003) , D_A: 0.197, G_A: 0.280, cycle_A: 0.102, idt_A: 0.157, D_B: 0.007, G_B: 0.882, cycle_B: 0.295, idt_B: 0.086

learning rate 0.0000800 -> 0.0000800
End of epoch 131 / 500 	 Time Taken: 52 sec
[Rank 0] (epoch: 132, iters: 32, time: 0.051, data: 0.003) , D_A: 0.168, G_A: 0.339, cycle_A: 0.112, idt_A: 0.150, D_B: 0.004, G_B: 0.961, cycle_B: 0.293, idt_B: 0.097

[Rank 0] (epoch: 132, iters: 232, time: 0.071, data: 0.005) , D_A: 0.146, G_A: 0.361, cycle_A: 0.093, idt_A: 0.146, D_B: 0.013, G_B: 1.186, cycle_B: 0.290, idt_B: 0.075

saving the latest model (epoch 132, total_iters 60000)
[Rank 0] (epoch: 132, iters: 432, time: 0.030, data: 0.001) , D_A: 0.171, G_A: 0.449, cycle_A: 0.086, idt_A: 0.178, D_B: 0.007, G_B: 0.981, cycle_B: 0.293, idt_B: 0.070

[Rank 0] (epoch: 132, iters: 632, time: 0.030, data: 0.002) , D_A: 0.202, G_A: 0.276, cycle_A: 0.121, idt_A: 0.146, D_B: 0.006, G_B: 0.900, cycle_B: 0.290, idt_B: 0.088

[Rank 0] (epoch: 132, iters: 832, time: 0.030, data: 0.003) , D_A: 0.205, G_A: 0.466, cycle_A: 0.114, idt_A: 0.147, D_B: 0.005, G_B: 0.919, cycle_B: 0.304, idt_B: 0.091

[Rank 0] (epoch: 132, iters: 1032, time: 0.030, data: 0.003) , D_A: 0.194, G_A: 0.293, cycle_A: 0.094, idt_A: 0.133, D_B: 0.015, G_B: 0.845, cycle_B: 0.285, idt_B: 0.077

[Rank 0] (epoch: 132, iters: 1232, time: 0.056, data: 0.003) , D_A: 0.174, G_A: 0.381, cycle_A: 0.090, idt_A: 0.174, D_B: 0.007, G_B: 0.827, cycle_B: 0.296, idt_B: 0.068

[Rank 0] (epoch: 132, iters: 1432, time: 0.030, data: 0.002) , D_A: 0.168, G_A: 0.341, cycle_A: 0.085, idt_A: 0.135, D_B: 0.005, G_B: 0.987, cycle_B: 0.266, idt_B: 0.072

[Rank 0] (epoch: 132, iters: 1632, time: 0.030, data: 0.002) , D_A: 0.164, G_A: 0.269, cycle_A: 0.090, idt_A: 0.147, D_B: 0.004, G_B: 1.005, cycle_B: 0.307, idt_B: 0.081

[Rank 0] (epoch: 132, iters: 1832, time: 0.030, data: 0.003) , D_A: 0.139, G_A: 0.367, cycle_A: 0.110, idt_A: 0.141, D_B: 0.009, G_B: 1.118, cycle_B: 0.292, idt_B: 0.104

learning rate 0.0000800 -> 0.0000800
End of epoch 132 / 500 	 Time Taken: 52 sec
[Rank 0] (epoch: 133, iters: 104, time: 0.066, data: 0.002) , D_A: 0.153, G_A: 0.418, cycle_A: 0.098, idt_A: 0.145, D_B: 0.008, G_B: 0.850, cycle_B: 0.293, idt_B: 0.082

[Rank 0] (epoch: 133, iters: 304, time: 0.049, data: 0.002) , D_A: 0.136, G_A: 0.371, cycle_A: 0.110, idt_A: 0.132, D_B: 0.004, G_B: 0.966, cycle_B: 0.257, idt_B: 0.078

[Rank 0] (epoch: 133, iters: 504, time: 0.030, data: 0.001) , D_A: 0.134, G_A: 0.500, cycle_A: 0.109, idt_A: 0.176, D_B: 0.007, G_B: 1.035, cycle_B: 0.275, idt_B: 0.094

[Rank 0] (epoch: 133, iters: 704, time: 0.030, data: 0.003) , D_A: 0.154, G_A: 0.552, cycle_A: 0.126, idt_A: 0.164, D_B: 0.004, G_B: 1.038, cycle_B: 0.312, idt_B: 0.107

[Rank 0] (epoch: 133, iters: 904, time: 0.030, data: 0.002) , D_A: 0.133, G_A: 0.298, cycle_A: 0.082, idt_A: 0.134, D_B: 0.003, G_B: 0.997, cycle_B: 0.264, idt_B: 0.063

[Rank 0] (epoch: 133, iters: 1104, time: 0.030, data: 0.003) , D_A: 0.127, G_A: 0.446, cycle_A: 0.074, idt_A: 0.115, D_B: 0.005, G_B: 0.939, cycle_B: 0.226, idt_B: 0.053

[Rank 0] (epoch: 133, iters: 1304, time: 0.057, data: 0.002) , D_A: 0.217, G_A: 0.308, cycle_A: 0.080, idt_A: 0.145, D_B: 0.004, G_B: 0.951, cycle_B: 0.275, idt_B: 0.067

[Rank 0] (epoch: 133, iters: 1504, time: 0.030, data: 0.002) , D_A: 0.094, G_A: 0.715, cycle_A: 0.111, idt_A: 0.146, D_B: 0.005, G_B: 0.905, cycle_B: 0.272, idt_B: 0.092

[Rank 0] (epoch: 133, iters: 1704, time: 0.030, data: 0.002) , D_A: 0.264, G_A: 0.719, cycle_A: 0.092, idt_A: 0.156, D_B: 0.004, G_B: 0.919, cycle_B: 0.307, idt_B: 0.077

[Rank 0] (epoch: 133, iters: 1904, time: 0.030, data: 0.004) , D_A: 0.101, G_A: 0.530, cycle_A: 0.116, idt_A: 0.161, D_B: 0.006, G_B: 0.816, cycle_B: 0.284, idt_B: 0.094

learning rate 0.0000800 -> 0.0000800
End of epoch 133 / 500 	 Time Taken: 51 sec
[Rank 0] (epoch: 134, iters: 176, time: 0.073, data: 0.002) , D_A: 0.113, G_A: 0.177, cycle_A: 0.094, idt_A: 0.150, D_B: 0.004, G_B: 0.891, cycle_B: 0.272, idt_B: 0.077

[Rank 0] (epoch: 134, iters: 376, time: 0.058, data: 0.001) , D_A: 0.146, G_A: 0.710, cycle_A: 0.073, idt_A: 0.141, D_B: 0.008, G_B: 1.097, cycle_B: 0.265, idt_B: 0.054

[Rank 0] (epoch: 134, iters: 576, time: 0.030, data: 0.002) , D_A: 0.091, G_A: 0.374, cycle_A: 0.087, idt_A: 0.152, D_B: 0.013, G_B: 0.972, cycle_B: 0.279, idt_B: 0.073

[Rank 0] (epoch: 134, iters: 776, time: 0.030, data: 0.002) , D_A: 0.119, G_A: 0.401, cycle_A: 0.082, idt_A: 0.157, D_B: 0.012, G_B: 0.868, cycle_B: 0.277, idt_B: 0.064

[Rank 0] (epoch: 134, iters: 976, time: 0.030, data: 0.002) , D_A: 0.086, G_A: 0.489, cycle_A: 0.095, idt_A: 0.144, D_B: 0.007, G_B: 1.002, cycle_B: 0.284, idt_B: 0.068

[Rank 0] (epoch: 134, iters: 1176, time: 0.030, data: 0.002) , D_A: 0.074, G_A: 0.499, cycle_A: 0.080, idt_A: 0.178, D_B: 0.011, G_B: 1.004, cycle_B: 0.320, idt_B: 0.064

[Rank 0] (epoch: 134, iters: 1376, time: 0.060, data: 0.003) , D_A: 0.205, G_A: 0.120, cycle_A: 0.090, idt_A: 0.140, D_B: 0.007, G_B: 1.011, cycle_B: 0.294, idt_B: 0.079

saving the latest model (epoch 134, total_iters 65000)
[Rank 0] (epoch: 134, iters: 1576, time: 0.030, data: 0.002) , D_A: 0.055, G_A: 0.520, cycle_A: 0.134, idt_A: 0.174, D_B: 0.005, G_B: 0.910, cycle_B: 0.319, idt_B: 0.102

[Rank 0] (epoch: 134, iters: 1776, time: 0.030, data: 0.002) , D_A: 0.267, G_A: 0.829, cycle_A: 0.087, idt_A: 0.153, D_B: 0.004, G_B: 0.920, cycle_B: 0.261, idt_B: 0.065

learning rate 0.0000800 -> 0.0000800
End of epoch 134 / 500 	 Time Taken: 52 sec
[Rank 0] (epoch: 135, iters: 48, time: 0.057, data: 0.003) , D_A: 0.165, G_A: 0.234, cycle_A: 0.106, idt_A: 0.148, D_B: 0.004, G_B: 0.939, cycle_B: 0.285, idt_B: 0.086

[Rank 0] (epoch: 135, iters: 248, time: 0.030, data: 0.002) , D_A: 0.099, G_A: 0.572, cycle_A: 0.081, idt_A: 0.186, D_B: 0.002, G_B: 0.962, cycle_B: 0.297, idt_B: 0.071

[Rank 0] (epoch: 135, iters: 448, time: 0.073, data: 0.002) , D_A: 0.175, G_A: 0.640, cycle_A: 0.100, idt_A: 0.187, D_B: 0.003, G_B: 0.955, cycle_B: 0.357, idt_B: 0.081

[Rank 0] (epoch: 135, iters: 648, time: 0.030, data: 0.004) , D_A: 0.056, G_A: 0.655, cycle_A: 0.107, idt_A: 0.141, D_B: 0.004, G_B: 0.944, cycle_B: 0.277, idt_B: 0.090

[Rank 0] (epoch: 135, iters: 848, time: 0.030, data: 0.003) , D_A: 0.184, G_A: 0.652, cycle_A: 0.112, idt_A: 0.163, D_B: 0.004, G_B: 0.913, cycle_B: 0.274, idt_B: 0.087

[Rank 0] (epoch: 135, iters: 1048, time: 0.030, data: 0.002) , D_A: 0.038, G_A: 0.812, cycle_A: 0.097, idt_A: 0.148, D_B: 0.003, G_B: 0.962, cycle_B: 0.274, idt_B: 0.071

[Rank 0] (epoch: 135, iters: 1248, time: 0.030, data: 0.002) , D_A: 0.079, G_A: 0.748, cycle_A: 0.094, idt_A: 0.167, D_B: 0.002, G_B: 0.938, cycle_B: 0.299, idt_B: 0.074

[Rank 0] (epoch: 135, iters: 1448, time: 0.058, data: 0.002) , D_A: 0.086, G_A: 0.425, cycle_A: 0.089, idt_A: 0.148, D_B: 0.003, G_B: 0.946, cycle_B: 0.266, idt_B: 0.071

[Rank 0] (epoch: 135, iters: 1648, time: 0.030, data: 0.003) , D_A: 0.084, G_A: 0.376, cycle_A: 0.087, idt_A: 0.185, D_B: 0.004, G_B: 0.870, cycle_B: 0.285, idt_B: 0.073

[Rank 0] (epoch: 135, iters: 1848, time: 0.030, data: 0.003) , D_A: 0.063, G_A: 0.725, cycle_A: 0.080, idt_A: 0.128, D_B: 0.005, G_B: 0.842, cycle_B: 0.251, idt_B: 0.068

learning rate 0.0000800 -> 0.0000800
End of epoch 135 / 500 	 Time Taken: 51 sec
[Rank 0] (epoch: 136, iters: 120, time: 0.065, data: 0.003) , D_A: 0.040, G_A: 0.673, cycle_A: 0.084, idt_A: 0.146, D_B: 0.006, G_B: 0.878, cycle_B: 0.245, idt_B: 0.063

[Rank 0] (epoch: 136, iters: 320, time: 0.030, data: 0.001) , D_A: 0.082, G_A: 0.528, cycle_A: 0.112, idt_A: 0.139, D_B: 0.005, G_B: 0.919, cycle_B: 0.262, idt_B: 0.093

[Rank 0] (epoch: 136, iters: 520, time: 0.049, data: 0.003) , D_A: 0.116, G_A: 0.581, cycle_A: 0.092, idt_A: 0.150, D_B: 0.003, G_B: 0.967, cycle_B: 0.258, idt_B: 0.070

[Rank 0] (epoch: 136, iters: 720, time: 0.030, data: 0.002) , D_A: 0.145, G_A: 0.317, cycle_A: 0.123, idt_A: 0.132, D_B: 0.003, G_B: 1.018, cycle_B: 0.248, idt_B: 0.096

[Rank 0] (epoch: 136, iters: 920, time: 0.030, data: 0.003) , D_A: 0.112, G_A: 0.594, cycle_A: 0.089, idt_A: 0.154, D_B: 0.008, G_B: 1.158, cycle_B: 0.279, idt_B: 0.069

[Rank 0] (epoch: 136, iters: 1120, time: 0.030, data: 0.002) , D_A: 0.139, G_A: 0.449, cycle_A: 0.107, idt_A: 0.171, D_B: 0.002, G_B: 1.028, cycle_B: 0.291, idt_B: 0.089

[Rank 0] (epoch: 136, iters: 1320, time: 0.030, data: 0.002) , D_A: 0.045, G_A: 0.684, cycle_A: 0.096, idt_A: 0.140, D_B: 0.004, G_B: 0.853, cycle_B: 0.246, idt_B: 0.077

[Rank 0] (epoch: 136, iters: 1520, time: 0.069, data: 0.002) , D_A: 0.062, G_A: 0.596, cycle_A: 0.131, idt_A: 0.148, D_B: 0.002, G_B: 1.017, cycle_B: 0.237, idt_B: 0.066

[Rank 0] (epoch: 136, iters: 1720, time: 0.030, data: 0.002) , D_A: 0.050, G_A: 0.557, cycle_A: 0.093, idt_A: 0.144, D_B: 0.003, G_B: 0.957, cycle_B: 0.240, idt_B: 0.077

[Rank 0] (epoch: 136, iters: 1920, time: 0.030, data: 0.002) , D_A: 0.066, G_A: 0.578, cycle_A: 0.083, idt_A: 0.128, D_B: 0.002, G_B: 1.042, cycle_B: 0.235, idt_B: 0.068

learning rate 0.0000800 -> 0.0000800
End of epoch 136 / 500 	 Time Taken: 51 sec
[Rank 0] (epoch: 137, iters: 192, time: 0.059, data: 0.001) , D_A: 0.065, G_A: 0.471, cycle_A: 0.100, idt_A: 0.143, D_B: 0.004, G_B: 0.907, cycle_B: 0.276, idt_B: 0.080

[Rank 0] (epoch: 137, iters: 392, time: 0.030, data: 0.003) , D_A: 0.128, G_A: 0.644, cycle_A: 0.073, idt_A: 0.162, D_B: 0.004, G_B: 1.108, cycle_B: 0.253, idt_B: 0.053

[Rank 0] (epoch: 137, iters: 592, time: 0.073, data: 0.003) , D_A: 0.059, G_A: 0.607, cycle_A: 0.098, idt_A: 0.148, D_B: 0.003, G_B: 1.007, cycle_B: 0.267, idt_B: 0.085

saving the latest model (epoch 137, total_iters 70000)
[Rank 0] (epoch: 137, iters: 792, time: 0.030, data: 0.001) , D_A: 0.082, G_A: 0.616, cycle_A: 0.098, idt_A: 0.145, D_B: 0.004, G_B: 0.961, cycle_B: 0.286, idt_B: 0.083

[Rank 0] (epoch: 137, iters: 992, time: 0.030, data: 0.002) , D_A: 0.035, G_A: 0.645, cycle_A: 0.099, idt_A: 0.157, D_B: 0.003, G_B: 1.086, cycle_B: 0.269, idt_B: 0.078

[Rank 0] (epoch: 137, iters: 1192, time: 0.030, data: 0.002) , D_A: 0.111, G_A: 0.582, cycle_A: 0.091, idt_A: 0.142, D_B: 0.004, G_B: 0.861, cycle_B: 0.253, idt_B: 0.073

[Rank 0] (epoch: 137, iters: 1392, time: 0.030, data: 0.003) , D_A: 0.088, G_A: 0.873, cycle_A: 0.099, idt_A: 0.141, D_B: 0.006, G_B: 0.986, cycle_B: 0.271, idt_B: 0.080

[Rank 0] (epoch: 137, iters: 1592, time: 0.057, data: 0.002) , D_A: 0.066, G_A: 0.559, cycle_A: 0.117, idt_A: 0.187, D_B: 0.009, G_B: 1.187, cycle_B: 0.277, idt_B: 0.087

[Rank 0] (epoch: 137, iters: 1792, time: 0.030, data: 0.002) , D_A: 0.185, G_A: 0.182, cycle_A: 0.092, idt_A: 0.157, D_B: 0.004, G_B: 0.907, cycle_B: 0.275, idt_B: 0.072

learning rate 0.0000800 -> 0.0000800
End of epoch 137 / 500 	 Time Taken: 51 sec
[Rank 0] (epoch: 138, iters: 64, time: 0.067, data: 0.003) , D_A: 0.126, G_A: 0.375, cycle_A: 0.083, idt_A: 0.148, D_B: 0.003, G_B: 1.035, cycle_B: 0.281, idt_B: 0.068

[Rank 0] (epoch: 138, iters: 264, time: 0.030, data: 0.003) , D_A: 0.078, G_A: 0.420, cycle_A: 0.115, idt_A: 0.178, D_B: 0.003, G_B: 0.915, cycle_B: 0.278, idt_B: 0.087

[Rank 0] (epoch: 138, iters: 464, time: 0.030, data: 0.002) , D_A: 0.152, G_A: 0.288, cycle_A: 0.100, idt_A: 0.133, D_B: 0.003, G_B: 0.945, cycle_B: 0.233, idt_B: 0.077

[Rank 0] (epoch: 138, iters: 664, time: 0.049, data: 0.002) , D_A: 0.169, G_A: 0.200, cycle_A: 0.074, idt_A: 0.150, D_B: 0.002, G_B: 0.959, cycle_B: 0.267, idt_B: 0.057

[Rank 0] (epoch: 138, iters: 864, time: 0.030, data: 0.003) , D_A: 0.080, G_A: 0.412, cycle_A: 0.093, idt_A: 0.149, D_B: 0.001, G_B: 0.984, cycle_B: 0.269, idt_B: 0.074

[Rank 0] (epoch: 138, iters: 1064, time: 0.030, data: 0.002) , D_A: 0.176, G_A: 0.845, cycle_A: 0.092, idt_A: 0.134, D_B: 0.002, G_B: 0.929, cycle_B: 0.250, idt_B: 0.068

[Rank 0] (epoch: 138, iters: 1264, time: 0.030, data: 0.003) , D_A: 0.104, G_A: 0.679, cycle_A: 0.098, idt_A: 0.158, D_B: 0.002, G_B: 0.931, cycle_B: 0.259, idt_B: 0.073

[Rank 0] (epoch: 138, iters: 1464, time: 0.030, data: 0.003) , D_A: 0.096, G_A: 0.442, cycle_A: 0.104, idt_A: 0.135, D_B: 0.002, G_B: 1.005, cycle_B: 0.251, idt_B: 0.074

[Rank 0] (epoch: 138, iters: 1664, time: 0.060, data: 0.002) , D_A: 0.076, G_A: 0.490, cycle_A: 0.081, idt_A: 0.160, D_B: 0.001, G_B: 0.988, cycle_B: 0.259, idt_B: 0.066

[Rank 0] (epoch: 138, iters: 1864, time: 0.030, data: 0.003) , D_A: 0.113, G_A: 0.362, cycle_A: 0.092, idt_A: 0.178, D_B: 0.003, G_B: 0.954, cycle_B: 0.304, idt_B: 0.072

learning rate 0.0000800 -> 0.0000800
End of epoch 138 / 500 	 Time Taken: 51 sec
[Rank 0] (epoch: 139, iters: 136, time: 0.051, data: 0.002) , D_A: 0.095, G_A: 0.409, cycle_A: 0.087, idt_A: 0.147, D_B: 0.001, G_B: 0.949, cycle_B: 0.264, idt_B: 0.073

[Rank 0] (epoch: 139, iters: 336, time: 0.030, data: 0.001) , D_A: 0.044, G_A: 0.881, cycle_A: 0.094, idt_A: 0.151, D_B: 0.002, G_B: 1.078, cycle_B: 0.264, idt_B: 0.079

[Rank 0] (epoch: 139, iters: 536, time: 0.030, data: 0.002) , D_A: 0.085, G_A: 0.474, cycle_A: 0.091, idt_A: 0.164, D_B: 0.005, G_B: 0.896, cycle_B: 0.262, idt_B: 0.070

[Rank 0] (epoch: 139, iters: 736, time: 0.071, data: 0.003) , D_A: 0.040, G_A: 0.887, cycle_A: 0.082, idt_A: 0.145, D_B: 0.003, G_B: 0.948, cycle_B: 0.270, idt_B: 0.064

[Rank 0] (epoch: 139, iters: 936, time: 0.030, data: 0.002) , D_A: 0.081, G_A: 0.404, cycle_A: 0.109, idt_A: 0.142, D_B: 0.003, G_B: 0.956, cycle_B: 0.234, idt_B: 0.084

[Rank 0] (epoch: 139, iters: 1136, time: 0.030, data: 0.003) , D_A: 0.113, G_A: 0.440, cycle_A: 0.104, idt_A: 0.141, D_B: 0.004, G_B: 1.141, cycle_B: 0.231, idt_B: 0.083

[Rank 0] (epoch: 139, iters: 1336, time: 0.030, data: 0.003) , D_A: 0.173, G_A: 0.655, cycle_A: 0.097, idt_A: 0.143, D_B: 0.002, G_B: 0.972, cycle_B: 0.272, idt_B: 0.077

[Rank 0] (epoch: 139, iters: 1536, time: 0.029, data: 0.002) , D_A: 0.131, G_A: 0.389, cycle_A: 0.120, idt_A: 0.133, D_B: 0.002, G_B: 0.955, cycle_B: 0.249, idt_B: 0.091

[Rank 0] (epoch: 139, iters: 1736, time: 0.055, data: 0.003) , D_A: 0.251, G_A: 0.773, cycle_A: 0.121, idt_A: 0.125, D_B: 0.002, G_B: 0.945, cycle_B: 0.233, idt_B: 0.089

saving the latest model (epoch 139, total_iters 75000)
learning rate 0.0000800 -> 0.0000800
End of epoch 139 / 500 	 Time Taken: 51 sec
[Rank 0] (epoch: 140, iters: 8, time: 0.047, data: 0.002) , D_A: 0.073, G_A: 0.512, cycle_A: 0.088, idt_A: 0.146, D_B: 0.002, G_B: 0.934, cycle_B: 0.275, idt_B: 0.076

[Rank 0] (epoch: 140, iters: 208, time: 0.030, data: 0.002) , D_A: 0.087, G_A: 0.284, cycle_A: 0.125, idt_A: 0.155, D_B: 0.004, G_B: 1.011, cycle_B: 0.237, idt_B: 0.109

[Rank 0] (epoch: 140, iters: 408, time: 0.030, data: 0.002) , D_A: 0.243, G_A: 0.873, cycle_A: 0.115, idt_A: 0.157, D_B: 0.003, G_B: 1.083, cycle_B: 0.271, idt_B: 0.093

[Rank 0] (epoch: 140, iters: 608, time: 0.030, data: 0.006) , D_A: 0.065, G_A: 0.496, cycle_A: 0.106, idt_A: 0.164, D_B: 0.002, G_B: 0.908, cycle_B: 0.303, idt_B: 0.081

[Rank 0] (epoch: 140, iters: 808, time: 0.053, data: 0.003) , D_A: 0.123, G_A: 0.305, cycle_A: 0.088, idt_A: 0.149, D_B: 0.002, G_B: 0.950, cycle_B: 0.266, idt_B: 0.067

[Rank 0] (epoch: 140, iters: 1008, time: 0.030, data: 0.001) , D_A: 0.075, G_A: 0.565, cycle_A: 0.107, idt_A: 0.152, D_B: 0.003, G_B: 0.931, cycle_B: 0.289, idt_B: 0.075

[Rank 0] (epoch: 140, iters: 1208, time: 0.030, data: 0.003) , D_A: 0.126, G_A: 0.226, cycle_A: 0.101, idt_A: 0.132, D_B: 0.004, G_B: 0.952, cycle_B: 0.249, idt_B: 0.087

[Rank 0] (epoch: 140, iters: 1408, time: 0.030, data: 0.003) , D_A: 0.092, G_A: 0.452, cycle_A: 0.082, idt_A: 0.141, D_B: 0.002, G_B: 0.954, cycle_B: 0.264, idt_B: 0.069

[Rank 0] (epoch: 140, iters: 1608, time: 0.030, data: 0.003) , D_A: 0.104, G_A: 0.635, cycle_A: 0.102, idt_A: 0.130, D_B: 0.002, G_B: 0.973, cycle_B: 0.239, idt_B: 0.085

[Rank 0] (epoch: 140, iters: 1808, time: 0.058, data: 0.002) , D_A: 0.077, G_A: 0.418, cycle_A: 0.067, idt_A: 0.145, D_B: 0.002, G_B: 0.946, cycle_B: 0.244, idt_B: 0.055

learning rate 0.0000800 -> 0.0000800
saving the model at the end of epoch 140, iters 77120
End of epoch 140 / 500 	 Time Taken: 52 sec
[Rank 0] (epoch: 141, iters: 80, time: 0.081, data: 0.003) , D_A: 0.200, G_A: 0.832, cycle_A: 0.088, idt_A: 0.128, D_B: 0.003, G_B: 0.970, cycle_B: 0.240, idt_B: 0.066

[Rank 0] (epoch: 141, iters: 280, time: 0.030, data: 0.002) , D_A: 0.051, G_A: 0.751, cycle_A: 0.079, idt_A: 0.142, D_B: 0.001, G_B: 1.001, cycle_B: 0.252, idt_B: 0.062

[Rank 0] (epoch: 141, iters: 480, time: 0.030, data: 0.003) , D_A: 0.111, G_A: 0.728, cycle_A: 0.116, idt_A: 0.157, D_B: 0.002, G_B: 1.031, cycle_B: 0.251, idt_B: 0.097

[Rank 0] (epoch: 141, iters: 680, time: 0.030, data: 0.016) , D_A: 0.104, G_A: 0.980, cycle_A: 0.094, idt_A: 0.187, D_B: 0.003, G_B: 0.945, cycle_B: 0.286, idt_B: 0.076

[Rank 0] (epoch: 141, iters: 880, time: 0.059, data: 0.001) , D_A: 0.125, G_A: 0.633, cycle_A: 0.087, idt_A: 0.159, D_B: 0.005, G_B: 1.065, cycle_B: 0.282, idt_B: 0.067

[Rank 0] (epoch: 141, iters: 1080, time: 0.030, data: 0.003) , D_A: 0.057, G_A: 0.612, cycle_A: 0.102, idt_A: 0.158, D_B: 0.005, G_B: 1.159, cycle_B: 0.322, idt_B: 0.082

[Rank 0] (epoch: 141, iters: 1280, time: 0.030, data: 0.002) , D_A: 0.083, G_A: 0.457, cycle_A: 0.073, idt_A: 0.144, D_B: 0.002, G_B: 0.924, cycle_B: 0.267, idt_B: 0.058

[Rank 0] (epoch: 141, iters: 1480, time: 0.030, data: 0.003) , D_A: 0.101, G_A: 0.402, cycle_A: 0.119, idt_A: 0.142, D_B: 0.002, G_B: 0.929, cycle_B: 0.252, idt_B: 0.105

[Rank 0] (epoch: 141, iters: 1680, time: 0.030, data: 0.003) , D_A: 0.113, G_A: 0.340, cycle_A: 0.090, idt_A: 0.128, D_B: 0.002, G_B: 1.052, cycle_B: 0.224, idt_B: 0.071

[Rank 0] (epoch: 141, iters: 1880, time: 0.075, data: 0.002) , D_A: 0.130, G_A: 0.338, cycle_A: 0.122, idt_A: 0.149, D_B: 0.008, G_B: 1.025, cycle_B: 0.273, idt_B: 0.097

learning rate 0.0000800 -> 0.0000800
End of epoch 141 / 500 	 Time Taken: 52 sec
[Rank 0] (epoch: 142, iters: 152, time: 0.057, data: 0.003) , D_A: 0.088, G_A: 0.494, cycle_A: 0.105, idt_A: 0.143, D_B: 0.003, G_B: 0.927, cycle_B: 0.259, idt_B: 0.083

[Rank 0] (epoch: 142, iters: 352, time: 0.030, data: 0.002) , D_A: 0.053, G_A: 0.413, cycle_A: 0.094, idt_A: 0.161, D_B: 0.003, G_B: 1.069, cycle_B: 0.308, idt_B: 0.070

[Rank 0] (epoch: 142, iters: 552, time: 0.030, data: 0.002) , D_A: 0.080, G_A: 0.431, cycle_A: 0.084, idt_A: 0.177, D_B: 0.003, G_B: 0.906, cycle_B: 0.264, idt_B: 0.066

[Rank 0] (epoch: 142, iters: 752, time: 0.029, data: 0.003) , D_A: 0.109, G_A: 0.873, cycle_A: 0.097, idt_A: 0.142, D_B: 0.006, G_B: 0.940, cycle_B: 0.259, idt_B: 0.078

[Rank 0] (epoch: 142, iters: 952, time: 0.067, data: 0.002) , D_A: 0.054, G_A: 0.615, cycle_A: 0.081, idt_A: 0.152, D_B: 0.005, G_B: 0.922, cycle_B: 0.257, idt_B: 0.068

saving the latest model (epoch 142, total_iters 80000)
[Rank 0] (epoch: 142, iters: 1152, time: 0.030, data: 0.002) , D_A: 0.077, G_A: 0.608, cycle_A: 0.090, idt_A: 0.144, D_B: 0.003, G_B: 1.013, cycle_B: 0.274, idt_B: 0.073

[Rank 0] (epoch: 142, iters: 1352, time: 0.030, data: 0.003) , D_A: 0.075, G_A: 0.409, cycle_A: 0.098, idt_A: 0.151, D_B: 0.003, G_B: 0.979, cycle_B: 0.270, idt_B: 0.072

[Rank 0] (epoch: 142, iters: 1552, time: 0.030, data: 0.003) , D_A: 0.082, G_A: 0.570, cycle_A: 0.102, idt_A: 0.138, D_B: 0.003, G_B: 0.886, cycle_B: 0.253, idt_B: 0.081

[Rank 0] (epoch: 142, iters: 1752, time: 0.030, data: 0.002) , D_A: 0.213, G_A: 0.713, cycle_A: 0.082, idt_A: 0.126, D_B: 0.002, G_B: 0.937, cycle_B: 0.223, idt_B: 0.072

learning rate 0.0000800 -> 0.0000800
End of epoch 142 / 500 	 Time Taken: 52 sec
[Rank 0] (epoch: 143, iters: 24, time: 0.064, data: 0.002) , D_A: 0.269, G_A: 0.879, cycle_A: 0.094, idt_A: 0.145, D_B: 0.005, G_B: 0.966, cycle_B: 0.272, idt_B: 0.081

[Rank 0] (epoch: 143, iters: 224, time: 0.030, data: 0.002) , D_A: 0.115, G_A: 0.364, cycle_A: 0.112, idt_A: 0.125, D_B: 0.004, G_B: 0.902, cycle_B: 0.228, idt_B: 0.085

[Rank 0] (epoch: 143, iters: 424, time: 0.030, data: 0.004) , D_A: 0.057, G_A: 0.988, cycle_A: 0.099, idt_A: 0.150, D_B: 0.012, G_B: 0.969, cycle_B: 0.302, idt_B: 0.076

[Rank 0] (epoch: 143, iters: 624, time: 0.030, data: 0.002) , D_A: 0.145, G_A: 0.443, cycle_A: 0.096, idt_A: 0.150, D_B: 0.002, G_B: 0.933, cycle_B: 0.285, idt_B: 0.079

[Rank 0] (epoch: 143, iters: 824, time: 0.030, data: 0.002) , D_A: 0.046, G_A: 0.614, cycle_A: 0.100, idt_A: 0.135, D_B: 0.002, G_B: 0.926, cycle_B: 0.254, idt_B: 0.089

[Rank 0] (epoch: 143, iters: 1024, time: 0.077, data: 0.002) , D_A: 0.175, G_A: 0.361, cycle_A: 0.117, idt_A: 0.170, D_B: 0.001, G_B: 0.952, cycle_B: 0.280, idt_B: 0.065

[Rank 0] (epoch: 143, iters: 1224, time: 0.029, data: 0.003) , D_A: 0.212, G_A: 0.356, cycle_A: 0.104, idt_A: 0.156, D_B: 0.001, G_B: 0.971, cycle_B: 0.246, idt_B: 0.084

[Rank 0] (epoch: 143, iters: 1424, time: 0.030, data: 0.002) , D_A: 0.171, G_A: 0.289, cycle_A: 0.090, idt_A: 0.171, D_B: 0.001, G_B: 0.954, cycle_B: 0.317, idt_B: 0.078

[Rank 0] (epoch: 143, iters: 1624, time: 0.030, data: 0.002) , D_A: 0.246, G_A: 0.327, cycle_A: 0.096, idt_A: 0.154, D_B: 0.003, G_B: 1.013, cycle_B: 0.304, idt_B: 0.079

[Rank 0] (epoch: 143, iters: 1824, time: 0.030, data: 0.003) , D_A: 0.193, G_A: 0.317, cycle_A: 0.130, idt_A: 0.156, D_B: 0.005, G_B: 0.944, cycle_B: 0.266, idt_B: 0.099

learning rate 0.0000800 -> 0.0000800
End of epoch 143 / 500 	 Time Taken: 52 sec
[Rank 0] (epoch: 144, iters: 96, time: 0.065, data: 0.003) , D_A: 0.186, G_A: 0.248, cycle_A: 0.080, idt_A: 0.147, D_B: 0.039, G_B: 1.219, cycle_B: 0.299, idt_B: 0.066

[Rank 0] (epoch: 144, iters: 296, time: 0.029, data: 0.006) , D_A: 0.170, G_A: 0.449, cycle_A: 0.100, idt_A: 0.121, D_B: 0.014, G_B: 0.720, cycle_B: 0.280, idt_B: 0.079

[Rank 0] (epoch: 144, iters: 496, time: 0.030, data: 0.006) , D_A: 0.121, G_A: 0.475, cycle_A: 0.087, idt_A: 0.158, D_B: 0.113, G_B: 0.265, cycle_B: 0.386, idt_B: 0.078

[Rank 0] (epoch: 144, iters: 696, time: 0.030, data: 0.001) , D_A: 0.066, G_A: 0.600, cycle_A: 0.104, idt_A: 0.127, D_B: 0.163, G_B: 0.375, cycle_B: 0.279, idt_B: 0.080

[Rank 0] (epoch: 144, iters: 896, time: 0.030, data: 0.002) , D_A: 0.141, G_A: 0.335, cycle_A: 0.100, idt_A: 0.173, D_B: 0.167, G_B: 0.187, cycle_B: 0.329, idt_B: 0.083

[Rank 0] (epoch: 144, iters: 1096, time: 0.073, data: 0.003) , D_A: 0.165, G_A: 0.414, cycle_A: 0.095, idt_A: 0.175, D_B: 0.105, G_B: 0.217, cycle_B: 0.303, idt_B: 0.080

[Rank 0] (epoch: 144, iters: 1296, time: 0.030, data: 0.002) , D_A: 0.053, G_A: 0.661, cycle_A: 0.099, idt_A: 0.150, D_B: 0.080, G_B: 0.473, cycle_B: 0.281, idt_B: 0.087

[Rank 0] (epoch: 144, iters: 1496, time: 0.030, data: 0.001) , D_A: 0.142, G_A: 0.677, cycle_A: 0.120, idt_A: 0.148, D_B: 0.140, G_B: 0.454, cycle_B: 0.347, idt_B: 0.113

[Rank 0] (epoch: 144, iters: 1696, time: 0.030, data: 0.002) , D_A: 0.137, G_A: 0.346, cycle_A: 0.105, idt_A: 0.144, D_B: 0.103, G_B: 0.336, cycle_B: 0.273, idt_B: 0.088

[Rank 0] (epoch: 144, iters: 1896, time: 0.030, data: 0.002) , D_A: 0.133, G_A: 0.255, cycle_A: 0.113, idt_A: 0.147, D_B: 0.082, G_B: 0.488, cycle_B: 0.281, idt_B: 0.087

learning rate 0.0000800 -> 0.0000800
End of epoch 144 / 500 	 Time Taken: 52 sec
[Rank 0] (epoch: 145, iters: 168, time: 0.054, data: 0.002) , D_A: 0.135, G_A: 0.349, cycle_A: 0.095, idt_A: 0.119, D_B: 0.158, G_B: 0.551, cycle_B: 0.250, idt_B: 0.075

saving the latest model (epoch 145, total_iters 85000)
[Rank 0] (epoch: 145, iters: 368, time: 0.030, data: 0.001) , D_A: 0.074, G_A: 0.412, cycle_A: 0.116, idt_A: 0.157, D_B: 0.079, G_B: 0.858, cycle_B: 0.264, idt_B: 0.099

[Rank 0] (epoch: 145, iters: 568, time: 0.030, data: 0.003) , D_A: 0.153, G_A: 0.247, cycle_A: 0.126, idt_A: 0.150, D_B: 0.016, G_B: 1.070, cycle_B: 0.310, idt_B: 0.118

[Rank 0] (epoch: 145, iters: 768, time: 0.030, data: 0.002) , D_A: 0.083, G_A: 0.426, cycle_A: 0.083, idt_A: 0.177, D_B: 0.006, G_B: 0.955, cycle_B: 0.301, idt_B: 0.067

[Rank 0] (epoch: 145, iters: 968, time: 0.030, data: 0.002) , D_A: 0.088, G_A: 0.394, cycle_A: 0.100, idt_A: 0.163, D_B: 0.008, G_B: 0.899, cycle_B: 0.291, idt_B: 0.086

[Rank 0] (epoch: 145, iters: 1168, time: 0.076, data: 0.003) , D_A: 0.055, G_A: 0.574, cycle_A: 0.092, idt_A: 0.149, D_B: 0.004, G_B: 0.983, cycle_B: 0.265, idt_B: 0.081

[Rank 0] (epoch: 145, iters: 1368, time: 0.030, data: 0.003) , D_A: 0.076, G_A: 0.487, cycle_A: 0.096, idt_A: 0.182, D_B: 0.003, G_B: 0.930, cycle_B: 0.301, idt_B: 0.084

[Rank 0] (epoch: 145, iters: 1568, time: 0.030, data: 0.003) , D_A: 0.065, G_A: 0.513, cycle_A: 0.120, idt_A: 0.152, D_B: 0.005, G_B: 1.016, cycle_B: 0.261, idt_B: 0.102

[Rank 0] (epoch: 145, iters: 1768, time: 0.030, data: 0.003) , D_A: 0.063, G_A: 0.613, cycle_A: 0.098, idt_A: 0.157, D_B: 0.003, G_B: 0.930, cycle_B: 0.299, idt_B: 0.080

learning rate 0.0000800 -> 0.0000800
End of epoch 145 / 500 	 Time Taken: 51 sec
[Rank 0] (epoch: 146, iters: 40, time: 0.053, data: 0.002) , D_A: 0.111, G_A: 0.682, cycle_A: 0.083, idt_A: 0.142, D_B: 0.007, G_B: 0.841, cycle_B: 0.264, idt_B: 0.069

[Rank 0] (epoch: 146, iters: 240, time: 0.073, data: 0.003) , D_A: 0.112, G_A: 0.424, cycle_A: 0.099, idt_A: 0.154, D_B: 0.007, G_B: 0.957, cycle_B: 0.266, idt_B: 0.092

[Rank 0] (epoch: 146, iters: 440, time: 0.030, data: 0.003) , D_A: 0.085, G_A: 0.435, cycle_A: 0.109, idt_A: 0.141, D_B: 0.005, G_B: 0.849, cycle_B: 0.251, idt_B: 0.096

[Rank 0] (epoch: 146, iters: 640, time: 0.030, data: 0.003) , D_A: 0.136, G_A: 0.812, cycle_A: 0.108, idt_A: 0.154, D_B: 0.003, G_B: 0.934, cycle_B: 0.251, idt_B: 0.089

[Rank 0] (epoch: 146, iters: 840, time: 0.030, data: 0.002) , D_A: 0.080, G_A: 0.479, cycle_A: 0.071, idt_A: 0.150, D_B: 0.013, G_B: 1.218, cycle_B: 0.262, idt_B: 0.060

[Rank 0] (epoch: 146, iters: 1040, time: 0.030, data: 0.002) , D_A: 0.099, G_A: 0.559, cycle_A: 0.091, idt_A: 0.144, D_B: 0.004, G_B: 0.912, cycle_B: 0.269, idt_B: 0.082

[Rank 0] (epoch: 146, iters: 1240, time: 0.056, data: 0.003) , D_A: 0.052, G_A: 0.555, cycle_A: 0.078, idt_A: 0.162, D_B: 0.009, G_B: 1.025, cycle_B: 0.280, idt_B: 0.064

[Rank 0] (epoch: 146, iters: 1440, time: 0.030, data: 0.002) , D_A: 0.066, G_A: 0.795, cycle_A: 0.091, idt_A: 0.155, D_B: 0.016, G_B: 0.850, cycle_B: 0.288, idt_B: 0.075

[Rank 0] (epoch: 146, iters: 1640, time: 0.030, data: 0.003) , D_A: 0.147, G_A: 0.333, cycle_A: 0.103, idt_A: 0.130, D_B: 0.028, G_B: 0.721, cycle_B: 0.262, idt_B: 0.085

[Rank 0] (epoch: 146, iters: 1840, time: 0.030, data: 0.002) , D_A: 0.111, G_A: 0.425, cycle_A: 0.082, idt_A: 0.157, D_B: 0.031, G_B: 0.788, cycle_B: 0.308, idt_B: 0.071

learning rate 0.0000800 -> 0.0000800
End of epoch 146 / 500 	 Time Taken: 51 sec
[Rank 0] (epoch: 147, iters: 112, time: 0.075, data: 0.003) , D_A: 0.088, G_A: 0.615, cycle_A: 0.085, idt_A: 0.158, D_B: 0.026, G_B: 0.778, cycle_B: 0.258, idt_B: 0.072

[Rank 0] (epoch: 147, iters: 312, time: 0.055, data: 0.003) , D_A: 0.181, G_A: 0.479, cycle_A: 0.294, idt_A: 0.134, D_B: 0.079, G_B: 0.308, cycle_B: 0.300, idt_B: 0.100

[Rank 0] (epoch: 147, iters: 512, time: 0.030, data: 0.004) , D_A: 0.265, G_A: 0.732, cycle_A: 0.098, idt_A: 0.150, D_B: 0.105, G_B: 0.310, cycle_B: 0.297, idt_B: 0.084

[Rank 0] (epoch: 147, iters: 712, time: 0.030, data: 0.002) , D_A: 0.124, G_A: 0.560, cycle_A: 0.116, idt_A: 0.151, D_B: 0.168, G_B: 0.248, cycle_B: 0.285, idt_B: 0.101

[Rank 0] (epoch: 147, iters: 912, time: 0.030, data: 0.003) , D_A: 0.036, G_A: 0.576, cycle_A: 0.111, idt_A: 0.146, D_B: 0.163, G_B: 0.205, cycle_B: 0.302, idt_B: 0.097

[Rank 0] (epoch: 147, iters: 1112, time: 0.030, data: 0.003) , D_A: 0.099, G_A: 0.353, cycle_A: 0.106, idt_A: 0.162, D_B: 0.100, G_B: 0.363, cycle_B: 0.307, idt_B: 0.098

[Rank 0] (epoch: 147, iters: 1312, time: 0.063, data: 0.003) , D_A: 0.051, G_A: 1.121, cycle_A: 0.117, idt_A: 0.139, D_B: 0.015, G_B: 0.726, cycle_B: 0.253, idt_B: 0.085

saving the latest model (epoch 147, total_iters 90000)
[Rank 0] (epoch: 147, iters: 1512, time: 0.030, data: 0.001) , D_A: 0.163, G_A: 0.570, cycle_A: 0.120, idt_A: 0.133, D_B: 0.045, G_B: 0.877, cycle_B: 0.250, idt_B: 0.105

[Rank 0] (epoch: 147, iters: 1712, time: 0.030, data: 0.003) , D_A: 0.050, G_A: 0.603, cycle_A: 0.119, idt_A: 0.131, D_B: 0.004, G_B: 0.990, cycle_B: 0.236, idt_B: 0.107

[Rank 0] (epoch: 147, iters: 1912, time: 0.030, data: 0.003) , D_A: 0.088, G_A: 0.442, cycle_A: 0.090, idt_A: 0.132, D_B: 0.005, G_B: 0.959, cycle_B: 0.233, idt_B: 0.089

learning rate 0.0000800 -> 0.0000800
End of epoch 147 / 500 	 Time Taken: 52 sec
[Rank 0] (epoch: 148, iters: 184, time: 0.077, data: 0.002) , D_A: 0.064, G_A: 0.491, cycle_A: 0.144, idt_A: 0.140, D_B: 0.049, G_B: 0.971, cycle_B: 0.262, idt_B: 0.146

[Rank 0] (epoch: 148, iters: 384, time: 0.061, data: 0.005) , D_A: 0.051, G_A: 0.601, cycle_A: 0.110, idt_A: 0.155, D_B: 0.004, G_B: 1.003, cycle_B: 0.273, idt_B: 0.086

[Rank 0] (epoch: 148, iters: 584, time: 0.030, data: 0.003) , D_A: 0.094, G_A: 0.400, cycle_A: 0.138, idt_A: 0.146, D_B: 0.003, G_B: 0.974, cycle_B: 0.266, idt_B: 0.130

[Rank 0] (epoch: 148, iters: 784, time: 0.029, data: 0.005) , D_A: 0.065, G_A: 0.808, cycle_A: 0.099, idt_A: 0.150, D_B: 0.036, G_B: 0.363, cycle_B: 0.260, idt_B: 0.075

[Rank 0] (epoch: 148, iters: 984, time: 0.030, data: 0.003) , D_A: 0.089, G_A: 0.731, cycle_A: 0.104, idt_A: 0.137, D_B: 0.002, G_B: 0.955, cycle_B: 0.265, idt_B: 0.088

[Rank 0] (epoch: 148, iters: 1184, time: 0.030, data: 0.003) , D_A: 0.096, G_A: 0.354, cycle_A: 0.098, idt_A: 0.177, D_B: 0.003, G_B: 0.933, cycle_B: 0.279, idt_B: 0.090

[Rank 0] (epoch: 148, iters: 1384, time: 0.068, data: 0.004) , D_A: 0.118, G_A: 0.406, cycle_A: 0.096, idt_A: 0.144, D_B: 0.002, G_B: 0.933, cycle_B: 0.257, idt_B: 0.081

[Rank 0] (epoch: 148, iters: 1584, time: 0.030, data: 0.002) , D_A: 0.098, G_A: 0.483, cycle_A: 0.109, idt_A: 0.145, D_B: 0.002, G_B: 0.962, cycle_B: 0.229, idt_B: 0.093

[Rank 0] (epoch: 148, iters: 1784, time: 0.030, data: 0.004) , D_A: 0.093, G_A: 0.516, cycle_A: 0.094, idt_A: 0.140, D_B: 0.002, G_B: 0.928, cycle_B: 0.250, idt_B: 0.076

learning rate 0.0000800 -> 0.0000800
End of epoch 148 / 500 	 Time Taken: 52 sec
[Rank 0] (epoch: 149, iters: 56, time: 0.060, data: 0.004) , D_A: 0.095, G_A: 0.591, cycle_A: 0.090, idt_A: 0.163, D_B: 0.003, G_B: 0.940, cycle_B: 0.269, idt_B: 0.077

[Rank 0] (epoch: 149, iters: 256, time: 0.030, data: 0.002) , D_A: 0.175, G_A: 0.444, cycle_A: 0.086, idt_A: 0.159, D_B: 0.007, G_B: 0.823, cycle_B: 0.222, idt_B: 0.066

[Rank 0] (epoch: 149, iters: 456, time: 0.064, data: 0.003) , D_A: 0.072, G_A: 0.530, cycle_A: 0.126, idt_A: 0.144, D_B: 0.005, G_B: 0.962, cycle_B: 0.267, idt_B: 0.113

[Rank 0] (epoch: 149, iters: 656, time: 0.030, data: 0.002) , D_A: 0.083, G_A: 0.438, cycle_A: 0.103, idt_A: 0.147, D_B: 0.004, G_B: 0.875, cycle_B: 0.285, idt_B: 0.084

[Rank 0] (epoch: 149, iters: 856, time: 0.030, data: 0.003) , D_A: 0.095, G_A: 0.386, cycle_A: 0.101, idt_A: 0.164, D_B: 0.003, G_B: 0.897, cycle_B: 0.272, idt_B: 0.090

[Rank 0] (epoch: 149, iters: 1056, time: 0.030, data: 0.002) , D_A: 0.129, G_A: 0.636, cycle_A: 0.113, idt_A: 0.154, D_B: 0.004, G_B: 0.903, cycle_B: 0.281, idt_B: 0.088

[Rank 0] (epoch: 149, iters: 1256, time: 0.030, data: 0.002) , D_A: 0.145, G_A: 0.885, cycle_A: 0.106, idt_A: 0.153, D_B: 0.006, G_B: 0.980, cycle_B: 0.282, idt_B: 0.092

[Rank 0] (epoch: 149, iters: 1456, time: 0.058, data: 0.003) , D_A: 0.198, G_A: 0.176, cycle_A: 0.106, idt_A: 0.153, D_B: 0.005, G_B: 0.949, cycle_B: 0.268, idt_B: 0.083

[Rank 0] (epoch: 149, iters: 1656, time: 0.030, data: 0.003) , D_A: 0.038, G_A: 0.631, cycle_A: 0.096, idt_A: 0.123, D_B: 0.002, G_B: 0.971, cycle_B: 0.221, idt_B: 0.081

[Rank 0] (epoch: 149, iters: 1856, time: 0.030, data: 0.004) , D_A: 0.035, G_A: 0.801, cycle_A: 0.096, idt_A: 0.135, D_B: 0.006, G_B: 0.868, cycle_B: 0.287, idt_B: 0.075

learning rate 0.0000800 -> 0.0000800
End of epoch 149 / 500 	 Time Taken: 51 sec
[Rank 0] (epoch: 150, iters: 128, time: 0.073, data: 0.003) , D_A: 0.040, G_A: 0.624, cycle_A: 0.119, idt_A: 0.142, D_B: 0.005, G_B: 0.884, cycle_B: 0.262, idt_B: 0.091

[Rank 0] (epoch: 150, iters: 328, time: 0.030, data: 0.006) , D_A: 0.073, G_A: 0.472, cycle_A: 0.094, idt_A: 0.133, D_B: 0.009, G_B: 1.016, cycle_B: 0.272, idt_B: 0.078

[Rank 0] (epoch: 150, iters: 528, time: 0.059, data: 0.003) , D_A: 0.253, G_A: 0.902, cycle_A: 0.118, idt_A: 0.163, D_B: 0.003, G_B: 0.942, cycle_B: 0.292, idt_B: 0.091

saving the latest model (epoch 150, total_iters 95000)
[Rank 0] (epoch: 150, iters: 728, time: 0.030, data: 0.003) , D_A: 0.066, G_A: 0.540, cycle_A: 0.085, idt_A: 0.155, D_B: 0.003, G_B: 0.889, cycle_B: 0.280, idt_B: 0.073

[Rank 0] (epoch: 150, iters: 928, time: 0.030, data: 0.004) , D_A: 0.149, G_A: 0.835, cycle_A: 0.106, idt_A: 0.148, D_B: 0.004, G_B: 1.004, cycle_B: 0.284, idt_B: 0.086

[Rank 0] (epoch: 150, iters: 1128, time: 0.030, data: 0.003) , D_A: 0.079, G_A: 0.397, cycle_A: 0.127, idt_A: 0.154, D_B: 0.008, G_B: 0.800, cycle_B: 0.258, idt_B: 0.099

[Rank 0] (epoch: 150, iters: 1328, time: 0.030, data: 0.004) , D_A: 0.045, G_A: 0.762, cycle_A: 0.089, idt_A: 0.116, D_B: 0.005, G_B: 1.024, cycle_B: 0.208, idt_B: 0.071

[Rank 0] (epoch: 150, iters: 1528, time: 0.072, data: 0.002) , D_A: 0.210, G_A: 0.633, cycle_A: 0.071, idt_A: 0.142, D_B: 0.009, G_B: 0.799, cycle_B: 0.267, idt_B: 0.059

[Rank 0] (epoch: 150, iters: 1728, time: 0.030, data: 0.003) , D_A: 0.108, G_A: 0.585, cycle_A: 0.105, idt_A: 0.155, D_B: 0.002, G_B: 0.984, cycle_B: 0.259, idt_B: 0.084

[Rank 0] (epoch: 150, iters: 1928, time: 0.024, data: 0.002) , D_A: 0.046, G_A: 0.638, cycle_A: 0.100, idt_A: 0.149, D_B: 0.006, G_B: 0.851, cycle_B: 0.260, idt_B: 0.080

learning rate 0.0000800 -> 0.0000800
End of epoch 150 / 500 	 Time Taken: 52 sec
[Rank 0] (epoch: 151, iters: 200, time: 0.052, data: 1.236) , D_A: 0.080, G_A: 0.412, cycle_A: 0.116, idt_A: 0.178, D_B: 0.003, G_B: 0.944, cycle_B: 0.282, idt_B: 0.094

[Rank 0] (epoch: 151, iters: 400, time: 0.030, data: 0.002) , D_A: 0.132, G_A: 0.643, cycle_A: 0.094, idt_A: 0.141, D_B: 0.003, G_B: 0.891, cycle_B: 0.238, idt_B: 0.077

[Rank 0] (epoch: 151, iters: 600, time: 0.063, data: 0.003) , D_A: 0.108, G_A: 0.600, cycle_A: 0.088, idt_A: 0.154, D_B: 0.004, G_B: 0.933, cycle_B: 0.255, idt_B: 0.074

[Rank 0] (epoch: 151, iters: 800, time: 0.030, data: 0.001) , D_A: 0.058, G_A: 0.713, cycle_A: 0.080, idt_A: 0.163, D_B: 0.006, G_B: 0.866, cycle_B: 0.311, idt_B: 0.062

[Rank 0] (epoch: 151, iters: 1000, time: 0.030, data: 0.004) , D_A: 0.107, G_A: 0.445, cycle_A: 0.104, idt_A: 0.153, D_B: 0.005, G_B: 1.118, cycle_B: 0.270, idt_B: 0.079

[Rank 0] (epoch: 151, iters: 1200, time: 0.030, data: 0.004) , D_A: 0.077, G_A: 0.596, cycle_A: 0.098, idt_A: 0.166, D_B: 0.003, G_B: 0.878, cycle_B: 0.277, idt_B: 0.078

[Rank 0] (epoch: 151, iters: 1400, time: 0.030, data: 0.002) , D_A: 0.047, G_A: 0.900, cycle_A: 0.081, idt_A: 0.149, D_B: 0.003, G_B: 0.925, cycle_B: 0.266, idt_B: 0.064

[Rank 0] (epoch: 151, iters: 1600, time: 0.052, data: 0.004) , D_A: 0.140, G_A: 0.555, cycle_A: 0.076, idt_A: 0.180, D_B: 0.004, G_B: 1.018, cycle_B: 0.238, idt_B: 0.060

[Rank 0] (epoch: 151, iters: 1800, time: 0.030, data: 0.002) , D_A: 0.069, G_A: 0.436, cycle_A: 0.091, idt_A: 0.137, D_B: 0.004, G_B: 0.972, cycle_B: 0.276, idt_B: 0.074

learning rate 0.0000800 -> 0.0000800
End of epoch 151 / 500 	 Time Taken: 51 sec
[Rank 0] (epoch: 152, iters: 72, time: 0.070, data: 0.003) , D_A: 0.107, G_A: 0.187, cycle_A: 0.101, idt_A: 0.137, D_B: 0.007, G_B: 0.932, cycle_B: 0.228, idt_B: 0.084

[Rank 0] (epoch: 152, iters: 272, time: 0.029, data: 0.004) , D_A: 0.069, G_A: 0.694, cycle_A: 0.081, idt_A: 0.185, D_B: 0.003, G_B: 0.940, cycle_B: 0.273, idt_B: 0.065

[Rank 0] (epoch: 152, iters: 472, time: 0.030, data: 0.003) , D_A: 0.177, G_A: 0.747, cycle_A: 0.093, idt_A: 0.131, D_B: 0.002, G_B: 0.987, cycle_B: 0.218, idt_B: 0.079

[Rank 0] (epoch: 152, iters: 672, time: 0.055, data: 0.003) , D_A: 0.101, G_A: 0.239, cycle_A: 0.089, idt_A: 0.151, D_B: 0.003, G_B: 0.908, cycle_B: 0.247, idt_B: 0.069

[Rank 0] (epoch: 152, iters: 872, time: 0.030, data: 0.003) , D_A: 0.072, G_A: 0.540, cycle_A: 0.114, idt_A: 0.136, D_B: 0.004, G_B: 0.991, cycle_B: 0.225, idt_B: 0.088

[Rank 0] (epoch: 152, iters: 1072, time: 0.030, data: 0.002) , D_A: 0.094, G_A: 0.707, cycle_A: 0.101, idt_A: 0.156, D_B: 0.003, G_B: 0.928, cycle_B: 0.291, idt_B: 0.079

[Rank 0] (epoch: 152, iters: 1272, time: 0.030, data: 0.003) , D_A: 0.130, G_A: 0.614, cycle_A: 0.096, idt_A: 0.148, D_B: 0.003, G_B: 0.943, cycle_B: 0.260, idt_B: 0.075

[Rank 0] (epoch: 152, iters: 1472, time: 0.030, data: 0.003) , D_A: 0.183, G_A: 0.692, cycle_A: 0.098, idt_A: 0.145, D_B: 0.003, G_B: 1.026, cycle_B: 0.258, idt_B: 0.083

[Rank 0] (epoch: 152, iters: 1672, time: 0.064, data: 0.003) , D_A: 0.043, G_A: 0.601, cycle_A: 0.113, idt_A: 0.153, D_B: 0.003, G_B: 0.920, cycle_B: 0.256, idt_B: 0.087

saving the latest model (epoch 152, total_iters 100000)
[Rank 0] (epoch: 152, iters: 1872, time: 0.030, data: 0.003) , D_A: 0.051, G_A: 0.504, cycle_A: 0.089, idt_A: 0.134, D_B: 0.010, G_B: 1.220, cycle_B: 0.244, idt_B: 0.070

learning rate 0.0000800 -> 0.0000800
End of epoch 152 / 500 	 Time Taken: 52 sec
[Rank 0] (epoch: 153, iters: 144, time: 0.054, data: 0.002) , D_A: 0.142, G_A: 1.058, cycle_A: 0.114, idt_A: 0.166, D_B: 0.004, G_B: 0.949, cycle_B: 0.278, idt_B: 0.094

[Rank 0] (epoch: 153, iters: 344, time: 0.030, data: 0.004) , D_A: 0.081, G_A: 0.445, cycle_A: 0.075, idt_A: 0.148, D_B: 0.003, G_B: 0.930, cycle_B: 0.256, idt_B: 0.058

[Rank 0] (epoch: 153, iters: 544, time: 0.030, data: 0.003) , D_A: 0.079, G_A: 0.506, cycle_A: 0.087, idt_A: 0.121, D_B: 0.003, G_B: 0.933, cycle_B: 0.219, idt_B: 0.076

[Rank 0] (epoch: 153, iters: 744, time: 0.072, data: 0.004) , D_A: 0.041, G_A: 0.983, cycle_A: 0.084, idt_A: 0.132, D_B: 0.003, G_B: 0.911, cycle_B: 0.251, idt_B: 0.061

[Rank 0] (epoch: 153, iters: 944, time: 0.030, data: 0.003) , D_A: 0.056, G_A: 0.486, cycle_A: 0.093, idt_A: 0.137, D_B: 0.003, G_B: 0.952, cycle_B: 0.269, idt_B: 0.074

[Rank 0] (epoch: 153, iters: 1144, time: 0.030, data: 0.002) , D_A: 0.077, G_A: 0.680, cycle_A: 0.104, idt_A: 0.162, D_B: 0.006, G_B: 0.870, cycle_B: 0.269, idt_B: 0.087

[Rank 0] (epoch: 153, iters: 1344, time: 0.030, data: 0.003) , D_A: 0.048, G_A: 0.594, cycle_A: 0.088, idt_A: 0.152, D_B: 0.003, G_B: 1.009, cycle_B: 0.251, idt_B: 0.073

[Rank 0] (epoch: 153, iters: 1544, time: 0.030, data: 0.004) , D_A: 0.082, G_A: 0.629, cycle_A: 0.097, idt_A: 0.150, D_B: 0.002, G_B: 0.984, cycle_B: 0.254, idt_B: 0.072

[Rank 0] (epoch: 153, iters: 1744, time: 0.062, data: 0.004) , D_A: 0.085, G_A: 0.538, cycle_A: 0.097, idt_A: 0.130, D_B: 0.002, G_B: 0.963, cycle_B: 0.243, idt_B: 0.080

learning rate 0.0000800 -> 0.0000800
End of epoch 153 / 500 	 Time Taken: 52 sec
[Rank 0] (epoch: 154, iters: 16, time: 0.074, data: 0.002) , D_A: 1.354, G_A: 3.938, cycle_A: 2.217, idt_A: 1.435, D_B: 0.118, G_B: 0.534, cycle_B: 1.347, idt_B: 0.221

[Rank 0] (epoch: 154, iters: 216, time: 0.030, data: 0.002) , D_A: 0.090, G_A: 0.392, cycle_A: 0.112, idt_A: 0.496, D_B: 0.027, G_B: 0.584, cycle_B: 0.648, idt_B: 0.121

[Rank 0] (epoch: 154, iters: 416, time: 0.030, data: 0.006) , D_A: 0.039, G_A: 0.948, cycle_A: 0.114, idt_A: 0.273, D_B: 0.007, G_B: 1.017, cycle_B: 0.417, idt_B: 0.131

[Rank 0] (epoch: 154, iters: 616, time: 0.030, data: 0.003) , D_A: 0.041, G_A: 0.598, cycle_A: 0.126, idt_A: 0.252, D_B: 0.005, G_B: 0.942, cycle_B: 0.381, idt_B: 0.100

[Rank 0] (epoch: 154, iters: 816, time: 0.053, data: 0.003) , D_A: 0.042, G_A: 0.743, cycle_A: 0.149, idt_A: 0.210, D_B: 0.005, G_B: 0.913, cycle_B: 0.364, idt_B: 0.123

[Rank 0] (epoch: 154, iters: 1016, time: 0.030, data: 0.002) , D_A: 0.029, G_A: 0.785, cycle_A: 0.102, idt_A: 0.180, D_B: 0.004, G_B: 0.870, cycle_B: 0.339, idt_B: 0.095

[Rank 0] (epoch: 154, iters: 1216, time: 0.030, data: 0.003) , D_A: 0.029, G_A: 0.663, cycle_A: 0.103, idt_A: 0.179, D_B: 0.005, G_B: 0.894, cycle_B: 0.323, idt_B: 0.096

[Rank 0] (epoch: 154, iters: 1416, time: 0.030, data: 0.003) , D_A: 0.026, G_A: 0.764, cycle_A: 0.157, idt_A: 0.248, D_B: 0.041, G_B: 0.693, cycle_B: 0.376, idt_B: 0.113

[Rank 0] (epoch: 154, iters: 1616, time: 0.030, data: 0.002) , D_A: 0.037, G_A: 0.567, cycle_A: 0.122, idt_A: 0.177, D_B: 0.063, G_B: 0.536, cycle_B: 0.340, idt_B: 0.094

[Rank 0] (epoch: 154, iters: 1816, time: 0.075, data: 0.003) , D_A: 0.030, G_A: 0.651, cycle_A: 0.098, idt_A: 0.176, D_B: 0.053, G_B: 0.632, cycle_B: 0.314, idt_B: 0.082

learning rate 0.0000800 -> 0.0000800
End of epoch 154 / 500 	 Time Taken: 52 sec
[Rank 0] (epoch: 155, iters: 88, time: 0.067, data: 0.002) , D_A: 0.027, G_A: 0.824, cycle_A: 0.112, idt_A: 0.187, D_B: 0.166, G_B: 0.207, cycle_B: 0.359, idt_B: 0.095

[Rank 0] (epoch: 155, iters: 288, time: 0.030, data: 0.003) , D_A: 0.030, G_A: 0.911, cycle_A: 0.109, idt_A: 0.163, D_B: 0.190, G_B: 0.146, cycle_B: 0.306, idt_B: 0.079

[Rank 0] (epoch: 155, iters: 488, time: 0.030, data: 0.003) , D_A: 0.040, G_A: 0.698, cycle_A: 0.124, idt_A: 0.193, D_B: 0.175, G_B: 0.611, cycle_B: 0.339, idt_B: 0.106

[Rank 0] (epoch: 155, iters: 688, time: 0.030, data: 0.003) , D_A: 0.080, G_A: 0.949, cycle_A: 0.110, idt_A: 0.161, D_B: 0.131, G_B: 0.736, cycle_B: 0.320, idt_B: 0.111

[Rank 0] (epoch: 155, iters: 888, time: 0.054, data: 0.002) , D_A: 0.020, G_A: 0.689, cycle_A: 0.121, idt_A: 0.171, D_B: 0.123, G_B: 0.310, cycle_B: 0.298, idt_B: 0.090

saving the latest model (epoch 155, total_iters 105000)
[Rank 0] (epoch: 155, iters: 1088, time: 0.030, data: 0.002) , D_A: 0.059, G_A: 0.854, cycle_A: 0.174, idt_A: 0.178, D_B: 0.017, G_B: 0.886, cycle_B: 0.315, idt_B: 0.180

[Rank 0] (epoch: 155, iters: 1288, time: 0.030, data: 0.003) , D_A: 0.037, G_A: 0.664, cycle_A: 0.135, idt_A: 0.190, D_B: 0.005, G_B: 0.964, cycle_B: 0.311, idt_B: 0.125

[Rank 0] (epoch: 155, iters: 1488, time: 0.029, data: 0.002) , D_A: 0.039, G_A: 0.764, cycle_A: 0.135, idt_A: 0.178, D_B: 0.004, G_B: 0.989, cycle_B: 0.300, idt_B: 0.107

[Rank 0] (epoch: 155, iters: 1688, time: 0.030, data: 0.004) , D_A: 0.042, G_A: 0.690, cycle_A: 0.133, idt_A: 0.160, D_B: 0.005, G_B: 0.941, cycle_B: 0.285, idt_B: 0.108

[Rank 0] (epoch: 155, iters: 1888, time: 0.065, data: 0.003) , D_A: 0.053, G_A: 0.763, cycle_A: 0.120, idt_A: 0.141, D_B: 0.018, G_B: 1.039, cycle_B: 0.254, idt_B: 0.091

learning rate 0.0000800 -> 0.0000800
End of epoch 155 / 500 	 Time Taken: 52 sec
[Rank 0] (epoch: 156, iters: 160, time: 0.055, data: 0.003) , D_A: 0.034, G_A: 0.845, cycle_A: 0.163, idt_A: 0.166, D_B: 0.005, G_B: 0.896, cycle_B: 0.294, idt_B: 0.139

[Rank 0] (epoch: 156, iters: 360, time: 0.030, data: 0.003) , D_A: 0.082, G_A: 0.996, cycle_A: 0.103, idt_A: 0.163, D_B: 0.005, G_B: 1.036, cycle_B: 0.313, idt_B: 0.093

[Rank 0] (epoch: 156, iters: 560, time: 0.030, data: 0.003) , D_A: 0.082, G_A: 1.085, cycle_A: 0.085, idt_A: 0.163, D_B: 0.007, G_B: 0.983, cycle_B: 0.266, idt_B: 0.064

[Rank 0] (epoch: 156, iters: 760, time: 0.030, data: 0.002) , D_A: 0.056, G_A: 0.619, cycle_A: 0.113, idt_A: 0.154, D_B: 0.003, G_B: 0.964, cycle_B: 0.269, idt_B: 0.086

[Rank 0] (epoch: 156, iters: 960, time: 0.068, data: 0.004) , D_A: 0.039, G_A: 0.572, cycle_A: 0.122, idt_A: 0.156, D_B: 0.006, G_B: 0.906, cycle_B: 0.265, idt_B: 0.093

[Rank 0] (epoch: 156, iters: 1160, time: 0.029, data: 0.002) , D_A: 0.027, G_A: 0.840, cycle_A: 0.119, idt_A: 0.148, D_B: 0.008, G_B: 0.885, cycle_B: 0.244, idt_B: 0.095

[Rank 0] (epoch: 156, iters: 1360, time: 0.029, data: 0.005) , D_A: 0.032, G_A: 0.784, cycle_A: 0.114, idt_A: 0.160, D_B: 0.129, G_B: 0.750, cycle_B: 0.286, idt_B: 0.092

[Rank 0] (epoch: 156, iters: 1560, time: 0.030, data: 0.002) , D_A: 0.037, G_A: 0.708, cycle_A: 0.093, idt_A: 0.194, D_B: 0.109, G_B: 0.311, cycle_B: 0.291, idt_B: 0.074

[Rank 0] (epoch: 156, iters: 1760, time: 0.030, data: 0.003) , D_A: 0.104, G_A: 0.954, cycle_A: 0.146, idt_A: 0.166, D_B: 0.135, G_B: 0.453, cycle_B: 0.324, idt_B: 0.100

learning rate 0.0000800 -> 0.0000800
End of epoch 156 / 500 	 Time Taken: 51 sec
[Rank 0] (epoch: 157, iters: 32, time: 0.054, data: 0.003) , D_A: 0.074, G_A: 0.555, cycle_A: 0.137, idt_A: 0.154, D_B: 0.078, G_B: 0.515, cycle_B: 0.256, idt_B: 0.101

[Rank 0] (epoch: 157, iters: 232, time: 0.030, data: 0.003) , D_A: 0.046, G_A: 0.614, cycle_A: 0.129, idt_A: 0.138, D_B: 0.017, G_B: 1.077, cycle_B: 0.296, idt_B: 0.104

[Rank 0] (epoch: 157, iters: 432, time: 0.030, data: 0.003) , D_A: 0.046, G_A: 0.465, cycle_A: 0.121, idt_A: 0.161, D_B: 0.041, G_B: 0.645, cycle_B: 0.296, idt_B: 0.098

[Rank 0] (epoch: 157, iters: 632, time: 0.030, data: 0.005) , D_A: 0.056, G_A: 1.086, cycle_A: 0.089, idt_A: 0.160, D_B: 0.006, G_B: 0.831, cycle_B: 0.278, idt_B: 0.073

[Rank 0] (epoch: 157, iters: 832, time: 0.030, data: 0.003) , D_A: 0.041, G_A: 0.706, cycle_A: 0.123, idt_A: 0.149, D_B: 0.010, G_B: 0.818, cycle_B: 0.252, idt_B: 0.096

[Rank 0] (epoch: 157, iters: 1032, time: 0.071, data: 0.003) , D_A: 0.092, G_A: 0.782, cycle_A: 0.109, idt_A: 0.149, D_B: 0.004, G_B: 0.920, cycle_B: 0.261, idt_B: 0.077

[Rank 0] (epoch: 157, iters: 1232, time: 0.030, data: 0.003) , D_A: 0.058, G_A: 0.666, cycle_A: 0.133, idt_A: 0.144, D_B: 0.121, G_B: 0.769, cycle_B: 0.272, idt_B: 0.119

[Rank 0] (epoch: 157, iters: 1432, time: 0.030, data: 0.004) , D_A: 0.075, G_A: 0.543, cycle_A: 0.116, idt_A: 0.155, D_B: 0.127, G_B: 0.525, cycle_B: 0.316, idt_B: 0.100

[Rank 0] (epoch: 157, iters: 1632, time: 0.030, data: 0.003) , D_A: 0.042, G_A: 0.658, cycle_A: 0.107, idt_A: 0.152, D_B: 0.153, G_B: 0.351, cycle_B: 0.263, idt_B: 0.086

[Rank 0] (epoch: 157, iters: 1832, time: 0.030, data: 0.004) , D_A: 0.169, G_A: 0.646, cycle_A: 0.118, idt_A: 0.100, D_B: 0.119, G_B: 0.969, cycle_B: 0.198, idt_B: 0.110

learning rate 0.0000800 -> 0.0000800
End of epoch 157 / 500 	 Time Taken: 51 sec
[Rank 0] (epoch: 158, iters: 104, time: 0.056, data: 0.004) , D_A: 0.119, G_A: 0.650, cycle_A: 0.119, idt_A: 0.132, D_B: 0.050, G_B: 0.827, cycle_B: 0.282, idt_B: 0.109

saving the latest model (epoch 158, total_iters 110000)
[Rank 0] (epoch: 158, iters: 304, time: 0.030, data: 0.004) , D_A: 0.072, G_A: 0.454, cycle_A: 0.106, idt_A: 0.129, D_B: 0.007, G_B: 0.936, cycle_B: 0.285, idt_B: 0.094

[Rank 0] (epoch: 158, iters: 504, time: 0.030, data: 0.002) , D_A: 0.052, G_A: 0.586, cycle_A: 0.114, idt_A: 0.161, D_B: 0.006, G_B: 0.875, cycle_B: 0.331, idt_B: 0.101

[Rank 0] (epoch: 158, iters: 704, time: 0.029, data: 0.002) , D_A: 0.127, G_A: 0.296, cycle_A: 0.108, idt_A: 0.156, D_B: 0.005, G_B: 1.068, cycle_B: 0.304, idt_B: 0.088

[Rank 0] (epoch: 158, iters: 904, time: 0.030, data: 0.003) , D_A: 0.088, G_A: 0.460, cycle_A: 0.107, idt_A: 0.162, D_B: 0.006, G_B: 0.941, cycle_B: 0.294, idt_B: 0.088

[Rank 0] (epoch: 158, iters: 1104, time: 0.087, data: 0.004) , D_A: 0.097, G_A: 0.647, cycle_A: 0.092, idt_A: 0.140, D_B: 0.009, G_B: 1.225, cycle_B: 0.286, idt_B: 0.067

[Rank 0] (epoch: 158, iters: 1304, time: 0.030, data: 0.003) , D_A: 0.060, G_A: 0.525, cycle_A: 0.086, idt_A: 0.143, D_B: 0.013, G_B: 1.271, cycle_B: 0.255, idt_B: 0.073

[Rank 0] (epoch: 158, iters: 1504, time: 0.030, data: 0.004) , D_A: 0.104, G_A: 0.669, cycle_A: 0.099, idt_A: 0.136, D_B: 0.010, G_B: 0.824, cycle_B: 0.281, idt_B: 0.088

[Rank 0] (epoch: 158, iters: 1704, time: 0.029, data: 0.004) , D_A: 0.098, G_A: 0.666, cycle_A: 0.083, idt_A: 0.158, D_B: 0.010, G_B: 0.851, cycle_B: 0.311, idt_B: 0.061

[Rank 0] (epoch: 158, iters: 1904, time: 0.030, data: 0.004) , D_A: 0.115, G_A: 0.623, cycle_A: 0.107, idt_A: 0.144, D_B: 0.004, G_B: 0.942, cycle_B: 0.255, idt_B: 0.087

learning rate 0.0000800 -> 0.0000800
End of epoch 158 / 500 	 Time Taken: 52 sec
[Rank 0] (epoch: 159, iters: 176, time: 0.064, data: 0.002) , D_A: 0.037, G_A: 0.647, cycle_A: 0.123, idt_A: 0.143, D_B: 0.068, G_B: 0.588, cycle_B: 0.256, idt_B: 0.107

[Rank 0] (epoch: 159, iters: 376, time: 0.030, data: 0.002) , D_A: 0.134, G_A: 0.791, cycle_A: 0.084, idt_A: 0.139, D_B: 0.154, G_B: 0.485, cycle_B: 0.248, idt_B: 0.068

[Rank 0] (epoch: 159, iters: 576, time: 0.030, data: 0.002) , D_A: 0.114, G_A: 0.264, cycle_A: 0.090, idt_A: 0.163, D_B: 0.090, G_B: 0.548, cycle_B: 0.321, idt_B: 0.068

[Rank 0] (epoch: 159, iters: 776, time: 0.030, data: 0.005) , D_A: 0.084, G_A: 0.422, cycle_A: 0.110, idt_A: 0.130, D_B: 0.091, G_B: 0.936, cycle_B: 0.236, idt_B: 0.089

[Rank 0] (epoch: 159, iters: 976, time: 0.029, data: 0.004) , D_A: 0.082, G_A: 0.535, cycle_A: 0.097, idt_A: 0.142, D_B: 0.129, G_B: 0.491, cycle_B: 0.249, idt_B: 0.072

[Rank 0] (epoch: 159, iters: 1176, time: 0.069, data: 0.002) , D_A: 0.090, G_A: 0.885, cycle_A: 0.128, idt_A: 0.168, D_B: 0.079, G_B: 1.712, cycle_B: 0.339, idt_B: 0.116

[Rank 0] (epoch: 159, iters: 1376, time: 0.029, data: 0.003) , D_A: 0.114, G_A: 0.458, cycle_A: 0.122, idt_A: 0.146, D_B: 0.061, G_B: 0.816, cycle_B: 0.275, idt_B: 0.094

[Rank 0] (epoch: 159, iters: 1576, time: 0.030, data: 0.002) , D_A: 0.111, G_A: 0.347, cycle_A: 0.106, idt_A: 0.168, D_B: 0.036, G_B: 0.586, cycle_B: 0.267, idt_B: 0.088

[Rank 0] (epoch: 159, iters: 1776, time: 0.029, data: 0.002) , D_A: 0.130, G_A: 0.568, cycle_A: 0.111, idt_A: 0.135, D_B: 0.027, G_B: 1.001, cycle_B: 0.257, idt_B: 0.092

learning rate 0.0000800 -> 0.0000800
End of epoch 159 / 500 	 Time Taken: 52 sec
[Rank 0] (epoch: 160, iters: 48, time: 0.089, data: 0.001) , D_A: 0.179, G_A: 0.695, cycle_A: 0.104, idt_A: 0.140, D_B: 0.004, G_B: 0.940, cycle_B: 0.243, idt_B: 0.090

[Rank 0] (epoch: 160, iters: 248, time: 0.052, data: 0.003) , D_A: 0.154, G_A: 0.797, cycle_A: 0.110, idt_A: 0.144, D_B: 0.004, G_B: 0.956, cycle_B: 0.282, idt_B: 0.096

[Rank 0] (epoch: 160, iters: 448, time: 0.030, data: 0.003) , D_A: 0.075, G_A: 0.489, cycle_A: 0.058, idt_A: 0.127, D_B: 0.003, G_B: 0.934, cycle_B: 0.237, idt_B: 0.048

[Rank 0] (epoch: 160, iters: 648, time: 0.030, data: 0.003) , D_A: 0.120, G_A: 0.528, cycle_A: 0.106, idt_A: 0.141, D_B: 0.018, G_B: 1.362, cycle_B: 0.254, idt_B: 0.099

[Rank 0] (epoch: 160, iters: 848, time: 0.030, data: 0.003) , D_A: 0.044, G_A: 0.657, cycle_A: 0.092, idt_A: 0.144, D_B: 0.002, G_B: 0.929, cycle_B: 0.251, idt_B: 0.070

[Rank 0] (epoch: 160, iters: 1048, time: 0.029, data: 0.003) , D_A: 0.125, G_A: 0.702, cycle_A: 0.073, idt_A: 0.135, D_B: 0.003, G_B: 0.924, cycle_B: 0.243, idt_B: 0.063

[Rank 0] (epoch: 160, iters: 1248, time: 0.083, data: 0.003) , D_A: 0.113, G_A: 0.322, cycle_A: 0.108, idt_A: 0.161, D_B: 0.004, G_B: 0.971, cycle_B: 0.303, idt_B: 0.084

saving the latest model (epoch 160, total_iters 115000)
[Rank 0] (epoch: 160, iters: 1448, time: 0.030, data: 0.003) , D_A: 0.134, G_A: 0.459, cycle_A: 0.098, idt_A: 0.136, D_B: 0.004, G_B: 0.947, cycle_B: 0.268, idt_B: 0.080

[Rank 0] (epoch: 160, iters: 1648, time: 0.030, data: 0.003) , D_A: 0.080, G_A: 0.465, cycle_A: 0.085, idt_A: 0.163, D_B: 0.002, G_B: 0.952, cycle_B: 0.282, idt_B: 0.067

[Rank 0] (epoch: 160, iters: 1848, time: 0.030, data: 0.003) , D_A: 0.095, G_A: 0.357, cycle_A: 0.104, idt_A: 0.146, D_B: 0.002, G_B: 0.951, cycle_B: 0.256, idt_B: 0.088

learning rate 0.0000800 -> 0.0000800
saving the model at the end of epoch 160, iters 115680
End of epoch 160 / 500 	 Time Taken: 52 sec
[Rank 0] (epoch: 161, iters: 120, time: 0.064, data: 0.003) , D_A: 0.108, G_A: 0.375, cycle_A: 0.079, idt_A: 0.132, D_B: 0.007, G_B: 0.923, cycle_B: 0.247, idt_B: 0.059

[Rank 0] (epoch: 161, iters: 320, time: 0.068, data: 0.004) , D_A: 0.092, G_A: 0.411, cycle_A: 0.093, idt_A: 0.145, D_B: 0.007, G_B: 0.751, cycle_B: 0.284, idt_B: 0.072

[Rank 0] (epoch: 161, iters: 520, time: 0.030, data: 0.003) , D_A: 0.098, G_A: 0.452, cycle_A: 0.100, idt_A: 0.136, D_B: 0.003, G_B: 0.889, cycle_B: 0.264, idt_B: 0.082

[Rank 0] (epoch: 161, iters: 720, time: 0.030, data: 0.003) , D_A: 0.095, G_A: 0.706, cycle_A: 0.096, idt_A: 0.154, D_B: 0.002, G_B: 0.993, cycle_B: 0.292, idt_B: 0.076

[Rank 0] (epoch: 161, iters: 920, time: 0.030, data: 0.003) , D_A: 0.181, G_A: 0.831, cycle_A: 0.100, idt_A: 0.148, D_B: 0.003, G_B: 1.027, cycle_B: 0.247, idt_B: 0.081

[Rank 0] (epoch: 161, iters: 1120, time: 0.030, data: 0.003) , D_A: 0.141, G_A: 0.390, cycle_A: 0.112, idt_A: 0.143, D_B: 0.006, G_B: 1.120, cycle_B: 0.298, idt_B: 0.086

[Rank 0] (epoch: 161, iters: 1320, time: 0.064, data: 0.004) , D_A: 0.044, G_A: 0.635, cycle_A: 0.098, idt_A: 0.135, D_B: 0.002, G_B: 0.947, cycle_B: 0.244, idt_B: 0.079

[Rank 0] (epoch: 161, iters: 1520, time: 0.030, data: 0.004) , D_A: 0.117, G_A: 0.285, cycle_A: 0.089, idt_A: 0.143, D_B: 0.002, G_B: 0.962, cycle_B: 0.253, idt_B: 0.068

[Rank 0] (epoch: 161, iters: 1720, time: 0.030, data: 0.003) , D_A: 0.185, G_A: 0.659, cycle_A: 0.112, idt_A: 0.147, D_B: 0.002, G_B: 0.941, cycle_B: 0.248, idt_B: 0.091

[Rank 0] (epoch: 161, iters: 1920, time: 0.030, data: 0.003) , D_A: 0.148, G_A: 0.642, cycle_A: 0.098, idt_A: 0.147, D_B: 0.002, G_B: 0.954, cycle_B: 0.274, idt_B: 0.076

learning rate 0.0000800 -> 0.0000800
End of epoch 161 / 500 	 Time Taken: 52 sec
[Rank 0] (epoch: 162, iters: 192, time: 0.078, data: 0.002) , D_A: 0.083, G_A: 0.563, cycle_A: 0.108, idt_A: 0.159, D_B: 0.004, G_B: 0.967, cycle_B: 0.265, idt_B: 0.089

[Rank 0] (epoch: 162, iters: 392, time: 0.051, data: 0.004) , D_A: 0.061, G_A: 0.628, cycle_A: 0.106, idt_A: 0.128, D_B: 0.002, G_B: 0.937, cycle_B: 0.246, idt_B: 0.084

[Rank 0] (epoch: 162, iters: 592, time: 0.030, data: 0.003) , D_A: 0.065, G_A: 0.609, cycle_A: 0.129, idt_A: 0.170, D_B: 0.002, G_B: 1.028, cycle_B: 0.287, idt_B: 0.095

[Rank 0] (epoch: 162, iters: 792, time: 0.029, data: 0.004) , D_A: 0.078, G_A: 0.523, cycle_A: 0.104, idt_A: 0.189, D_B: 0.006, G_B: 0.999, cycle_B: 0.330, idt_B: 0.086

[Rank 0] (epoch: 162, iters: 992, time: 0.030, data: 0.002) , D_A: 0.064, G_A: 0.530, cycle_A: 0.072, idt_A: 0.158, D_B: 0.004, G_B: 0.888, cycle_B: 0.318, idt_B: 0.050

[Rank 0] (epoch: 162, iters: 1192, time: 0.030, data: 0.004) , D_A: 0.090, G_A: 0.466, cycle_A: 0.081, idt_A: 0.134, D_B: 0.004, G_B: 0.886, cycle_B: 0.301, idt_B: 0.063

[Rank 0] (epoch: 162, iters: 1392, time: 0.077, data: 0.002) , D_A: 0.045, G_A: 0.766, cycle_A: 0.111, idt_A: 0.162, D_B: 0.005, G_B: 0.896, cycle_B: 0.302, idt_B: 0.085

[Rank 0] (epoch: 162, iters: 1592, time: 0.030, data: 0.004) , D_A: 0.063, G_A: 0.456, cycle_A: 0.090, idt_A: 0.144, D_B: 0.005, G_B: 0.911, cycle_B: 0.266, idt_B: 0.073

[Rank 0] (epoch: 162, iters: 1792, time: 0.030, data: 0.002) , D_A: 0.069, G_A: 0.544, cycle_A: 0.088, idt_A: 0.147, D_B: 0.002, G_B: 0.952, cycle_B: 0.264, idt_B: 0.066

learning rate 0.0000800 -> 0.0000800
End of epoch 162 / 500 	 Time Taken: 52 sec
[Rank 0] (epoch: 163, iters: 64, time: 0.066, data: 0.003) , D_A: 0.135, G_A: 0.411, cycle_A: 0.120, idt_A: 0.160, D_B: 0.003, G_B: 1.064, cycle_B: 0.284, idt_B: 0.099

[Rank 0] (epoch: 163, iters: 264, time: 0.029, data: 0.003) , D_A: 0.189, G_A: 0.826, cycle_A: 0.079, idt_A: 0.168, D_B: 0.003, G_B: 0.951, cycle_B: 0.297, idt_B: 0.058

[Rank 0] (epoch: 163, iters: 464, time: 0.063, data: 0.002) , D_A: 0.066, G_A: 0.394, cycle_A: 0.086, idt_A: 0.188, D_B: 0.004, G_B: 0.905, cycle_B: 0.319, idt_B: 0.067

saving the latest model (epoch 163, total_iters 120000)
[Rank 0] (epoch: 163, iters: 664, time: 0.029, data: 0.003) , D_A: 0.213, G_A: 0.124, cycle_A: 0.097, idt_A: 0.131, D_B: 0.006, G_B: 0.988, cycle_B: 0.266, idt_B: 0.067

[Rank 0] (epoch: 163, iters: 864, time: 0.030, data: 0.002) , D_A: 0.059, G_A: 0.699, cycle_A: 0.118, idt_A: 0.116, D_B: 0.002, G_B: 0.964, cycle_B: 0.217, idt_B: 0.098

[Rank 0] (epoch: 163, iters: 1064, time: 0.029, data: 0.004) , D_A: 0.145, G_A: 0.221, cycle_A: 0.072, idt_A: 0.130, D_B: 0.003, G_B: 0.935, cycle_B: 0.222, idt_B: 0.054

[Rank 0] (epoch: 163, iters: 1264, time: 0.030, data: 0.002) , D_A: 0.105, G_A: 0.426, cycle_A: 0.088, idt_A: 0.176, D_B: 0.007, G_B: 0.792, cycle_B: 0.281, idt_B: 0.070

[Rank 0] (epoch: 163, iters: 1464, time: 0.066, data: 0.004) , D_A: 0.167, G_A: 0.332, cycle_A: 0.098, idt_A: 0.138, D_B: 0.004, G_B: 0.978, cycle_B: 0.247, idt_B: 0.076

[Rank 0] (epoch: 163, iters: 1664, time: 0.030, data: 0.002) , D_A: 0.108, G_A: 0.532, cycle_A: 0.094, idt_A: 0.143, D_B: 0.003, G_B: 0.904, cycle_B: 0.250, idt_B: 0.079

[Rank 0] (epoch: 163, iters: 1864, time: 0.030, data: 0.003) , D_A: 0.056, G_A: 0.456, cycle_A: 0.087, idt_A: 0.152, D_B: 0.002, G_B: 1.003, cycle_B: 0.292, idt_B: 0.068

learning rate 0.0000800 -> 0.0000800
End of epoch 163 / 500 	 Time Taken: 52 sec
[Rank 0] (epoch: 164, iters: 136, time: 0.051, data: 0.002) , D_A: 0.097, G_A: 0.376, cycle_A: 0.091, idt_A: 0.147, D_B: 0.004, G_B: 1.112, cycle_B: 0.266, idt_B: 0.077

[Rank 0] (epoch: 164, iters: 336, time: 0.030, data: 0.002) , D_A: 0.111, G_A: 0.554, cycle_A: 0.090, idt_A: 0.138, D_B: 0.003, G_B: 0.928, cycle_B: 0.275, idt_B: 0.074

[Rank 0] (epoch: 164, iters: 536, time: 0.067, data: 0.002) , D_A: 0.072, G_A: 0.410, cycle_A: 0.095, idt_A: 0.135, D_B: 0.004, G_B: 0.915, cycle_B: 0.251, idt_B: 0.079

[Rank 0] (epoch: 164, iters: 736, time: 0.030, data: 0.003) , D_A: 0.051, G_A: 0.524, cycle_A: 0.105, idt_A: 0.152, D_B: 0.002, G_B: 0.962, cycle_B: 0.294, idt_B: 0.086

[Rank 0] (epoch: 164, iters: 936, time: 0.029, data: 0.005) , D_A: 0.093, G_A: 0.251, cycle_A: 0.092, idt_A: 0.118, D_B: 0.002, G_B: 0.962, cycle_B: 0.215, idt_B: 0.069

[Rank 0] (epoch: 164, iters: 1136, time: 0.030, data: 0.003) , D_A: 0.102, G_A: 0.595, cycle_A: 0.090, idt_A: 0.135, D_B: 0.004, G_B: 0.951, cycle_B: 0.221, idt_B: 0.075

[Rank 0] (epoch: 164, iters: 1336, time: 0.030, data: 0.002) , D_A: 0.103, G_A: 0.625, cycle_A: 0.408, idt_A: 1.054, D_B: 0.015, G_B: 1.000, cycle_B: 1.093, idt_B: 0.394

[Rank 0] (epoch: 164, iters: 1536, time: 0.064, data: 0.003) , D_A: 0.082, G_A: 0.534, cycle_A: 0.193, idt_A: 0.554, D_B: 0.003, G_B: 0.999, cycle_B: 0.882, idt_B: 0.145

[Rank 0] (epoch: 164, iters: 1736, time: 0.030, data: 0.005) , D_A: 0.063, G_A: 0.517, cycle_A: 0.172, idt_A: 0.481, D_B: 0.002, G_B: 1.003, cycle_B: 0.757, idt_B: 0.144

learning rate 0.0000800 -> 0.0000800
End of epoch 164 / 500 	 Time Taken: 51 sec
[Rank 0] (epoch: 165, iters: 8, time: 0.065, data: 0.002) , D_A: 0.098, G_A: 0.469, cycle_A: 0.118, idt_A: 0.378, D_B: 0.002, G_B: 0.992, cycle_B: 0.590, idt_B: 0.104

[Rank 0] (epoch: 165, iters: 208, time: 0.030, data: 0.002) , D_A: 0.119, G_A: 0.421, cycle_A: 0.156, idt_A: 0.339, D_B: 0.003, G_B: 0.971, cycle_B: 0.468, idt_B: 0.105

[Rank 0] (epoch: 165, iters: 408, time: 0.030, data: 0.003) , D_A: 0.076, G_A: 0.468, cycle_A: 0.161, idt_A: 0.317, D_B: 0.004, G_B: 0.982, cycle_B: 0.416, idt_B: 0.148

[Rank 0] (epoch: 165, iters: 608, time: 0.077, data: 0.004) , D_A: 0.128, G_A: 0.345, cycle_A: 0.143, idt_A: 0.416, D_B: 0.002, G_B: 0.984, cycle_B: 0.483, idt_B: 0.107

[Rank 0] (epoch: 165, iters: 808, time: 0.030, data: 0.004) , D_A: 0.093, G_A: 0.458, cycle_A: 0.093, idt_A: 0.294, D_B: 0.002, G_B: 1.004, cycle_B: 0.414, idt_B: 0.068

[Rank 0] (epoch: 165, iters: 1008, time: 0.030, data: 0.004) , D_A: 0.093, G_A: 0.519, cycle_A: 0.167, idt_A: 0.270, D_B: 0.003, G_B: 0.969, cycle_B: 0.359, idt_B: 0.104

[Rank 0] (epoch: 165, iters: 1208, time: 0.026, data: 0.003) , D_A: 0.039, G_A: 0.894, cycle_A: 0.147, idt_A: 0.294, D_B: 0.007, G_B: 0.841, cycle_B: 0.360, idt_B: 0.102

[Rank 0] (epoch: 165, iters: 1408, time: 0.030, data: 0.003) , D_A: 0.049, G_A: 0.560, cycle_A: 0.144, idt_A: 0.241, D_B: 0.005, G_B: 0.913, cycle_B: 0.388, idt_B: 0.110

[Rank 0] (epoch: 165, iters: 1608, time: 0.055, data: 0.003) , D_A: 0.074, G_A: 0.426, cycle_A: 0.119, idt_A: 0.229, D_B: 0.159, G_B: 1.299, cycle_B: 0.378, idt_B: 0.086

saving the latest model (epoch 165, total_iters 125000)
[Rank 0] (epoch: 165, iters: 1808, time: 0.030, data: 0.003) , D_A: 0.072, G_A: 0.492, cycle_A: 0.174, idt_A: 0.206, D_B: 0.105, G_B: 0.286, cycle_B: 0.359, idt_B: 0.134

learning rate 0.0000800 -> 0.0000800
End of epoch 165 / 500 	 Time Taken: 52 sec
[Rank 0] (epoch: 166, iters: 80, time: 0.075, data: 0.002) , D_A: 0.072, G_A: 0.451, cycle_A: 0.102, idt_A: 0.197, D_B: 0.093, G_B: 0.434, cycle_B: 0.337, idt_B: 0.086

[Rank 0] (epoch: 166, iters: 280, time: 0.030, data: 0.003) , D_A: 0.126, G_A: 0.866, cycle_A: 0.134, idt_A: 0.201, D_B: 0.167, G_B: 0.318, cycle_B: 0.300, idt_B: 0.116

[Rank 0] (epoch: 166, iters: 480, time: 0.030, data: 0.004) , D_A: 0.067, G_A: 0.440, cycle_A: 0.111, idt_A: 0.199, D_B: 0.050, G_B: 0.563, cycle_B: 0.339, idt_B: 0.094

[Rank 0] (epoch: 166, iters: 680, time: 0.064, data: 0.003) , D_A: 0.103, G_A: 0.560, cycle_A: 0.122, idt_A: 0.165, D_B: 0.118, G_B: 0.429, cycle_B: 0.313, idt_B: 0.099

[Rank 0] (epoch: 166, iters: 880, time: 0.030, data: 0.003) , D_A: 0.087, G_A: 0.452, cycle_A: 0.140, idt_A: 0.197, D_B: 0.051, G_B: 0.597, cycle_B: 0.372, idt_B: 0.132

[Rank 0] (epoch: 166, iters: 1080, time: 0.030, data: 0.003) , D_A: 0.059, G_A: 0.790, cycle_A: 0.093, idt_A: 0.174, D_B: 0.089, G_B: 0.361, cycle_B: 0.296, idt_B: 0.075

[Rank 0] (epoch: 166, iters: 1280, time: 0.030, data: 0.003) , D_A: 0.107, G_A: 0.371, cycle_A: 0.113, idt_A: 0.166, D_B: 0.079, G_B: 0.843, cycle_B: 0.320, idt_B: 0.104

[Rank 0] (epoch: 166, iters: 1480, time: 0.029, data: 0.003) , D_A: 0.049, G_A: 0.501, cycle_A: 0.111, idt_A: 0.156, D_B: 0.011, G_B: 0.828, cycle_B: 0.260, idt_B: 0.103

[Rank 0] (epoch: 166, iters: 1680, time: 0.083, data: 0.003) , D_A: 0.068, G_A: 0.437, cycle_A: 0.117, idt_A: 0.190, D_B: 0.007, G_B: 0.886, cycle_B: 0.316, idt_B: 0.101

[Rank 0] (epoch: 166, iters: 1880, time: 0.030, data: 0.003) , D_A: 0.042, G_A: 1.024, cycle_A: 0.118, idt_A: 0.148, D_B: 0.005, G_B: 0.991, cycle_B: 0.284, idt_B: 0.104

learning rate 0.0000800 -> 0.0000800
End of epoch 166 / 500 	 Time Taken: 52 sec
[Rank 0] (epoch: 167, iters: 152, time: 0.056, data: 0.003) , D_A: 0.076, G_A: 0.408, cycle_A: 0.100, idt_A: 0.148, D_B: 0.004, G_B: 0.893, cycle_B: 0.257, idt_B: 0.091

[Rank 0] (epoch: 167, iters: 352, time: 0.030, data: 0.003) , D_A: 0.039, G_A: 1.199, cycle_A: 0.086, idt_A: 0.163, D_B: 0.002, G_B: 0.939, cycle_B: 0.228, idt_B: 0.074

[Rank 0] (epoch: 167, iters: 552, time: 0.030, data: 0.003) , D_A: 0.151, G_A: 0.667, cycle_A: 0.127, idt_A: 0.148, D_B: 0.003, G_B: 0.969, cycle_B: 0.248, idt_B: 0.107

[Rank 0] (epoch: 167, iters: 752, time: 0.069, data: 0.004) , D_A: 0.048, G_A: 0.500, cycle_A: 0.123, idt_A: 0.154, D_B: 0.003, G_B: 0.883, cycle_B: 0.271, idt_B: 0.099

[Rank 0] (epoch: 167, iters: 952, time: 0.030, data: 0.003) , D_A: 0.055, G_A: 0.525, cycle_A: 0.113, idt_A: 0.160, D_B: 0.007, G_B: 0.860, cycle_B: 0.261, idt_B: 0.086

[Rank 0] (epoch: 167, iters: 1152, time: 0.030, data: 0.003) , D_A: 0.063, G_A: 0.501, cycle_A: 0.088, idt_A: 0.145, D_B: 0.009, G_B: 1.029, cycle_B: 0.256, idt_B: 0.072

[Rank 0] (epoch: 167, iters: 1352, time: 0.030, data: 0.003) , D_A: 0.074, G_A: 0.491, cycle_A: 0.096, idt_A: 0.154, D_B: 0.007, G_B: 1.041, cycle_B: 0.269, idt_B: 0.071

[Rank 0] (epoch: 167, iters: 1552, time: 0.030, data: 0.003) , D_A: 0.153, G_A: 1.041, cycle_A: 0.108, idt_A: 0.145, D_B: 0.002, G_B: 0.983, cycle_B: 0.237, idt_B: 0.089

[Rank 0] (epoch: 167, iters: 1752, time: 0.067, data: 0.005) , D_A: 0.049, G_A: 0.648, cycle_A: 0.088, idt_A: 0.149, D_B: 0.001, G_B: 0.933, cycle_B: 0.237, idt_B: 0.070

learning rate 0.0000800 -> 0.0000800
End of epoch 167 / 500 	 Time Taken: 52 sec
[Rank 0] (epoch: 168, iters: 24, time: 0.061, data: 0.003) , D_A: 0.073, G_A: 0.408, cycle_A: 0.127, idt_A: 0.140, D_B: 0.010, G_B: 0.958, cycle_B: 0.233, idt_B: 0.098

[Rank 0] (epoch: 168, iters: 224, time: 0.030, data: 0.003) , D_A: 0.080, G_A: 0.753, cycle_A: 0.098, idt_A: 0.148, D_B: 0.003, G_B: 0.935, cycle_B: 0.252, idt_B: 0.079

[Rank 0] (epoch: 168, iters: 424, time: 0.030, data: 0.004) , D_A: 0.041, G_A: 0.697, cycle_A: 0.102, idt_A: 0.163, D_B: 0.090, G_B: 1.010, cycle_B: 0.284, idt_B: 0.092

[Rank 0] (epoch: 168, iters: 624, time: 0.030, data: 0.010) , D_A: 0.037, G_A: 0.665, cycle_A: 0.084, idt_A: 0.175, D_B: 0.104, G_B: 0.646, cycle_B: 0.285, idt_B: 0.071

[Rank 0] (epoch: 168, iters: 824, time: 0.072, data: 0.003) , D_A: 0.037, G_A: 0.803, cycle_A: 0.098, idt_A: 0.143, D_B: 0.132, G_B: 0.488, cycle_B: 0.273, idt_B: 0.081

saving the latest model (epoch 168, total_iters 130000)
[Rank 0] (epoch: 168, iters: 1024, time: 0.030, data: 0.002) , D_A: 0.049, G_A: 0.711, cycle_A: 0.092, idt_A: 0.146, D_B: 0.123, G_B: 0.254, cycle_B: 0.303, idt_B: 0.067

[Rank 0] (epoch: 168, iters: 1224, time: 0.030, data: 0.003) , D_A: 0.051, G_A: 0.661, cycle_A: 0.107, idt_A: 0.165, D_B: 0.016, G_B: 1.314, cycle_B: 0.298, idt_B: 0.090

[Rank 0] (epoch: 168, iters: 1424, time: 0.030, data: 0.003) , D_A: 0.073, G_A: 0.469, cycle_A: 0.101, idt_A: 0.141, D_B: 0.011, G_B: 0.935, cycle_B: 0.243, idt_B: 0.086

[Rank 0] (epoch: 168, iters: 1624, time: 0.030, data: 0.003) , D_A: 0.044, G_A: 0.471, cycle_A: 0.102, idt_A: 0.162, D_B: 0.017, G_B: 0.929, cycle_B: 0.293, idt_B: 0.078

[Rank 0] (epoch: 168, iters: 1824, time: 0.067, data: 0.003) , D_A: 0.091, G_A: 0.332, cycle_A: 0.109, idt_A: 0.165, D_B: 0.004, G_B: 0.897, cycle_B: 0.268, idt_B: 0.087

learning rate 0.0000800 -> 0.0000800
End of epoch 168 / 500 	 Time Taken: 52 sec
[Rank 0] (epoch: 169, iters: 96, time: 0.071, data: 0.002) , D_A: 0.042, G_A: 0.608, cycle_A: 0.124, idt_A: 0.133, D_B: 0.005, G_B: 0.979, cycle_B: 0.254, idt_B: 0.125

[Rank 0] (epoch: 169, iters: 296, time: 0.030, data: 0.003) , D_A: 0.076, G_A: 0.703, cycle_A: 0.094, idt_A: 0.163, D_B: 0.002, G_B: 0.927, cycle_B: 0.258, idt_B: 0.076

[Rank 0] (epoch: 169, iters: 496, time: 0.030, data: 0.003) , D_A: 0.150, G_A: 0.813, cycle_A: 0.106, idt_A: 0.155, D_B: 0.003, G_B: 1.027, cycle_B: 0.261, idt_B: 0.083

[Rank 0] (epoch: 169, iters: 696, time: 0.030, data: 0.003) , D_A: 0.047, G_A: 0.693, cycle_A: 0.114, idt_A: 0.165, D_B: 0.002, G_B: 0.992, cycle_B: 0.280, idt_B: 0.092

[Rank 0] (epoch: 169, iters: 896, time: 0.065, data: 0.003) , D_A: 0.067, G_A: 0.592, cycle_A: 0.081, idt_A: 0.130, D_B: 0.003, G_B: 0.902, cycle_B: 0.222, idt_B: 0.064

[Rank 0] (epoch: 169, iters: 1096, time: 0.030, data: 0.002) , D_A: 0.064, G_A: 0.471, cycle_A: 0.129, idt_A: 0.146, D_B: 0.003, G_B: 0.934, cycle_B: 0.268, idt_B: 0.098

[Rank 0] (epoch: 169, iters: 1296, time: 0.030, data: 0.003) , D_A: 0.098, G_A: 0.539, cycle_A: 0.111, idt_A: 0.132, D_B: 0.002, G_B: 0.984, cycle_B: 0.224, idt_B: 0.084

[Rank 0] (epoch: 169, iters: 1496, time: 0.030, data: 0.004) , D_A: 0.068, G_A: 0.542, cycle_A: 0.077, idt_A: 0.147, D_B: 0.002, G_B: 0.940, cycle_B: 0.240, idt_B: 0.059

[Rank 0] (epoch: 169, iters: 1696, time: 0.030, data: 0.004) , D_A: 0.087, G_A: 0.719, cycle_A: 0.116, idt_A: 0.137, D_B: 0.002, G_B: 0.924, cycle_B: 0.230, idt_B: 0.091

[Rank 0] (epoch: 169, iters: 1896, time: 0.054, data: 0.003) , D_A: 0.045, G_A: 0.465, cycle_A: 0.109, idt_A: 0.142, D_B: 0.002, G_B: 0.984, cycle_B: 0.242, idt_B: 0.084

learning rate 0.0000800 -> 0.0000800
End of epoch 169 / 500 	 Time Taken: 52 sec
[Rank 0] (epoch: 170, iters: 168, time: 0.074, data: 0.003) , D_A: 0.065, G_A: 0.634, cycle_A: 0.107, idt_A: 0.141, D_B: 0.001, G_B: 0.979, cycle_B: 0.251, idt_B: 0.084

[Rank 0] (epoch: 170, iters: 368, time: 0.030, data: 0.003) , D_A: 0.042, G_A: 0.547, cycle_A: 0.106, idt_A: 0.136, D_B: 0.002, G_B: 0.979, cycle_B: 0.243, idt_B: 0.085

[Rank 0] (epoch: 170, iters: 568, time: 0.030, data: 0.002) , D_A: 0.052, G_A: 1.011, cycle_A: 0.113, idt_A: 0.164, D_B: 0.002, G_B: 1.004, cycle_B: 0.272, idt_B: 0.090

[Rank 0] (epoch: 170, iters: 768, time: 0.030, data: 0.003) , D_A: 0.055, G_A: 0.685, cycle_A: 0.111, idt_A: 0.133, D_B: 0.002, G_B: 0.987, cycle_B: 0.234, idt_B: 0.084

[Rank 0] (epoch: 170, iters: 968, time: 0.053, data: 0.003) , D_A: 0.078, G_A: 0.803, cycle_A: 0.112, idt_A: 0.149, D_B: 0.006, G_B: 0.865, cycle_B: 0.282, idt_B: 0.082

[Rank 0] (epoch: 170, iters: 1168, time: 0.030, data: 0.004) , D_A: 0.114, G_A: 0.417, cycle_A: 0.107, idt_A: 0.148, D_B: 0.004, G_B: 0.904, cycle_B: 0.263, idt_B: 0.079

[Rank 0] (epoch: 170, iters: 1368, time: 0.030, data: 0.003) , D_A: 0.066, G_A: 0.511, cycle_A: 0.109, idt_A: 0.181, D_B: 0.001, G_B: 0.947, cycle_B: 0.256, idt_B: 0.089

[Rank 0] (epoch: 170, iters: 1568, time: 0.030, data: 0.003) , D_A: 0.049, G_A: 0.612, cycle_A: 0.101, idt_A: 0.156, D_B: 0.002, G_B: 0.922, cycle_B: 0.291, idt_B: 0.083

[Rank 0] (epoch: 170, iters: 1768, time: 0.029, data: 0.004) , D_A: 0.046, G_A: 0.695, cycle_A: 0.108, idt_A: 0.203, D_B: 0.004, G_B: 0.911, cycle_B: 0.295, idt_B: 0.081

learning rate 0.0000800 -> 0.0000800
End of epoch 170 / 500 	 Time Taken: 52 sec
[Rank 0] (epoch: 171, iters: 40, time: 0.069, data: 0.004) , D_A: 0.062, G_A: 0.543, cycle_A: 0.087, idt_A: 0.139, D_B: 0.003, G_B: 0.937, cycle_B: 0.264, idt_B: 0.070

saving the latest model (epoch 171, total_iters 135000)
[Rank 0] (epoch: 171, iters: 240, time: 0.030, data: 0.003) , D_A: 0.036, G_A: 0.729, cycle_A: 0.100, idt_A: 0.140, D_B: 0.003, G_B: 0.912, cycle_B: 0.274, idt_B: 0.081

[Rank 0] (epoch: 171, iters: 440, time: 0.030, data: 0.003) , D_A: 0.024, G_A: 0.854, cycle_A: 0.127, idt_A: 0.152, D_B: 0.003, G_B: 0.963, cycle_B: 0.262, idt_B: 0.100

[Rank 0] (epoch: 171, iters: 640, time: 0.030, data: 0.004) , D_A: 0.130, G_A: 0.766, cycle_A: 0.105, idt_A: 0.139, D_B: 0.001, G_B: 0.972, cycle_B: 0.248, idt_B: 0.080

[Rank 0] (epoch: 171, iters: 840, time: 0.030, data: 0.006) , D_A: 0.067, G_A: 0.683, cycle_A: 0.101, idt_A: 0.183, D_B: 0.003, G_B: 0.949, cycle_B: 0.275, idt_B: 0.078

[Rank 0] (epoch: 171, iters: 1040, time: 0.079, data: 0.003) , D_A: 0.044, G_A: 0.701, cycle_A: 0.070, idt_A: 0.149, D_B: 0.001, G_B: 0.959, cycle_B: 0.231, idt_B: 0.055

[Rank 0] (epoch: 171, iters: 1240, time: 0.030, data: 0.004) , D_A: 0.184, G_A: 1.000, cycle_A: 0.101, idt_A: 0.148, D_B: 0.003, G_B: 0.985, cycle_B: 0.255, idt_B: 0.085

[Rank 0] (epoch: 171, iters: 1440, time: 0.030, data: 0.004) , D_A: 0.037, G_A: 0.850, cycle_A: 0.115, idt_A: 0.156, D_B: 0.003, G_B: 1.005, cycle_B: 0.317, idt_B: 0.079

[Rank 0] (epoch: 171, iters: 1640, time: 0.029, data: 0.004) , D_A: 0.084, G_A: 0.519, cycle_A: 0.101, idt_A: 0.127, D_B: 0.002, G_B: 0.913, cycle_B: 0.239, idt_B: 0.088

[Rank 0] (epoch: 171, iters: 1840, time: 0.030, data: 0.003) , D_A: 0.111, G_A: 0.311, cycle_A: 0.095, idt_A: 0.145, D_B: 0.002, G_B: 0.927, cycle_B: 0.295, idt_B: 0.075

learning rate 0.0000800 -> 0.0000800
End of epoch 171 / 500 	 Time Taken: 52 sec
[Rank 0] (epoch: 172, iters: 112, time: 0.069, data: 0.002) , D_A: 0.071, G_A: 0.649, cycle_A: 0.075, idt_A: 0.152, D_B: 0.003, G_B: 0.954, cycle_B: 0.290, idt_B: 0.055

[Rank 0] (epoch: 172, iters: 312, time: 0.030, data: 0.003) , D_A: 0.099, G_A: 0.730, cycle_A: 0.100, idt_A: 0.146, D_B: 0.003, G_B: 0.883, cycle_B: 0.261, idt_B: 0.079

[Rank 0] (epoch: 172, iters: 512, time: 0.029, data: 0.004) , D_A: 0.131, G_A: 0.559, cycle_A: 0.124, idt_A: 0.146, D_B: 0.004, G_B: 1.153, cycle_B: 0.266, idt_B: 0.105

[Rank 0] (epoch: 172, iters: 712, time: 0.030, data: 0.004) , D_A: 0.038, G_A: 0.685, cycle_A: 0.096, idt_A: 0.146, D_B: 0.002, G_B: 0.946, cycle_B: 0.246, idt_B: 0.076

[Rank 0] (epoch: 172, iters: 912, time: 0.030, data: 0.004) , D_A: 0.052, G_A: 0.574, cycle_A: 0.104, idt_A: 0.150, D_B: 0.002, G_B: 0.935, cycle_B: 0.262, idt_B: 0.092

[Rank 0] (epoch: 172, iters: 1112, time: 0.076, data: 0.005) , D_A: 0.082, G_A: 0.528, cycle_A: 0.093, idt_A: 0.153, D_B: 0.002, G_B: 0.949, cycle_B: 0.263, idt_B: 0.076

[Rank 0] (epoch: 172, iters: 1312, time: 0.030, data: 0.004) , D_A: 0.047, G_A: 0.571, cycle_A: 0.092, idt_A: 0.126, D_B: 0.003, G_B: 0.991, cycle_B: 0.216, idt_B: 0.068

[Rank 0] (epoch: 172, iters: 1512, time: 0.030, data: 0.003) , D_A: 0.069, G_A: 0.636, cycle_A: 0.087, idt_A: 0.154, D_B: 0.002, G_B: 1.005, cycle_B: 0.262, idt_B: 0.067

[Rank 0] (epoch: 172, iters: 1712, time: 0.029, data: 0.004) , D_A: 0.045, G_A: 0.541, cycle_A: 0.119, idt_A: 0.140, D_B: 0.002, G_B: 0.977, cycle_B: 0.243, idt_B: 0.081

[Rank 0] (epoch: 172, iters: 1912, time: 0.030, data: 0.003) , D_A: 0.095, G_A: 0.746, cycle_A: 0.111, idt_A: 0.140, D_B: 0.005, G_B: 0.882, cycle_B: 0.266, idt_B: 0.080

learning rate 0.0000800 -> 0.0000800
End of epoch 172 / 500 	 Time Taken: 51 sec
[Rank 0] (epoch: 173, iters: 184, time: 0.054, data: 0.003) , D_A: 0.085, G_A: 0.702, cycle_A: 0.101, idt_A: 0.150, D_B: 0.003, G_B: 0.878, cycle_B: 0.273, idt_B: 0.080

[Rank 0] (epoch: 173, iters: 384, time: 0.030, data: 0.002) , D_A: 0.172, G_A: 0.770, cycle_A: 0.103, idt_A: 0.127, D_B: 0.024, G_B: 1.012, cycle_B: 0.223, idt_B: 0.077

[Rank 0] (epoch: 173, iters: 584, time: 0.029, data: 0.004) , D_A: 0.054, G_A: 0.738, cycle_A: 0.107, idt_A: 0.142, D_B: 0.002, G_B: 0.988, cycle_B: 0.252, idt_B: 0.084

[Rank 0] (epoch: 173, iters: 784, time: 0.026, data: 0.041) , D_A: 0.125, G_A: 0.756, cycle_A: 0.120, idt_A: 0.137, D_B: 0.002, G_B: 1.006, cycle_B: 0.257, idt_B: 0.087

[Rank 0] (epoch: 173, iters: 984, time: 0.030, data: 0.002) , D_A: 0.112, G_A: 0.432, cycle_A: 0.086, idt_A: 0.143, D_B: 0.002, G_B: 0.911, cycle_B: 0.243, idt_B: 0.072

[Rank 0] (epoch: 173, iters: 1184, time: 0.070, data: 0.002) , D_A: 0.078, G_A: 0.568, cycle_A: 0.096, idt_A: 0.125, D_B: 0.002, G_B: 0.992, cycle_B: 0.223, idt_B: 0.076

saving the latest model (epoch 173, total_iters 140000)
[Rank 0] (epoch: 173, iters: 1384, time: 0.030, data: 0.004) , D_A: 0.060, G_A: 0.639, cycle_A: 0.109, idt_A: 0.162, D_B: 0.002, G_B: 0.902, cycle_B: 0.286, idt_B: 0.087

[Rank 0] (epoch: 173, iters: 1584, time: 0.030, data: 0.004) , D_A: 0.070, G_A: 0.508, cycle_A: 0.080, idt_A: 0.145, D_B: 0.002, G_B: 1.010, cycle_B: 0.254, idt_B: 0.062

[Rank 0] (epoch: 173, iters: 1784, time: 0.030, data: 0.003) , D_A: 0.148, G_A: 0.732, cycle_A: 0.091, idt_A: 0.166, D_B: 0.005, G_B: 1.157, cycle_B: 0.295, idt_B: 0.069

learning rate 0.0000800 -> 0.0000800
End of epoch 173 / 500 	 Time Taken: 53 sec
[Rank 0] (epoch: 174, iters: 56, time: 0.070, data: 0.004) , D_A: 0.104, G_A: 1.066, cycle_A: 0.104, idt_A: 0.171, D_B: 0.003, G_B: 0.971, cycle_B: 0.277, idt_B: 0.070

[Rank 0] (epoch: 174, iters: 256, time: 0.065, data: 0.003) , D_A: 0.100, G_A: 0.617, cycle_A: 0.091, idt_A: 0.167, D_B: 0.009, G_B: 0.875, cycle_B: 0.250, idt_B: 0.071

[Rank 0] (epoch: 174, iters: 456, time: 0.030, data: 0.007) , D_A: 0.115, G_A: 0.671, cycle_A: 0.072, idt_A: 0.156, D_B: 0.012, G_B: 1.079, cycle_B: 0.274, idt_B: 0.062

[Rank 0] (epoch: 174, iters: 656, time: 0.030, data: 0.005) , D_A: 0.057, G_A: 0.833, cycle_A: 0.086, idt_A: 0.147, D_B: 0.002, G_B: 1.035, cycle_B: 0.268, idt_B: 0.066

[Rank 0] (epoch: 174, iters: 856, time: 0.030, data: 0.006) , D_A: 0.056, G_A: 0.455, cycle_A: 0.091, idt_A: 0.146, D_B: 0.002, G_B: 0.945, cycle_B: 0.245, idt_B: 0.068

[Rank 0] (epoch: 174, iters: 1056, time: 0.030, data: 0.004) , D_A: 0.081, G_A: 0.634, cycle_A: 0.063, idt_A: 0.126, D_B: 0.001, G_B: 0.941, cycle_B: 0.211, idt_B: 0.046

[Rank 0] (epoch: 174, iters: 1256, time: 0.073, data: 0.003) , D_A: 0.117, G_A: 0.372, cycle_A: 0.099, idt_A: 0.143, D_B: 0.002, G_B: 0.950, cycle_B: 0.243, idt_B: 0.072

[Rank 0] (epoch: 174, iters: 1456, time: 0.030, data: 0.003) , D_A: 0.070, G_A: 0.531, cycle_A: 0.100, idt_A: 0.137, D_B: 0.001, G_B: 0.971, cycle_B: 0.258, idt_B: 0.079

[Rank 0] (epoch: 174, iters: 1656, time: 0.030, data: 0.005) , D_A: 0.051, G_A: 0.563, cycle_A: 0.111, idt_A: 0.137, D_B: 0.004, G_B: 0.923, cycle_B: 0.240, idt_B: 0.087

[Rank 0] (epoch: 174, iters: 1856, time: 0.030, data: 0.003) , D_A: 0.038, G_A: 0.788, cycle_A: 0.087, idt_A: 0.158, D_B: 0.007, G_B: 1.106, cycle_B: 0.243, idt_B: 0.069

learning rate 0.0000800 -> 0.0000800
End of epoch 174 / 500 	 Time Taken: 52 sec
[Rank 0] (epoch: 175, iters: 128, time: 0.054, data: 0.004) , D_A: 0.064, G_A: 0.531, cycle_A: 0.123, idt_A: 0.153, D_B: 0.003, G_B: 1.070, cycle_B: 0.250, idt_B: 0.087

[Rank 0] (epoch: 175, iters: 328, time: 0.069, data: 0.004) , D_A: 0.044, G_A: 0.809, cycle_A: 0.098, idt_A: 0.159, D_B: 0.002, G_B: 0.933, cycle_B: 0.270, idt_B: 0.071

[Rank 0] (epoch: 175, iters: 528, time: 0.030, data: 0.003) , D_A: 0.061, G_A: 0.498, cycle_A: 0.092, idt_A: 0.155, D_B: 0.003, G_B: 0.975, cycle_B: 0.286, idt_B: 0.071

[Rank 0] (epoch: 175, iters: 728, time: 0.029, data: 0.003) , D_A: 0.066, G_A: 0.443, cycle_A: 0.114, idt_A: 0.139, D_B: 0.002, G_B: 0.984, cycle_B: 0.260, idt_B: 0.095

[Rank 0] (epoch: 175, iters: 928, time: 0.030, data: 0.003) , D_A: 0.074, G_A: 0.758, cycle_A: 0.103, idt_A: 0.176, D_B: 0.001, G_B: 1.020, cycle_B: 0.274, idt_B: 0.081

[Rank 0] (epoch: 175, iters: 1128, time: 0.026, data: 0.004) , D_A: 0.073, G_A: 0.471, cycle_A: 0.082, idt_A: 0.181, D_B: 0.001, G_B: 0.952, cycle_B: 0.272, idt_B: 0.065

[Rank 0] (epoch: 175, iters: 1328, time: 0.074, data: 0.002) , D_A: 0.079, G_A: 0.649, cycle_A: 0.088, idt_A: 0.129, D_B: 0.002, G_B: 0.998, cycle_B: 0.230, idt_B: 0.071

[Rank 0] (epoch: 175, iters: 1528, time: 0.030, data: 0.002) , D_A: 0.077, G_A: 0.350, cycle_A: 0.094, idt_A: 0.134, D_B: 0.001, G_B: 0.985, cycle_B: 0.254, idt_B: 0.071

[Rank 0] (epoch: 175, iters: 1728, time: 0.030, data: 0.003) , D_A: 0.156, G_A: 0.658, cycle_A: 0.089, idt_A: 0.143, D_B: 0.002, G_B: 0.948, cycle_B: 0.260, idt_B: 0.069

[Rank 0] (epoch: 175, iters: 1928, time: 0.024, data: 0.073) , D_A: 0.068, G_A: 0.505, cycle_A: 0.097, idt_A: 0.142, D_B: 0.001, G_B: 0.952, cycle_B: 0.261, idt_B: 0.077

learning rate 0.0000800 -> 0.0000800
End of epoch 175 / 500 	 Time Taken: 53 sec
[Rank 0] (epoch: 176, iters: 200, time: 0.054, data: 1.086) , D_A: 0.056, G_A: 0.758, cycle_A: 0.080, idt_A: 0.159, D_B: 0.003, G_B: 0.960, cycle_B: 0.237, idt_B: 0.067

[Rank 0] (epoch: 176, iters: 400, time: 0.069, data: 0.001) , D_A: 0.147, G_A: 0.574, cycle_A: 0.117, idt_A: 0.120, D_B: 0.001, G_B: 0.932, cycle_B: 0.204, idt_B: 0.094

saving the latest model (epoch 176, total_iters 145000)
[Rank 0] (epoch: 176, iters: 600, time: 0.030, data: 0.004) , D_A: 0.112, G_A: 1.167, cycle_A: 0.091, idt_A: 0.151, D_B: 0.001, G_B: 0.957, cycle_B: 0.245, idt_B: 0.072

[Rank 0] (epoch: 176, iters: 800, time: 0.030, data: 0.003) , D_A: 0.095, G_A: 0.843, cycle_A: 0.089, idt_A: 0.138, D_B: 0.005, G_B: 0.977, cycle_B: 0.234, idt_B: 0.074

[Rank 0] (epoch: 176, iters: 1000, time: 0.030, data: 0.003) , D_A: 0.149, G_A: 0.981, cycle_A: 0.100, idt_A: 0.162, D_B: 0.003, G_B: 0.979, cycle_B: 0.269, idt_B: 0.068

[Rank 0] (epoch: 176, iters: 1200, time: 0.030, data: 0.003) , D_A: 0.053, G_A: 0.535, cycle_A: 0.097, idt_A: 0.143, D_B: 0.001, G_B: 0.986, cycle_B: 0.250, idt_B: 0.073

[Rank 0] (epoch: 176, iters: 1400, time: 0.053, data: 0.003) , D_A: 0.052, G_A: 0.686, cycle_A: 0.085, idt_A: 0.145, D_B: 0.002, G_B: 0.941, cycle_B: 0.256, idt_B: 0.069

[Rank 0] (epoch: 176, iters: 1600, time: 0.029, data: 0.005) , D_A: 0.067, G_A: 0.969, cycle_A: 0.093, idt_A: 0.138, D_B: 0.001, G_B: 1.060, cycle_B: 0.235, idt_B: 0.077

[Rank 0] (epoch: 176, iters: 1800, time: 0.029, data: 0.003) , D_A: 0.031, G_A: 0.860, cycle_A: 0.104, idt_A: 0.153, D_B: 0.001, G_B: 0.975, cycle_B: 0.259, idt_B: 0.085

learning rate 0.0000800 -> 0.0000800
End of epoch 176 / 500 	 Time Taken: 52 sec
[Rank 0] (epoch: 177, iters: 72, time: 0.065, data: 0.002) , D_A: 0.053, G_A: 0.596, cycle_A: 0.105, idt_A: 0.155, D_B: 0.006, G_B: 0.988, cycle_B: 0.247, idt_B: 0.083

[Rank 0] (epoch: 177, iters: 272, time: 0.030, data: 0.001) , D_A: 0.047, G_A: 0.675, cycle_A: 0.087, idt_A: 0.160, D_B: 0.002, G_B: 1.015, cycle_B: 0.236, idt_B: 0.067

[Rank 0] (epoch: 177, iters: 472, time: 0.077, data: 0.002) , D_A: 0.054, G_A: 0.566, cycle_A: 0.087, idt_A: 0.137, D_B: 0.002, G_B: 0.924, cycle_B: 0.239, idt_B: 0.067

[Rank 0] (epoch: 177, iters: 672, time: 0.030, data: 0.004) , D_A: 0.072, G_A: 0.690, cycle_A: 0.084, idt_A: 0.137, D_B: 0.003, G_B: 1.052, cycle_B: 0.234, idt_B: 0.063

[Rank 0] (epoch: 177, iters: 872, time: 0.030, data: 0.002) , D_A: 0.049, G_A: 0.688, cycle_A: 0.120, idt_A: 0.146, D_B: 0.020, G_B: 1.027, cycle_B: 0.269, idt_B: 0.089

[Rank 0] (epoch: 177, iters: 1072, time: 0.030, data: 0.004) , D_A: 0.066, G_A: 0.862, cycle_A: 0.104, idt_A: 0.170, D_B: 0.012, G_B: 0.973, cycle_B: 0.289, idt_B: 0.081

[Rank 0] (epoch: 177, iters: 1272, time: 0.030, data: 0.003) , D_A: 0.087, G_A: 0.393, cycle_A: 0.088, idt_A: 0.170, D_B: 0.002, G_B: 1.025, cycle_B: 0.290, idt_B: 0.069

[Rank 0] (epoch: 177, iters: 1472, time: 0.056, data: 0.005) , D_A: 0.100, G_A: 0.424, cycle_A: 0.097, idt_A: 0.141, D_B: 0.005, G_B: 0.885, cycle_B: 0.257, idt_B: 0.073

[Rank 0] (epoch: 177, iters: 1672, time: 0.030, data: 0.003) , D_A: 0.066, G_A: 0.666, cycle_A: 0.085, idt_A: 0.139, D_B: 0.004, G_B: 0.904, cycle_B: 0.236, idt_B: 0.068

[Rank 0] (epoch: 177, iters: 1872, time: 0.030, data: 0.004) , D_A: 0.071, G_A: 0.743, cycle_A: 0.093, idt_A: 0.158, D_B: 0.002, G_B: 0.968, cycle_B: 0.277, idt_B: 0.070

learning rate 0.0000800 -> 0.0000800
End of epoch 177 / 500 	 Time Taken: 52 sec
[Rank 0] (epoch: 178, iters: 144, time: 0.074, data: 0.003) , D_A: 0.090, G_A: 0.573, cycle_A: 0.072, idt_A: 0.145, D_B: 0.002, G_B: 0.998, cycle_B: 0.216, idt_B: 0.061

[Rank 0] (epoch: 178, iters: 344, time: 0.029, data: 0.005) , D_A: 0.056, G_A: 0.359, cycle_A: 0.081, idt_A: 0.135, D_B: 0.002, G_B: 0.901, cycle_B: 0.233, idt_B: 0.061

[Rank 0] (epoch: 178, iters: 544, time: 0.064, data: 0.004) , D_A: 0.063, G_A: 0.606, cycle_A: 0.102, idt_A: 0.141, D_B: 0.001, G_B: 0.969, cycle_B: 0.238, idt_B: 0.079

[Rank 0] (epoch: 178, iters: 744, time: 0.030, data: 0.002) , D_A: 0.074, G_A: 0.424, cycle_A: 0.098, idt_A: 0.140, D_B: 0.002, G_B: 0.962, cycle_B: 0.236, idt_B: 0.089

[Rank 0] (epoch: 178, iters: 944, time: 0.029, data: 0.003) , D_A: 0.136, G_A: 0.815, cycle_A: 0.113, idt_A: 0.130, D_B: 0.001, G_B: 0.998, cycle_B: 0.225, idt_B: 0.092

[Rank 0] (epoch: 178, iters: 1144, time: 0.030, data: 0.003) , D_A: 0.092, G_A: 0.403, cycle_A: 0.088, idt_A: 0.118, D_B: 0.002, G_B: 0.946, cycle_B: 0.205, idt_B: 0.069

[Rank 0] (epoch: 178, iters: 1344, time: 0.030, data: 0.003) , D_A: 0.150, G_A: 0.801, cycle_A: 0.116, idt_A: 0.151, D_B: 0.002, G_B: 1.046, cycle_B: 0.253, idt_B: 0.092

[Rank 0] (epoch: 178, iters: 1544, time: 0.066, data: 0.003) , D_A: 0.069, G_A: 0.392, cycle_A: 0.069, idt_A: 0.136, D_B: 0.002, G_B: 0.958, cycle_B: 0.223, idt_B: 0.054

saving the latest model (epoch 178, total_iters 150000)
[Rank 0] (epoch: 178, iters: 1744, time: 0.030, data: 0.003) , D_A: 0.090, G_A: 0.800, cycle_A: 0.106, idt_A: 0.151, D_B: 0.002, G_B: 0.939, cycle_B: 0.235, idt_B: 0.079

learning rate 0.0000800 -> 0.0000800
End of epoch 178 / 500 	 Time Taken: 52 sec
[Rank 0] (epoch: 179, iters: 16, time: 0.085, data: 0.003) , D_A: 0.052, G_A: 0.572, cycle_A: 0.087, idt_A: 0.147, D_B: 0.002, G_B: 0.945, cycle_B: 0.246, idt_B: 0.075

[Rank 0] (epoch: 179, iters: 216, time: 0.030, data: 0.002) , D_A: 0.063, G_A: 0.548, cycle_A: 0.097, idt_A: 0.141, D_B: 0.002, G_B: 1.062, cycle_B: 0.243, idt_B: 0.080

[Rank 0] (epoch: 179, iters: 416, time: 0.030, data: 0.004) , D_A: 0.124, G_A: 0.387, cycle_A: 0.104, idt_A: 0.148, D_B: 0.002, G_B: 0.949, cycle_B: 0.242, idt_B: 0.077

[Rank 0] (epoch: 179, iters: 616, time: 0.052, data: 0.003) , D_A: 0.040, G_A: 0.518, cycle_A: 0.103, idt_A: 0.151, D_B: 0.002, G_B: 0.957, cycle_B: 0.247, idt_B: 0.083

[Rank 0] (epoch: 179, iters: 816, time: 0.030, data: 0.002) , D_A: 0.051, G_A: 0.739, cycle_A: 0.079, idt_A: 0.155, D_B: 0.002, G_B: 0.973, cycle_B: 0.259, idt_B: 0.060

[Rank 0] (epoch: 179, iters: 1016, time: 0.030, data: 0.003) , D_A: 0.138, G_A: 0.864, cycle_A: 0.102, idt_A: 0.140, D_B: 0.001, G_B: 0.928, cycle_B: 0.232, idt_B: 0.080

[Rank 0] (epoch: 179, iters: 1216, time: 0.029, data: 0.004) , D_A: 0.067, G_A: 0.583, cycle_A: 0.122, idt_A: 0.144, D_B: 0.001, G_B: 0.944, cycle_B: 0.225, idt_B: 0.096

[Rank 0] (epoch: 179, iters: 1416, time: 0.030, data: 0.003) , D_A: 0.043, G_A: 0.695, cycle_A: 0.093, idt_A: 0.174, D_B: 0.002, G_B: 0.933, cycle_B: 0.279, idt_B: 0.070

[Rank 0] (epoch: 179, iters: 1616, time: 0.072, data: 0.004) , D_A: 0.076, G_A: 0.210, cycle_A: 0.087, idt_A: 0.161, D_B: 0.002, G_B: 1.065, cycle_B: 0.232, idt_B: 0.073

[Rank 0] (epoch: 179, iters: 1816, time: 0.029, data: 0.003) , D_A: 0.088, G_A: 0.581, cycle_A: 0.086, idt_A: 0.159, D_B: 0.001, G_B: 0.929, cycle_B: 0.258, idt_B: 0.064

learning rate 0.0000800 -> 0.0000800
End of epoch 179 / 500 	 Time Taken: 52 sec
[Rank 0] (epoch: 180, iters: 88, time: 0.082, data: 0.003) , D_A: 0.045, G_A: 0.721, cycle_A: 0.097, idt_A: 0.145, D_B: 0.001, G_B: 0.984, cycle_B: 0.239, idt_B: 0.080

[Rank 0] (epoch: 180, iters: 288, time: 0.030, data: 0.001) , D_A: 0.030, G_A: 0.949, cycle_A: 0.074, idt_A: 0.164, D_B: 0.001, G_B: 0.960, cycle_B: 0.257, idt_B: 0.052

[Rank 0] (epoch: 180, iters: 488, time: 0.030, data: 0.004) , D_A: 0.072, G_A: 0.610, cycle_A: 0.127, idt_A: 0.142, D_B: 0.001, G_B: 1.063, cycle_B: 0.300, idt_B: 0.107

[Rank 0] (epoch: 180, iters: 688, time: 0.062, data: 0.003) , D_A: 0.129, G_A: 0.306, cycle_A: 0.098, idt_A: 0.145, D_B: 0.007, G_B: 0.963, cycle_B: 0.236, idt_B: 0.074

[Rank 0] (epoch: 180, iters: 888, time: 0.030, data: 0.003) , D_A: 0.105, G_A: 0.775, cycle_A: 0.109, idt_A: 0.135, D_B: 0.002, G_B: 0.934, cycle_B: 0.235, idt_B: 0.088

[Rank 0] (epoch: 180, iters: 1088, time: 0.030, data: 0.002) , D_A: 0.047, G_A: 0.598, cycle_A: 0.084, idt_A: 0.144, D_B: 0.004, G_B: 0.954, cycle_B: 0.246, idt_B: 0.074

[Rank 0] (epoch: 180, iters: 1288, time: 0.029, data: 0.004) , D_A: 0.068, G_A: 0.367, cycle_A: 0.113, idt_A: 0.125, D_B: 0.001, G_B: 1.020, cycle_B: 0.214, idt_B: 0.082

[Rank 0] (epoch: 180, iters: 1488, time: 0.029, data: 0.005) , D_A: 0.041, G_A: 0.789, cycle_A: 0.094, idt_A: 0.148, D_B: 0.001, G_B: 1.017, cycle_B: 0.245, idt_B: 0.071

[Rank 0] (epoch: 180, iters: 1688, time: 0.082, data: 0.002) , D_A: 0.057, G_A: 0.818, cycle_A: 0.102, idt_A: 0.144, D_B: 0.004, G_B: 0.988, cycle_B: 0.193, idt_B: 0.079

[Rank 0] (epoch: 180, iters: 1888, time: 0.030, data: 0.003) , D_A: 0.103, G_A: 0.715, cycle_A: 0.102, idt_A: 0.158, D_B: 0.001, G_B: 0.977, cycle_B: 0.221, idt_B: 0.084

learning rate 0.0000800 -> 0.0000800
saving the model at the end of epoch 180, iters 154240
End of epoch 180 / 500 	 Time Taken: 52 sec
[Rank 0] (epoch: 181, iters: 160, time: 0.053, data: 0.003) , D_A: 0.082, G_A: 0.443, cycle_A: 0.119, idt_A: 0.124, D_B: 0.001, G_B: 0.981, cycle_B: 0.222, idt_B: 0.098

[Rank 0] (epoch: 181, iters: 360, time: 0.030, data: 0.004) , D_A: 0.080, G_A: 1.110, cycle_A: 0.313, idt_A: 0.191, D_B: 0.106, G_B: 0.353, cycle_B: 0.469, idt_B: 0.171

[Rank 0] (epoch: 181, iters: 560, time: 0.030, data: 0.003) , D_A: 0.047, G_A: 0.912, cycle_A: 0.134, idt_A: 0.188, D_B: 0.111, G_B: 0.460, cycle_B: 0.428, idt_B: 0.106

[Rank 0] (epoch: 181, iters: 760, time: 0.068, data: 0.002) , D_A: 0.126, G_A: 0.274, cycle_A: 0.116, idt_A: 0.172, D_B: 0.198, G_B: 0.873, cycle_B: 0.324, idt_B: 0.090

saving the latest model (epoch 181, total_iters 155000)
[Rank 0] (epoch: 181, iters: 960, time: 0.030, data: 0.001) , D_A: 0.107, G_A: 0.342, cycle_A: 0.118, idt_A: 0.177, D_B: 0.232, G_B: 0.506, cycle_B: 0.350, idt_B: 0.102

[Rank 0] (epoch: 181, iters: 1160, time: 0.030, data: 0.003) , D_A: 0.093, G_A: 0.320, cycle_A: 0.108, idt_A: 0.179, D_B: 0.136, G_B: 0.300, cycle_B: 0.316, idt_B: 0.090

[Rank 0] (epoch: 181, iters: 1360, time: 0.030, data: 0.002) , D_A: 0.093, G_A: 0.488, cycle_A: 0.105, idt_A: 0.145, D_B: 0.075, G_B: 1.063, cycle_B: 0.332, idt_B: 0.104

[Rank 0] (epoch: 181, iters: 1560, time: 0.030, data: 0.002) , D_A: 0.135, G_A: 0.308, cycle_A: 0.118, idt_A: 0.134, D_B: 0.101, G_B: 0.648, cycle_B: 0.277, idt_B: 0.116

[Rank 0] (epoch: 181, iters: 1760, time: 0.063, data: 0.066) , D_A: 0.057, G_A: 0.602, cycle_A: 0.128, idt_A: 0.164, D_B: 0.032, G_B: 0.682, cycle_B: 0.339, idt_B: 0.118

learning rate 0.0000800 -> 0.0000800
End of epoch 181 / 500 	 Time Taken: 52 sec
[Rank 0] (epoch: 182, iters: 32, time: 0.065, data: 0.003) , D_A: 0.077, G_A: 0.430, cycle_A: 0.121, idt_A: 0.142, D_B: 0.103, G_B: 0.332, cycle_B: 0.277, idt_B: 0.122

[Rank 0] (epoch: 182, iters: 232, time: 0.029, data: 0.005) , D_A: 0.059, G_A: 0.443, cycle_A: 0.095, idt_A: 0.157, D_B: 0.140, G_B: 0.359, cycle_B: 0.290, idt_B: 0.084

[Rank 0] (epoch: 182, iters: 432, time: 0.030, data: 0.003) , D_A: 0.052, G_A: 0.499, cycle_A: 0.104, idt_A: 0.144, D_B: 0.189, G_B: 0.914, cycle_B: 0.300, idt_B: 0.090

[Rank 0] (epoch: 182, iters: 632, time: 0.030, data: 0.005) , D_A: 0.079, G_A: 0.417, cycle_A: 0.121, idt_A: 0.151, D_B: 0.362, G_B: 0.494, cycle_B: 0.229, idt_B: 0.105

[Rank 0] (epoch: 182, iters: 832, time: 0.081, data: 0.003) , D_A: 0.070, G_A: 0.598, cycle_A: 0.115, idt_A: 0.133, D_B: 0.167, G_B: 0.348, cycle_B: 0.266, idt_B: 0.093

[Rank 0] (epoch: 182, iters: 1032, time: 0.030, data: 0.003) , D_A: 0.070, G_A: 0.603, cycle_A: 0.118, idt_A: 0.156, D_B: 0.132, G_B: 0.258, cycle_B: 0.300, idt_B: 0.101

[Rank 0] (epoch: 182, iters: 1232, time: 0.029, data: 0.004) , D_A: 0.039, G_A: 1.070, cycle_A: 0.092, idt_A: 0.127, D_B: 0.078, G_B: 0.285, cycle_B: 0.275, idt_B: 0.084

[Rank 0] (epoch: 182, iters: 1432, time: 0.030, data: 0.002) , D_A: 0.076, G_A: 0.437, cycle_A: 0.114, idt_A: 0.146, D_B: 0.016, G_B: 0.910, cycle_B: 0.281, idt_B: 0.110

[Rank 0] (epoch: 182, iters: 1632, time: 0.030, data: 0.003) , D_A: 0.125, G_A: 0.378, cycle_A: 0.087, idt_A: 0.127, D_B: 0.023, G_B: 0.754, cycle_B: 0.282, idt_B: 0.076

[Rank 0] (epoch: 182, iters: 1832, time: 0.067, data: 0.004) , D_A: 0.118, G_A: 0.351, cycle_A: 0.098, idt_A: 0.139, D_B: 0.035, G_B: 1.055, cycle_B: 0.335, idt_B: 0.084

learning rate 0.0000800 -> 0.0000800
End of epoch 182 / 500 	 Time Taken: 52 sec
[Rank 0] (epoch: 183, iters: 104, time: 0.056, data: 0.005) , D_A: 0.059, G_A: 0.492, cycle_A: 0.059, idt_A: 0.143, D_B: 0.022, G_B: 0.689, cycle_B: 0.273, idt_B: 0.043

[Rank 0] (epoch: 183, iters: 304, time: 0.030, data: 0.003) , D_A: 0.127, G_A: 0.808, cycle_A: 0.082, idt_A: 0.169, D_B: 0.016, G_B: 0.914, cycle_B: 0.295, idt_B: 0.061

[Rank 0] (epoch: 183, iters: 504, time: 0.030, data: 0.003) , D_A: 0.053, G_A: 0.789, cycle_A: 0.087, idt_A: 0.160, D_B: 0.060, G_B: 0.487, cycle_B: 0.271, idt_B: 0.065

[Rank 0] (epoch: 183, iters: 704, time: 0.029, data: 0.003) , D_A: 0.100, G_A: 0.555, cycle_A: 0.144, idt_A: 0.117, D_B: 0.011, G_B: 0.958, cycle_B: 0.235, idt_B: 0.129

[Rank 0] (epoch: 183, iters: 904, time: 0.073, data: 0.003) , D_A: 0.064, G_A: 0.654, cycle_A: 0.088, idt_A: 0.153, D_B: 0.054, G_B: 0.665, cycle_B: 0.290, idt_B: 0.067

[Rank 0] (epoch: 183, iters: 1104, time: 0.030, data: 0.002) , D_A: 0.073, G_A: 0.324, cycle_A: 0.099, idt_A: 0.134, D_B: 0.109, G_B: 0.257, cycle_B: 0.255, idt_B: 0.079

[Rank 0] (epoch: 183, iters: 1304, time: 0.030, data: 0.003) , D_A: 0.050, G_A: 0.574, cycle_A: 0.105, idt_A: 0.151, D_B: 0.089, G_B: 0.459, cycle_B: 0.284, idt_B: 0.086

[Rank 0] (epoch: 183, iters: 1504, time: 0.029, data: 0.002) , D_A: 0.041, G_A: 0.498, cycle_A: 0.093, idt_A: 0.165, D_B: 0.132, G_B: 0.203, cycle_B: 0.277, idt_B: 0.075

[Rank 0] (epoch: 183, iters: 1704, time: 0.029, data: 0.002) , D_A: 0.063, G_A: 0.624, cycle_A: 0.099, idt_A: 0.150, D_B: 0.150, G_B: 0.574, cycle_B: 0.290, idt_B: 0.079

[Rank 0] (epoch: 183, iters: 1904, time: 0.055, data: 0.003) , D_A: 0.039, G_A: 0.613, cycle_A: 0.128, idt_A: 0.157, D_B: 0.151, G_B: 0.866, cycle_B: 0.285, idt_B: 0.110

saving the latest model (epoch 183, total_iters 160000)
learning rate 0.0000800 -> 0.0000800
End of epoch 183 / 500 	 Time Taken: 52 sec
[Rank 0] (epoch: 184, iters: 176, time: 0.070, data: 0.003) , D_A: 0.065, G_A: 0.665, cycle_A: 0.079, idt_A: 0.158, D_B: 0.098, G_B: 0.347, cycle_B: 0.279, idt_B: 0.062

[Rank 0] (epoch: 184, iters: 376, time: 0.030, data: 0.003) , D_A: 0.062, G_A: 0.617, cycle_A: 0.109, idt_A: 0.136, D_B: 0.050, G_B: 0.912, cycle_B: 0.256, idt_B: 0.082

[Rank 0] (epoch: 184, iters: 576, time: 0.030, data: 0.003) , D_A: 0.075, G_A: 0.505, cycle_A: 0.110, idt_A: 0.129, D_B: 0.005, G_B: 0.959, cycle_B: 0.237, idt_B: 0.096

[Rank 0] (epoch: 184, iters: 776, time: 0.030, data: 0.007) , D_A: 0.053, G_A: 0.503, cycle_A: 0.104, idt_A: 0.143, D_B: 0.006, G_B: 0.893, cycle_B: 0.243, idt_B: 0.083

[Rank 0] (epoch: 184, iters: 976, time: 0.064, data: 0.002) , D_A: 0.062, G_A: 0.736, cycle_A: 0.076, idt_A: 0.152, D_B: 0.003, G_B: 0.997, cycle_B: 0.244, idt_B: 0.061

[Rank 0] (epoch: 184, iters: 1176, time: 0.030, data: 0.007) , D_A: 0.063, G_A: 0.558, cycle_A: 0.062, idt_A: 0.146, D_B: 0.005, G_B: 0.993, cycle_B: 0.251, idt_B: 0.049

[Rank 0] (epoch: 184, iters: 1376, time: 0.029, data: 0.002) , D_A: 0.033, G_A: 0.757, cycle_A: 0.077, idt_A: 0.120, D_B: 0.005, G_B: 0.855, cycle_B: 0.233, idt_B: 0.063

[Rank 0] (epoch: 184, iters: 1576, time: 0.030, data: 0.008) , D_A: 0.052, G_A: 0.742, cycle_A: 0.102, idt_A: 0.147, D_B: 0.004, G_B: 0.910, cycle_B: 0.263, idt_B: 0.078

[Rank 0] (epoch: 184, iters: 1776, time: 0.030, data: 0.004) , D_A: 0.120, G_A: 0.357, cycle_A: 0.106, idt_A: 0.132, D_B: 0.007, G_B: 0.902, cycle_B: 0.236, idt_B: 0.082

learning rate 0.0000800 -> 0.0000800
End of epoch 184 / 500 	 Time Taken: 52 sec
[Rank 0] (epoch: 185, iters: 48, time: 0.055, data: 0.003) , D_A: 0.068, G_A: 0.545, cycle_A: 0.106, idt_A: 0.176, D_B: 0.003, G_B: 0.907, cycle_B: 0.295, idt_B: 0.086

[Rank 0] (epoch: 185, iters: 248, time: 0.030, data: 0.003) , D_A: 0.118, G_A: 0.758, cycle_A: 0.072, idt_A: 0.159, D_B: 0.003, G_B: 0.901, cycle_B: 0.265, idt_B: 0.059

[Rank 0] (epoch: 185, iters: 448, time: 0.030, data: 0.003) , D_A: 0.086, G_A: 0.503, cycle_A: 0.115, idt_A: 0.125, D_B: 0.004, G_B: 0.894, cycle_B: 0.257, idt_B: 0.096

[Rank 0] (epoch: 185, iters: 648, time: 0.030, data: 0.002) , D_A: 0.063, G_A: 0.481, cycle_A: 0.116, idt_A: 0.140, D_B: 0.005, G_B: 0.876, cycle_B: 0.289, idt_B: 0.091

[Rank 0] (epoch: 185, iters: 848, time: 0.026, data: 0.038) , D_A: 0.073, G_A: 0.596, cycle_A: 0.121, idt_A: 0.154, D_B: 0.003, G_B: 0.983, cycle_B: 0.287, idt_B: 0.096

[Rank 0] (epoch: 185, iters: 1048, time: 0.069, data: 0.002) , D_A: 0.088, G_A: 0.375, cycle_A: 0.076, idt_A: 0.137, D_B: 0.003, G_B: 0.932, cycle_B: 0.232, idt_B: 0.059

[Rank 0] (epoch: 185, iters: 1248, time: 0.030, data: 0.003) , D_A: 0.087, G_A: 0.774, cycle_A: 0.081, idt_A: 0.170, D_B: 0.002, G_B: 0.932, cycle_B: 0.294, idt_B: 0.065

[Rank 0] (epoch: 185, iters: 1448, time: 0.030, data: 0.002) , D_A: 0.070, G_A: 0.591, cycle_A: 0.100, idt_A: 0.142, D_B: 0.004, G_B: 1.036, cycle_B: 0.268, idt_B: 0.077

[Rank 0] (epoch: 185, iters: 1648, time: 0.029, data: 0.004) , D_A: 0.081, G_A: 0.604, cycle_A: 0.095, idt_A: 0.137, D_B: 0.005, G_B: 1.033, cycle_B: 0.276, idt_B: 0.075

[Rank 0] (epoch: 185, iters: 1848, time: 0.030, data: 0.003) , D_A: 0.053, G_A: 0.476, cycle_A: 0.085, idt_A: 0.136, D_B: 0.009, G_B: 1.287, cycle_B: 0.263, idt_B: 0.070

learning rate 0.0000800 -> 0.0000800
End of epoch 185 / 500 	 Time Taken: 52 sec
[Rank 0] (epoch: 186, iters: 120, time: 0.076, data: 0.004) , D_A: 0.122, G_A: 0.589, cycle_A: 0.073, idt_A: 0.145, D_B: 0.003, G_B: 0.915, cycle_B: 0.254, idt_B: 0.056

[Rank 0] (epoch: 186, iters: 320, time: 0.030, data: 0.001) , D_A: 0.049, G_A: 0.647, cycle_A: 0.085, idt_A: 0.155, D_B: 0.003, G_B: 0.878, cycle_B: 0.274, idt_B: 0.061

[Rank 0] (epoch: 186, iters: 520, time: 0.030, data: 0.003) , D_A: 0.107, G_A: 0.850, cycle_A: 0.096, idt_A: 0.132, D_B: 0.008, G_B: 1.333, cycle_B: 0.255, idt_B: 0.076

[Rank 0] (epoch: 186, iters: 720, time: 0.030, data: 0.002) , D_A: 0.065, G_A: 0.392, cycle_A: 0.094, idt_A: 0.140, D_B: 0.002, G_B: 0.979, cycle_B: 0.250, idt_B: 0.079

[Rank 0] (epoch: 186, iters: 920, time: 0.030, data: 0.002) , D_A: 0.054, G_A: 0.831, cycle_A: 0.111, idt_A: 0.130, D_B: 0.003, G_B: 0.969, cycle_B: 0.256, idt_B: 0.089

[Rank 0] (epoch: 186, iters: 1120, time: 0.053, data: 0.003) , D_A: 0.079, G_A: 0.553, cycle_A: 0.108, idt_A: 0.173, D_B: 0.002, G_B: 0.997, cycle_B: 0.257, idt_B: 0.087

saving the latest model (epoch 186, total_iters 165000)
[Rank 0] (epoch: 186, iters: 1320, time: 0.026, data: 0.003) , D_A: 0.058, G_A: 0.489, cycle_A: 0.099, idt_A: 0.158, D_B: 0.004, G_B: 0.925, cycle_B: 0.270, idt_B: 0.078

[Rank 0] (epoch: 186, iters: 1520, time: 0.026, data: 0.003) , D_A: 0.046, G_A: 0.618, cycle_A: 0.093, idt_A: 0.165, D_B: 0.003, G_B: 0.875, cycle_B: 0.279, idt_B: 0.067

[Rank 0] (epoch: 186, iters: 1720, time: 0.030, data: 0.002) , D_A: 0.052, G_A: 0.457, cycle_A: 0.106, idt_A: 0.129, D_B: 0.008, G_B: 1.133, cycle_B: 0.240, idt_B: 0.086

[Rank 0] (epoch: 186, iters: 1920, time: 0.030, data: 0.003) , D_A: 0.055, G_A: 0.642, cycle_A: 0.115, idt_A: 0.132, D_B: 0.003, G_B: 0.923, cycle_B: 0.260, idt_B: 0.088

learning rate 0.0000800 -> 0.0000800
End of epoch 186 / 500 	 Time Taken: 51 sec
[Rank 0] (epoch: 187, iters: 192, time: 0.078, data: 0.003) , D_A: 0.049, G_A: 0.658, cycle_A: 0.095, idt_A: 0.161, D_B: 0.004, G_B: 0.994, cycle_B: 0.283, idt_B: 0.071

[Rank 0] (epoch: 187, iters: 392, time: 0.030, data: 0.002) , D_A: 0.096, G_A: 0.569, cycle_A: 0.093, idt_A: 0.139, D_B: 0.003, G_B: 0.981, cycle_B: 0.244, idt_B: 0.077

[Rank 0] (epoch: 187, iters: 592, time: 0.030, data: 0.004) , D_A: 0.066, G_A: 0.719, cycle_A: 0.097, idt_A: 0.166, D_B: 0.003, G_B: 0.951, cycle_B: 0.301, idt_B: 0.074

[Rank 0] (epoch: 187, iters: 792, time: 0.029, data: 0.003) , D_A: 0.059, G_A: 0.602, cycle_A: 0.067, idt_A: 0.148, D_B: 0.003, G_B: 0.984, cycle_B: 0.248, idt_B: 0.056

[Rank 0] (epoch: 187, iters: 992, time: 0.030, data: 0.004) , D_A: 0.068, G_A: 0.487, cycle_A: 0.088, idt_A: 0.133, D_B: 0.002, G_B: 1.025, cycle_B: 0.230, idt_B: 0.065

[Rank 0] (epoch: 187, iters: 1192, time: 0.077, data: 0.003) , D_A: 0.081, G_A: 0.676, cycle_A: 0.089, idt_A: 0.135, D_B: 0.002, G_B: 0.943, cycle_B: 0.242, idt_B: 0.073

[Rank 0] (epoch: 187, iters: 1392, time: 0.030, data: 0.003) , D_A: 0.087, G_A: 0.378, cycle_A: 0.105, idt_A: 0.135, D_B: 0.003, G_B: 0.839, cycle_B: 0.239, idt_B: 0.082

[Rank 0] (epoch: 187, iters: 1592, time: 0.030, data: 0.005) , D_A: 0.044, G_A: 0.610, cycle_A: 0.100, idt_A: 0.137, D_B: 0.002, G_B: 0.956, cycle_B: 0.252, idt_B: 0.076

[Rank 0] (epoch: 187, iters: 1792, time: 0.030, data: 0.004) , D_A: 0.064, G_A: 0.584, cycle_A: 0.096, idt_A: 0.145, D_B: 0.002, G_B: 1.101, cycle_B: 0.267, idt_B: 0.064

learning rate 0.0000800 -> 0.0000800
End of epoch 187 / 500 	 Time Taken: 51 sec
[Rank 0] (epoch: 188, iters: 64, time: 0.066, data: 0.002) , D_A: 0.046, G_A: 0.581, cycle_A: 0.066, idt_A: 0.151, D_B: 0.002, G_B: 0.938, cycle_B: 0.281, idt_B: 0.048

[Rank 0] (epoch: 188, iters: 264, time: 0.091, data: 0.007) , D_A: 0.027, G_A: 0.866, cycle_A: 0.101, idt_A: 0.154, D_B: 0.006, G_B: 1.205, cycle_B: 0.279, idt_B: 0.078

[Rank 0] (epoch: 188, iters: 464, time: 0.029, data: 0.004) , D_A: 0.044, G_A: 0.915, cycle_A: 0.089, idt_A: 0.137, D_B: 0.005, G_B: 1.039, cycle_B: 0.245, idt_B: 0.067

[Rank 0] (epoch: 188, iters: 664, time: 0.030, data: 0.005) , D_A: 0.110, G_A: 0.995, cycle_A: 0.092, idt_A: 0.140, D_B: 0.007, G_B: 1.097, cycle_B: 0.266, idt_B: 0.067

[Rank 0] (epoch: 188, iters: 864, time: 0.030, data: 0.003) , D_A: 0.062, G_A: 0.444, cycle_A: 0.082, idt_A: 0.135, D_B: 0.003, G_B: 0.890, cycle_B: 0.249, idt_B: 0.065

[Rank 0] (epoch: 188, iters: 1064, time: 0.029, data: 0.004) , D_A: 0.081, G_A: 0.458, cycle_A: 0.112, idt_A: 0.170, D_B: 0.004, G_B: 0.918, cycle_B: 0.282, idt_B: 0.083

[Rank 0] (epoch: 188, iters: 1264, time: 0.072, data: 0.003) , D_A: 0.087, G_A: 0.480, cycle_A: 0.091, idt_A: 0.131, D_B: 0.004, G_B: 0.870, cycle_B: 0.246, idt_B: 0.066

[Rank 0] (epoch: 188, iters: 1464, time: 0.030, data: 0.004) , D_A: 0.051, G_A: 0.649, cycle_A: 0.096, idt_A: 0.155, D_B: 0.006, G_B: 0.921, cycle_B: 0.260, idt_B: 0.079

[Rank 0] (epoch: 188, iters: 1664, time: 0.030, data: 0.004) , D_A: 0.107, G_A: 0.543, cycle_A: 0.097, idt_A: 0.158, D_B: 0.003, G_B: 0.926, cycle_B: 0.243, idt_B: 0.078

[Rank 0] (epoch: 188, iters: 1864, time: 0.030, data: 0.003) , D_A: 0.079, G_A: 0.424, cycle_A: 0.067, idt_A: 0.139, D_B: 0.002, G_B: 1.062, cycle_B: 0.250, idt_B: 0.047

learning rate 0.0000800 -> 0.0000800
End of epoch 188 / 500 	 Time Taken: 52 sec
[Rank 0] (epoch: 189, iters: 136, time: 0.062, data: 0.002) , D_A: 0.147, G_A: 0.933, cycle_A: 0.073, idt_A: 0.116, D_B: 0.003, G_B: 0.960, cycle_B: 0.226, idt_B: 0.057

[Rank 0] (epoch: 189, iters: 336, time: 0.071, data: 0.003) , D_A: 0.091, G_A: 1.069, cycle_A: 0.106, idt_A: 0.168, D_B: 0.003, G_B: 1.018, cycle_B: 0.298, idt_B: 0.079

saving the latest model (epoch 189, total_iters 170000)
[Rank 0] (epoch: 189, iters: 536, time: 0.030, data: 0.002) , D_A: 0.047, G_A: 0.594, cycle_A: 0.089, idt_A: 0.159, D_B: 0.013, G_B: 0.884, cycle_B: 0.295, idt_B: 0.072

[Rank 0] (epoch: 189, iters: 736, time: 0.030, data: 0.003) , D_A: 0.067, G_A: 0.495, cycle_A: 0.121, idt_A: 0.138, D_B: 0.008, G_B: 0.899, cycle_B: 0.257, idt_B: 0.094

[Rank 0] (epoch: 189, iters: 936, time: 0.030, data: 0.002) , D_A: 0.164, G_A: 0.262, cycle_A: 0.101, idt_A: 0.137, D_B: 0.004, G_B: 0.903, cycle_B: 0.239, idt_B: 0.068

[Rank 0] (epoch: 189, iters: 1136, time: 0.029, data: 0.005) , D_A: 0.092, G_A: 0.578, cycle_A: 0.096, idt_A: 0.147, D_B: 0.002, G_B: 1.033, cycle_B: 0.284, idt_B: 0.074

[Rank 0] (epoch: 189, iters: 1336, time: 0.066, data: 0.003) , D_A: 0.050, G_A: 0.632, cycle_A: 0.087, idt_A: 0.141, D_B: 0.003, G_B: 0.929, cycle_B: 0.271, idt_B: 0.067

[Rank 0] (epoch: 189, iters: 1536, time: 0.030, data: 0.003) , D_A: 0.078, G_A: 0.599, cycle_A: 0.098, idt_A: 0.157, D_B: 0.002, G_B: 0.994, cycle_B: 0.249, idt_B: 0.079

[Rank 0] (epoch: 189, iters: 1736, time: 0.030, data: 0.003) , D_A: 0.072, G_A: 0.416, cycle_A: 0.095, idt_A: 0.136, D_B: 0.003, G_B: 0.929, cycle_B: 0.235, idt_B: 0.074

learning rate 0.0000800 -> 0.0000800
End of epoch 189 / 500 	 Time Taken: 52 sec
[Rank 0] (epoch: 190, iters: 8, time: 0.061, data: 0.004) , D_A: 0.077, G_A: 0.445, cycle_A: 0.102, idt_A: 0.155, D_B: 0.002, G_B: 0.892, cycle_B: 0.279, idt_B: 0.094

[Rank 0] (epoch: 190, iters: 208, time: 0.030, data: 0.004) , D_A: 0.071, G_A: 0.457, cycle_A: 0.095, idt_A: 0.134, D_B: 0.002, G_B: 0.962, cycle_B: 0.233, idt_B: 0.074

[Rank 0] (epoch: 190, iters: 408, time: 0.085, data: 0.002) , D_A: 0.068, G_A: 0.774, cycle_A: 0.094, idt_A: 0.178, D_B: 0.002, G_B: 0.917, cycle_B: 0.266, idt_B: 0.074

[Rank 0] (epoch: 190, iters: 608, time: 0.029, data: 0.004) , D_A: 0.068, G_A: 0.565, cycle_A: 0.114, idt_A: 0.150, D_B: 0.002, G_B: 0.929, cycle_B: 0.263, idt_B: 0.092

[Rank 0] (epoch: 190, iters: 808, time: 0.030, data: 0.002) , D_A: 0.059, G_A: 0.678, cycle_A: 0.090, idt_A: 0.151, D_B: 0.001, G_B: 0.987, cycle_B: 0.247, idt_B: 0.062

[Rank 0] (epoch: 190, iters: 1008, time: 0.029, data: 0.004) , D_A: 0.086, G_A: 0.532, cycle_A: 0.079, idt_A: 0.163, D_B: 0.002, G_B: 0.927, cycle_B: 0.263, idt_B: 0.061

[Rank 0] (epoch: 190, iters: 1208, time: 0.030, data: 0.003) , D_A: 0.095, G_A: 0.434, cycle_A: 0.110, idt_A: 0.147, D_B: 0.004, G_B: 0.943, cycle_B: 0.251, idt_B: 0.086

[Rank 0] (epoch: 190, iters: 1408, time: 0.075, data: 0.005) , D_A: 0.052, G_A: 0.576, cycle_A: 0.092, idt_A: 0.138, D_B: 0.002, G_B: 1.007, cycle_B: 0.227, idt_B: 0.075

[Rank 0] (epoch: 190, iters: 1608, time: 0.029, data: 0.003) , D_A: 0.153, G_A: 0.712, cycle_A: 0.102, idt_A: 0.171, D_B: 0.002, G_B: 0.945, cycle_B: 0.256, idt_B: 0.070

[Rank 0] (epoch: 190, iters: 1808, time: 0.030, data: 0.003) , D_A: 0.053, G_A: 0.568, cycle_A: 0.111, idt_A: 0.160, D_B: 0.002, G_B: 0.961, cycle_B: 0.248, idt_B: 0.084

learning rate 0.0000800 -> 0.0000800
End of epoch 190 / 500 	 Time Taken: 52 sec
[Rank 0] (epoch: 191, iters: 80, time: 0.064, data: 0.004) , D_A: 0.056, G_A: 0.583, cycle_A: 0.118, idt_A: 0.147, D_B: 0.001, G_B: 0.953, cycle_B: 0.254, idt_B: 0.092

[Rank 0] (epoch: 191, iters: 280, time: 0.030, data: 0.003) , D_A: 0.118, G_A: 0.283, cycle_A: 0.095, idt_A: 0.141, D_B: 0.001, G_B: 1.010, cycle_B: 0.220, idt_B: 0.077

[Rank 0] (epoch: 191, iters: 480, time: 0.071, data: 0.003) , D_A: 0.038, G_A: 0.999, cycle_A: 0.099, idt_A: 0.159, D_B: 0.001, G_B: 1.014, cycle_B: 0.240, idt_B: 0.080

[Rank 0] (epoch: 191, iters: 680, time: 0.030, data: 0.003) , D_A: 0.082, G_A: 0.421, cycle_A: 0.079, idt_A: 0.175, D_B: 0.001, G_B: 1.078, cycle_B: 0.256, idt_B: 0.060

[Rank 0] (epoch: 191, iters: 880, time: 0.030, data: 0.002) , D_A: 0.078, G_A: 0.601, cycle_A: 0.077, idt_A: 0.149, D_B: 0.001, G_B: 0.948, cycle_B: 0.238, idt_B: 0.066

[Rank 0] (epoch: 191, iters: 1080, time: 0.029, data: 0.003) , D_A: 0.087, G_A: 0.188, cycle_A: 0.095, idt_A: 0.158, D_B: 0.001, G_B: 0.987, cycle_B: 0.244, idt_B: 0.078

[Rank 0] (epoch: 191, iters: 1280, time: 0.030, data: 0.002) , D_A: 0.054, G_A: 0.594, cycle_A: 0.088, idt_A: 0.127, D_B: 0.001, G_B: 0.982, cycle_B: 0.187, idt_B: 0.070

[Rank 0] (epoch: 191, iters: 1480, time: 0.071, data: 0.003) , D_A: 0.068, G_A: 0.524, cycle_A: 0.115, idt_A: 0.172, D_B: 0.003, G_B: 1.098, cycle_B: 0.238, idt_B: 0.094

saving the latest model (epoch 191, total_iters 175000)
[Rank 0] (epoch: 191, iters: 1680, time: 0.030, data: 0.003) , D_A: 0.094, G_A: 0.552, cycle_A: 0.104, idt_A: 0.135, D_B: 0.001, G_B: 1.033, cycle_B: 0.233, idt_B: 0.080

[Rank 0] (epoch: 191, iters: 1880, time: 0.030, data: 0.005) , D_A: 0.068, G_A: 0.438, cycle_A: 0.078, idt_A: 0.178, D_B: 0.001, G_B: 0.955, cycle_B: 0.253, idt_B: 0.055

learning rate 0.0000800 -> 0.0000800
End of epoch 191 / 500 	 Time Taken: 52 sec
[Rank 0] (epoch: 192, iters: 152, time: 0.056, data: 0.002) , D_A: 0.060, G_A: 0.656, cycle_A: 0.098, idt_A: 0.123, D_B: 0.001, G_B: 0.955, cycle_B: 0.221, idt_B: 0.083

[Rank 0] (epoch: 192, iters: 352, time: 0.030, data: 0.001) , D_A: 0.048, G_A: 0.587, cycle_A: 0.103, idt_A: 0.127, D_B: 0.001, G_B: 0.961, cycle_B: 0.216, idt_B: 0.081

[Rank 0] (epoch: 192, iters: 552, time: 0.070, data: 0.002) , D_A: 0.121, G_A: 0.458, cycle_A: 0.110, idt_A: 0.145, D_B: 0.003, G_B: 0.945, cycle_B: 0.233, idt_B: 0.089

[Rank 0] (epoch: 192, iters: 752, time: 0.029, data: 0.004) , D_A: 0.069, G_A: 0.571, cycle_A: 0.091, idt_A: 0.149, D_B: 0.001, G_B: 0.988, cycle_B: 0.227, idt_B: 0.070

[Rank 0] (epoch: 192, iters: 952, time: 0.030, data: 0.002) , D_A: 0.054, G_A: 0.568, cycle_A: 0.075, idt_A: 0.148, D_B: 0.003, G_B: 0.962, cycle_B: 0.221, idt_B: 0.061

[Rank 0] (epoch: 192, iters: 1152, time: 0.030, data: 0.001) , D_A: 0.027, G_A: 0.953, cycle_A: 0.086, idt_A: 0.159, D_B: 0.002, G_B: 0.942, cycle_B: 0.285, idt_B: 0.073

[Rank 0] (epoch: 192, iters: 1352, time: 0.029, data: 0.003) , D_A: 0.027, G_A: 0.899, cycle_A: 0.108, idt_A: 0.149, D_B: 0.003, G_B: 0.995, cycle_B: 0.258, idt_B: 0.085

[Rank 0] (epoch: 192, iters: 1552, time: 0.055, data: 0.003) , D_A: 0.057, G_A: 0.584, cycle_A: 0.112, idt_A: 0.149, D_B: 0.003, G_B: 1.020, cycle_B: 0.237, idt_B: 0.089

[Rank 0] (epoch: 192, iters: 1752, time: 0.030, data: 0.003) , D_A: 0.058, G_A: 0.576, cycle_A: 0.103, idt_A: 0.140, D_B: 0.003, G_B: 0.973, cycle_B: 0.277, idt_B: 0.074

learning rate 0.0000800 -> 0.0000800
End of epoch 192 / 500 	 Time Taken: 52 sec
[Rank 0] (epoch: 193, iters: 24, time: 0.066, data: 0.002) , D_A: 0.051, G_A: 0.964, cycle_A: 0.097, idt_A: 0.145, D_B: 0.003, G_B: 0.956, cycle_B: 0.267, idt_B: 0.078

[Rank 0] (epoch: 193, iters: 224, time: 0.030, data: 0.003) , D_A: 0.112, G_A: 0.955, cycle_A: 0.084, idt_A: 0.155, D_B: 0.004, G_B: 0.960, cycle_B: 0.267, idt_B: 0.076

[Rank 0] (epoch: 193, iters: 424, time: 0.029, data: 0.005) , D_A: 0.074, G_A: 0.521, cycle_A: 0.091, idt_A: 0.151, D_B: 0.002, G_B: 0.989, cycle_B: 0.297, idt_B: 0.071

[Rank 0] (epoch: 193, iters: 624, time: 0.068, data: 0.003) , D_A: 0.066, G_A: 0.470, cycle_A: 0.101, idt_A: 0.152, D_B: 0.003, G_B: 1.091, cycle_B: 0.263, idt_B: 0.069

[Rank 0] (epoch: 193, iters: 824, time: 0.029, data: 0.004) , D_A: 0.043, G_A: 0.566, cycle_A: 0.088, idt_A: 0.158, D_B: 0.003, G_B: 0.927, cycle_B: 0.262, idt_B: 0.076

[Rank 0] (epoch: 193, iters: 1024, time: 0.029, data: 0.005) , D_A: 0.107, G_A: 0.427, cycle_A: 0.099, idt_A: 0.138, D_B: 0.002, G_B: 0.986, cycle_B: 0.246, idt_B: 0.076

[Rank 0] (epoch: 193, iters: 1224, time: 0.030, data: 0.005) , D_A: 0.068, G_A: 0.597, cycle_A: 0.108, idt_A: 0.147, D_B: 0.003, G_B: 0.923, cycle_B: 0.235, idt_B: 0.086

[Rank 0] (epoch: 193, iters: 1424, time: 0.030, data: 0.003) , D_A: 0.060, G_A: 0.521, cycle_A: 0.104, idt_A: 0.148, D_B: 0.002, G_B: 0.945, cycle_B: 0.253, idt_B: 0.085

[Rank 0] (epoch: 193, iters: 1624, time: 0.065, data: 0.003) , D_A: 0.088, G_A: 0.414, cycle_A: 0.100, idt_A: 0.128, D_B: 0.002, G_B: 1.040, cycle_B: 0.236, idt_B: 0.076

[Rank 0] (epoch: 193, iters: 1824, time: 0.030, data: 0.003) , D_A: 0.274, G_A: 0.541, cycle_A: 0.091, idt_A: 0.144, D_B: 0.001, G_B: 0.962, cycle_B: 0.247, idt_B: 0.072

learning rate 0.0000800 -> 0.0000800
End of epoch 193 / 500 	 Time Taken: 52 sec
[Rank 0] (epoch: 194, iters: 96, time: 0.055, data: 0.003) , D_A: 0.063, G_A: 0.526, cycle_A: 0.100, idt_A: 0.150, D_B: 0.002, G_B: 0.943, cycle_B: 0.274, idt_B: 0.075

[Rank 0] (epoch: 194, iters: 296, time: 0.030, data: 0.002) , D_A: 0.143, G_A: 0.997, cycle_A: 0.072, idt_A: 0.133, D_B: 0.004, G_B: 0.969, cycle_B: 0.231, idt_B: 0.054

[Rank 0] (epoch: 194, iters: 496, time: 0.030, data: 0.004) , D_A: 0.054, G_A: 0.454, cycle_A: 0.081, idt_A: 0.137, D_B: 0.009, G_B: 0.842, cycle_B: 0.239, idt_B: 0.067

[Rank 0] (epoch: 194, iters: 696, time: 0.065, data: 0.002) , D_A: 0.123, G_A: 0.851, cycle_A: 0.093, idt_A: 0.146, D_B: 0.003, G_B: 0.916, cycle_B: 0.249, idt_B: 0.071

saving the latest model (epoch 194, total_iters 180000)
[Rank 0] (epoch: 194, iters: 896, time: 0.030, data: 0.004) , D_A: 0.143, G_A: 0.307, cycle_A: 0.093, idt_A: 0.194, D_B: 0.003, G_B: 0.918, cycle_B: 0.286, idt_B: 0.074

[Rank 0] (epoch: 194, iters: 1096, time: 0.030, data: 0.002) , D_A: 0.252, G_A: 0.283, cycle_A: 0.095, idt_A: 0.140, D_B: 0.001, G_B: 0.967, cycle_B: 0.222, idt_B: 0.078

[Rank 0] (epoch: 194, iters: 1296, time: 0.030, data: 0.004) , D_A: 0.200, G_A: 0.301, cycle_A: 0.086, idt_A: 0.154, D_B: 0.002, G_B: 0.967, cycle_B: 0.254, idt_B: 0.074

[Rank 0] (epoch: 194, iters: 1496, time: 0.030, data: 0.002) , D_A: 0.235, G_A: 0.282, cycle_A: 0.068, idt_A: 0.143, D_B: 0.001, G_B: 1.000, cycle_B: 0.263, idt_B: 0.062

[Rank 0] (epoch: 194, iters: 1696, time: 0.063, data: 0.003) , D_A: 0.227, G_A: 0.335, cycle_A: 0.111, idt_A: 0.183, D_B: 0.009, G_B: 1.066, cycle_B: 0.274, idt_B: 0.087

[Rank 0] (epoch: 194, iters: 1896, time: 0.030, data: 0.003) , D_A: 0.236, G_A: 0.269, cycle_A: 0.079, idt_A: 0.143, D_B: 0.001, G_B: 0.997, cycle_B: 0.252, idt_B: 0.059

learning rate 0.0000800 -> 0.0000800
End of epoch 194 / 500 	 Time Taken: 52 sec
[Rank 0] (epoch: 195, iters: 168, time: 0.057, data: 0.003) , D_A: 0.193, G_A: 0.298, cycle_A: 0.087, idt_A: 0.147, D_B: 0.002, G_B: 1.014, cycle_B: 0.246, idt_B: 0.075

[Rank 0] (epoch: 195, iters: 368, time: 0.029, data: 0.006) , D_A: 0.233, G_A: 0.236, cycle_A: 0.086, idt_A: 0.148, D_B: 0.001, G_B: 0.975, cycle_B: 0.236, idt_B: 0.073

[Rank 0] (epoch: 195, iters: 568, time: 0.030, data: 0.003) , D_A: 0.222, G_A: 0.295, cycle_A: 0.080, idt_A: 0.153, D_B: 0.001, G_B: 1.018, cycle_B: 0.261, idt_B: 0.081

[Rank 0] (epoch: 195, iters: 768, time: 0.076, data: 0.002) , D_A: 0.179, G_A: 0.341, cycle_A: 0.073, idt_A: 0.160, D_B: 0.001, G_B: 0.981, cycle_B: 0.255, idt_B: 0.062

[Rank 0] (epoch: 195, iters: 968, time: 0.029, data: 0.002) , D_A: 0.197, G_A: 0.269, cycle_A: 0.097, idt_A: 0.149, D_B: 0.002, G_B: 0.967, cycle_B: 0.241, idt_B: 0.079

[Rank 0] (epoch: 195, iters: 1168, time: 0.030, data: 0.004) , D_A: 0.220, G_A: 0.251, cycle_A: 0.088, idt_A: 0.164, D_B: 0.001, G_B: 0.982, cycle_B: 0.237, idt_B: 0.076

[Rank 0] (epoch: 195, iters: 1368, time: 0.030, data: 0.002) , D_A: 0.142, G_A: 0.338, cycle_A: 0.090, idt_A: 0.148, D_B: 0.002, G_B: 0.979, cycle_B: 0.249, idt_B: 0.083

[Rank 0] (epoch: 195, iters: 1568, time: 0.030, data: 0.002) , D_A: 0.100, G_A: 0.480, cycle_A: 0.095, idt_A: 0.170, D_B: 0.005, G_B: 0.954, cycle_B: 0.265, idt_B: 0.076

[Rank 0] (epoch: 195, iters: 1768, time: 0.074, data: 0.004) , D_A: 0.111, G_A: 0.516, cycle_A: 0.099, idt_A: 0.142, D_B: 0.002, G_B: 0.984, cycle_B: 0.240, idt_B: 0.075

learning rate 0.0000800 -> 0.0000800
End of epoch 195 / 500 	 Time Taken: 52 sec
[Rank 0] (epoch: 196, iters: 40, time: 0.065, data: 0.003) , D_A: 0.101, G_A: 0.420, cycle_A: 0.099, idt_A: 0.158, D_B: 0.001, G_B: 1.037, cycle_B: 0.246, idt_B: 0.090

[Rank 0] (epoch: 196, iters: 240, time: 0.030, data: 0.004) , D_A: 0.116, G_A: 0.339, cycle_A: 0.097, idt_A: 0.140, D_B: 0.003, G_B: 1.022, cycle_B: 0.237, idt_B: 0.084

[Rank 0] (epoch: 196, iters: 440, time: 0.029, data: 0.003) , D_A: 0.074, G_A: 0.606, cycle_A: 0.089, idt_A: 0.135, D_B: 0.001, G_B: 0.994, cycle_B: 0.240, idt_B: 0.069

[Rank 0] (epoch: 196, iters: 640, time: 0.030, data: 0.004) , D_A: 0.129, G_A: 0.241, cycle_A: 0.112, idt_A: 0.162, D_B: 0.002, G_B: 0.958, cycle_B: 0.224, idt_B: 0.081

[Rank 0] (epoch: 196, iters: 840, time: 0.082, data: 0.004) , D_A: 0.078, G_A: 0.575, cycle_A: 0.088, idt_A: 0.139, D_B: 0.002, G_B: 1.031, cycle_B: 0.234, idt_B: 0.073

[Rank 0] (epoch: 196, iters: 1040, time: 0.030, data: 0.004) , D_A: 0.092, G_A: 0.604, cycle_A: 0.120, idt_A: 0.124, D_B: 0.003, G_B: 0.971, cycle_B: 0.210, idt_B: 0.098

[Rank 0] (epoch: 196, iters: 1240, time: 0.030, data: 0.004) , D_A: 0.132, G_A: 0.666, cycle_A: 0.097, idt_A: 0.130, D_B: 0.001, G_B: 0.991, cycle_B: 0.221, idt_B: 0.078

[Rank 0] (epoch: 196, iters: 1440, time: 0.030, data: 0.003) , D_A: 0.159, G_A: 0.631, cycle_A: 0.096, idt_A: 0.140, D_B: 0.001, G_B: 0.991, cycle_B: 0.236, idt_B: 0.077

[Rank 0] (epoch: 196, iters: 1640, time: 0.030, data: 0.002) , D_A: 0.052, G_A: 0.653, cycle_A: 0.115, idt_A: 0.136, D_B: 0.001, G_B: 0.978, cycle_B: 0.232, idt_B: 0.086

[Rank 0] (epoch: 196, iters: 1840, time: 0.067, data: 0.003) , D_A: 0.107, G_A: 0.766, cycle_A: 0.078, idt_A: 0.160, D_B: 0.008, G_B: 1.060, cycle_B: 0.229, idt_B: 0.059

saving the latest model (epoch 196, total_iters 185000)
learning rate 0.0000800 -> 0.0000800
End of epoch 196 / 500 	 Time Taken: 52 sec
[Rank 0] (epoch: 197, iters: 112, time: 0.054, data: 0.004) , D_A: 0.106, G_A: 0.672, cycle_A: 0.068, idt_A: 0.134, D_B: 0.001, G_B: 0.961, cycle_B: 0.236, idt_B: 0.058

[Rank 0] (epoch: 197, iters: 312, time: 0.030, data: 0.002) , D_A: 0.060, G_A: 0.605, cycle_A: 0.091, idt_A: 0.143, D_B: 0.001, G_B: 0.984, cycle_B: 0.236, idt_B: 0.078

[Rank 0] (epoch: 197, iters: 512, time: 0.030, data: 0.003) , D_A: 0.069, G_A: 0.536, cycle_A: 0.091, idt_A: 0.161, D_B: 0.003, G_B: 0.948, cycle_B: 0.251, idt_B: 0.081

[Rank 0] (epoch: 197, iters: 712, time: 0.030, data: 0.004) , D_A: 0.066, G_A: 0.711, cycle_A: 0.084, idt_A: 0.128, D_B: 0.001, G_B: 0.967, cycle_B: 0.221, idt_B: 0.068

[Rank 0] (epoch: 197, iters: 912, time: 0.074, data: 0.004) , D_A: 0.096, G_A: 0.679, cycle_A: 0.075, idt_A: 0.135, D_B: 0.001, G_B: 0.941, cycle_B: 0.220, idt_B: 0.063

[Rank 0] (epoch: 197, iters: 1112, time: 0.029, data: 0.003) , D_A: 0.068, G_A: 0.498, cycle_A: 0.093, idt_A: 0.148, D_B: 0.001, G_B: 0.942, cycle_B: 0.229, idt_B: 0.075

[Rank 0] (epoch: 197, iters: 1312, time: 0.029, data: 0.003) , D_A: 0.077, G_A: 0.474, cycle_A: 0.072, idt_A: 0.136, D_B: 0.002, G_B: 1.012, cycle_B: 0.221, idt_B: 0.058

[Rank 0] (epoch: 197, iters: 1512, time: 0.030, data: 0.002) , D_A: 0.073, G_A: 0.949, cycle_A: 0.078, idt_A: 0.142, D_B: 0.002, G_B: 0.925, cycle_B: 0.249, idt_B: 0.068

[Rank 0] (epoch: 197, iters: 1712, time: 0.030, data: 0.004) , D_A: 0.113, G_A: 0.686, cycle_A: 0.092, idt_A: 0.164, D_B: 0.002, G_B: 1.003, cycle_B: 0.234, idt_B: 0.068

[Rank 0] (epoch: 197, iters: 1912, time: 0.068, data: 0.002) , D_A: 0.120, G_A: 0.590, cycle_A: 0.084, idt_A: 0.113, D_B: 0.001, G_B: 0.976, cycle_B: 0.197, idt_B: 0.061

learning rate 0.0000800 -> 0.0000800
End of epoch 197 / 500 	 Time Taken: 52 sec
[Rank 0] (epoch: 198, iters: 184, time: 0.055, data: 0.003) , D_A: 0.077, G_A: 0.493, cycle_A: 0.088, idt_A: 0.139, D_B: 0.067, G_B: 0.747, cycle_B: 0.240, idt_B: 0.065

[Rank 0] (epoch: 198, iters: 384, time: 0.030, data: 0.002) , D_A: 0.082, G_A: 0.620, cycle_A: 0.075, idt_A: 0.156, D_B: 0.001, G_B: 0.950, cycle_B: 0.228, idt_B: 0.060

[Rank 0] (epoch: 198, iters: 584, time: 0.030, data: 0.002) , D_A: 0.061, G_A: 0.862, cycle_A: 0.093, idt_A: 0.121, D_B: 0.002, G_B: 0.906, cycle_B: 0.224, idt_B: 0.069

[Rank 0] (epoch: 198, iters: 784, time: 0.030, data: 0.004) , D_A: 0.063, G_A: 0.641, cycle_A: 0.097, idt_A: 0.122, D_B: 0.006, G_B: 1.138, cycle_B: 0.221, idt_B: 0.083

[Rank 0] (epoch: 198, iters: 984, time: 0.086, data: 0.003) , D_A: 0.083, G_A: 0.376, cycle_A: 0.080, idt_A: 0.181, D_B: 0.002, G_B: 0.964, cycle_B: 0.267, idt_B: 0.065

[Rank 0] (epoch: 198, iters: 1184, time: 0.030, data: 0.003) , D_A: 0.052, G_A: 0.605, cycle_A: 0.092, idt_A: 0.145, D_B: 0.001, G_B: 0.996, cycle_B: 0.242, idt_B: 0.064

[Rank 0] (epoch: 198, iters: 1384, time: 0.030, data: 0.003) , D_A: 0.068, G_A: 0.474, cycle_A: 0.083, idt_A: 0.135, D_B: 0.001, G_B: 0.988, cycle_B: 0.209, idt_B: 0.070

[Rank 0] (epoch: 198, iters: 1584, time: 0.030, data: 0.003) , D_A: 0.064, G_A: 0.576, cycle_A: 0.082, idt_A: 0.145, D_B: 0.001, G_B: 0.982, cycle_B: 0.221, idt_B: 0.069

[Rank 0] (epoch: 198, iters: 1784, time: 0.030, data: 0.003) , D_A: 0.086, G_A: 0.699, cycle_A: 0.085, idt_A: 0.124, D_B: 0.012, G_B: 1.011, cycle_B: 0.205, idt_B: 0.069

learning rate 0.0000800 -> 0.0000800
End of epoch 198 / 500 	 Time Taken: 51 sec
[Rank 0] (epoch: 199, iters: 56, time: 0.076, data: 0.003) , D_A: 0.052, G_A: 0.330, cycle_A: 0.104, idt_A: 0.125, D_B: 0.001, G_B: 0.973, cycle_B: 0.214, idt_B: 0.085

[Rank 0] (epoch: 199, iters: 256, time: 0.030, data: 0.003) , D_A: 0.081, G_A: 0.480, cycle_A: 0.090, idt_A: 0.141, D_B: 0.001, G_B: 0.987, cycle_B: 0.245, idt_B: 0.072

[Rank 0] (epoch: 199, iters: 456, time: 0.030, data: 0.002) , D_A: 0.065, G_A: 0.519, cycle_A: 0.093, idt_A: 0.147, D_B: 0.001, G_B: 1.006, cycle_B: 0.230, idt_B: 0.067

[Rank 0] (epoch: 199, iters: 656, time: 0.030, data: 0.004) , D_A: 0.086, G_A: 0.367, cycle_A: 0.079, idt_A: 0.156, D_B: 0.000, G_B: 0.998, cycle_B: 0.234, idt_B: 0.062

[Rank 0] (epoch: 199, iters: 856, time: 0.030, data: 0.004) , D_A: 0.062, G_A: 0.394, cycle_A: 0.101, idt_A: 0.122, D_B: 0.001, G_B: 0.990, cycle_B: 0.204, idt_B: 0.084

[Rank 0] (epoch: 199, iters: 1056, time: 0.064, data: 0.003) , D_A: 0.125, G_A: 0.892, cycle_A: 0.101, idt_A: 0.131, D_B: 0.002, G_B: 0.958, cycle_B: 0.229, idt_B: 0.081

saving the latest model (epoch 199, total_iters 190000)
[Rank 0] (epoch: 199, iters: 1256, time: 0.030, data: 0.002) , D_A: 0.162, G_A: 0.977, cycle_A: 0.095, idt_A: 0.125, D_B: 0.002, G_B: 0.941, cycle_B: 0.222, idt_B: 0.083

[Rank 0] (epoch: 199, iters: 1456, time: 0.030, data: 0.004) , D_A: 0.064, G_A: 0.644, cycle_A: 0.096, idt_A: 0.152, D_B: 0.003, G_B: 0.907, cycle_B: 0.258, idt_B: 0.074

[Rank 0] (epoch: 199, iters: 1656, time: 0.030, data: 0.004) , D_A: 0.098, G_A: 0.574, cycle_A: 0.097, idt_A: 0.130, D_B: 0.003, G_B: 1.007, cycle_B: 0.211, idt_B: 0.078

[Rank 0] (epoch: 199, iters: 1856, time: 0.030, data: 0.002) , D_A: 0.097, G_A: 0.620, cycle_A: 0.097, idt_A: 0.128, D_B: 0.003, G_B: 0.912, cycle_B: 0.221, idt_B: 0.083

learning rate 0.0000800 -> 0.0000800
End of epoch 199 / 500 	 Time Taken: 51 sec
[Rank 0] (epoch: 200, iters: 128, time: 0.071, data: 0.003) , D_A: 0.091, G_A: 0.294, cycle_A: 0.080, idt_A: 0.127, D_B: 0.002, G_B: 0.934, cycle_B: 0.196, idt_B: 0.065

[Rank 0] (epoch: 200, iters: 328, time: 0.030, data: 0.003) , D_A: 0.081, G_A: 0.441, cycle_A: 0.075, idt_A: 0.167, D_B: 0.001, G_B: 0.980, cycle_B: 0.217, idt_B: 0.057

[Rank 0] (epoch: 200, iters: 528, time: 0.030, data: 0.001) , D_A: 0.089, G_A: 0.341, cycle_A: 0.094, idt_A: 0.175, D_B: 0.002, G_B: 0.928, cycle_B: 0.250, idt_B: 0.076

[Rank 0] (epoch: 200, iters: 728, time: 0.030, data: 0.005) , D_A: 0.055, G_A: 0.522, cycle_A: 0.117, idt_A: 0.155, D_B: 0.001, G_B: 0.999, cycle_B: 0.230, idt_B: 0.116

[Rank 0] (epoch: 200, iters: 928, time: 0.030, data: 0.003) , D_A: 0.107, G_A: 0.366, cycle_A: 0.084, idt_A: 0.105, D_B: 0.001, G_B: 1.016, cycle_B: 0.181, idt_B: 0.064

[Rank 0] (epoch: 200, iters: 1128, time: 0.068, data: 0.003) , D_A: 0.228, G_A: 1.020, cycle_A: 0.105, idt_A: 0.148, D_B: 0.001, G_B: 0.991, cycle_B: 0.234, idt_B: 0.077

[Rank 0] (epoch: 200, iters: 1328, time: 0.030, data: 0.003) , D_A: 0.069, G_A: 0.541, cycle_A: 0.086, idt_A: 0.136, D_B: 0.003, G_B: 0.997, cycle_B: 0.220, idt_B: 0.069

[Rank 0] (epoch: 200, iters: 1528, time: 0.030, data: 0.003) , D_A: 0.069, G_A: 0.403, cycle_A: 0.073, idt_A: 0.131, D_B: 0.003, G_B: 0.953, cycle_B: 0.230, idt_B: 0.066

[Rank 0] (epoch: 200, iters: 1728, time: 0.030, data: 0.004) , D_A: 0.068, G_A: 0.526, cycle_A: 0.089, idt_A: 0.139, D_B: 0.002, G_B: 0.989, cycle_B: 0.226, idt_B: 0.070

[Rank 0] (epoch: 200, iters: 1928, time: 0.024, data: 0.004) , D_A: 0.108, G_A: 0.450, cycle_A: 0.071, idt_A: 0.167, D_B: 0.001, G_B: 0.917, cycle_B: 0.231, idt_B: 0.059

learning rate 0.0000800 -> 0.0000800
saving the model at the end of epoch 200, iters 192800
End of epoch 200 / 500 	 Time Taken: 52 sec
[Rank 0] (epoch: 201, iters: 200, time: 0.053, data: 1.222) , D_A: 0.068, G_A: 0.476, cycle_A: 0.104, idt_A: 0.131, D_B: 0.004, G_B: 1.076, cycle_B: 0.219, idt_B: 0.080

[Rank 0] (epoch: 201, iters: 400, time: 0.030, data: 0.002) , D_A: 0.129, G_A: 0.714, cycle_A: 0.077, idt_A: 0.193, D_B: 0.004, G_B: 1.001, cycle_B: 0.261, idt_B: 0.066

[Rank 0] (epoch: 201, iters: 600, time: 0.030, data: 0.002) , D_A: 0.121, G_A: 0.622, cycle_A: 0.122, idt_A: 0.136, D_B: 0.002, G_B: 1.071, cycle_B: 0.242, idt_B: 0.095

[Rank 0] (epoch: 201, iters: 800, time: 0.030, data: 0.004) , D_A: 0.160, G_A: 0.341, cycle_A: 0.069, idt_A: 0.164, D_B: 0.005, G_B: 0.933, cycle_B: 0.241, idt_B: 0.058

[Rank 0] (epoch: 201, iters: 1000, time: 0.029, data: 0.005) , D_A: 0.060, G_A: 0.743, cycle_A: 0.117, idt_A: 0.141, D_B: 0.001, G_B: 0.932, cycle_B: 0.230, idt_B: 0.091

[Rank 0] (epoch: 201, iters: 1200, time: 0.072, data: 0.002) , D_A: 0.078, G_A: 0.437, cycle_A: 0.108, idt_A: 0.119, D_B: 0.001, G_B: 0.978, cycle_B: 0.204, idt_B: 0.094

[Rank 0] (epoch: 201, iters: 1400, time: 0.030, data: 0.004) , D_A: 0.124, G_A: 0.393, cycle_A: 0.091, idt_A: 0.169, D_B: 0.001, G_B: 1.000, cycle_B: 0.277, idt_B: 0.071

[Rank 0] (epoch: 201, iters: 1600, time: 0.030, data: 0.005) , D_A: 0.072, G_A: 0.543, cycle_A: 0.084, idt_A: 0.215, D_B: 0.001, G_B: 1.009, cycle_B: 0.264, idt_B: 0.063

[Rank 0] (epoch: 201, iters: 1800, time: 0.030, data: 0.003) , D_A: 0.096, G_A: 0.752, cycle_A: 0.097, idt_A: 0.167, D_B: 0.006, G_B: 0.957, cycle_B: 0.238, idt_B: 0.081

learning rate 0.0000800 -> 0.0000800
End of epoch 201 / 500 	 Time Taken: 52 sec
[Rank 0] (epoch: 202, iters: 72, time: 0.067, data: 0.004) , D_A: 0.049, G_A: 0.885, cycle_A: 0.077, idt_A: 0.125, D_B: 0.001, G_B: 0.978, cycle_B: 0.233, idt_B: 0.058

[Rank 0] (epoch: 202, iters: 272, time: 0.068, data: 0.002) , D_A: 0.080, G_A: 0.435, cycle_A: 0.084, idt_A: 0.132, D_B: 0.002, G_B: 1.022, cycle_B: 0.229, idt_B: 0.065

saving the latest model (epoch 202, total_iters 195000)
[Rank 0] (epoch: 202, iters: 472, time: 0.030, data: 0.003) , D_A: 0.129, G_A: 0.357, cycle_A: 0.070, idt_A: 0.136, D_B: 0.006, G_B: 0.989, cycle_B: 0.234, idt_B: 0.055

[Rank 0] (epoch: 202, iters: 672, time: 0.030, data: 0.004) , D_A: 0.115, G_A: 0.710, cycle_A: 0.107, idt_A: 0.135, D_B: 0.002, G_B: 1.015, cycle_B: 0.243, idt_B: 0.086

[Rank 0] (epoch: 202, iters: 872, time: 0.030, data: 0.004) , D_A: 0.090, G_A: 0.437, cycle_A: 0.112, idt_A: 0.132, D_B: 0.001, G_B: 1.023, cycle_B: 0.205, idt_B: 0.079

[Rank 0] (epoch: 202, iters: 1072, time: 0.030, data: 0.003) , D_A: 0.120, G_A: 0.293, cycle_A: 0.098, idt_A: 0.184, D_B: 0.001, G_B: 1.015, cycle_B: 0.246, idt_B: 0.077

[Rank 0] (epoch: 202, iters: 1272, time: 0.056, data: 0.003) , D_A: 0.071, G_A: 0.549, cycle_A: 0.074, idt_A: 0.169, D_B: 0.001, G_B: 0.993, cycle_B: 0.253, idt_B: 0.063

[Rank 0] (epoch: 202, iters: 1472, time: 0.030, data: 0.002) , D_A: 0.060, G_A: 0.568, cycle_A: 0.100, idt_A: 0.134, D_B: 0.002, G_B: 0.996, cycle_B: 0.227, idt_B: 0.078

[Rank 0] (epoch: 202, iters: 1672, time: 0.030, data: 0.003) , D_A: 0.089, G_A: 0.486, cycle_A: 0.086, idt_A: 0.144, D_B: 0.001, G_B: 1.019, cycle_B: 0.245, idt_B: 0.069

[Rank 0] (epoch: 202, iters: 1872, time: 0.030, data: 0.003) , D_A: 0.057, G_A: 0.522, cycle_A: 0.084, idt_A: 0.127, D_B: 0.001, G_B: 1.049, cycle_B: 0.211, idt_B: 0.074

learning rate 0.0000800 -> 0.0000800
End of epoch 202 / 500 	 Time Taken: 52 sec
[Rank 0] (epoch: 203, iters: 144, time: 0.076, data: 0.003) , D_A: 0.153, G_A: 0.586, cycle_A: 0.105, idt_A: 0.141, D_B: 0.001, G_B: 1.012, cycle_B: 0.241, idt_B: 0.092

[Rank 0] (epoch: 203, iters: 344, time: 0.069, data: 0.002) , D_A: 0.089, G_A: 0.814, cycle_A: 0.071, idt_A: 0.156, D_B: 0.002, G_B: 0.980, cycle_B: 0.232, idt_B: 0.061

[Rank 0] (epoch: 203, iters: 544, time: 0.030, data: 0.003) , D_A: 0.138, G_A: 0.538, cycle_A: 0.078, idt_A: 0.149, D_B: 0.001, G_B: 1.006, cycle_B: 0.278, idt_B: 0.067

[Rank 0] (epoch: 203, iters: 744, time: 0.030, data: 0.003) , D_A: 0.179, G_A: 0.406, cycle_A: 0.091, idt_A: 0.131, D_B: 0.004, G_B: 1.002, cycle_B: 0.192, idt_B: 0.075

[Rank 0] (epoch: 203, iters: 944, time: 0.030, data: 0.003) , D_A: 0.108, G_A: 0.565, cycle_A: 0.090, idt_A: 0.114, D_B: 0.001, G_B: 0.992, cycle_B: 0.198, idt_B: 0.076

[Rank 0] (epoch: 203, iters: 1144, time: 0.030, data: 0.004) , D_A: 0.086, G_A: 0.524, cycle_A: 0.097, idt_A: 0.125, D_B: 0.001, G_B: 0.991, cycle_B: 0.199, idt_B: 0.076

[Rank 0] (epoch: 203, iters: 1344, time: 0.055, data: 0.003) , D_A: 0.147, G_A: 0.766, cycle_A: 0.092, idt_A: 0.151, D_B: 0.002, G_B: 0.952, cycle_B: 0.241, idt_B: 0.082

[Rank 0] (epoch: 203, iters: 1544, time: 0.030, data: 0.003) , D_A: 0.145, G_A: 0.510, cycle_A: 0.077, idt_A: 0.120, D_B: 0.004, G_B: 0.940, cycle_B: 0.228, idt_B: 0.062

[Rank 0] (epoch: 203, iters: 1744, time: 0.030, data: 0.003) , D_A: 0.051, G_A: 0.728, cycle_A: 0.088, idt_A: 0.149, D_B: 0.001, G_B: 1.004, cycle_B: 0.259, idt_B: 0.067

learning rate 0.0000800 -> 0.0000800
End of epoch 203 / 500 	 Time Taken: 52 sec
[Rank 0] (epoch: 204, iters: 16, time: 0.072, data: 0.003) , D_A: 0.058, G_A: 0.588, cycle_A: 0.091, idt_A: 0.139, D_B: 0.000, G_B: 1.006, cycle_B: 0.237, idt_B: 0.070

[Rank 0] (epoch: 204, iters: 216, time: 0.030, data: 0.003) , D_A: 0.066, G_A: 0.727, cycle_A: 0.072, idt_A: 0.115, D_B: 0.000, G_B: 0.993, cycle_B: 0.193, idt_B: 0.048

[Rank 0] (epoch: 204, iters: 416, time: 0.069, data: 0.004) , D_A: 0.066, G_A: 0.462, cycle_A: 0.093, idt_A: 0.159, D_B: 0.001, G_B: 0.986, cycle_B: 0.251, idt_B: 0.080

[Rank 0] (epoch: 204, iters: 616, time: 0.030, data: 0.004) , D_A: 0.082, G_A: 0.485, cycle_A: 0.105, idt_A: 0.123, D_B: 0.001, G_B: 1.012, cycle_B: 0.223, idt_B: 0.079

[Rank 0] (epoch: 204, iters: 816, time: 0.030, data: 0.003) , D_A: 0.062, G_A: 0.821, cycle_A: 0.088, idt_A: 0.148, D_B: 0.002, G_B: 1.021, cycle_B: 0.243, idt_B: 0.072

[Rank 0] (epoch: 204, iters: 1016, time: 0.030, data: 0.003) , D_A: 0.066, G_A: 0.407, cycle_A: 0.088, idt_A: 0.138, D_B: 0.001, G_B: 0.985, cycle_B: 0.224, idt_B: 0.066

[Rank 0] (epoch: 204, iters: 1216, time: 0.030, data: 0.007) , D_A: 0.161, G_A: 0.819, cycle_A: 0.090, idt_A: 0.118, D_B: 0.001, G_B: 0.979, cycle_B: 0.191, idt_B: 0.070

[Rank 0] (epoch: 204, iters: 1416, time: 0.056, data: 0.004) , D_A: 0.051, G_A: 0.557, cycle_A: 0.088, idt_A: 0.125, D_B: 0.002, G_B: 0.985, cycle_B: 0.242, idt_B: 0.071

saving the latest model (epoch 204, total_iters 200000)
[Rank 0] (epoch: 204, iters: 1616, time: 0.030, data: 0.004) , D_A: 0.092, G_A: 0.775, cycle_A: 0.083, idt_A: 0.128, D_B: 0.001, G_B: 0.982, cycle_B: 0.235, idt_B: 0.065

[Rank 0] (epoch: 204, iters: 1816, time: 0.030, data: 0.003) , D_A: 0.070, G_A: 0.402, cycle_A: 0.083, idt_A: 0.131, D_B: 0.001, G_B: 0.955, cycle_B: 0.230, idt_B: 0.065

learning rate 0.0000800 -> 0.0000800
End of epoch 204 / 500 	 Time Taken: 52 sec
[Rank 0] (epoch: 205, iters: 88, time: 0.068, data: 0.003) , D_A: 0.085, G_A: 0.799, cycle_A: 0.086, idt_A: 0.130, D_B: 0.001, G_B: 1.006, cycle_B: 0.220, idt_B: 0.067

[Rank 0] (epoch: 205, iters: 288, time: 0.030, data: 0.003) , D_A: 0.041, G_A: 0.715, cycle_A: 0.094, idt_A: 0.156, D_B: 0.001, G_B: 0.992, cycle_B: 0.262, idt_B: 0.076

[Rank 0] (epoch: 205, iters: 488, time: 0.068, data: 0.003) , D_A: 0.049, G_A: 0.605, cycle_A: 0.082, idt_A: 0.128, D_B: 0.002, G_B: 1.012, cycle_B: 0.236, idt_B: 0.064

[Rank 0] (epoch: 205, iters: 688, time: 0.030, data: 0.003) , D_A: 0.075, G_A: 0.432, cycle_A: 0.090, idt_A: 0.126, D_B: 0.001, G_B: 0.982, cycle_B: 0.219, idt_B: 0.074

[Rank 0] (epoch: 205, iters: 888, time: 0.029, data: 0.003) , D_A: 0.107, G_A: 0.377, cycle_A: 0.083, idt_A: 0.143, D_B: 0.002, G_B: 1.005, cycle_B: 0.242, idt_B: 0.066

[Rank 0] (epoch: 205, iters: 1088, time: 0.030, data: 0.003) , D_A: 0.061, G_A: 0.576, cycle_A: 0.105, idt_A: 0.138, D_B: 0.001, G_B: 1.007, cycle_B: 0.231, idt_B: 0.087

[Rank 0] (epoch: 205, iters: 1288, time: 0.030, data: 0.003) , D_A: 0.124, G_A: 0.334, cycle_A: 0.097, idt_A: 0.128, D_B: 0.001, G_B: 0.987, cycle_B: 0.206, idt_B: 0.073

[Rank 0] (epoch: 205, iters: 1488, time: 0.084, data: 0.003) , D_A: 0.113, G_A: 0.898, cycle_A: 0.098, idt_A: 0.138, D_B: 0.001, G_B: 0.992, cycle_B: 0.222, idt_B: 0.085

[Rank 0] (epoch: 205, iters: 1688, time: 0.030, data: 0.003) , D_A: 0.069, G_A: 0.649, cycle_A: 0.088, idt_A: 0.143, D_B: 0.002, G_B: 0.978, cycle_B: 0.242, idt_B: 0.064

[Rank 0] (epoch: 205, iters: 1888, time: 0.030, data: 0.004) , D_A: 0.077, G_A: 0.481, cycle_A: 0.069, idt_A: 0.144, D_B: 0.001, G_B: 0.965, cycle_B: 0.228, idt_B: 0.053

learning rate 0.0000800 -> 0.0000800
End of epoch 205 / 500 	 Time Taken: 52 sec
[Rank 0] (epoch: 206, iters: 160, time: 0.057, data: 0.003) , D_A: 0.120, G_A: 0.727, cycle_A: 0.099, idt_A: 0.164, D_B: 0.007, G_B: 1.045, cycle_B: 0.226, idt_B: 0.080

[Rank 0] (epoch: 206, iters: 360, time: 0.030, data: 0.003) , D_A: 0.152, G_A: 0.815, cycle_A: 0.084, idt_A: 0.156, D_B: 0.001, G_B: 1.012, cycle_B: 0.223, idt_B: 0.065

[Rank 0] (epoch: 206, iters: 560, time: 0.072, data: 0.003) , D_A: 0.115, G_A: 0.863, cycle_A: 0.093, idt_A: 0.142, D_B: 0.001, G_B: 0.960, cycle_B: 0.215, idt_B: 0.079

[Rank 0] (epoch: 206, iters: 760, time: 0.030, data: 0.002) , D_A: 0.051, G_A: 0.636, cycle_A: 0.094, idt_A: 0.138, D_B: 0.005, G_B: 0.969, cycle_B: 0.225, idt_B: 0.075

[Rank 0] (epoch: 206, iters: 960, time: 0.030, data: 0.004) , D_A: 0.074, G_A: 0.894, cycle_A: 0.102, idt_A: 0.146, D_B: 0.001, G_B: 1.009, cycle_B: 0.238, idt_B: 0.079

[Rank 0] (epoch: 206, iters: 1160, time: 0.030, data: 0.004) , D_A: 0.086, G_A: 0.644, cycle_A: 0.074, idt_A: 0.120, D_B: 0.001, G_B: 0.966, cycle_B: 0.202, idt_B: 0.062

[Rank 0] (epoch: 206, iters: 1360, time: 0.030, data: 0.003) , D_A: 0.111, G_A: 0.363, cycle_A: 0.093, idt_A: 0.140, D_B: 0.001, G_B: 1.016, cycle_B: 0.222, idt_B: 0.073

[Rank 0] (epoch: 206, iters: 1560, time: 0.068, data: 0.004) , D_A: 0.161, G_A: 0.956, cycle_A: 0.086, idt_A: 0.129, D_B: 0.005, G_B: 1.001, cycle_B: 0.241, idt_B: 0.061

[Rank 0] (epoch: 206, iters: 1760, time: 0.030, data: 0.004) , D_A: 0.059, G_A: 0.684, cycle_A: 0.072, idt_A: 0.157, D_B: 0.002, G_B: 1.032, cycle_B: 0.263, idt_B: 0.056

learning rate 0.0000800 -> 0.0000800
End of epoch 206 / 500 	 Time Taken: 52 sec
[Rank 0] (epoch: 207, iters: 32, time: 0.055, data: 0.003) , D_A: 0.071, G_A: 0.524, cycle_A: 0.092, idt_A: 0.126, D_B: 0.001, G_B: 1.011, cycle_B: 0.246, idt_B: 0.068

[Rank 0] (epoch: 207, iters: 232, time: 0.030, data: 0.004) , D_A: 0.092, G_A: 0.509, cycle_A: 0.092, idt_A: 0.149, D_B: 0.001, G_B: 0.976, cycle_B: 0.261, idt_B: 0.074

[Rank 0] (epoch: 207, iters: 432, time: 0.030, data: 0.002) , D_A: 0.081, G_A: 0.568, cycle_A: 0.101, idt_A: 0.140, D_B: 0.003, G_B: 0.954, cycle_B: 0.249, idt_B: 0.085

[Rank 0] (epoch: 207, iters: 632, time: 0.075, data: 0.003) , D_A: 0.061, G_A: 0.501, cycle_A: 0.067, idt_A: 0.142, D_B: 0.001, G_B: 0.968, cycle_B: 0.229, idt_B: 0.051

saving the latest model (epoch 207, total_iters 205000)
[Rank 0] (epoch: 207, iters: 832, time: 0.030, data: 0.002) , D_A: 0.046, G_A: 0.723, cycle_A: 0.100, idt_A: 0.124, D_B: 0.001, G_B: 0.959, cycle_B: 0.211, idt_B: 0.079

[Rank 0] (epoch: 207, iters: 1032, time: 0.029, data: 0.003) , D_A: 0.061, G_A: 0.651, cycle_A: 0.087, idt_A: 0.169, D_B: 0.006, G_B: 0.961, cycle_B: 0.268, idt_B: 0.062

[Rank 0] (epoch: 207, iters: 1232, time: 0.030, data: 0.004) , D_A: 0.118, G_A: 0.462, cycle_A: 0.085, idt_A: 0.143, D_B: 0.001, G_B: 1.019, cycle_B: 0.235, idt_B: 0.066

[Rank 0] (epoch: 207, iters: 1432, time: 0.030, data: 0.002) , D_A: 0.069, G_A: 0.918, cycle_A: 3.135, idt_A: 0.168, D_B: 0.242, G_B: 0.473, cycle_B: 0.895, idt_B: 1.956

[Rank 0] (epoch: 207, iters: 1632, time: 0.071, data: 0.003) , D_A: 0.072, G_A: 0.758, cycle_A: 0.167, idt_A: 0.153, D_B: 0.271, G_B: 0.068, cycle_B: 0.345, idt_B: 0.141

[Rank 0] (epoch: 207, iters: 1832, time: 0.030, data: 0.003) , D_A: 0.065, G_A: 0.450, cycle_A: 0.108, idt_A: 0.167, D_B: 0.137, G_B: 0.352, cycle_B: 0.310, idt_B: 0.087

learning rate 0.0000800 -> 0.0000800
End of epoch 207 / 500 	 Time Taken: 52 sec
[Rank 0] (epoch: 208, iters: 104, time: 0.073, data: 0.004) , D_A: 0.090, G_A: 0.861, cycle_A: 0.131, idt_A: 0.150, D_B: 0.159, G_B: 0.404, cycle_B: 0.267, idt_B: 0.105

[Rank 0] (epoch: 208, iters: 304, time: 0.030, data: 0.002) , D_A: 0.132, G_A: 0.256, cycle_A: 0.104, idt_A: 0.145, D_B: 0.181, G_B: 0.281, cycle_B: 0.279, idt_B: 0.095

[Rank 0] (epoch: 208, iters: 504, time: 0.029, data: 0.004) , D_A: 0.066, G_A: 0.658, cycle_A: 0.118, idt_A: 0.135, D_B: 0.143, G_B: 0.282, cycle_B: 0.254, idt_B: 0.092

[Rank 0] (epoch: 208, iters: 704, time: 0.057, data: 0.002) , D_A: 0.127, G_A: 0.433, cycle_A: 0.107, idt_A: 0.124, D_B: 0.178, G_B: 0.957, cycle_B: 0.284, idt_B: 0.093

[Rank 0] (epoch: 208, iters: 904, time: 0.030, data: 0.002) , D_A: 0.112, G_A: 0.691, cycle_A: 0.102, idt_A: 0.148, D_B: 0.100, G_B: 0.709, cycle_B: 0.303, idt_B: 0.080

[Rank 0] (epoch: 208, iters: 1104, time: 0.030, data: 0.004) , D_A: 0.068, G_A: 0.496, cycle_A: 0.094, idt_A: 0.131, D_B: 0.110, G_B: 0.736, cycle_B: 0.284, idt_B: 0.076

[Rank 0] (epoch: 208, iters: 1304, time: 0.030, data: 0.003) , D_A: 0.045, G_A: 0.935, cycle_A: 0.099, idt_A: 0.143, D_B: 0.014, G_B: 1.076, cycle_B: 0.300, idt_B: 0.083

[Rank 0] (epoch: 208, iters: 1504, time: 0.030, data: 0.004) , D_A: 0.130, G_A: 0.564, cycle_A: 0.098, idt_A: 0.152, D_B: 0.017, G_B: 0.677, cycle_B: 0.285, idt_B: 0.092

[Rank 0] (epoch: 208, iters: 1704, time: 0.072, data: 0.004) , D_A: 0.051, G_A: 0.614, cycle_A: 0.116, idt_A: 0.167, D_B: 0.031, G_B: 1.116, cycle_B: 0.273, idt_B: 0.094

[Rank 0] (epoch: 208, iters: 1904, time: 0.030, data: 0.002) , D_A: 0.120, G_A: 0.235, cycle_A: 0.096, idt_A: 0.150, D_B: 0.019, G_B: 0.975, cycle_B: 0.262, idt_B: 0.081

learning rate 0.0000800 -> 0.0000800
End of epoch 208 / 500 	 Time Taken: 52 sec
[Rank 0] (epoch: 209, iters: 176, time: 0.072, data: 0.003) , D_A: 0.087, G_A: 0.405, cycle_A: 0.105, idt_A: 0.125, D_B: 0.017, G_B: 0.717, cycle_B: 0.226, idt_B: 0.079

[Rank 0] (epoch: 209, iters: 376, time: 0.030, data: 0.003) , D_A: 0.119, G_A: 0.791, cycle_A: 0.111, idt_A: 0.131, D_B: 0.005, G_B: 0.990, cycle_B: 0.257, idt_B: 0.093

[Rank 0] (epoch: 209, iters: 576, time: 0.030, data: 0.005) , D_A: 0.102, G_A: 0.618, cycle_A: 0.091, idt_A: 0.136, D_B: 0.005, G_B: 0.866, cycle_B: 0.259, idt_B: 0.071

[Rank 0] (epoch: 209, iters: 776, time: 0.070, data: 0.003) , D_A: 0.294, G_A: 0.491, cycle_A: 0.156, idt_A: 0.199, D_B: 0.004, G_B: 0.967, cycle_B: 0.334, idt_B: 0.141

[Rank 0] (epoch: 209, iters: 976, time: 0.030, data: 0.003) , D_A: 0.204, G_A: 0.278, cycle_A: 0.114, idt_A: 0.162, D_B: 0.003, G_B: 0.927, cycle_B: 0.290, idt_B: 0.097

[Rank 0] (epoch: 209, iters: 1176, time: 0.030, data: 0.003) , D_A: 0.290, G_A: 0.179, cycle_A: 0.104, idt_A: 0.127, D_B: 0.005, G_B: 0.999, cycle_B: 0.236, idt_B: 0.094

[Rank 0] (epoch: 209, iters: 1376, time: 0.030, data: 0.005) , D_A: 0.229, G_A: 0.257, cycle_A: 0.091, idt_A: 0.127, D_B: 0.001, G_B: 0.940, cycle_B: 0.233, idt_B: 0.087

[Rank 0] (epoch: 209, iters: 1576, time: 0.029, data: 0.003) , D_A: 0.232, G_A: 0.258, cycle_A: 0.097, idt_A: 0.143, D_B: 0.011, G_B: 0.844, cycle_B: 0.267, idt_B: 0.095

[Rank 0] (epoch: 209, iters: 1776, time: 0.057, data: 0.004) , D_A: 0.220, G_A: 0.345, cycle_A: 0.122, idt_A: 0.141, D_B: 0.066, G_B: 0.711, cycle_B: 0.260, idt_B: 0.110

saving the latest model (epoch 209, total_iters 210000)
learning rate 0.0000800 -> 0.0000800
End of epoch 209 / 500 	 Time Taken: 52 sec
[Rank 0] (epoch: 210, iters: 48, time: 0.078, data: 0.002) , D_A: 0.242, G_A: 0.259, cycle_A: 0.109, idt_A: 0.133, D_B: 0.022, G_B: 1.039, cycle_B: 0.236, idt_B: 0.097

[Rank 0] (epoch: 210, iters: 248, time: 0.030, data: 0.003) , D_A: 0.236, G_A: 0.236, cycle_A: 0.104, idt_A: 0.131, D_B: 0.091, G_B: 0.434, cycle_B: 0.223, idt_B: 0.090

[Rank 0] (epoch: 210, iters: 448, time: 0.030, data: 0.003) , D_A: 0.280, G_A: 0.278, cycle_A: 0.118, idt_A: 0.150, D_B: 0.087, G_B: 0.277, cycle_B: 0.256, idt_B: 0.105

[Rank 0] (epoch: 210, iters: 648, time: 0.029, data: 0.003) , D_A: 0.217, G_A: 0.272, cycle_A: 0.091, idt_A: 0.133, D_B: 0.138, G_B: 0.441, cycle_B: 0.265, idt_B: 0.084

[Rank 0] (epoch: 210, iters: 848, time: 0.078, data: 0.004) , D_A: 0.237, G_A: 0.258, cycle_A: 0.081, idt_A: 0.124, D_B: 0.126, G_B: 0.401, cycle_B: 0.257, idt_B: 0.063

[Rank 0] (epoch: 210, iters: 1048, time: 0.030, data: 0.002) , D_A: 0.212, G_A: 0.314, cycle_A: 0.115, idt_A: 0.133, D_B: 0.038, G_B: 0.876, cycle_B: 0.242, idt_B: 0.116

[Rank 0] (epoch: 210, iters: 1248, time: 0.030, data: 0.003) , D_A: 0.204, G_A: 0.330, cycle_A: 0.102, idt_A: 0.153, D_B: 0.010, G_B: 0.915, cycle_B: 0.259, idt_B: 0.099

[Rank 0] (epoch: 210, iters: 1448, time: 0.030, data: 0.002) , D_A: 0.220, G_A: 0.281, cycle_A: 0.096, idt_A: 0.119, D_B: 0.003, G_B: 0.947, cycle_B: 0.235, idt_B: 0.084

[Rank 0] (epoch: 210, iters: 1648, time: 0.029, data: 0.003) , D_A: 0.225, G_A: 0.302, cycle_A: 0.086, idt_A: 0.130, D_B: 0.025, G_B: 0.578, cycle_B: 0.262, idt_B: 0.075

[Rank 0] (epoch: 210, iters: 1848, time: 0.058, data: 0.002) , D_A: 0.145, G_A: 0.214, cycle_A: 0.083, idt_A: 0.138, D_B: 0.003, G_B: 0.956, cycle_B: 0.243, idt_B: 0.073

learning rate 0.0000800 -> 0.0000800
End of epoch 210 / 500 	 Time Taken: 52 sec
[Rank 0] (epoch: 211, iters: 120, time: 0.079, data: 0.003) , D_A: 0.126, G_A: 0.698, cycle_A: 0.087, idt_A: 0.136, D_B: 0.006, G_B: 0.938, cycle_B: 0.238, idt_B: 0.074

[Rank 0] (epoch: 211, iters: 320, time: 0.030, data: 0.003) , D_A: 0.145, G_A: 0.340, cycle_A: 0.109, idt_A: 0.135, D_B: 0.003, G_B: 0.913, cycle_B: 0.246, idt_B: 0.089

[Rank 0] (epoch: 211, iters: 520, time: 0.029, data: 0.004) , D_A: 0.132, G_A: 0.221, cycle_A: 0.102, idt_A: 0.135, D_B: 0.048, G_B: 0.455, cycle_B: 0.264, idt_B: 0.081

[Rank 0] (epoch: 211, iters: 720, time: 0.030, data: 0.003) , D_A: 0.126, G_A: 0.312, cycle_A: 0.099, idt_A: 0.145, D_B: 0.008, G_B: 0.800, cycle_B: 0.244, idt_B: 0.083

[Rank 0] (epoch: 211, iters: 920, time: 0.082, data: 0.004) , D_A: 0.095, G_A: 0.436, cycle_A: 0.105, idt_A: 0.164, D_B: 0.011, G_B: 0.707, cycle_B: 0.272, idt_B: 0.085

[Rank 0] (epoch: 211, iters: 1120, time: 0.030, data: 0.003) , D_A: 0.078, G_A: 0.534, cycle_A: 0.088, idt_A: 0.140, D_B: 0.005, G_B: 0.995, cycle_B: 0.233, idt_B: 0.076

[Rank 0] (epoch: 211, iters: 1320, time: 0.030, data: 0.003) , D_A: 0.122, G_A: 0.543, cycle_A: 0.086, idt_A: 0.135, D_B: 0.003, G_B: 0.918, cycle_B: 0.215, idt_B: 0.075

[Rank 0] (epoch: 211, iters: 1520, time: 0.030, data: 0.004) , D_A: 0.085, G_A: 0.514, cycle_A: 0.101, idt_A: 0.159, D_B: 0.003, G_B: 0.926, cycle_B: 0.269, idt_B: 0.083

[Rank 0] (epoch: 211, iters: 1720, time: 0.030, data: 0.004) , D_A: 0.191, G_A: 0.208, cycle_A: 0.078, idt_A: 0.134, D_B: 0.005, G_B: 1.009, cycle_B: 0.267, idt_B: 0.063

[Rank 0] (epoch: 211, iters: 1920, time: 0.068, data: 0.003) , D_A: 0.108, G_A: 0.771, cycle_A: 0.105, idt_A: 0.128, D_B: 0.007, G_B: 0.927, cycle_B: 0.238, idt_B: 0.085

learning rate 0.0000800 -> 0.0000800
End of epoch 211 / 500 	 Time Taken: 52 sec
[Rank 0] (epoch: 212, iters: 192, time: 0.058, data: 0.003) , D_A: 0.080, G_A: 0.387, cycle_A: 0.082, idt_A: 0.120, D_B: 0.006, G_B: 0.901, cycle_B: 0.216, idt_B: 0.064

[Rank 0] (epoch: 212, iters: 392, time: 0.029, data: 0.003) , D_A: 0.114, G_A: 0.687, cycle_A: 0.067, idt_A: 0.173, D_B: 0.002, G_B: 0.925, cycle_B: 0.266, idt_B: 0.058

[Rank 0] (epoch: 212, iters: 592, time: 0.030, data: 0.004) , D_A: 0.138, G_A: 0.233, cycle_A: 0.106, idt_A: 0.161, D_B: 0.006, G_B: 0.815, cycle_B: 0.234, idt_B: 0.082

[Rank 0] (epoch: 212, iters: 792, time: 0.030, data: 0.002) , D_A: 0.057, G_A: 0.540, cycle_A: 0.082, idt_A: 0.113, D_B: 0.004, G_B: 0.902, cycle_B: 0.197, idt_B: 0.065

[Rank 0] (epoch: 212, iters: 992, time: 0.083, data: 0.003) , D_A: 0.053, G_A: 0.669, cycle_A: 0.076, idt_A: 0.124, D_B: 0.003, G_B: 0.900, cycle_B: 0.226, idt_B: 0.058

saving the latest model (epoch 212, total_iters 215000)
[Rank 0] (epoch: 212, iters: 1192, time: 0.029, data: 0.002) , D_A: 0.065, G_A: 0.391, cycle_A: 0.111, idt_A: 0.115, D_B: 0.003, G_B: 0.925, cycle_B: 0.204, idt_B: 0.087

[Rank 0] (epoch: 212, iters: 1392, time: 0.030, data: 0.004) , D_A: 0.094, G_A: 0.397, cycle_A: 0.119, idt_A: 0.132, D_B: 0.007, G_B: 0.842, cycle_B: 0.234, idt_B: 0.106

[Rank 0] (epoch: 212, iters: 1592, time: 0.030, data: 0.003) , D_A: 0.051, G_A: 0.754, cycle_A: 0.105, idt_A: 0.156, D_B: 0.006, G_B: 0.928, cycle_B: 0.232, idt_B: 0.085

[Rank 0] (epoch: 212, iters: 1792, time: 0.030, data: 0.003) , D_A: 0.080, G_A: 0.577, cycle_A: 0.107, idt_A: 0.134, D_B: 0.005, G_B: 0.892, cycle_B: 0.227, idt_B: 0.081

learning rate 0.0000800 -> 0.0000800
End of epoch 212 / 500 	 Time Taken: 52 sec
[Rank 0] (epoch: 213, iters: 64, time: 0.073, data: 0.002) , D_A: 0.052, G_A: 0.606, cycle_A: 0.093, idt_A: 0.142, D_B: 0.003, G_B: 0.993, cycle_B: 0.248, idt_B: 0.068

[Rank 0] (epoch: 213, iters: 264, time: 0.030, data: 0.005) , D_A: 0.095, G_A: 0.419, cycle_A: 0.090, idt_A: 0.143, D_B: 0.002, G_B: 0.957, cycle_B: 0.246, idt_B: 0.071

[Rank 0] (epoch: 213, iters: 464, time: 0.029, data: 0.002) , D_A: 0.073, G_A: 0.670, cycle_A: 0.083, idt_A: 0.155, D_B: 0.008, G_B: 1.185, cycle_B: 0.294, idt_B: 0.061

[Rank 0] (epoch: 213, iters: 664, time: 0.030, data: 0.003) , D_A: 0.076, G_A: 0.551, cycle_A: 0.100, idt_A: 0.135, D_B: 0.004, G_B: 0.864, cycle_B: 0.243, idt_B: 0.087

[Rank 0] (epoch: 213, iters: 864, time: 0.030, data: 0.004) , D_A: 0.078, G_A: 0.481, cycle_A: 0.079, idt_A: 0.152, D_B: 0.003, G_B: 0.900, cycle_B: 0.266, idt_B: 0.065

[Rank 0] (epoch: 213, iters: 1064, time: 0.071, data: 0.004) , D_A: 0.093, G_A: 0.390, cycle_A: 0.089, idt_A: 0.135, D_B: 0.002, G_B: 1.016, cycle_B: 0.225, idt_B: 0.072

[Rank 0] (epoch: 213, iters: 1264, time: 0.030, data: 0.003) , D_A: 0.115, G_A: 0.270, cycle_A: 0.100, idt_A: 0.155, D_B: 0.002, G_B: 0.949, cycle_B: 0.230, idt_B: 0.076

[Rank 0] (epoch: 213, iters: 1464, time: 0.030, data: 0.002) , D_A: 0.054, G_A: 0.467, cycle_A: 0.071, idt_A: 0.131, D_B: 0.002, G_B: 1.003, cycle_B: 0.226, idt_B: 0.058

[Rank 0] (epoch: 213, iters: 1664, time: 0.030, data: 0.004) , D_A: 0.037, G_A: 0.933, cycle_A: 0.083, idt_A: 0.122, D_B: 0.001, G_B: 0.958, cycle_B: 0.247, idt_B: 0.069

[Rank 0] (epoch: 213, iters: 1864, time: 0.030, data: 0.003) , D_A: 0.115, G_A: 0.477, cycle_A: 0.088, idt_A: 0.147, D_B: 0.001, G_B: 0.977, cycle_B: 0.242, idt_B: 0.071

learning rate 0.0000800 -> 0.0000800
End of epoch 213 / 500 	 Time Taken: 52 sec
[Rank 0] (epoch: 214, iters: 136, time: 0.058, data: 0.003) , D_A: 0.144, G_A: 0.469, cycle_A: 0.068, idt_A: 0.131, D_B: 0.001, G_B: 0.993, cycle_B: 0.217, idt_B: 0.051

[Rank 0] (epoch: 214, iters: 336, time: 0.030, data: 0.002) , D_A: 0.082, G_A: 0.574, cycle_A: 0.092, idt_A: 0.138, D_B: 0.001, G_B: 0.934, cycle_B: 0.211, idt_B: 0.077

[Rank 0] (epoch: 214, iters: 536, time: 0.030, data: 0.003) , D_A: 0.060, G_A: 0.545, cycle_A: 0.086, idt_A: 0.135, D_B: 0.002, G_B: 1.038, cycle_B: 0.238, idt_B: 0.065

[Rank 0] (epoch: 214, iters: 736, time: 0.029, data: 0.003) , D_A: 0.050, G_A: 0.745, cycle_A: 0.096, idt_A: 0.137, D_B: 0.002, G_B: 0.948, cycle_B: 0.230, idt_B: 0.080

[Rank 0] (epoch: 214, iters: 936, time: 0.030, data: 0.002) , D_A: 0.079, G_A: 0.566, cycle_A: 0.102, idt_A: 0.149, D_B: 0.001, G_B: 0.954, cycle_B: 0.222, idt_B: 0.076

[Rank 0] (epoch: 214, iters: 1136, time: 0.074, data: 0.004) , D_A: 0.096, G_A: 0.420, cycle_A: 0.107, idt_A: 0.147, D_B: 0.002, G_B: 0.980, cycle_B: 0.235, idt_B: 0.085

[Rank 0] (epoch: 214, iters: 1336, time: 0.030, data: 0.003) , D_A: 0.056, G_A: 0.856, cycle_A: 0.072, idt_A: 0.144, D_B: 0.001, G_B: 0.968, cycle_B: 0.232, idt_B: 0.060

[Rank 0] (epoch: 214, iters: 1536, time: 0.030, data: 0.003) , D_A: 0.058, G_A: 0.566, cycle_A: 0.115, idt_A: 0.119, D_B: 0.002, G_B: 0.969, cycle_B: 0.211, idt_B: 0.097

[Rank 0] (epoch: 214, iters: 1736, time: 0.030, data: 0.007) , D_A: 0.120, G_A: 0.798, cycle_A: 0.074, idt_A: 0.152, D_B: 0.004, G_B: 1.181, cycle_B: 0.241, idt_B: 0.051

learning rate 0.0000800 -> 0.0000800
End of epoch 214 / 500 	 Time Taken: 51 sec
[Rank 0] (epoch: 215, iters: 8, time: 0.070, data: 0.003) , D_A: 0.070, G_A: 0.517, cycle_A: 0.109, idt_A: 0.157, D_B: 0.001, G_B: 0.950, cycle_B: 0.269, idt_B: 0.081

[Rank 0] (epoch: 215, iters: 208, time: 0.070, data: 0.003) , D_A: 0.055, G_A: 0.584, cycle_A: 0.083, idt_A: 0.190, D_B: 0.001, G_B: 0.913, cycle_B: 0.273, idt_B: 0.064

saving the latest model (epoch 215, total_iters 220000)
[Rank 0] (epoch: 215, iters: 408, time: 0.030, data: 0.002) , D_A: 0.127, G_A: 0.342, cycle_A: 0.102, idt_A: 0.107, D_B: 0.001, G_B: 0.979, cycle_B: 0.204, idt_B: 0.086

[Rank 0] (epoch: 215, iters: 608, time: 0.030, data: 0.003) , D_A: 0.144, G_A: 0.419, cycle_A: 0.082, idt_A: 0.134, D_B: 0.001, G_B: 0.927, cycle_B: 0.223, idt_B: 0.067

[Rank 0] (epoch: 215, iters: 808, time: 0.030, data: 0.005) , D_A: 0.127, G_A: 0.278, cycle_A: 0.079, idt_A: 0.147, D_B: 0.001, G_B: 0.977, cycle_B: 0.243, idt_B: 0.064

[Rank 0] (epoch: 215, iters: 1008, time: 0.030, data: 0.004) , D_A: 0.049, G_A: 0.558, cycle_A: 0.088, idt_A: 0.135, D_B: 0.001, G_B: 0.995, cycle_B: 0.212, idt_B: 0.071

[Rank 0] (epoch: 215, iters: 1208, time: 0.055, data: 0.002) , D_A: 0.079, G_A: 0.538, cycle_A: 0.090, idt_A: 0.125, D_B: 0.001, G_B: 0.996, cycle_B: 0.203, idt_B: 0.069

[Rank 0] (epoch: 215, iters: 1408, time: 0.030, data: 0.003) , D_A: 0.178, G_A: 0.806, cycle_A: 0.087, idt_A: 0.125, D_B: 0.001, G_B: 0.997, cycle_B: 0.211, idt_B: 0.069

[Rank 0] (epoch: 215, iters: 1608, time: 0.029, data: 0.004) , D_A: 0.109, G_A: 0.445, cycle_A: 0.085, idt_A: 0.130, D_B: 0.001, G_B: 0.984, cycle_B: 0.213, idt_B: 0.068

[Rank 0] (epoch: 215, iters: 1808, time: 0.030, data: 0.003) , D_A: 0.105, G_A: 0.469, cycle_A: 0.098, idt_A: 0.155, D_B: 0.003, G_B: 1.166, cycle_B: 0.229, idt_B: 0.073

learning rate 0.0000800 -> 0.0000800
End of epoch 215 / 500 	 Time Taken: 52 sec
[Rank 0] (epoch: 216, iters: 80, time: 0.074, data: 0.002) , D_A: 0.131, G_A: 0.213, cycle_A: 0.090, idt_A: 0.129, D_B: 0.002, G_B: 0.940, cycle_B: 0.229, idt_B: 0.071

[Rank 0] (epoch: 216, iters: 280, time: 0.066, data: 0.003) , D_A: 0.091, G_A: 0.337, cycle_A: 0.087, idt_A: 0.125, D_B: 0.002, G_B: 1.170, cycle_B: 0.223, idt_B: 0.072

[Rank 0] (epoch: 216, iters: 480, time: 0.030, data: 0.003) , D_A: 0.041, G_A: 0.714, cycle_A: 0.072, idt_A: 0.178, D_B: 0.002, G_B: 0.935, cycle_B: 0.245, idt_B: 0.054

[Rank 0] (epoch: 216, iters: 680, time: 0.029, data: 0.004) , D_A: 0.081, G_A: 0.541, cycle_A: 0.089, idt_A: 0.155, D_B: 0.003, G_B: 1.124, cycle_B: 0.234, idt_B: 0.068

[Rank 0] (epoch: 216, iters: 880, time: 0.030, data: 0.002) , D_A: 0.069, G_A: 0.416, cycle_A: 0.093, idt_A: 0.141, D_B: 0.003, G_B: 1.155, cycle_B: 0.249, idt_B: 0.069

[Rank 0] (epoch: 216, iters: 1080, time: 0.030, data: 0.004) , D_A: 0.059, G_A: 0.617, cycle_A: 0.105, idt_A: 0.144, D_B: 0.002, G_B: 1.033, cycle_B: 0.236, idt_B: 0.084

[Rank 0] (epoch: 216, iters: 1280, time: 0.071, data: 0.003) , D_A: 0.056, G_A: 0.896, cycle_A: 0.113, idt_A: 0.133, D_B: 0.002, G_B: 0.967, cycle_B: 0.225, idt_B: 0.088

[Rank 0] (epoch: 216, iters: 1480, time: 0.030, data: 0.003) , D_A: 0.062, G_A: 0.380, cycle_A: 0.066, idt_A: 0.122, D_B: 0.002, G_B: 0.968, cycle_B: 0.191, idt_B: 0.051

[Rank 0] (epoch: 216, iters: 1680, time: 0.029, data: 0.002) , D_A: 0.085, G_A: 0.507, cycle_A: 0.079, idt_A: 0.142, D_B: 0.002, G_B: 0.910, cycle_B: 0.213, idt_B: 0.062

[Rank 0] (epoch: 216, iters: 1880, time: 0.030, data: 0.002) , D_A: 0.114, G_A: 0.544, cycle_A: 0.080, idt_A: 0.135, D_B: 0.002, G_B: 0.924, cycle_B: 0.222, idt_B: 0.061

learning rate 0.0000800 -> 0.0000800
End of epoch 216 / 500 	 Time Taken: 52 sec
[Rank 0] (epoch: 217, iters: 152, time: 0.060, data: 0.003) , D_A: 0.104, G_A: 0.898, cycle_A: 0.106, idt_A: 0.145, D_B: 0.004, G_B: 1.166, cycle_B: 0.244, idt_B: 0.078

[Rank 0] (epoch: 217, iters: 352, time: 0.076, data: 0.003) , D_A: 0.291, G_A: 1.202, cycle_A: 0.093, idt_A: 0.128, D_B: 0.001, G_B: 0.966, cycle_B: 0.211, idt_B: 0.069

[Rank 0] (epoch: 217, iters: 552, time: 0.030, data: 0.003) , D_A: 0.066, G_A: 0.613, cycle_A: 0.099, idt_A: 0.138, D_B: 0.003, G_B: 0.999, cycle_B: 0.241, idt_B: 0.074

[Rank 0] (epoch: 217, iters: 752, time: 0.029, data: 0.003) , D_A: 0.066, G_A: 0.367, cycle_A: 0.103, idt_A: 0.139, D_B: 0.001, G_B: 0.989, cycle_B: 0.227, idt_B: 0.083

[Rank 0] (epoch: 217, iters: 952, time: 0.030, data: 0.002) , D_A: 0.095, G_A: 0.485, cycle_A: 0.087, idt_A: 0.126, D_B: 0.003, G_B: 1.131, cycle_B: 0.224, idt_B: 0.068

[Rank 0] (epoch: 217, iters: 1152, time: 0.030, data: 0.004) , D_A: 0.076, G_A: 0.416, cycle_A: 0.076, idt_A: 0.141, D_B: 0.039, G_B: 0.809, cycle_B: 0.226, idt_B: 0.062

[Rank 0] (epoch: 217, iters: 1352, time: 0.076, data: 0.003) , D_A: 0.069, G_A: 0.585, cycle_A: 0.104, idt_A: 0.148, D_B: 0.002, G_B: 0.951, cycle_B: 0.235, idt_B: 0.078

saving the latest model (epoch 217, total_iters 225000)
[Rank 0] (epoch: 217, iters: 1552, time: 0.030, data: 0.004) , D_A: 0.069, G_A: 0.558, cycle_A: 0.080, idt_A: 0.125, D_B: 0.001, G_B: 0.970, cycle_B: 0.213, idt_B: 0.061

[Rank 0] (epoch: 217, iters: 1752, time: 0.030, data: 0.003) , D_A: 0.065, G_A: 0.572, cycle_A: 0.073, idt_A: 0.136, D_B: 0.001, G_B: 0.977, cycle_B: 0.219, idt_B: 0.060

learning rate 0.0000800 -> 0.0000800
End of epoch 217 / 500 	 Time Taken: 52 sec
[Rank 0] (epoch: 218, iters: 24, time: 0.072, data: 0.002) , D_A: 0.077, G_A: 0.505, cycle_A: 0.091, idt_A: 0.116, D_B: 0.001, G_B: 0.941, cycle_B: 0.198, idt_B: 0.075

[Rank 0] (epoch: 218, iters: 224, time: 0.030, data: 0.002) , D_A: 0.080, G_A: 0.343, cycle_A: 0.082, idt_A: 0.123, D_B: 0.001, G_B: 1.001, cycle_B: 0.195, idt_B: 0.066

[Rank 0] (epoch: 218, iters: 424, time: 0.058, data: 0.003) , D_A: 0.157, G_A: 0.191, cycle_A: 0.088, idt_A: 0.131, D_B: 0.001, G_B: 0.993, cycle_B: 0.208, idt_B: 0.071

[Rank 0] (epoch: 218, iters: 624, time: 0.029, data: 0.002) , D_A: 0.093, G_A: 0.252, cycle_A: 0.114, idt_A: 0.138, D_B: 0.001, G_B: 0.991, cycle_B: 0.232, idt_B: 0.091

[Rank 0] (epoch: 218, iters: 824, time: 0.030, data: 0.006) , D_A: 0.122, G_A: 0.347, cycle_A: 0.091, idt_A: 0.148, D_B: 0.001, G_B: 0.988, cycle_B: 0.224, idt_B: 0.075

[Rank 0] (epoch: 218, iters: 1024, time: 0.030, data: 0.003) , D_A: 0.101, G_A: 0.383, cycle_A: 0.095, idt_A: 0.116, D_B: 0.001, G_B: 0.986, cycle_B: 0.194, idt_B: 0.067

[Rank 0] (epoch: 218, iters: 1224, time: 0.030, data: 0.006) , D_A: 0.066, G_A: 0.470, cycle_A: 0.103, idt_A: 0.113, D_B: 0.001, G_B: 0.991, cycle_B: 0.204, idt_B: 0.082

[Rank 0] (epoch: 218, iters: 1424, time: 0.072, data: 0.004) , D_A: 0.082, G_A: 0.789, cycle_A: 0.084, idt_A: 0.139, D_B: 0.001, G_B: 0.986, cycle_B: 0.211, idt_B: 0.069

[Rank 0] (epoch: 218, iters: 1624, time: 0.029, data: 0.003) , D_A: 0.116, G_A: 0.500, cycle_A: 0.078, idt_A: 0.130, D_B: 0.001, G_B: 1.014, cycle_B: 0.215, idt_B: 0.054

[Rank 0] (epoch: 218, iters: 1824, time: 0.029, data: 0.004) , D_A: 0.133, G_A: 0.829, cycle_A: 0.112, idt_A: 0.157, D_B: 0.003, G_B: 1.011, cycle_B: 0.259, idt_B: 0.094

learning rate 0.0000800 -> 0.0000800
End of epoch 218 / 500 	 Time Taken: 52 sec
[Rank 0] (epoch: 219, iters: 96, time: 0.097, data: 0.002) , D_A: 0.148, G_A: 0.814, cycle_A: 0.071, idt_A: 0.124, D_B: 0.001, G_B: 0.964, cycle_B: 0.195, idt_B: 0.060

[Rank 0] (epoch: 219, iters: 296, time: 0.030, data: 0.002) , D_A: 0.074, G_A: 0.712, cycle_A: 0.082, idt_A: 0.121, D_B: 0.001, G_B: 0.971, cycle_B: 0.203, idt_B: 0.065

[Rank 0] (epoch: 219, iters: 496, time: 0.069, data: 0.004) , D_A: 0.069, G_A: 0.446, cycle_A: 0.081, idt_A: 0.128, D_B: 0.001, G_B: 0.985, cycle_B: 0.201, idt_B: 0.069

[Rank 0] (epoch: 219, iters: 696, time: 0.030, data: 0.002) , D_A: 0.055, G_A: 0.602, cycle_A: 0.097, idt_A: 0.139, D_B: 0.001, G_B: 0.972, cycle_B: 0.217, idt_B: 0.078

[Rank 0] (epoch: 219, iters: 896, time: 0.029, data: 0.004) , D_A: 0.135, G_A: 0.556, cycle_A: 0.083, idt_A: 0.127, D_B: 0.004, G_B: 1.251, cycle_B: 0.243, idt_B: 0.057

[Rank 0] (epoch: 219, iters: 1096, time: 0.030, data: 0.002) , D_A: 0.167, G_A: 0.454, cycle_A: 0.092, idt_A: 0.142, D_B: 0.001, G_B: 0.986, cycle_B: 0.219, idt_B: 0.069

[Rank 0] (epoch: 219, iters: 1296, time: 0.026, data: 0.005) , D_A: 0.112, G_A: 0.342, cycle_A: 0.109, idt_A: 0.157, D_B: 0.001, G_B: 1.006, cycle_B: 0.199, idt_B: 0.086

[Rank 0] (epoch: 219, iters: 1496, time: 0.055, data: 0.002) , D_A: 0.120, G_A: 0.455, cycle_A: 0.091, idt_A: 0.122, D_B: 0.001, G_B: 0.969, cycle_B: 0.199, idt_B: 0.073

[Rank 0] (epoch: 219, iters: 1696, time: 0.030, data: 0.001) , D_A: 0.078, G_A: 0.456, cycle_A: 0.084, idt_A: 0.140, D_B: 0.001, G_B: 0.994, cycle_B: 0.219, idt_B: 0.073

[Rank 0] (epoch: 219, iters: 1896, time: 0.030, data: 0.002) , D_A: 0.104, G_A: 0.807, cycle_A: 0.104, idt_A: 0.117, D_B: 0.005, G_B: 1.013, cycle_B: 0.199, idt_B: 0.083

learning rate 0.0000800 -> 0.0000800
End of epoch 219 / 500 	 Time Taken: 52 sec
[Rank 0] (epoch: 220, iters: 168, time: 0.071, data: 0.002) , D_A: 0.065, G_A: 0.704, cycle_A: 0.192, idt_A: 0.150, D_B: 0.001, G_B: 1.018, cycle_B: 0.263, idt_B: 0.063

[Rank 0] (epoch: 220, iters: 368, time: 0.030, data: 0.003) , D_A: 0.045, G_A: 0.641, cycle_A: 0.213, idt_A: 0.148, D_B: 0.001, G_B: 0.961, cycle_B: 0.216, idt_B: 0.076

[Rank 0] (epoch: 220, iters: 568, time: 0.073, data: 0.003) , D_A: 0.062, G_A: 0.510, cycle_A: 0.172, idt_A: 0.127, D_B: 0.001, G_B: 1.006, cycle_B: 0.200, idt_B: 0.058

saving the latest model (epoch 220, total_iters 230000)
[Rank 0] (epoch: 220, iters: 768, time: 0.030, data: 0.004) , D_A: 0.148, G_A: 0.599, cycle_A: 0.079, idt_A: 0.122, D_B: 0.001, G_B: 1.008, cycle_B: 0.224, idt_B: 0.059

[Rank 0] (epoch: 220, iters: 968, time: 0.030, data: 0.002) , D_A: 0.048, G_A: 0.534, cycle_A: 0.099, idt_A: 0.153, D_B: 0.002, G_B: 1.018, cycle_B: 0.223, idt_B: 0.078

[Rank 0] (epoch: 220, iters: 1168, time: 0.030, data: 0.003) , D_A: 0.044, G_A: 0.552, cycle_A: 0.097, idt_A: 0.125, D_B: 0.009, G_B: 0.980, cycle_B: 0.203, idt_B: 0.068

[Rank 0] (epoch: 220, iters: 1368, time: 0.029, data: 0.003) , D_A: 0.236, G_A: 0.610, cycle_A: 0.102, idt_A: 0.138, D_B: 0.002, G_B: 0.954, cycle_B: 0.226, idt_B: 0.068

[Rank 0] (epoch: 220, iters: 1568, time: 0.069, data: 0.002) , D_A: 0.115, G_A: 0.315, cycle_A: 0.104, idt_A: 0.134, D_B: 0.001, G_B: 1.010, cycle_B: 0.219, idt_B: 0.085

[Rank 0] (epoch: 220, iters: 1768, time: 0.030, data: 0.003) , D_A: 0.218, G_A: 1.073, cycle_A: 0.075, idt_A: 0.141, D_B: 0.002, G_B: 0.966, cycle_B: 0.202, idt_B: 0.058

learning rate 0.0000800 -> 0.0000800
saving the model at the end of epoch 220, iters 231360
End of epoch 220 / 500 	 Time Taken: 52 sec
[Rank 0] (epoch: 221, iters: 40, time: 0.058, data: 0.004) , D_A: 0.063, G_A: 0.444, cycle_A: 0.092, idt_A: 0.145, D_B: 0.001, G_B: 1.010, cycle_B: 0.217, idt_B: 0.074

[Rank 0] (epoch: 221, iters: 240, time: 0.030, data: 0.003) , D_A: 0.067, G_A: 0.704, cycle_A: 0.086, idt_A: 0.137, D_B: 0.001, G_B: 1.017, cycle_B: 0.234, idt_B: 0.067

[Rank 0] (epoch: 221, iters: 440, time: 0.029, data: 0.003) , D_A: 0.059, G_A: 0.589, cycle_A: 0.082, idt_A: 0.138, D_B: 0.000, G_B: 0.984, cycle_B: 0.247, idt_B: 0.062

[Rank 0] (epoch: 221, iters: 640, time: 0.076, data: 0.004) , D_A: 0.092, G_A: 0.476, cycle_A: 0.094, idt_A: 0.161, D_B: 0.003, G_B: 1.027, cycle_B: 0.238, idt_B: 0.076

[Rank 0] (epoch: 221, iters: 840, time: 0.030, data: 0.003) , D_A: 0.080, G_A: 0.948, cycle_A: 0.111, idt_A: 0.134, D_B: 0.002, G_B: 1.021, cycle_B: 0.220, idt_B: 0.084

[Rank 0] (epoch: 221, iters: 1040, time: 0.030, data: 0.004) , D_A: 0.062, G_A: 0.623, cycle_A: 0.102, idt_A: 0.154, D_B: 0.004, G_B: 1.021, cycle_B: 0.248, idt_B: 0.084

[Rank 0] (epoch: 221, iters: 1240, time: 0.030, data: 0.003) , D_A: 0.100, G_A: 0.254, cycle_A: 0.095, idt_A: 0.135, D_B: 0.001, G_B: 1.006, cycle_B: 0.263, idt_B: 0.074

[Rank 0] (epoch: 221, iters: 1440, time: 0.030, data: 0.001) , D_A: 0.090, G_A: 0.475, cycle_A: 0.064, idt_A: 0.137, D_B: 0.001, G_B: 0.970, cycle_B: 0.233, idt_B: 0.049

[Rank 0] (epoch: 221, iters: 1640, time: 0.068, data: 0.002) , D_A: 0.128, G_A: 0.341, cycle_A: 0.102, idt_A: 0.123, D_B: 0.006, G_B: 0.976, cycle_B: 0.208, idt_B: 0.077

[Rank 0] (epoch: 221, iters: 1840, time: 0.029, data: 0.004) , D_A: 0.064, G_A: 0.734, cycle_A: 0.075, idt_A: 0.140, D_B: 0.004, G_B: 1.013, cycle_B: 0.211, idt_B: 0.064

learning rate 0.0000800 -> 0.0000800
End of epoch 221 / 500 	 Time Taken: 52 sec
[Rank 0] (epoch: 222, iters: 112, time: 0.072, data: 0.004) , D_A: 0.053, G_A: 0.779, cycle_A: 0.097, idt_A: 0.188, D_B: 0.001, G_B: 0.980, cycle_B: 0.263, idt_B: 0.072

[Rank 0] (epoch: 222, iters: 312, time: 0.030, data: 0.003) , D_A: 0.058, G_A: 0.609, cycle_A: 0.111, idt_A: 0.113, D_B: 0.003, G_B: 1.024, cycle_B: 0.198, idt_B: 0.084

[Rank 0] (epoch: 222, iters: 512, time: 0.030, data: 0.002) , D_A: 0.051, G_A: 0.562, cycle_A: 0.092, idt_A: 0.124, D_B: 0.002, G_B: 0.975, cycle_B: 0.225, idt_B: 0.072

[Rank 0] (epoch: 222, iters: 712, time: 0.059, data: 0.003) , D_A: 0.074, G_A: 0.411, cycle_A: 0.082, idt_A: 0.136, D_B: 0.005, G_B: 0.903, cycle_B: 0.230, idt_B: 0.066

[Rank 0] (epoch: 222, iters: 912, time: 0.030, data: 0.003) , D_A: 0.066, G_A: 0.332, cycle_A: 0.112, idt_A: 0.147, D_B: 0.005, G_B: 0.861, cycle_B: 0.221, idt_B: 0.083

[Rank 0] (epoch: 222, iters: 1112, time: 0.029, data: 0.005) , D_A: 0.073, G_A: 0.489, cycle_A: 0.079, idt_A: 0.140, D_B: 0.001, G_B: 0.950, cycle_B: 0.231, idt_B: 0.063

[Rank 0] (epoch: 222, iters: 1312, time: 0.030, data: 0.002) , D_A: 0.064, G_A: 0.398, cycle_A: 0.098, idt_A: 0.157, D_B: 0.005, G_B: 1.165, cycle_B: 0.243, idt_B: 0.080

[Rank 0] (epoch: 222, iters: 1512, time: 0.029, data: 0.003) , D_A: 0.079, G_A: 0.464, cycle_A: 0.098, idt_A: 0.149, D_B: 0.001, G_B: 0.963, cycle_B: 0.243, idt_B: 0.076

[Rank 0] (epoch: 222, iters: 1712, time: 0.074, data: 0.003) , D_A: 0.112, G_A: 0.581, cycle_A: 0.103, idt_A: 0.125, D_B: 0.001, G_B: 1.039, cycle_B: 0.215, idt_B: 0.089

saving the latest model (epoch 222, total_iters 235000)
[Rank 0] (epoch: 222, iters: 1912, time: 0.030, data: 0.002) , D_A: 0.035, G_A: 0.691, cycle_A: 0.084, idt_A: 0.126, D_B: 0.001, G_B: 1.007, cycle_B: 0.216, idt_B: 0.068

learning rate 0.0000800 -> 0.0000800
End of epoch 222 / 500 	 Time Taken: 52 sec
[Rank 0] (epoch: 223, iters: 184, time: 0.071, data: 0.002) , D_A: 0.060, G_A: 0.596, cycle_A: 0.085, idt_A: 0.123, D_B: 0.002, G_B: 0.981, cycle_B: 0.198, idt_B: 0.064

[Rank 0] (epoch: 223, iters: 384, time: 0.030, data: 0.003) , D_A: 0.060, G_A: 0.642, cycle_A: 0.088, idt_A: 0.139, D_B: 0.001, G_B: 0.988, cycle_B: 0.227, idt_B: 0.063

[Rank 0] (epoch: 223, iters: 584, time: 0.030, data: 0.004) , D_A: 0.055, G_A: 0.662, cycle_A: 0.081, idt_A: 0.152, D_B: 0.002, G_B: 0.952, cycle_B: 0.254, idt_B: 0.065

[Rank 0] (epoch: 223, iters: 784, time: 0.069, data: 0.002) , D_A: 0.090, G_A: 0.494, cycle_A: 0.075, idt_A: 0.135, D_B: 0.004, G_B: 0.985, cycle_B: 0.256, idt_B: 0.063

[Rank 0] (epoch: 223, iters: 984, time: 0.030, data: 0.003) , D_A: 0.084, G_A: 0.391, cycle_A: 0.096, idt_A: 0.139, D_B: 0.003, G_B: 0.882, cycle_B: 0.222, idt_B: 0.078

[Rank 0] (epoch: 223, iters: 1184, time: 0.030, data: 0.003) , D_A: 0.037, G_A: 0.566, cycle_A: 0.105, idt_A: 0.157, D_B: 0.004, G_B: 1.168, cycle_B: 0.260, idt_B: 0.080

[Rank 0] (epoch: 223, iters: 1384, time: 0.030, data: 0.003) , D_A: 0.108, G_A: 0.477, cycle_A: 0.089, idt_A: 0.177, D_B: 0.001, G_B: 0.918, cycle_B: 0.268, idt_B: 0.073

[Rank 0] (epoch: 223, iters: 1584, time: 0.030, data: 0.003) , D_A: 0.097, G_A: 0.829, cycle_A: 0.079, idt_A: 0.110, D_B: 0.001, G_B: 1.035, cycle_B: 0.196, idt_B: 0.058

[Rank 0] (epoch: 223, iters: 1784, time: 0.070, data: 0.003) , D_A: 0.136, G_A: 0.531, cycle_A: 0.070, idt_A: 0.127, D_B: 0.001, G_B: 0.983, cycle_B: 0.228, idt_B: 0.057

learning rate 0.0000800 -> 0.0000800
End of epoch 223 / 500 	 Time Taken: 52 sec
[Rank 0] (epoch: 224, iters: 56, time: 0.058, data: 0.004) , D_A: 0.042, G_A: 0.953, cycle_A: 0.074, idt_A: 0.161, D_B: 0.002, G_B: 0.962, cycle_B: 0.210, idt_B: 0.054

[Rank 0] (epoch: 224, iters: 256, time: 0.030, data: 0.002) , D_A: 0.078, G_A: 0.440, cycle_A: 0.074, idt_A: 0.129, D_B: 0.004, G_B: 0.982, cycle_B: 0.208, idt_B: 0.064

[Rank 0] (epoch: 224, iters: 456, time: 0.030, data: 0.003) , D_A: 0.105, G_A: 0.516, cycle_A: 0.092, idt_A: 0.153, D_B: 0.002, G_B: 0.957, cycle_B: 0.225, idt_B: 0.069

[Rank 0] (epoch: 224, iters: 656, time: 0.030, data: 0.004) , D_A: 0.086, G_A: 0.829, cycle_A: 0.083, idt_A: 0.194, D_B: 0.001, G_B: 0.970, cycle_B: 0.255, idt_B: 0.053

[Rank 0] (epoch: 224, iters: 856, time: 0.088, data: 0.004) , D_A: 0.080, G_A: 0.618, cycle_A: 0.064, idt_A: 0.138, D_B: 0.000, G_B: 0.980, cycle_B: 0.232, idt_B: 0.046

[Rank 0] (epoch: 224, iters: 1056, time: 0.030, data: 0.002) , D_A: 0.154, G_A: 0.333, cycle_A: 0.076, idt_A: 0.167, D_B: 0.001, G_B: 0.990, cycle_B: 0.248, idt_B: 0.065

[Rank 0] (epoch: 224, iters: 1256, time: 0.030, data: 0.003) , D_A: 0.073, G_A: 0.449, cycle_A: 0.081, idt_A: 0.123, D_B: 0.001, G_B: 0.970, cycle_B: 0.209, idt_B: 0.058

[Rank 0] (epoch: 224, iters: 1456, time: 0.029, data: 0.004) , D_A: 0.048, G_A: 0.535, cycle_A: 0.097, idt_A: 0.138, D_B: 0.001, G_B: 1.017, cycle_B: 0.226, idt_B: 0.074

[Rank 0] (epoch: 224, iters: 1656, time: 0.030, data: 0.002) , D_A: 0.060, G_A: 0.680, cycle_A: 0.081, idt_A: 0.126, D_B: 0.001, G_B: 0.995, cycle_B: 0.210, idt_B: 0.063

[Rank 0] (epoch: 224, iters: 1856, time: 0.073, data: 0.004) , D_A: 0.143, G_A: 0.792, cycle_A: 0.073, idt_A: 0.134, D_B: 0.001, G_B: 1.012, cycle_B: 0.217, idt_B: 0.052

learning rate 0.0000800 -> 0.0000800
End of epoch 224 / 500 	 Time Taken: 52 sec
[Rank 0] (epoch: 225, iters: 128, time: 0.074, data: 0.006) , D_A: 0.123, G_A: 0.502, cycle_A: 0.094, idt_A: 0.129, D_B: 0.004, G_B: 1.011, cycle_B: 0.224, idt_B: 0.071

[Rank 0] (epoch: 225, iters: 328, time: 0.030, data: 0.004) , D_A: 0.080, G_A: 0.333, cycle_A: 0.096, idt_A: 0.155, D_B: 0.002, G_B: 0.976, cycle_B: 0.219, idt_B: 0.079

[Rank 0] (epoch: 225, iters: 528, time: 0.030, data: 0.002) , D_A: 0.108, G_A: 0.557, cycle_A: 0.099, idt_A: 0.148, D_B: 0.001, G_B: 0.999, cycle_B: 0.213, idt_B: 0.075

[Rank 0] (epoch: 225, iters: 728, time: 0.030, data: 0.003) , D_A: 0.142, G_A: 0.895, cycle_A: 0.101, idt_A: 0.140, D_B: 0.008, G_B: 0.956, cycle_B: 0.237, idt_B: 0.085

[Rank 0] (epoch: 225, iters: 928, time: 0.057, data: 0.004) , D_A: 0.041, G_A: 0.756, cycle_A: 0.117, idt_A: 0.133, D_B: 0.001, G_B: 1.019, cycle_B: 0.214, idt_B: 0.084

saving the latest model (epoch 225, total_iters 240000)
[Rank 0] (epoch: 225, iters: 1128, time: 0.030, data: 0.004) , D_A: 0.214, G_A: 1.025, cycle_A: 0.099, idt_A: 0.128, D_B: 0.001, G_B: 0.994, cycle_B: 0.220, idt_B: 0.080

[Rank 0] (epoch: 225, iters: 1328, time: 0.029, data: 0.003) , D_A: 0.079, G_A: 0.597, cycle_A: 0.091, idt_A: 0.115, D_B: 0.001, G_B: 0.950, cycle_B: 0.198, idt_B: 0.072

[Rank 0] (epoch: 225, iters: 1528, time: 0.030, data: 0.004) , D_A: 0.117, G_A: 0.680, cycle_A: 0.101, idt_A: 0.118, D_B: 0.001, G_B: 0.955, cycle_B: 0.207, idt_B: 0.084

[Rank 0] (epoch: 225, iters: 1728, time: 0.030, data: 0.002) , D_A: 0.081, G_A: 0.612, cycle_A: 0.094, idt_A: 0.147, D_B: 0.000, G_B: 0.992, cycle_B: 0.230, idt_B: 0.076

[Rank 0] (epoch: 225, iters: 1928, time: 0.065, data: 0.003) , D_A: 0.053, G_A: 0.446, cycle_A: 0.058, idt_A: 0.124, D_B: 0.002, G_B: 0.992, cycle_B: 0.203, idt_B: 0.048

learning rate 0.0000800 -> 0.0000800
End of epoch 225 / 500 	 Time Taken: 52 sec
[Rank 0] (epoch: 226, iters: 200, time: 0.070, data: 1.224) , D_A: 0.112, G_A: 0.554, cycle_A: 0.093, idt_A: 0.113, D_B: 0.001, G_B: 0.938, cycle_B: 0.200, idt_B: 0.076

[Rank 0] (epoch: 226, iters: 400, time: 0.030, data: 0.003) , D_A: 0.080, G_A: 0.489, cycle_A: 0.105, idt_A: 0.150, D_B: 0.000, G_B: 0.985, cycle_B: 0.218, idt_B: 0.076

[Rank 0] (epoch: 226, iters: 600, time: 0.030, data: 0.003) , D_A: 0.112, G_A: 0.353, cycle_A: 0.097, idt_A: 0.133, D_B: 0.002, G_B: 0.960, cycle_B: 0.212, idt_B: 0.075

[Rank 0] (epoch: 226, iters: 800, time: 0.030, data: 0.001) , D_A: 0.057, G_A: 0.404, cycle_A: 0.098, idt_A: 0.135, D_B: 0.002, G_B: 1.026, cycle_B: 0.231, idt_B: 0.078

[Rank 0] (epoch: 226, iters: 1000, time: 0.083, data: 0.003) , D_A: 0.083, G_A: 0.498, cycle_A: 0.091, idt_A: 0.132, D_B: 0.001, G_B: 0.971, cycle_B: 0.212, idt_B: 0.066

[Rank 0] (epoch: 226, iters: 1200, time: 0.030, data: 0.005) , D_A: 0.087, G_A: 0.385, cycle_A: 0.094, idt_A: 0.116, D_B: 0.002, G_B: 1.040, cycle_B: 0.208, idt_B: 0.071

[Rank 0] (epoch: 226, iters: 1400, time: 0.030, data: 0.004) , D_A: 0.050, G_A: 0.510, cycle_A: 0.103, idt_A: 0.134, D_B: 0.001, G_B: 0.997, cycle_B: 0.201, idt_B: 0.081

[Rank 0] (epoch: 226, iters: 1600, time: 0.030, data: 0.004) , D_A: 0.086, G_A: 0.679, cycle_A: 0.079, idt_A: 0.143, D_B: 0.001, G_B: 1.021, cycle_B: 0.261, idt_B: 0.065

[Rank 0] (epoch: 226, iters: 1800, time: 0.030, data: 0.003) , D_A: 0.059, G_A: 0.501, cycle_A: 0.113, idt_A: 0.131, D_B: 0.001, G_B: 0.988, cycle_B: 0.199, idt_B: 0.088

learning rate 0.0000800 -> 0.0000800
End of epoch 226 / 500 	 Time Taken: 52 sec
[Rank 0] (epoch: 227, iters: 72, time: 0.074, data: 0.004) , D_A: 0.072, G_A: 0.632, cycle_A: 0.067, idt_A: 0.155, D_B: 0.001, G_B: 0.973, cycle_B: 0.210, idt_B: 0.054

[Rank 0] (epoch: 227, iters: 272, time: 0.029, data: 0.004) , D_A: 0.100, G_A: 0.438, cycle_A: 0.113, idt_A: 0.137, D_B: 0.001, G_B: 0.990, cycle_B: 0.216, idt_B: 0.104

[Rank 0] (epoch: 227, iters: 472, time: 0.030, data: 0.003) , D_A: 0.099, G_A: 0.419, cycle_A: 0.103, idt_A: 0.108, D_B: 0.003, G_B: 1.014, cycle_B: 0.181, idt_B: 0.080

[Rank 0] (epoch: 227, iters: 672, time: 0.030, data: 0.006) , D_A: 0.052, G_A: 0.617, cycle_A: 0.091, idt_A: 0.126, D_B: 0.001, G_B: 1.011, cycle_B: 0.209, idt_B: 0.068

[Rank 0] (epoch: 227, iters: 872, time: 0.030, data: 0.002) , D_A: 0.052, G_A: 0.414, cycle_A: 0.096, idt_A: 0.134, D_B: 0.001, G_B: 0.970, cycle_B: 0.227, idt_B: 0.074

[Rank 0] (epoch: 227, iters: 1072, time: 0.068, data: 0.003) , D_A: 0.104, G_A: 0.336, cycle_A: 0.098, idt_A: 0.151, D_B: 0.013, G_B: 0.953, cycle_B: 0.253, idt_B: 0.069

[Rank 0] (epoch: 227, iters: 1272, time: 0.030, data: 0.002) , D_A: 0.113, G_A: 0.383, cycle_A: 0.098, idt_A: 0.137, D_B: 0.001, G_B: 0.982, cycle_B: 0.211, idt_B: 0.080

[Rank 0] (epoch: 227, iters: 1472, time: 0.030, data: 0.003) , D_A: 0.062, G_A: 0.491, cycle_A: 0.089, idt_A: 0.140, D_B: 0.001, G_B: 0.960, cycle_B: 0.214, idt_B: 0.074

[Rank 0] (epoch: 227, iters: 1672, time: 0.030, data: 0.004) , D_A: 0.159, G_A: 0.249, cycle_A: 0.087, idt_A: 0.126, D_B: 0.003, G_B: 0.999, cycle_B: 0.222, idt_B: 0.074

[Rank 0] (epoch: 227, iters: 1872, time: 0.030, data: 0.002) , D_A: 0.090, G_A: 0.536, cycle_A: 0.090, idt_A: 0.136, D_B: 0.001, G_B: 0.977, cycle_B: 0.219, idt_B: 0.074

learning rate 0.0000800 -> 0.0000800
End of epoch 227 / 500 	 Time Taken: 52 sec
[Rank 0] (epoch: 228, iters: 144, time: 0.077, data: 0.003) , D_A: 0.056, G_A: 0.644, cycle_A: 0.094, idt_A: 0.136, D_B: 0.001, G_B: 0.975, cycle_B: 0.224, idt_B: 0.076

saving the latest model (epoch 228, total_iters 245000)
[Rank 0] (epoch: 228, iters: 344, time: 0.030, data: 0.003) , D_A: 0.129, G_A: 0.304, cycle_A: 0.078, idt_A: 0.152, D_B: 0.002, G_B: 1.001, cycle_B: 0.252, idt_B: 0.067

[Rank 0] (epoch: 228, iters: 544, time: 0.030, data: 0.003) , D_A: 0.061, G_A: 0.591, cycle_A: 0.085, idt_A: 0.145, D_B: 0.000, G_B: 1.011, cycle_B: 0.226, idt_B: 0.069

[Rank 0] (epoch: 228, iters: 744, time: 0.030, data: 0.003) , D_A: 0.110, G_A: 0.495, cycle_A: 0.086, idt_A: 0.124, D_B: 0.001, G_B: 0.972, cycle_B: 0.207, idt_B: 0.063

[Rank 0] (epoch: 228, iters: 944, time: 0.030, data: 0.003) , D_A: 0.182, G_A: 0.610, cycle_A: 0.091, idt_A: 0.107, D_B: 0.001, G_B: 1.004, cycle_B: 0.181, idt_B: 0.074

[Rank 0] (epoch: 228, iters: 1144, time: 0.070, data: 0.003) , D_A: 0.072, G_A: 0.369, cycle_A: 0.093, idt_A: 0.137, D_B: 0.000, G_B: 1.002, cycle_B: 0.221, idt_B: 0.076

[Rank 0] (epoch: 228, iters: 1344, time: 0.030, data: 0.002) , D_A: 0.142, G_A: 0.310, cycle_A: 0.085, idt_A: 0.145, D_B: 0.001, G_B: 1.001, cycle_B: 0.236, idt_B: 0.064

[Rank 0] (epoch: 228, iters: 1544, time: 0.030, data: 0.003) , D_A: 0.068, G_A: 0.504, cycle_A: 0.093, idt_A: 0.120, D_B: 0.003, G_B: 1.015, cycle_B: 0.211, idt_B: 0.076

[Rank 0] (epoch: 228, iters: 1744, time: 0.026, data: 0.003) , D_A: 0.055, G_A: 0.629, cycle_A: 0.089, idt_A: 0.134, D_B: 0.002, G_B: 1.006, cycle_B: 0.222, idt_B: 0.073

learning rate 0.0000800 -> 0.0000800
End of epoch 228 / 500 	 Time Taken: 52 sec
[Rank 0] (epoch: 229, iters: 16, time: 0.073, data: 0.001) , D_A: 0.050, G_A: 0.612, cycle_A: 0.095, idt_A: 0.138, D_B: 0.000, G_B: 1.004, cycle_B: 0.227, idt_B: 0.074

[Rank 0] (epoch: 229, iters: 216, time: 0.057, data: 0.003) , D_A: 0.196, G_A: 1.027, cycle_A: 0.082, idt_A: 0.113, D_B: 0.004, G_B: 0.962, cycle_B: 0.187, idt_B: 0.067

[Rank 0] (epoch: 229, iters: 416, time: 0.030, data: 0.003) , D_A: 0.083, G_A: 0.483, cycle_A: 0.082, idt_A: 0.138, D_B: 0.000, G_B: 0.991, cycle_B: 0.227, idt_B: 0.067

[Rank 0] (epoch: 229, iters: 616, time: 0.029, data: 0.004) , D_A: 0.143, G_A: 0.414, cycle_A: 0.082, idt_A: 0.135, D_B: 0.002, G_B: 1.026, cycle_B: 0.197, idt_B: 0.064

[Rank 0] (epoch: 229, iters: 816, time: 0.030, data: 0.002) , D_A: 0.141, G_A: 0.485, cycle_A: 0.087, idt_A: 0.166, D_B: 0.001, G_B: 1.002, cycle_B: 0.241, idt_B: 0.069

[Rank 0] (epoch: 229, iters: 1016, time: 0.030, data: 0.002) , D_A: 0.084, G_A: 0.507, cycle_A: 0.114, idt_A: 0.136, D_B: 0.001, G_B: 0.997, cycle_B: 0.212, idt_B: 0.090

[Rank 0] (epoch: 229, iters: 1216, time: 0.069, data: 0.003) , D_A: 0.103, G_A: 0.596, cycle_A: 0.101, idt_A: 0.151, D_B: 0.001, G_B: 0.979, cycle_B: 0.252, idt_B: 0.078

[Rank 0] (epoch: 229, iters: 1416, time: 0.030, data: 0.003) , D_A: 0.062, G_A: 0.612, cycle_A: 0.086, idt_A: 0.118, D_B: 0.001, G_B: 0.991, cycle_B: 0.208, idt_B: 0.077

[Rank 0] (epoch: 229, iters: 1616, time: 0.030, data: 0.002) , D_A: 0.077, G_A: 0.463, cycle_A: 0.115, idt_A: 0.177, D_B: 0.001, G_B: 0.973, cycle_B: 0.250, idt_B: 0.093

[Rank 0] (epoch: 229, iters: 1816, time: 0.030, data: 0.003) , D_A: 0.067, G_A: 0.536, cycle_A: 0.106, idt_A: 0.121, D_B: 0.002, G_B: 1.016, cycle_B: 0.204, idt_B: 0.090

learning rate 0.0000800 -> 0.0000800
End of epoch 229 / 500 	 Time Taken: 52 sec
[Rank 0] (epoch: 230, iters: 88, time: 0.072, data: 0.003) , D_A: 0.071, G_A: 0.521, cycle_A: 0.094, idt_A: 0.147, D_B: 0.001, G_B: 1.011, cycle_B: 0.211, idt_B: 0.068

[Rank 0] (epoch: 230, iters: 288, time: 0.068, data: 0.004) , D_A: 0.102, G_A: 0.497, cycle_A: 0.093, idt_A: 0.144, D_B: 0.002, G_B: 0.979, cycle_B: 0.218, idt_B: 0.073

[Rank 0] (epoch: 230, iters: 488, time: 0.030, data: 0.004) , D_A: 0.056, G_A: 0.525, cycle_A: 0.114, idt_A: 0.174, D_B: 0.002, G_B: 1.002, cycle_B: 0.237, idt_B: 0.093

[Rank 0] (epoch: 230, iters: 688, time: 0.030, data: 0.003) , D_A: 0.052, G_A: 0.514, cycle_A: 0.099, idt_A: 0.128, D_B: 0.002, G_B: 0.980, cycle_B: 0.211, idt_B: 0.073

[Rank 0] (epoch: 230, iters: 888, time: 0.030, data: 0.003) , D_A: 0.063, G_A: 0.926, cycle_A: 0.089, idt_A: 0.133, D_B: 0.001, G_B: 0.941, cycle_B: 0.216, idt_B: 0.067

[Rank 0] (epoch: 230, iters: 1088, time: 0.030, data: 0.003) , D_A: 0.059, G_A: 0.723, cycle_A: 0.088, idt_A: 0.144, D_B: 0.004, G_B: 0.889, cycle_B: 0.210, idt_B: 0.072

[Rank 0] (epoch: 230, iters: 1288, time: 0.070, data: 0.004) , D_A: 0.064, G_A: 0.523, cycle_A: 0.080, idt_A: 0.130, D_B: 0.001, G_B: 1.065, cycle_B: 0.227, idt_B: 0.061

saving the latest model (epoch 230, total_iters 250000)
[Rank 0] (epoch: 230, iters: 1488, time: 0.030, data: 0.002) , D_A: 0.114, G_A: 0.343, cycle_A: 0.104, idt_A: 0.134, D_B: 0.001, G_B: 0.959, cycle_B: 0.221, idt_B: 0.086

[Rank 0] (epoch: 230, iters: 1688, time: 0.029, data: 0.003) , D_A: 0.113, G_A: 0.469, cycle_A: 0.089, idt_A: 0.159, D_B: 0.002, G_B: 0.981, cycle_B: 0.222, idt_B: 0.075

[Rank 0] (epoch: 230, iters: 1888, time: 0.030, data: 0.002) , D_A: 0.061, G_A: 0.500, cycle_A: 0.077, idt_A: 0.121, D_B: 0.002, G_B: 0.924, cycle_B: 0.208, idt_B: 0.060

learning rate 0.0000800 -> 0.0000800
End of epoch 230 / 500 	 Time Taken: 52 sec
[Rank 0] (epoch: 231, iters: 160, time: 0.059, data: 0.003) , D_A: 0.050, G_A: 0.557, cycle_A: 0.085, idt_A: 0.120, D_B: 0.001, G_B: 0.989, cycle_B: 0.189, idt_B: 0.067

[Rank 0] (epoch: 231, iters: 360, time: 0.075, data: 0.004) , D_A: 0.169, G_A: 0.348, cycle_A: 0.079, idt_A: 0.156, D_B: 0.001, G_B: 0.987, cycle_B: 0.226, idt_B: 0.065

[Rank 0] (epoch: 231, iters: 560, time: 0.030, data: 0.002) , D_A: 0.169, G_A: 0.370, cycle_A: 0.071, idt_A: 0.152, D_B: 0.001, G_B: 1.021, cycle_B: 0.215, idt_B: 0.056

[Rank 0] (epoch: 231, iters: 760, time: 0.030, data: 0.003) , D_A: 0.056, G_A: 0.788, cycle_A: 0.102, idt_A: 0.145, D_B: 0.001, G_B: 0.986, cycle_B: 0.232, idt_B: 0.078

[Rank 0] (epoch: 231, iters: 960, time: 0.030, data: 0.004) , D_A: 0.063, G_A: 0.586, cycle_A: 0.097, idt_A: 0.126, D_B: 0.001, G_B: 1.001, cycle_B: 0.222, idt_B: 0.078

[Rank 0] (epoch: 231, iters: 1160, time: 0.030, data: 0.004) , D_A: 0.076, G_A: 0.514, cycle_A: 0.083, idt_A: 0.145, D_B: 0.001, G_B: 0.986, cycle_B: 0.210, idt_B: 0.066

[Rank 0] (epoch: 231, iters: 1360, time: 0.071, data: 0.003) , D_A: 0.131, G_A: 0.889, cycle_A: 0.069, idt_A: 0.113, D_B: 0.001, G_B: 0.965, cycle_B: 0.188, idt_B: 0.050

[Rank 0] (epoch: 231, iters: 1560, time: 0.030, data: 0.004) , D_A: 0.084, G_A: 0.637, cycle_A: 0.077, idt_A: 0.111, D_B: 0.001, G_B: 1.008, cycle_B: 0.188, idt_B: 0.058

[Rank 0] (epoch: 231, iters: 1760, time: 0.030, data: 0.004) , D_A: 0.093, G_A: 0.847, cycle_A: 0.089, idt_A: 0.126, D_B: 0.002, G_B: 1.010, cycle_B: 0.199, idt_B: 0.072

learning rate 0.0000800 -> 0.0000800
End of epoch 231 / 500 	 Time Taken: 52 sec
[Rank 0] (epoch: 232, iters: 32, time: 0.079, data: 0.003) , D_A: 0.080, G_A: 0.413, cycle_A: 0.117, idt_A: 0.126, D_B: 0.001, G_B: 0.979, cycle_B: 0.209, idt_B: 0.090

[Rank 0] (epoch: 232, iters: 232, time: 0.030, data: 0.004) , D_A: 0.103, G_A: 0.497, cycle_A: 0.109, idt_A: 0.148, D_B: 0.001, G_B: 1.032, cycle_B: 0.245, idt_B: 0.082

[Rank 0] (epoch: 232, iters: 432, time: 0.068, data: 0.003) , D_A: 0.149, G_A: 0.913, cycle_A: 0.097, idt_A: 0.133, D_B: 0.001, G_B: 1.015, cycle_B: 0.210, idt_B: 0.071

[Rank 0] (epoch: 232, iters: 632, time: 0.030, data: 0.002) , D_A: 0.126, G_A: 0.358, cycle_A: 0.103, idt_A: 0.123, D_B: 0.001, G_B: 1.004, cycle_B: 0.182, idt_B: 0.078

[Rank 0] (epoch: 232, iters: 832, time: 0.030, data: 0.004) , D_A: 0.068, G_A: 0.505, cycle_A: 0.098, idt_A: 0.123, D_B: 0.002, G_B: 0.934, cycle_B: 0.193, idt_B: 0.076

[Rank 0] (epoch: 232, iters: 1032, time: 0.030, data: 0.003) , D_A: 0.133, G_A: 0.696, cycle_A: 0.093, idt_A: 0.118, D_B: 0.001, G_B: 1.035, cycle_B: 0.195, idt_B: 0.077

[Rank 0] (epoch: 232, iters: 1232, time: 0.030, data: 0.004) , D_A: 0.161, G_A: 0.801, cycle_A: 0.072, idt_A: 0.129, D_B: 0.001, G_B: 1.042, cycle_B: 0.203, idt_B: 0.057

[Rank 0] (epoch: 232, iters: 1432, time: 0.060, data: 0.003) , D_A: 0.094, G_A: 0.288, cycle_A: 0.076, idt_A: 0.149, D_B: 0.005, G_B: 1.016, cycle_B: 0.220, idt_B: 0.062

[Rank 0] (epoch: 232, iters: 1632, time: 0.030, data: 0.004) , D_A: 0.096, G_A: 0.451, cycle_A: 0.090, idt_A: 0.160, D_B: 0.002, G_B: 0.968, cycle_B: 0.214, idt_B: 0.075

[Rank 0] (epoch: 232, iters: 1832, time: 0.030, data: 0.004) , D_A: 0.132, G_A: 0.235, cycle_A: 0.083, idt_A: 0.129, D_B: 0.000, G_B: 0.998, cycle_B: 0.190, idt_B: 0.075

learning rate 0.0000800 -> 0.0000800
End of epoch 232 / 500 	 Time Taken: 52 sec
[Rank 0] (epoch: 233, iters: 104, time: 0.073, data: 0.003) , D_A: 0.056, G_A: 0.678, cycle_A: 0.084, idt_A: 0.146, D_B: 0.001, G_B: 1.016, cycle_B: 0.217, idt_B: 0.069

[Rank 0] (epoch: 233, iters: 304, time: 0.030, data: 0.002) , D_A: 0.091, G_A: 0.624, cycle_A: 0.064, idt_A: 0.139, D_B: 0.002, G_B: 0.950, cycle_B: 0.223, idt_B: 0.053

[Rank 0] (epoch: 233, iters: 504, time: 0.071, data: 0.003) , D_A: 0.084, G_A: 0.415, cycle_A: 0.086, idt_A: 0.129, D_B: 0.000, G_B: 0.989, cycle_B: 0.206, idt_B: 0.068

saving the latest model (epoch 233, total_iters 255000)
[Rank 0] (epoch: 233, iters: 704, time: 0.030, data: 0.003) , D_A: 0.088, G_A: 0.421, cycle_A: 0.102, idt_A: 0.128, D_B: 0.002, G_B: 0.991, cycle_B: 0.187, idt_B: 0.079

[Rank 0] (epoch: 233, iters: 904, time: 0.029, data: 0.003) , D_A: 0.051, G_A: 0.534, cycle_A: 0.115, idt_A: 0.148, D_B: 0.001, G_B: 1.039, cycle_B: 0.214, idt_B: 0.089

[Rank 0] (epoch: 233, iters: 1104, time: 0.030, data: 0.002) , D_A: 0.119, G_A: 0.255, cycle_A: 0.096, idt_A: 0.146, D_B: 0.004, G_B: 1.029, cycle_B: 0.215, idt_B: 0.074

[Rank 0] (epoch: 233, iters: 1304, time: 0.029, data: 0.002) , D_A: 0.092, G_A: 0.526, cycle_A: 0.082, idt_A: 0.147, D_B: 0.001, G_B: 0.984, cycle_B: 0.228, idt_B: 0.063

[Rank 0] (epoch: 233, iters: 1504, time: 0.070, data: 0.004) , D_A: 0.146, G_A: 0.184, cycle_A: 0.087, idt_A: 0.127, D_B: 0.002, G_B: 0.969, cycle_B: 0.207, idt_B: 0.070

[Rank 0] (epoch: 233, iters: 1704, time: 0.030, data: 0.003) , D_A: 0.262, G_A: 0.131, cycle_A: 0.076, idt_A: 0.131, D_B: 0.002, G_B: 0.994, cycle_B: 0.236, idt_B: 0.061

[Rank 0] (epoch: 233, iters: 1904, time: 0.030, data: 0.004) , D_A: 0.096, G_A: 0.410, cycle_A: 0.080, idt_A: 0.123, D_B: 0.001, G_B: 1.006, cycle_B: 0.190, idt_B: 0.067

learning rate 0.0000800 -> 0.0000800
End of epoch 233 / 500 	 Time Taken: 52 sec
[Rank 0] (epoch: 234, iters: 176, time: 0.073, data: 0.003) , D_A: 0.075, G_A: 0.513, cycle_A: 0.119, idt_A: 0.136, D_B: 0.002, G_B: 1.034, cycle_B: 0.208, idt_B: 0.099

[Rank 0] (epoch: 234, iters: 376, time: 0.029, data: 0.002) , D_A: 0.061, G_A: 0.779, cycle_A: 0.081, idt_A: 0.142, D_B: 0.001, G_B: 0.951, cycle_B: 0.221, idt_B: 0.065

[Rank 0] (epoch: 234, iters: 576, time: 0.056, data: 0.002) , D_A: 0.243, G_A: 0.784, cycle_A: 0.080, idt_A: 0.146, D_B: 0.002, G_B: 0.983, cycle_B: 0.209, idt_B: 0.076

[Rank 0] (epoch: 234, iters: 776, time: 0.030, data: 0.003) , D_A: 0.276, G_A: 1.018, cycle_A: 0.067, idt_A: 0.119, D_B: 0.003, G_B: 1.016, cycle_B: 0.195, idt_B: 0.059

[Rank 0] (epoch: 234, iters: 976, time: 0.030, data: 0.003) , D_A: 0.075, G_A: 0.614, cycle_A: 0.093, idt_A: 0.133, D_B: 0.000, G_B: 0.989, cycle_B: 0.206, idt_B: 0.075

[Rank 0] (epoch: 234, iters: 1176, time: 0.030, data: 0.006) , D_A: 0.072, G_A: 0.880, cycle_A: 0.118, idt_A: 0.130, D_B: 0.002, G_B: 1.011, cycle_B: 0.197, idt_B: 0.082

[Rank 0] (epoch: 234, iters: 1376, time: 0.030, data: 0.003) , D_A: 0.099, G_A: 0.361, cycle_A: 0.091, idt_A: 0.145, D_B: 0.001, G_B: 0.984, cycle_B: 0.204, idt_B: 0.079

[Rank 0] (epoch: 234, iters: 1576, time: 0.055, data: 0.002) , D_A: 0.080, G_A: 0.615, cycle_A: 0.128, idt_A: 0.119, D_B: 0.001, G_B: 1.050, cycle_B: 0.184, idt_B: 0.113

[Rank 0] (epoch: 234, iters: 1776, time: 0.030, data: 0.003) , D_A: 0.054, G_A: 0.563, cycle_A: 0.079, idt_A: 0.122, D_B: 0.001, G_B: 0.965, cycle_B: 0.209, idt_B: 0.060

learning rate 0.0000800 -> 0.0000800
End of epoch 234 / 500 	 Time Taken: 52 sec
[Rank 0] (epoch: 235, iters: 48, time: 0.078, data: 0.003) , D_A: 0.096, G_A: 0.603, cycle_A: 0.075, idt_A: 0.118, D_B: 0.001, G_B: 1.007, cycle_B: 0.187, idt_B: 0.058

[Rank 0] (epoch: 235, iters: 248, time: 0.030, data: 0.003) , D_A: 0.098, G_A: 0.304, cycle_A: 0.085, idt_A: 0.139, D_B: 0.002, G_B: 0.978, cycle_B: 0.202, idt_B: 0.076

[Rank 0] (epoch: 235, iters: 448, time: 0.030, data: 0.003) , D_A: 0.096, G_A: 0.399, cycle_A: 0.096, idt_A: 0.147, D_B: 0.002, G_B: 0.996, cycle_B: 0.234, idt_B: 0.077

[Rank 0] (epoch: 235, iters: 648, time: 0.082, data: 0.002) , D_A: 0.095, G_A: 0.497, cycle_A: 0.068, idt_A: 0.136, D_B: 0.001, G_B: 1.000, cycle_B: 0.213, idt_B: 0.054

[Rank 0] (epoch: 235, iters: 848, time: 0.030, data: 0.002) , D_A: 0.059, G_A: 0.606, cycle_A: 0.074, idt_A: 0.120, D_B: 0.001, G_B: 1.036, cycle_B: 0.190, idt_B: 0.064

[Rank 0] (epoch: 235, iters: 1048, time: 0.030, data: 0.003) , D_A: 0.086, G_A: 0.506, cycle_A: 0.095, idt_A: 0.126, D_B: 0.427, G_B: 1.400, cycle_B: 0.199, idt_B: 0.068

[Rank 0] (epoch: 235, iters: 1248, time: 0.030, data: 0.003) , D_A: 0.062, G_A: 0.599, cycle_A: 0.113, idt_A: 0.131, D_B: 0.155, G_B: 0.114, cycle_B: 0.298, idt_B: 0.080

[Rank 0] (epoch: 235, iters: 1448, time: 0.030, data: 0.003) , D_A: 0.095, G_A: 0.429, cycle_A: 0.101, idt_A: 0.149, D_B: 0.185, G_B: 0.094, cycle_B: 0.335, idt_B: 0.068

[Rank 0] (epoch: 235, iters: 1648, time: 0.071, data: 0.003) , D_A: 0.195, G_A: 0.883, cycle_A: 0.063, idt_A: 0.148, D_B: 0.193, G_B: 0.219, cycle_B: 0.242, idt_B: 0.049

saving the latest model (epoch 235, total_iters 260000)
[Rank 0] (epoch: 235, iters: 1848, time: 0.030, data: 0.003) , D_A: 0.122, G_A: 0.353, cycle_A: 0.133, idt_A: 0.149, D_B: 0.036, G_B: 0.870, cycle_B: 0.301, idt_B: 0.117

learning rate 0.0000800 -> 0.0000800
End of epoch 235 / 500 	 Time Taken: 52 sec
[Rank 0] (epoch: 236, iters: 120, time: 0.077, data: 0.002) , D_A: 0.085, G_A: 0.415, cycle_A: 0.121, idt_A: 0.134, D_B: 0.183, G_B: 0.282, cycle_B: 0.271, idt_B: 0.096

[Rank 0] (epoch: 236, iters: 320, time: 0.030, data: 0.003) , D_A: 0.069, G_A: 0.515, cycle_A: 0.106, idt_A: 0.119, D_B: 0.175, G_B: 0.328, cycle_B: 0.252, idt_B: 0.082

[Rank 0] (epoch: 236, iters: 520, time: 0.030, data: 0.003) , D_A: 0.099, G_A: 0.552, cycle_A: 0.096, idt_A: 0.204, D_B: 0.203, G_B: 0.721, cycle_B: 0.282, idt_B: 0.071

[Rank 0] (epoch: 236, iters: 720, time: 0.063, data: 0.003) , D_A: 0.058, G_A: 0.688, cycle_A: 0.138, idt_A: 0.138, D_B: 0.215, G_B: 0.295, cycle_B: 0.340, idt_B: 0.111

[Rank 0] (epoch: 236, iters: 920, time: 0.029, data: 0.001) , D_A: 0.048, G_A: 0.583, cycle_A: 0.135, idt_A: 0.116, D_B: 0.192, G_B: 0.143, cycle_B: 0.245, idt_B: 0.197

[Rank 0] (epoch: 236, iters: 1120, time: 0.030, data: 0.003) , D_A: 0.091, G_A: 0.734, cycle_A: 0.118, idt_A: 0.143, D_B: 0.107, G_B: 0.938, cycle_B: 0.298, idt_B: 0.118

[Rank 0] (epoch: 236, iters: 1320, time: 0.030, data: 0.002) , D_A: 0.061, G_A: 0.993, cycle_A: 0.097, idt_A: 0.133, D_B: 0.008, G_B: 0.972, cycle_B: 0.257, idt_B: 0.084

[Rank 0] (epoch: 236, iters: 1520, time: 0.030, data: 0.003) , D_A: 0.121, G_A: 0.374, cycle_A: 0.128, idt_A: 0.123, D_B: 0.012, G_B: 0.979, cycle_B: 0.241, idt_B: 0.112

[Rank 0] (epoch: 236, iters: 1720, time: 0.080, data: 0.003) , D_A: 0.157, G_A: 0.338, cycle_A: 0.107, idt_A: 0.143, D_B: 0.012, G_B: 0.853, cycle_B: 0.274, idt_B: 0.099

[Rank 0] (epoch: 236, iters: 1920, time: 0.030, data: 0.003) , D_A: 0.064, G_A: 0.613, cycle_A: 0.087, idt_A: 0.134, D_B: 0.159, G_B: 0.150, cycle_B: 0.268, idt_B: 0.067

learning rate 0.0000800 -> 0.0000800
End of epoch 236 / 500 	 Time Taken: 52 sec
[Rank 0] (epoch: 237, iters: 192, time: 0.073, data: 0.002) , D_A: 0.101, G_A: 0.443, cycle_A: 0.126, idt_A: 0.129, D_B: 0.183, G_B: 0.252, cycle_B: 0.254, idt_B: 0.109

[Rank 0] (epoch: 237, iters: 392, time: 0.030, data: 0.003) , D_A: 0.051, G_A: 0.849, cycle_A: 0.099, idt_A: 0.157, D_B: 0.005, G_B: 0.892, cycle_B: 0.277, idt_B: 0.086

[Rank 0] (epoch: 237, iters: 592, time: 0.030, data: 0.004) , D_A: 0.080, G_A: 0.737, cycle_A: 0.107, idt_A: 0.128, D_B: 0.112, G_B: 0.288, cycle_B: 0.240, idt_B: 0.085

[Rank 0] (epoch: 237, iters: 792, time: 0.071, data: 0.004) , D_A: 0.064, G_A: 0.616, cycle_A: 0.104, idt_A: 0.128, D_B: 0.029, G_B: 0.573, cycle_B: 0.257, idt_B: 0.084

[Rank 0] (epoch: 237, iters: 992, time: 0.030, data: 0.003) , D_A: 0.092, G_A: 0.419, cycle_A: 0.117, idt_A: 0.108, D_B: 0.008, G_B: 0.975, cycle_B: 0.210, idt_B: 0.097

[Rank 0] (epoch: 237, iters: 1192, time: 0.030, data: 0.004) , D_A: 0.276, G_A: 0.812, cycle_A: 0.103, idt_A: 0.128, D_B: 0.241, G_B: 0.146, cycle_B: 0.244, idt_B: 0.086

[Rank 0] (epoch: 237, iters: 1392, time: 0.030, data: 0.004) , D_A: 0.104, G_A: 0.659, cycle_A: 0.106, idt_A: 0.162, D_B: 0.105, G_B: 0.446, cycle_B: 0.279, idt_B: 0.077

[Rank 0] (epoch: 237, iters: 1592, time: 0.030, data: 0.003) , D_A: 0.055, G_A: 0.620, cycle_A: 0.103, idt_A: 0.142, D_B: 0.148, G_B: 0.388, cycle_B: 0.267, idt_B: 0.080

[Rank 0] (epoch: 237, iters: 1792, time: 0.089, data: 0.003) , D_A: 0.113, G_A: 0.768, cycle_A: 0.099, idt_A: 0.135, D_B: 0.144, G_B: 0.489, cycle_B: 0.258, idt_B: 0.071

learning rate 0.0000800 -> 0.0000800
End of epoch 237 / 500 	 Time Taken: 52 sec
[Rank 0] (epoch: 238, iters: 64, time: 0.064, data: 0.004) , D_A: 0.255, G_A: 0.354, cycle_A: 0.097, idt_A: 0.165, D_B: 0.144, G_B: 0.387, cycle_B: 0.279, idt_B: 0.085

[Rank 0] (epoch: 238, iters: 264, time: 0.029, data: 0.004) , D_A: 0.208, G_A: 0.271, cycle_A: 0.081, idt_A: 0.164, D_B: 0.057, G_B: 0.574, cycle_B: 0.281, idt_B: 0.058

[Rank 0] (epoch: 238, iters: 464, time: 0.030, data: 0.003) , D_A: 0.241, G_A: 0.266, cycle_A: 0.098, idt_A: 0.144, D_B: 0.012, G_B: 0.951, cycle_B: 0.259, idt_B: 0.086

[Rank 0] (epoch: 238, iters: 664, time: 0.030, data: 0.003) , D_A: 0.206, G_A: 0.250, cycle_A: 0.106, idt_A: 0.142, D_B: 0.015, G_B: 0.941, cycle_B: 0.250, idt_B: 0.093

[Rank 0] (epoch: 238, iters: 864, time: 0.079, data: 0.003) , D_A: 0.225, G_A: 0.266, cycle_A: 0.089, idt_A: 0.133, D_B: 0.072, G_B: 0.889, cycle_B: 0.258, idt_B: 0.066

saving the latest model (epoch 238, total_iters 265000)
[Rank 0] (epoch: 238, iters: 1064, time: 0.030, data: 0.002) , D_A: 0.220, G_A: 0.276, cycle_A: 0.093, idt_A: 0.150, D_B: 0.026, G_B: 1.110, cycle_B: 0.266, idt_B: 0.070

[Rank 0] (epoch: 238, iters: 1264, time: 0.029, data: 0.004) , D_A: 0.206, G_A: 0.261, cycle_A: 0.081, idt_A: 0.146, D_B: 0.005, G_B: 0.891, cycle_B: 0.239, idt_B: 0.079

[Rank 0] (epoch: 238, iters: 1464, time: 0.030, data: 0.004) , D_A: 0.242, G_A: 0.260, cycle_A: 0.121, idt_A: 0.148, D_B: 0.087, G_B: 0.442, cycle_B: 0.254, idt_B: 0.131

[Rank 0] (epoch: 238, iters: 1664, time: 0.030, data: 0.004) , D_A: 0.251, G_A: 0.241, cycle_A: 0.109, idt_A: 0.163, D_B: 0.055, G_B: 0.409, cycle_B: 0.288, idt_B: 0.107

[Rank 0] (epoch: 238, iters: 1864, time: 0.074, data: 0.003) , D_A: 0.213, G_A: 0.271, cycle_A: 0.099, idt_A: 0.151, D_B: 0.030, G_B: 1.030, cycle_B: 0.219, idt_B: 0.090

learning rate 0.0000800 -> 0.0000800
End of epoch 238 / 500 	 Time Taken: 52 sec
[Rank 0] (epoch: 239, iters: 136, time: 0.072, data: 0.003) , D_A: 0.229, G_A: 0.269, cycle_A: 0.116, idt_A: 0.131, D_B: 0.041, G_B: 0.701, cycle_B: 0.250, idt_B: 0.109

[Rank 0] (epoch: 239, iters: 336, time: 0.030, data: 0.002) , D_A: 0.226, G_A: 0.262, cycle_A: 0.092, idt_A: 0.171, D_B: 0.005, G_B: 1.071, cycle_B: 0.236, idt_B: 0.094

[Rank 0] (epoch: 239, iters: 536, time: 0.030, data: 0.003) , D_A: 0.236, G_A: 0.234, cycle_A: 0.071, idt_A: 0.122, D_B: 0.004, G_B: 0.943, cycle_B: 0.213, idt_B: 0.063

[Rank 0] (epoch: 239, iters: 736, time: 0.030, data: 0.003) , D_A: 0.242, G_A: 0.243, cycle_A: 0.076, idt_A: 0.138, D_B: 0.006, G_B: 0.867, cycle_B: 0.274, idt_B: 0.067

[Rank 0] (epoch: 239, iters: 936, time: 0.073, data: 0.004) , D_A: 0.243, G_A: 0.243, cycle_A: 0.080, idt_A: 0.129, D_B: 0.040, G_B: 0.919, cycle_B: 0.240, idt_B: 0.078

[Rank 0] (epoch: 239, iters: 1136, time: 0.030, data: 0.002) , D_A: 0.254, G_A: 0.252, cycle_A: 0.076, idt_A: 0.122, D_B: 0.006, G_B: 0.921, cycle_B: 0.216, idt_B: 0.068

[Rank 0] (epoch: 239, iters: 1336, time: 0.029, data: 0.004) , D_A: 0.231, G_A: 0.259, cycle_A: 0.097, idt_A: 0.125, D_B: 0.013, G_B: 1.402, cycle_B: 0.244, idt_B: 0.085

[Rank 0] (epoch: 239, iters: 1536, time: 0.030, data: 0.002) , D_A: 0.249, G_A: 0.281, cycle_A: 0.082, idt_A: 0.131, D_B: 0.005, G_B: 1.089, cycle_B: 0.229, idt_B: 0.078

[Rank 0] (epoch: 239, iters: 1736, time: 0.030, data: 0.003) , D_A: 0.230, G_A: 0.261, cycle_A: 0.112, idt_A: 0.139, D_B: 0.005, G_B: 1.017, cycle_B: 0.232, idt_B: 0.106

learning rate 0.0000800 -> 0.0000800
End of epoch 239 / 500 	 Time Taken: 52 sec
[Rank 0] (epoch: 240, iters: 8, time: 0.087, data: 0.003) , D_A: 0.250, G_A: 0.214, cycle_A: 0.085, idt_A: 0.139, D_B: 0.004, G_B: 1.030, cycle_B: 0.252, idt_B: 0.082

[Rank 0] (epoch: 240, iters: 208, time: 0.030, data: 0.003) , D_A: 0.236, G_A: 0.350, cycle_A: 0.106, idt_A: 0.150, D_B: 0.008, G_B: 0.825, cycle_B: 0.262, idt_B: 0.091

[Rank 0] (epoch: 240, iters: 408, time: 0.030, data: 0.003) , D_A: 0.275, G_A: 0.230, cycle_A: 0.084, idt_A: 0.146, D_B: 0.007, G_B: 0.905, cycle_B: 0.260, idt_B: 0.071

[Rank 0] (epoch: 240, iters: 608, time: 0.030, data: 0.003) , D_A: 0.249, G_A: 0.245, cycle_A: 0.064, idt_A: 0.131, D_B: 0.009, G_B: 0.773, cycle_B: 0.244, idt_B: 0.056

[Rank 0] (epoch: 240, iters: 808, time: 0.030, data: 0.005) , D_A: 0.249, G_A: 0.252, cycle_A: 0.089, idt_A: 0.124, D_B: 0.008, G_B: 0.855, cycle_B: 0.249, idt_B: 0.081

[Rank 0] (epoch: 240, iters: 1008, time: 0.072, data: 0.007) , D_A: 0.237, G_A: 0.206, cycle_A: 0.089, idt_A: 0.136, D_B: 0.003, G_B: 0.985, cycle_B: 0.236, idt_B: 0.085

[Rank 0] (epoch: 240, iters: 1208, time: 0.030, data: 0.002) , D_A: 0.212, G_A: 0.264, cycle_A: 0.103, idt_A: 0.122, D_B: 0.003, G_B: 1.010, cycle_B: 0.213, idt_B: 0.097

[Rank 0] (epoch: 240, iters: 1408, time: 0.030, data: 0.003) , D_A: 0.222, G_A: 0.270, cycle_A: 0.090, idt_A: 0.120, D_B: 0.002, G_B: 0.929, cycle_B: 0.221, idt_B: 0.085

[Rank 0] (epoch: 240, iters: 1608, time: 0.030, data: 0.003) , D_A: 0.232, G_A: 0.258, cycle_A: 0.062, idt_A: 0.123, D_B: 0.003, G_B: 0.909, cycle_B: 0.251, idt_B: 0.056

[Rank 0] (epoch: 240, iters: 1808, time: 0.029, data: 0.003) , D_A: 0.221, G_A: 0.212, cycle_A: 0.088, idt_A: 0.128, D_B: 0.009, G_B: 0.737, cycle_B: 0.262, idt_B: 0.079

learning rate 0.0000800 -> 0.0000800
saving the model at the end of epoch 240, iters 269920
End of epoch 240 / 500 	 Time Taken: 52 sec
[Rank 0] (epoch: 241, iters: 80, time: 0.078, data: 0.002) , D_A: 0.214, G_A: 0.289, cycle_A: 0.078, idt_A: 0.128, D_B: 0.005, G_B: 1.166, cycle_B: 0.266, idt_B: 0.068

saving the latest model (epoch 241, total_iters 270000)
[Rank 0] (epoch: 241, iters: 280, time: 0.030, data: 0.003) , D_A: 0.232, G_A: 0.255, cycle_A: 0.072, idt_A: 0.124, D_B: 0.027, G_B: 0.781, cycle_B: 0.236, idt_B: 0.074

[Rank 0] (epoch: 241, iters: 480, time: 0.030, data: 0.004) , D_A: 0.219, G_A: 0.250, cycle_A: 0.084, idt_A: 0.124, D_B: 0.081, G_B: 0.395, cycle_B: 0.216, idt_B: 0.074

[Rank 0] (epoch: 241, iters: 680, time: 0.030, data: 0.003) , D_A: 0.161, G_A: 0.470, cycle_A: 0.117, idt_A: 0.120, D_B: 0.029, G_B: 0.974, cycle_B: 0.227, idt_B: 0.112

[Rank 0] (epoch: 241, iters: 880, time: 0.029, data: 0.003) , D_A: 0.111, G_A: 0.381, cycle_A: 0.080, idt_A: 0.137, D_B: 0.035, G_B: 0.733, cycle_B: 0.255, idt_B: 0.063

[Rank 0] (epoch: 241, iters: 1080, time: 0.091, data: 0.002) , D_A: 0.112, G_A: 0.308, cycle_A: 0.085, idt_A: 0.132, D_B: 0.062, G_B: 1.117, cycle_B: 0.312, idt_B: 0.074

[Rank 0] (epoch: 241, iters: 1280, time: 0.030, data: 0.002) , D_A: 0.136, G_A: 0.760, cycle_A: 0.108, idt_A: 0.132, D_B: 0.006, G_B: 0.893, cycle_B: 0.239, idt_B: 0.093

[Rank 0] (epoch: 241, iters: 1480, time: 0.030, data: 0.004) , D_A: 0.116, G_A: 0.444, cycle_A: 0.098, idt_A: 0.139, D_B: 0.007, G_B: 0.882, cycle_B: 0.246, idt_B: 0.082

[Rank 0] (epoch: 241, iters: 1680, time: 0.030, data: 0.005) , D_A: 0.074, G_A: 0.479, cycle_A: 0.077, idt_A: 0.141, D_B: 0.137, G_B: 0.312, cycle_B: 0.262, idt_B: 0.061

[Rank 0] (epoch: 241, iters: 1880, time: 0.030, data: 0.005) , D_A: 0.211, G_A: 0.806, cycle_A: 0.073, idt_A: 0.148, D_B: 0.128, G_B: 0.340, cycle_B: 0.271, idt_B: 0.057

learning rate 0.0000800 -> 0.0000800
End of epoch 241 / 500 	 Time Taken: 52 sec
[Rank 0] (epoch: 242, iters: 152, time: 0.078, data: 0.003) , D_A: 0.060, G_A: 0.701, cycle_A: 0.109, idt_A: 0.128, D_B: 0.219, G_B: 0.125, cycle_B: 0.237, idt_B: 0.088

[Rank 0] (epoch: 242, iters: 352, time: 0.030, data: 0.004) , D_A: 0.300, G_A: 1.235, cycle_A: 0.097, idt_A: 0.148, D_B: 0.169, G_B: 0.209, cycle_B: 0.278, idt_B: 0.082

[Rank 0] (epoch: 242, iters: 552, time: 0.029, data: 0.003) , D_A: 0.076, G_A: 0.472, cycle_A: 0.075, idt_A: 0.145, D_B: 0.220, G_B: 0.558, cycle_B: 0.260, idt_B: 0.061

[Rank 0] (epoch: 242, iters: 752, time: 0.030, data: 0.003) , D_A: 0.067, G_A: 0.608, cycle_A: 0.093, idt_A: 0.167, D_B: 0.141, G_B: 0.399, cycle_B: 0.286, idt_B: 0.077

[Rank 0] (epoch: 242, iters: 952, time: 0.030, data: 0.003) , D_A: 0.158, G_A: 0.458, cycle_A: 0.078, idt_A: 0.108, D_B: 0.140, G_B: 0.452, cycle_B: 0.207, idt_B: 0.063

[Rank 0] (epoch: 242, iters: 1152, time: 0.071, data: 0.002) , D_A: 0.135, G_A: 0.400, cycle_A: 0.106, idt_A: 0.138, D_B: 0.145, G_B: 0.327, cycle_B: 0.265, idt_B: 0.078

[Rank 0] (epoch: 242, iters: 1352, time: 0.030, data: 0.004) , D_A: 0.060, G_A: 0.478, cycle_A: 0.107, idt_A: 0.138, D_B: 0.070, G_B: 0.543, cycle_B: 0.237, idt_B: 0.085

[Rank 0] (epoch: 242, iters: 1552, time: 0.030, data: 0.003) , D_A: 0.098, G_A: 0.291, cycle_A: 0.112, idt_A: 0.153, D_B: 0.105, G_B: 0.538, cycle_B: 0.252, idt_B: 0.092

[Rank 0] (epoch: 242, iters: 1752, time: 0.030, data: 0.004) , D_A: 0.064, G_A: 1.120, cycle_A: 0.097, idt_A: 0.135, D_B: 0.186, G_B: 0.702, cycle_B: 0.244, idt_B: 0.082

learning rate 0.0000800 -> 0.0000800
End of epoch 242 / 500 	 Time Taken: 52 sec
[Rank 0] (epoch: 243, iters: 24, time: 0.076, data: 0.003) , D_A: 0.081, G_A: 0.443, cycle_A: 0.097, idt_A: 0.145, D_B: 0.163, G_B: 0.222, cycle_B: 0.232, idt_B: 0.082

[Rank 0] (epoch: 243, iters: 224, time: 0.060, data: 0.003) , D_A: 0.195, G_A: 0.977, cycle_A: 0.092, idt_A: 0.175, D_B: 0.107, G_B: 0.318, cycle_B: 0.336, idt_B: 0.069

[Rank 0] (epoch: 243, iters: 424, time: 0.030, data: 0.005) , D_A: 0.119, G_A: 0.481, cycle_A: 0.102, idt_A: 0.136, D_B: 0.147, G_B: 0.603, cycle_B: 0.263, idt_B: 0.073

[Rank 0] (epoch: 243, iters: 624, time: 0.030, data: 0.003) , D_A: 0.114, G_A: 0.322, cycle_A: 0.091, idt_A: 0.146, D_B: 0.156, G_B: 0.415, cycle_B: 0.226, idt_B: 0.072

[Rank 0] (epoch: 243, iters: 824, time: 0.030, data: 0.002) , D_A: 0.121, G_A: 1.030, cycle_A: 0.081, idt_A: 0.126, D_B: 0.204, G_B: 0.124, cycle_B: 0.248, idt_B: 0.065

[Rank 0] (epoch: 243, iters: 1024, time: 0.030, data: 0.003) , D_A: 0.310, G_A: 1.254, cycle_A: 0.090, idt_A: 0.162, D_B: 0.153, G_B: 0.303, cycle_B: 0.289, idt_B: 0.063

[Rank 0] (epoch: 243, iters: 1224, time: 0.075, data: 0.003) , D_A: 0.112, G_A: 0.243, cycle_A: 0.100, idt_A: 0.115, D_B: 0.194, G_B: 0.485, cycle_B: 0.216, idt_B: 0.076

saving the latest model (epoch 243, total_iters 275000)
[Rank 0] (epoch: 243, iters: 1424, time: 0.030, data: 0.003) , D_A: 0.060, G_A: 0.608, cycle_A: 0.092, idt_A: 0.117, D_B: 0.178, G_B: 0.275, cycle_B: 0.216, idt_B: 0.078

[Rank 0] (epoch: 243, iters: 1624, time: 0.030, data: 0.004) , D_A: 0.077, G_A: 0.602, cycle_A: 0.111, idt_A: 0.138, D_B: 0.112, G_B: 0.612, cycle_B: 0.262, idt_B: 0.089

[Rank 0] (epoch: 243, iters: 1824, time: 0.029, data: 0.004) , D_A: 0.119, G_A: 0.649, cycle_A: 0.087, idt_A: 0.124, D_B: 0.203, G_B: 0.883, cycle_B: 0.241, idt_B: 0.066

learning rate 0.0000800 -> 0.0000800
End of epoch 243 / 500 	 Time Taken: 52 sec
[Rank 0] (epoch: 244, iters: 96, time: 0.081, data: 0.003) , D_A: 0.084, G_A: 0.434, cycle_A: 0.102, idt_A: 0.130, D_B: 0.076, G_B: 0.382, cycle_B: 0.281, idt_B: 0.070

[Rank 0] (epoch: 244, iters: 296, time: 0.073, data: 0.003) , D_A: 0.095, G_A: 0.283, cycle_A: 0.108, idt_A: 0.140, D_B: 0.111, G_B: 0.566, cycle_B: 0.252, idt_B: 0.103

[Rank 0] (epoch: 244, iters: 496, time: 0.030, data: 0.004) , D_A: 0.066, G_A: 0.770, cycle_A: 0.101, idt_A: 0.129, D_B: 0.064, G_B: 0.960, cycle_B: 0.251, idt_B: 0.077

[Rank 0] (epoch: 244, iters: 696, time: 0.030, data: 0.002) , D_A: 0.131, G_A: 1.018, cycle_A: 0.071, idt_A: 0.111, D_B: 0.117, G_B: 0.405, cycle_B: 0.231, idt_B: 0.054

[Rank 0] (epoch: 244, iters: 896, time: 0.030, data: 0.003) , D_A: 0.074, G_A: 0.725, cycle_A: 0.096, idt_A: 0.128, D_B: 0.150, G_B: 0.536, cycle_B: 0.290, idt_B: 0.073

[Rank 0] (epoch: 244, iters: 1096, time: 0.029, data: 0.004) , D_A: 0.132, G_A: 0.339, cycle_A: 0.110, idt_A: 0.116, D_B: 0.118, G_B: 0.504, cycle_B: 0.227, idt_B: 0.090

[Rank 0] (epoch: 244, iters: 1296, time: 0.075, data: 0.004) , D_A: 0.131, G_A: 0.469, cycle_A: 0.113, idt_A: 0.163, D_B: 0.122, G_B: 0.397, cycle_B: 0.325, idt_B: 0.095

[Rank 0] (epoch: 244, iters: 1496, time: 0.030, data: 0.003) , D_A: 0.074, G_A: 0.726, cycle_A: 0.111, idt_A: 0.145, D_B: 0.144, G_B: 0.505, cycle_B: 0.263, idt_B: 0.089

[Rank 0] (epoch: 244, iters: 1696, time: 0.030, data: 0.007) , D_A: 0.106, G_A: 0.437, cycle_A: 0.097, idt_A: 0.159, D_B: 0.057, G_B: 0.641, cycle_B: 0.271, idt_B: 0.073

[Rank 0] (epoch: 244, iters: 1896, time: 0.030, data: 0.004) , D_A: 0.051, G_A: 0.514, cycle_A: 0.086, idt_A: 0.120, D_B: 0.149, G_B: 0.413, cycle_B: 0.229, idt_B: 0.062

learning rate 0.0000800 -> 0.0000800
End of epoch 244 / 500 	 Time Taken: 52 sec
[Rank 0] (epoch: 245, iters: 168, time: 0.083, data: 0.003) , D_A: 0.075, G_A: 0.476, cycle_A: 0.091, idt_A: 0.125, D_B: 0.147, G_B: 0.625, cycle_B: 0.255, idt_B: 0.070

[Rank 0] (epoch: 245, iters: 368, time: 0.075, data: 0.002) , D_A: 0.120, G_A: 0.416, cycle_A: 0.101, idt_A: 0.125, D_B: 0.255, G_B: 0.153, cycle_B: 0.266, idt_B: 0.093

[Rank 0] (epoch: 245, iters: 568, time: 0.030, data: 0.002) , D_A: 0.059, G_A: 0.841, cycle_A: 0.102, idt_A: 0.157, D_B: 0.068, G_B: 0.618, cycle_B: 0.276, idt_B: 0.087

[Rank 0] (epoch: 245, iters: 768, time: 0.030, data: 0.004) , D_A: 0.098, G_A: 0.335, cycle_A: 0.090, idt_A: 0.144, D_B: 0.141, G_B: 0.476, cycle_B: 0.250, idt_B: 0.078

[Rank 0] (epoch: 245, iters: 968, time: 0.029, data: 0.004) , D_A: 0.076, G_A: 0.662, cycle_A: 0.070, idt_A: 0.122, D_B: 0.095, G_B: 0.577, cycle_B: 0.269, idt_B: 0.054

[Rank 0] (epoch: 245, iters: 1168, time: 0.030, data: 0.003) , D_A: 0.115, G_A: 0.341, cycle_A: 0.077, idt_A: 0.167, D_B: 0.100, G_B: 0.429, cycle_B: 0.220, idt_B: 0.064

[Rank 0] (epoch: 245, iters: 1368, time: 0.058, data: 0.003) , D_A: 0.082, G_A: 0.449, cycle_A: 0.093, idt_A: 0.131, D_B: 0.185, G_B: 0.234, cycle_B: 0.252, idt_B: 0.074

[Rank 0] (epoch: 245, iters: 1568, time: 0.030, data: 0.002) , D_A: 0.231, G_A: 0.848, cycle_A: 0.077, idt_A: 0.115, D_B: 0.159, G_B: 0.671, cycle_B: 0.225, idt_B: 0.061

[Rank 0] (epoch: 245, iters: 1768, time: 0.030, data: 0.003) , D_A: 0.047, G_A: 0.504, cycle_A: 0.109, idt_A: 0.138, D_B: 0.219, G_B: 0.538, cycle_B: 0.292, idt_B: 0.081

learning rate 0.0000800 -> 0.0000800
End of epoch 245 / 500 	 Time Taken: 52 sec
[Rank 0] (epoch: 246, iters: 40, time: 0.087, data: 0.002) , D_A: 0.120, G_A: 0.439, cycle_A: 0.089, idt_A: 0.138, D_B: 0.124, G_B: 0.628, cycle_B: 0.236, idt_B: 0.072

[Rank 0] (epoch: 246, iters: 240, time: 0.030, data: 0.003) , D_A: 0.054, G_A: 0.608, cycle_A: 0.101, idt_A: 0.102, D_B: 0.087, G_B: 0.673, cycle_B: 0.225, idt_B: 0.085

[Rank 0] (epoch: 246, iters: 440, time: 0.080, data: 0.003) , D_A: 0.056, G_A: 0.382, cycle_A: 0.106, idt_A: 0.116, D_B: 0.047, G_B: 0.716, cycle_B: 0.251, idt_B: 0.094

saving the latest model (epoch 246, total_iters 280000)
[Rank 0] (epoch: 246, iters: 640, time: 0.030, data: 0.003) , D_A: 0.138, G_A: 0.300, cycle_A: 0.086, idt_A: 0.130, D_B: 0.013, G_B: 0.969, cycle_B: 0.281, idt_B: 0.066

[Rank 0] (epoch: 246, iters: 840, time: 0.030, data: 0.003) , D_A: 0.121, G_A: 0.365, cycle_A: 0.089, idt_A: 0.118, D_B: 0.012, G_B: 0.871, cycle_B: 0.248, idt_B: 0.071

[Rank 0] (epoch: 246, iters: 1040, time: 0.030, data: 0.004) , D_A: 0.082, G_A: 0.528, cycle_A: 0.110, idt_A: 0.127, D_B: 0.011, G_B: 1.021, cycle_B: 0.273, idt_B: 0.086

[Rank 0] (epoch: 246, iters: 1240, time: 0.030, data: 0.003) , D_A: 0.062, G_A: 0.661, cycle_A: 0.085, idt_A: 0.148, D_B: 0.010, G_B: 0.878, cycle_B: 0.284, idt_B: 0.069

[Rank 0] (epoch: 246, iters: 1440, time: 0.067, data: 0.002) , D_A: 0.090, G_A: 0.427, cycle_A: 0.092, idt_A: 0.145, D_B: 0.015, G_B: 0.820, cycle_B: 0.282, idt_B: 0.076

[Rank 0] (epoch: 246, iters: 1640, time: 0.029, data: 0.003) , D_A: 0.044, G_A: 0.753, cycle_A: 0.091, idt_A: 0.125, D_B: 0.012, G_B: 0.810, cycle_B: 0.240, idt_B: 0.068

[Rank 0] (epoch: 246, iters: 1840, time: 0.030, data: 0.002) , D_A: 0.078, G_A: 0.590, cycle_A: 0.083, idt_A: 0.128, D_B: 0.015, G_B: 0.746, cycle_B: 0.248, idt_B: 0.062

learning rate 0.0000800 -> 0.0000800
End of epoch 246 / 500 	 Time Taken: 52 sec
[Rank 0] (epoch: 247, iters: 112, time: 0.076, data: 0.003) , D_A: 0.122, G_A: 0.766, cycle_A: 0.096, idt_A: 0.116, D_B: 0.010, G_B: 1.013, cycle_B: 0.233, idt_B: 0.077

[Rank 0] (epoch: 247, iters: 312, time: 0.029, data: 0.003) , D_A: 0.071, G_A: 0.461, cycle_A: 0.088, idt_A: 0.138, D_B: 0.011, G_B: 1.162, cycle_B: 0.262, idt_B: 0.078

[Rank 0] (epoch: 247, iters: 512, time: 0.073, data: 0.004) , D_A: 0.053, G_A: 0.574, cycle_A: 0.103, idt_A: 0.136, D_B: 0.006, G_B: 0.889, cycle_B: 0.256, idt_B: 0.083

[Rank 0] (epoch: 247, iters: 712, time: 0.030, data: 0.003) , D_A: 0.107, G_A: 0.248, cycle_A: 0.072, idt_A: 0.151, D_B: 0.010, G_B: 0.867, cycle_B: 0.286, idt_B: 0.060

[Rank 0] (epoch: 247, iters: 912, time: 0.030, data: 0.002) , D_A: 0.346, G_A: 1.350, cycle_A: 0.086, idt_A: 0.127, D_B: 0.004, G_B: 0.904, cycle_B: 0.246, idt_B: 0.069

[Rank 0] (epoch: 247, iters: 1112, time: 0.030, data: 0.003) , D_A: 0.118, G_A: 0.491, cycle_A: 0.070, idt_A: 0.133, D_B: 0.013, G_B: 1.003, cycle_B: 0.275, idt_B: 0.050

[Rank 0] (epoch: 247, iters: 1312, time: 0.030, data: 0.003) , D_A: 0.121, G_A: 0.765, cycle_A: 0.109, idt_A: 0.133, D_B: 0.005, G_B: 0.946, cycle_B: 0.244, idt_B: 0.085

[Rank 0] (epoch: 247, iters: 1512, time: 0.078, data: 0.003) , D_A: 0.084, G_A: 0.669, cycle_A: 0.071, idt_A: 0.151, D_B: 0.006, G_B: 0.826, cycle_B: 0.274, idt_B: 0.050

[Rank 0] (epoch: 247, iters: 1712, time: 0.030, data: 0.003) , D_A: 0.143, G_A: 0.459, cycle_A: 0.087, idt_A: 0.120, D_B: 0.004, G_B: 0.926, cycle_B: 0.253, idt_B: 0.076

[Rank 0] (epoch: 247, iters: 1912, time: 0.030, data: 0.004) , D_A: 0.087, G_A: 0.527, cycle_A: 0.100, idt_A: 0.151, D_B: 0.016, G_B: 1.338, cycle_B: 0.303, idt_B: 0.084

learning rate 0.0000800 -> 0.0000800
End of epoch 247 / 500 	 Time Taken: 52 sec
[Rank 0] (epoch: 248, iters: 184, time: 0.061, data: 0.002) , D_A: 0.108, G_A: 0.551, cycle_A: 0.106, idt_A: 0.126, D_B: 0.006, G_B: 0.918, cycle_B: 0.253, idt_B: 0.083

[Rank 0] (epoch: 248, iters: 384, time: 0.030, data: 0.002) , D_A: 0.089, G_A: 0.617, cycle_A: 0.105, idt_A: 0.124, D_B: 0.009, G_B: 1.205, cycle_B: 0.240, idt_B: 0.081

[Rank 0] (epoch: 248, iters: 584, time: 0.078, data: 0.004) , D_A: 0.086, G_A: 0.546, cycle_A: 0.097, idt_A: 0.138, D_B: 0.005, G_B: 0.946, cycle_B: 0.256, idt_B: 0.079

[Rank 0] (epoch: 248, iters: 784, time: 0.030, data: 0.003) , D_A: 0.202, G_A: 0.807, cycle_A: 0.064, idt_A: 0.108, D_B: 0.006, G_B: 0.904, cycle_B: 0.208, idt_B: 0.050

[Rank 0] (epoch: 248, iters: 984, time: 0.029, data: 0.003) , D_A: 0.099, G_A: 0.567, cycle_A: 0.083, idt_A: 0.110, D_B: 0.003, G_B: 0.954, cycle_B: 0.209, idt_B: 0.064

[Rank 0] (epoch: 248, iters: 1184, time: 0.030, data: 0.004) , D_A: 0.055, G_A: 0.441, cycle_A: 0.100, idt_A: 0.139, D_B: 0.007, G_B: 0.914, cycle_B: 0.266, idt_B: 0.084

[Rank 0] (epoch: 248, iters: 1384, time: 0.030, data: 0.003) , D_A: 0.097, G_A: 0.683, cycle_A: 0.103, idt_A: 0.116, D_B: 0.005, G_B: 0.915, cycle_B: 0.230, idt_B: 0.075

[Rank 0] (epoch: 248, iters: 1584, time: 0.087, data: 0.002) , D_A: 0.142, G_A: 0.427, cycle_A: 0.073, idt_A: 0.158, D_B: 0.005, G_B: 0.800, cycle_B: 0.230, idt_B: 0.059

saving the latest model (epoch 248, total_iters 285000)
[Rank 0] (epoch: 248, iters: 1784, time: 0.030, data: 0.004) , D_A: 0.081, G_A: 0.556, cycle_A: 0.075, idt_A: 0.119, D_B: 0.003, G_B: 0.995, cycle_B: 0.245, idt_B: 0.058

learning rate 0.0000800 -> 0.0000800
End of epoch 248 / 500 	 Time Taken: 52 sec
[Rank 0] (epoch: 249, iters: 56, time: 0.084, data: 0.004) , D_A: 0.067, G_A: 0.507, cycle_A: 0.081, idt_A: 0.149, D_B: 0.004, G_B: 1.162, cycle_B: 0.248, idt_B: 0.071

[Rank 0] (epoch: 249, iters: 256, time: 0.029, data: 0.003) , D_A: 0.050, G_A: 0.614, cycle_A: 0.095, idt_A: 0.145, D_B: 0.004, G_B: 0.991, cycle_B: 0.256, idt_B: 0.073

[Rank 0] (epoch: 249, iters: 456, time: 0.029, data: 0.003) , D_A: 0.105, G_A: 0.505, cycle_A: 0.095, idt_A: 0.139, D_B: 0.003, G_B: 0.907, cycle_B: 0.254, idt_B: 0.076

[Rank 0] (epoch: 249, iters: 656, time: 0.074, data: 0.002) , D_A: 0.151, G_A: 0.835, cycle_A: 0.119, idt_A: 0.183, D_B: 0.004, G_B: 0.859, cycle_B: 0.254, idt_B: 0.098

[Rank 0] (epoch: 249, iters: 856, time: 0.030, data: 0.003) , D_A: 0.119, G_A: 0.416, cycle_A: 0.102, idt_A: 0.124, D_B: 0.004, G_B: 0.892, cycle_B: 0.252, idt_B: 0.084

[Rank 0] (epoch: 249, iters: 1056, time: 0.030, data: 0.003) , D_A: 0.087, G_A: 0.663, cycle_A: 0.108, idt_A: 0.117, D_B: 0.005, G_B: 0.831, cycle_B: 0.222, idt_B: 0.088

[Rank 0] (epoch: 249, iters: 1256, time: 0.030, data: 0.003) , D_A: 0.133, G_A: 0.684, cycle_A: 0.081, idt_A: 0.140, D_B: 0.003, G_B: 0.973, cycle_B: 0.264, idt_B: 0.066

[Rank 0] (epoch: 249, iters: 1456, time: 0.029, data: 0.003) , D_A: 0.076, G_A: 0.498, cycle_A: 0.081, idt_A: 0.121, D_B: 0.004, G_B: 0.882, cycle_B: 0.232, idt_B: 0.063

[Rank 0] (epoch: 249, iters: 1656, time: 0.074, data: 0.002) , D_A: 0.068, G_A: 0.542, cycle_A: 0.095, idt_A: 0.136, D_B: 0.004, G_B: 0.894, cycle_B: 0.267, idt_B: 0.076

[Rank 0] (epoch: 249, iters: 1856, time: 0.030, data: 0.003) , D_A: 0.133, G_A: 0.407, cycle_A: 0.077, idt_A: 0.132, D_B: 0.003, G_B: 0.952, cycle_B: 0.254, idt_B: 0.058

learning rate 0.0000800 -> 0.0000800
End of epoch 249 / 500 	 Time Taken: 52 sec
[Rank 0] (epoch: 250, iters: 128, time: 0.073, data: 0.003) , D_A: 0.064, G_A: 0.581, cycle_A: 0.089, idt_A: 0.106, D_B: 0.002, G_B: 1.014, cycle_B: 0.212, idt_B: 0.063

[Rank 0] (epoch: 250, iters: 328, time: 0.030, data: 0.004) , D_A: 0.087, G_A: 0.432, cycle_A: 0.095, idt_A: 0.146, D_B: 0.003, G_B: 0.949, cycle_B: 0.241, idt_B: 0.071

[Rank 0] (epoch: 250, iters: 528, time: 0.030, data: 0.002) , D_A: 0.061, G_A: 0.647, cycle_A: 0.114, idt_A: 0.123, D_B: 0.002, G_B: 0.975, cycle_B: 0.255, idt_B: 0.095

[Rank 0] (epoch: 250, iters: 728, time: 0.057, data: 0.002) , D_A: 0.111, G_A: 0.391, cycle_A: 0.081, idt_A: 0.117, D_B: 0.005, G_B: 1.153, cycle_B: 0.223, idt_B: 0.060

[Rank 0] (epoch: 250, iters: 928, time: 0.029, data: 0.004) , D_A: 0.069, G_A: 0.621, cycle_A: 0.096, idt_A: 0.147, D_B: 0.004, G_B: 0.941, cycle_B: 0.218, idt_B: 0.077

[Rank 0] (epoch: 250, iters: 1128, time: 0.030, data: 0.003) , D_A: 0.046, G_A: 0.569, cycle_A: 0.101, idt_A: 0.134, D_B: 0.002, G_B: 0.920, cycle_B: 0.225, idt_B: 0.071

[Rank 0] (epoch: 250, iters: 1328, time: 0.030, data: 0.004) , D_A: 0.078, G_A: 0.829, cycle_A: 0.072, idt_A: 0.126, D_B: 0.004, G_B: 0.904, cycle_B: 0.232, idt_B: 0.056

[Rank 0] (epoch: 250, iters: 1528, time: 0.030, data: 0.002) , D_A: 0.122, G_A: 0.475, cycle_A: 0.079, idt_A: 0.114, D_B: 0.003, G_B: 0.929, cycle_B: 0.231, idt_B: 0.058

[Rank 0] (epoch: 250, iters: 1728, time: 0.075, data: 0.004) , D_A: 0.074, G_A: 0.665, cycle_A: 0.103, idt_A: 0.118, D_B: 0.002, G_B: 0.895, cycle_B: 0.207, idt_B: 0.075

[Rank 0] (epoch: 250, iters: 1928, time: 0.024, data: 0.009) , D_A: 0.067, G_A: 0.691, cycle_A: 0.081, idt_A: 0.116, D_B: 0.003, G_B: 0.880, cycle_B: 0.225, idt_B: 0.063

learning rate 0.0000800 -> 0.0000800
End of epoch 250 / 500 	 Time Taken: 52 sec
[Rank 0] (epoch: 251, iters: 200, time: 0.075, data: 0.876) , D_A: 0.099, G_A: 0.375, cycle_A: 0.097, idt_A: 0.135, D_B: 0.001, G_B: 0.983, cycle_B: 0.219, idt_B: 0.072

[Rank 0] (epoch: 251, iters: 400, time: 0.029, data: 0.004) , D_A: 0.072, G_A: 0.749, cycle_A: 0.064, idt_A: 0.119, D_B: 0.002, G_B: 1.121, cycle_B: 0.217, idt_B: 0.048

[Rank 0] (epoch: 251, iters: 600, time: 0.030, data: 0.002) , D_A: 0.172, G_A: 0.350, cycle_A: 0.081, idt_A: 0.139, D_B: 0.002, G_B: 1.016, cycle_B: 0.240, idt_B: 0.059

[Rank 0] (epoch: 251, iters: 800, time: 0.079, data: 0.004) , D_A: 0.129, G_A: 0.911, cycle_A: 0.093, idt_A: 0.140, D_B: 0.002, G_B: 0.935, cycle_B: 0.244, idt_B: 0.071

saving the latest model (epoch 251, total_iters 290000)
[Rank 0] (epoch: 251, iters: 1000, time: 0.030, data: 0.001) , D_A: 0.132, G_A: 0.226, cycle_A: 0.068, idt_A: 0.132, D_B: 0.003, G_B: 0.932, cycle_B: 0.202, idt_B: 0.053

[Rank 0] (epoch: 251, iters: 1200, time: 0.030, data: 0.004) , D_A: 0.088, G_A: 0.412, cycle_A: 0.097, idt_A: 0.147, D_B: 0.001, G_B: 1.048, cycle_B: 0.204, idt_B: 0.079

[Rank 0] (epoch: 251, iters: 1400, time: 0.030, data: 0.003) , D_A: 0.043, G_A: 0.559, cycle_A: 0.079, idt_A: 0.141, D_B: 0.002, G_B: 0.917, cycle_B: 0.218, idt_B: 0.056

[Rank 0] (epoch: 251, iters: 1600, time: 0.030, data: 0.003) , D_A: 0.061, G_A: 0.481, cycle_A: 0.118, idt_A: 0.129, D_B: 0.002, G_B: 1.044, cycle_B: 0.239, idt_B: 0.085

[Rank 0] (epoch: 251, iters: 1800, time: 0.069, data: 0.002) , D_A: 0.045, G_A: 0.547, cycle_A: 0.069, idt_A: 0.114, D_B: 0.002, G_B: 0.918, cycle_B: 0.203, idt_B: 0.052

learning rate 0.0000800 -> 0.0000800
End of epoch 251 / 500 	 Time Taken: 52 sec
[Rank 0] (epoch: 252, iters: 72, time: 0.092, data: 0.004) , D_A: 0.087, G_A: 0.739, cycle_A: 0.085, idt_A: 0.117, D_B: 0.002, G_B: 1.056, cycle_B: 0.212, idt_B: 0.070

[Rank 0] (epoch: 252, iters: 272, time: 0.029, data: 0.002) , D_A: 0.195, G_A: 0.745, cycle_A: 0.080, idt_A: 0.131, D_B: 0.002, G_B: 0.918, cycle_B: 0.217, idt_B: 0.062

[Rank 0] (epoch: 252, iters: 472, time: 0.030, data: 0.004) , D_A: 0.051, G_A: 0.750, cycle_A: 0.078, idt_A: 0.150, D_B: 0.003, G_B: 0.882, cycle_B: 0.255, idt_B: 0.052

[Rank 0] (epoch: 252, iters: 672, time: 0.030, data: 0.004) , D_A: 0.081, G_A: 0.545, cycle_A: 0.089, idt_A: 0.127, D_B: 0.002, G_B: 1.023, cycle_B: 0.213, idt_B: 0.063

[Rank 0] (epoch: 252, iters: 872, time: 0.086, data: 0.003) , D_A: 0.055, G_A: 0.525, cycle_A: 0.081, idt_A: 0.129, D_B: 0.001, G_B: 0.958, cycle_B: 0.263, idt_B: 0.059

[Rank 0] (epoch: 252, iters: 1072, time: 0.031, data: 0.003) , D_A: 0.070, G_A: 0.643, cycle_A: 0.087, idt_A: 0.129, D_B: 0.001, G_B: 1.008, cycle_B: 0.249, idt_B: 0.066

[Rank 0] (epoch: 252, iters: 1272, time: 0.030, data: 0.004) , D_A: 0.050, G_A: 0.680, cycle_A: 0.102, idt_A: 0.131, D_B: 0.001, G_B: 0.991, cycle_B: 0.211, idt_B: 0.082

[Rank 0] (epoch: 252, iters: 1472, time: 0.029, data: 0.004) , D_A: 0.122, G_A: 0.548, cycle_A: 0.079, idt_A: 0.098, D_B: 0.001, G_B: 0.928, cycle_B: 0.172, idt_B: 0.055

[Rank 0] (epoch: 252, iters: 1672, time: 0.030, data: 0.002) , D_A: 0.096, G_A: 0.435, cycle_A: 0.100, idt_A: 0.121, D_B: 0.002, G_B: 0.919, cycle_B: 0.205, idt_B: 0.081

[Rank 0] (epoch: 252, iters: 1872, time: 0.070, data: 0.009) , D_A: 0.149, G_A: 0.383, cycle_A: 0.092, idt_A: 0.120, D_B: 0.001, G_B: 0.954, cycle_B: 0.228, idt_B: 0.068

learning rate 0.0000800 -> 0.0000800
End of epoch 252 / 500 	 Time Taken: 52 sec
[Rank 0] (epoch: 253, iters: 144, time: 0.073, data: 0.003) , D_A: 0.083, G_A: 0.465, cycle_A: 0.094, idt_A: 0.132, D_B: 0.001, G_B: 0.962, cycle_B: 0.209, idt_B: 0.075

[Rank 0] (epoch: 253, iters: 344, time: 0.029, data: 0.004) , D_A: 0.044, G_A: 0.797, cycle_A: 0.090, idt_A: 0.136, D_B: 0.002, G_B: 0.970, cycle_B: 0.233, idt_B: 0.070

[Rank 0] (epoch: 253, iters: 544, time: 0.029, data: 0.003) , D_A: 0.056, G_A: 0.800, cycle_A: 0.094, idt_A: 0.134, D_B: 0.001, G_B: 1.068, cycle_B: 0.211, idt_B: 0.068

[Rank 0] (epoch: 253, iters: 744, time: 0.029, data: 0.002) , D_A: 0.071, G_A: 0.456, cycle_A: 0.095, idt_A: 0.128, D_B: 0.002, G_B: 0.887, cycle_B: 0.193, idt_B: 0.067

[Rank 0] (epoch: 253, iters: 944, time: 0.073, data: 0.003) , D_A: 0.129, G_A: 0.577, cycle_A: 0.076, idt_A: 0.119, D_B: 0.001, G_B: 0.963, cycle_B: 0.216, idt_B: 0.056

[Rank 0] (epoch: 253, iters: 1144, time: 0.030, data: 0.003) , D_A: 0.115, G_A: 0.276, cycle_A: 0.094, idt_A: 0.138, D_B: 0.001, G_B: 1.013, cycle_B: 0.221, idt_B: 0.065

[Rank 0] (epoch: 253, iters: 1344, time: 0.030, data: 0.003) , D_A: 0.085, G_A: 0.481, cycle_A: 0.078, idt_A: 0.130, D_B: 0.001, G_B: 0.969, cycle_B: 0.240, idt_B: 0.062

[Rank 0] (epoch: 253, iters: 1544, time: 0.029, data: 0.003) , D_A: 0.058, G_A: 0.606, cycle_A: 0.102, idt_A: 0.117, D_B: 0.001, G_B: 0.936, cycle_B: 0.215, idt_B: 0.075

[Rank 0] (epoch: 253, iters: 1744, time: 0.030, data: 0.003) , D_A: 0.070, G_A: 0.557, cycle_A: 0.068, idt_A: 0.126, D_B: 0.002, G_B: 0.951, cycle_B: 0.221, idt_B: 0.051

learning rate 0.0000800 -> 0.0000800
End of epoch 253 / 500 	 Time Taken: 52 sec
[Rank 0] (epoch: 254, iters: 16, time: 0.084, data: 0.004) , D_A: 0.087, G_A: 0.732, cycle_A: 0.062, idt_A: 0.117, D_B: 0.001, G_B: 0.991, cycle_B: 0.201, idt_B: 0.051

saving the latest model (epoch 254, total_iters 295000)
[Rank 0] (epoch: 254, iters: 216, time: 0.030, data: 0.003) , D_A: 0.125, G_A: 0.859, cycle_A: 0.095, idt_A: 0.142, D_B: 0.001, G_B: 1.010, cycle_B: 0.244, idt_B: 0.076

[Rank 0] (epoch: 254, iters: 416, time: 0.030, data: 0.003) , D_A: 0.049, G_A: 0.719, cycle_A: 0.088, idt_A: 0.135, D_B: 0.003, G_B: 1.002, cycle_B: 0.227, idt_B: 0.071

[Rank 0] (epoch: 254, iters: 616, time: 0.030, data: 0.003) , D_A: 0.061, G_A: 0.458, cycle_A: 0.086, idt_A: 0.122, D_B: 0.002, G_B: 0.957, cycle_B: 0.227, idt_B: 0.068

[Rank 0] (epoch: 254, iters: 816, time: 0.030, data: 0.004) , D_A: 0.075, G_A: 0.628, cycle_A: 0.078, idt_A: 0.121, D_B: 0.002, G_B: 0.936, cycle_B: 0.207, idt_B: 0.057

[Rank 0] (epoch: 254, iters: 1016, time: 0.069, data: 0.002) , D_A: 0.082, G_A: 0.505, cycle_A: 0.069, idt_A: 0.119, D_B: 0.002, G_B: 1.018, cycle_B: 0.210, idt_B: 0.050

[Rank 0] (epoch: 254, iters: 1216, time: 0.029, data: 0.004) , D_A: 0.057, G_A: 0.507, cycle_A: 0.063, idt_A: 0.120, D_B: 0.004, G_B: 1.045, cycle_B: 0.207, idt_B: 0.046

[Rank 0] (epoch: 254, iters: 1416, time: 0.030, data: 0.003) , D_A: 0.056, G_A: 0.703, cycle_A: 0.068, idt_A: 0.128, D_B: 0.002, G_B: 0.951, cycle_B: 0.217, idt_B: 0.052

[Rank 0] (epoch: 254, iters: 1616, time: 0.030, data: 0.003) , D_A: 0.094, G_A: 0.850, cycle_A: 0.085, idt_A: 0.156, D_B: 0.001, G_B: 1.036, cycle_B: 0.237, idt_B: 0.066

[Rank 0] (epoch: 254, iters: 1816, time: 0.030, data: 0.002) , D_A: 0.117, G_A: 0.646, cycle_A: 0.079, idt_A: 0.143, D_B: 0.001, G_B: 0.991, cycle_B: 0.238, idt_B: 0.062

learning rate 0.0000800 -> 0.0000800
End of epoch 254 / 500 	 Time Taken: 52 sec
[Rank 0] (epoch: 255, iters: 88, time: 0.087, data: 0.004) , D_A: 0.080, G_A: 0.639, cycle_A: 0.090, idt_A: 0.126, D_B: 0.001, G_B: 0.962, cycle_B: 0.224, idt_B: 0.066

[Rank 0] (epoch: 255, iters: 288, time: 0.030, data: 0.005) , D_A: 0.074, G_A: 0.915, cycle_A: 0.095, idt_A: 0.134, D_B: 0.001, G_B: 1.058, cycle_B: 0.243, idt_B: 0.072

[Rank 0] (epoch: 255, iters: 488, time: 0.030, data: 0.003) , D_A: 0.160, G_A: 1.055, cycle_A: 0.074, idt_A: 0.110, D_B: 0.001, G_B: 0.936, cycle_B: 0.200, idt_B: 0.058

[Rank 0] (epoch: 255, iters: 688, time: 0.030, data: 0.004) , D_A: 0.051, G_A: 0.791, cycle_A: 0.081, idt_A: 0.127, D_B: 0.001, G_B: 0.965, cycle_B: 0.206, idt_B: 0.063

[Rank 0] (epoch: 255, iters: 888, time: 0.030, data: 0.002) , D_A: 0.053, G_A: 0.625, cycle_A: 0.089, idt_A: 0.133, D_B: 0.005, G_B: 1.067, cycle_B: 0.227, idt_B: 0.068

[Rank 0] (epoch: 255, iters: 1088, time: 0.083, data: 0.003) , D_A: 0.146, G_A: 0.678, cycle_A: 0.084, idt_A: 0.140, D_B: 0.002, G_B: 0.897, cycle_B: 0.229, idt_B: 0.064

[Rank 0] (epoch: 255, iters: 1288, time: 0.030, data: 0.004) , D_A: 0.065, G_A: 0.719, cycle_A: 0.074, idt_A: 0.154, D_B: 0.001, G_B: 1.046, cycle_B: 0.224, idt_B: 0.049

[Rank 0] (epoch: 255, iters: 1488, time: 0.029, data: 0.003) , D_A: 0.086, G_A: 0.406, cycle_A: 0.081, idt_A: 0.136, D_B: 0.003, G_B: 1.103, cycle_B: 0.231, idt_B: 0.058

[Rank 0] (epoch: 255, iters: 1688, time: 0.030, data: 0.002) , D_A: 0.173, G_A: 0.797, cycle_A: 0.076, idt_A: 0.140, D_B: 0.001, G_B: 0.950, cycle_B: 0.231, idt_B: 0.063

[Rank 0] (epoch: 255, iters: 1888, time: 0.030, data: 0.003) , D_A: 0.047, G_A: 0.866, cycle_A: 0.083, idt_A: 0.112, D_B: 0.003, G_B: 0.953, cycle_B: 0.211, idt_B: 0.059

learning rate 0.0000800 -> 0.0000800
End of epoch 255 / 500 	 Time Taken: 52 sec
[Rank 0] (epoch: 256, iters: 160, time: 0.080, data: 0.002) , D_A: 0.078, G_A: 0.711, cycle_A: 0.087, idt_A: 0.121, D_B: 0.004, G_B: 1.069, cycle_B: 0.235, idt_B: 0.065

[Rank 0] (epoch: 256, iters: 360, time: 0.030, data: 0.004) , D_A: 0.130, G_A: 0.255, cycle_A: 0.090, idt_A: 0.114, D_B: 0.001, G_B: 0.946, cycle_B: 0.207, idt_B: 0.066

[Rank 0] (epoch: 256, iters: 560, time: 0.030, data: 0.002) , D_A: 0.041, G_A: 0.522, cycle_A: 0.082, idt_A: 0.119, D_B: 0.004, G_B: 1.021, cycle_B: 0.213, idt_B: 0.063

[Rank 0] (epoch: 256, iters: 760, time: 0.030, data: 0.003) , D_A: 0.071, G_A: 0.464, cycle_A: 0.073, idt_A: 0.136, D_B: 0.026, G_B: 0.915, cycle_B: 0.242, idt_B: 0.053

[Rank 0] (epoch: 256, iters: 960, time: 0.030, data: 0.003) , D_A: 0.116, G_A: 0.782, cycle_A: 0.107, idt_A: 0.114, D_B: 0.005, G_B: 0.855, cycle_B: 0.210, idt_B: 0.084

[Rank 0] (epoch: 256, iters: 1160, time: 0.082, data: 0.004) , D_A: 0.097, G_A: 0.470, cycle_A: 0.113, idt_A: 0.141, D_B: 0.004, G_B: 0.861, cycle_B: 0.226, idt_B: 0.091

saving the latest model (epoch 256, total_iters 300000)
[Rank 0] (epoch: 256, iters: 1360, time: 0.030, data: 0.002) , D_A: 0.113, G_A: 0.316, cycle_A: 0.089, idt_A: 0.136, D_B: 0.001, G_B: 0.974, cycle_B: 0.213, idt_B: 0.068

[Rank 0] (epoch: 256, iters: 1560, time: 0.030, data: 0.002) , D_A: 0.077, G_A: 0.404, cycle_A: 0.069, idt_A: 0.110, D_B: 0.002, G_B: 0.925, cycle_B: 0.203, idt_B: 0.051

[Rank 0] (epoch: 256, iters: 1760, time: 0.030, data: 0.005) , D_A: 0.171, G_A: 0.262, cycle_A: 0.128, idt_A: 0.139, D_B: 0.002, G_B: 1.004, cycle_B: 0.222, idt_B: 0.087

learning rate 0.0000800 -> 0.0000800
End of epoch 256 / 500 	 Time Taken: 52 sec
[Rank 0] (epoch: 257, iters: 32, time: 0.077, data: 0.004) , D_A: 0.200, G_A: 0.260, cycle_A: 0.076, idt_A: 0.130, D_B: 0.013, G_B: 0.683, cycle_B: 0.259, idt_B: 0.056

[Rank 0] (epoch: 257, iters: 232, time: 0.082, data: 0.003) , D_A: 0.228, G_A: 0.227, cycle_A: 0.090, idt_A: 0.115, D_B: 0.002, G_B: 1.010, cycle_B: 0.227, idt_B: 0.075

[Rank 0] (epoch: 257, iters: 432, time: 0.030, data: 0.002) , D_A: 0.257, G_A: 0.279, cycle_A: 0.086, idt_A: 0.135, D_B: 0.002, G_B: 0.960, cycle_B: 0.252, idt_B: 0.077

[Rank 0] (epoch: 257, iters: 632, time: 0.030, data: 0.005) , D_A: 0.217, G_A: 0.226, cycle_A: 0.078, idt_A: 0.098, D_B: 0.003, G_B: 0.972, cycle_B: 0.182, idt_B: 0.075

[Rank 0] (epoch: 257, iters: 832, time: 0.030, data: 0.002) , D_A: 0.254, G_A: 0.284, cycle_A: 0.073, idt_A: 0.138, D_B: 0.008, G_B: 0.783, cycle_B: 0.223, idt_B: 0.061

[Rank 0] (epoch: 257, iters: 1032, time: 0.030, data: 0.003) , D_A: 0.277, G_A: 0.253, cycle_A: 0.082, idt_A: 0.153, D_B: 0.068, G_B: 0.380, cycle_B: 0.261, idt_B: 0.079

[Rank 0] (epoch: 257, iters: 1232, time: 0.068, data: 0.003) , D_A: 0.241, G_A: 0.250, cycle_A: 0.078, idt_A: 0.134, D_B: 0.003, G_B: 0.946, cycle_B: 0.233, idt_B: 0.073

[Rank 0] (epoch: 257, iters: 1432, time: 0.030, data: 0.002) , D_A: 0.249, G_A: 0.261, cycle_A: 0.076, idt_A: 0.133, D_B: 0.001, G_B: 0.984, cycle_B: 0.249, idt_B: 0.069

[Rank 0] (epoch: 257, iters: 1632, time: 0.030, data: 0.004) , D_A: 0.259, G_A: 0.257, cycle_A: 0.084, idt_A: 0.113, D_B: 0.001, G_B: 0.955, cycle_B: 0.208, idt_B: 0.074

[Rank 0] (epoch: 257, iters: 1832, time: 0.030, data: 0.003) , D_A: 0.270, G_A: 0.230, cycle_A: 0.084, idt_A: 0.140, D_B: 0.001, G_B: 0.972, cycle_B: 0.233, idt_B: 0.072

learning rate 0.0000800 -> 0.0000800
End of epoch 257 / 500 	 Time Taken: 52 sec
[Rank 0] (epoch: 258, iters: 104, time: 0.077, data: 0.003) , D_A: 0.246, G_A: 0.243, cycle_A: 0.065, idt_A: 0.143, D_B: 0.287, G_B: 1.197, cycle_B: 0.291, idt_B: 0.059

[Rank 0] (epoch: 258, iters: 304, time: 0.075, data: 0.002) , D_A: 0.256, G_A: 0.269, cycle_A: 0.098, idt_A: 0.111, D_B: 0.037, G_B: 1.140, cycle_B: 0.223, idt_B: 0.099

[Rank 0] (epoch: 258, iters: 504, time: 0.030, data: 0.002) , D_A: 0.240, G_A: 0.222, cycle_A: 0.083, idt_A: 0.139, D_B: 0.080, G_B: 0.615, cycle_B: 0.263, idt_B: 0.075

[Rank 0] (epoch: 258, iters: 704, time: 0.030, data: 0.003) , D_A: 0.255, G_A: 0.247, cycle_A: 0.097, idt_A: 0.132, D_B: 0.013, G_B: 1.097, cycle_B: 0.243, idt_B: 0.091

[Rank 0] (epoch: 258, iters: 904, time: 0.029, data: 0.004) , D_A: 0.250, G_A: 0.252, cycle_A: 0.110, idt_A: 0.125, D_B: 0.053, G_B: 0.898, cycle_B: 0.270, idt_B: 0.118

[Rank 0] (epoch: 258, iters: 1104, time: 0.030, data: 0.002) , D_A: 0.240, G_A: 0.227, cycle_A: 0.090, idt_A: 0.130, D_B: 0.026, G_B: 1.035, cycle_B: 0.275, idt_B: 0.106

[Rank 0] (epoch: 258, iters: 1304, time: 0.086, data: 0.009) , D_A: 0.243, G_A: 0.295, cycle_A: 0.087, idt_A: 0.145, D_B: 0.364, G_B: 0.762, cycle_B: 0.321, idt_B: 0.069

[Rank 0] (epoch: 258, iters: 1504, time: 0.030, data: 0.002) , D_A: 0.248, G_A: 0.231, cycle_A: 0.089, idt_A: 0.133, D_B: 0.099, G_B: 0.340, cycle_B: 0.259, idt_B: 0.083

[Rank 0] (epoch: 258, iters: 1704, time: 0.030, data: 0.003) , D_A: 0.240, G_A: 0.255, cycle_A: 0.069, idt_A: 0.116, D_B: 0.131, G_B: 0.708, cycle_B: 0.268, idt_B: 0.064

[Rank 0] (epoch: 258, iters: 1904, time: 0.030, data: 0.002) , D_A: 0.236, G_A: 0.270, cycle_A: 0.073, idt_A: 0.137, D_B: 0.163, G_B: 0.126, cycle_B: 0.245, idt_B: 0.068

learning rate 0.0000800 -> 0.0000800
End of epoch 258 / 500 	 Time Taken: 52 sec
[Rank 0] (epoch: 259, iters: 176, time: 0.080, data: 0.002) , D_A: 0.235, G_A: 0.250, cycle_A: 0.085, idt_A: 0.125, D_B: 0.159, G_B: 0.228, cycle_B: 0.261, idt_B: 0.084

[Rank 0] (epoch: 259, iters: 376, time: 0.090, data: 0.002) , D_A: 0.233, G_A: 0.247, cycle_A: 0.071, idt_A: 0.170, D_B: 0.168, G_B: 0.316, cycle_B: 0.281, idt_B: 0.072

saving the latest model (epoch 259, total_iters 305000)
[Rank 0] (epoch: 259, iters: 576, time: 0.030, data: 0.002) , D_A: 0.274, G_A: 0.184, cycle_A: 0.110, idt_A: 0.173, D_B: 0.128, G_B: 0.376, cycle_B: 0.261, idt_B: 0.110

[Rank 0] (epoch: 259, iters: 776, time: 0.029, data: 0.005) , D_A: 0.242, G_A: 0.259, cycle_A: 0.079, idt_A: 0.132, D_B: 0.152, G_B: 0.242, cycle_B: 0.275, idt_B: 0.076

[Rank 0] (epoch: 259, iters: 976, time: 0.030, data: 0.003) , D_A: 0.264, G_A: 0.225, cycle_A: 0.082, idt_A: 0.111, D_B: 0.059, G_B: 0.870, cycle_B: 0.213, idt_B: 0.079

[Rank 0] (epoch: 259, iters: 1176, time: 0.030, data: 0.004) , D_A: 0.252, G_A: 0.235, cycle_A: 0.063, idt_A: 0.109, D_B: 0.026, G_B: 0.967, cycle_B: 0.221, idt_B: 0.067

[Rank 0] (epoch: 259, iters: 1376, time: 0.076, data: 0.003) , D_A: 0.239, G_A: 0.272, cycle_A: 0.095, idt_A: 0.150, D_B: 0.007, G_B: 0.895, cycle_B: 0.233, idt_B: 0.103

[Rank 0] (epoch: 259, iters: 1576, time: 0.030, data: 0.002) , D_A: 0.232, G_A: 0.252, cycle_A: 0.082, idt_A: 0.129, D_B: 0.005, G_B: 0.930, cycle_B: 0.198, idt_B: 0.079

[Rank 0] (epoch: 259, iters: 1776, time: 0.030, data: 0.004) , D_A: 0.255, G_A: 0.239, cycle_A: 0.099, idt_A: 0.144, D_B: 0.029, G_B: 1.379, cycle_B: 0.226, idt_B: 0.105

learning rate 0.0000800 -> 0.0000800
End of epoch 259 / 500 	 Time Taken: 52 sec
[Rank 0] (epoch: 260, iters: 48, time: 0.058, data: 0.002) , D_A: 0.232, G_A: 0.251, cycle_A: 0.083, idt_A: 0.141, D_B: 0.002, G_B: 0.971, cycle_B: 0.247, idt_B: 0.081

[Rank 0] (epoch: 260, iters: 248, time: 0.030, data: 0.003) , D_A: 0.248, G_A: 0.244, cycle_A: 0.095, idt_A: 0.112, D_B: 0.005, G_B: 0.977, cycle_B: 0.218, idt_B: 0.092

[Rank 0] (epoch: 260, iters: 448, time: 0.095, data: 0.002) , D_A: 0.254, G_A: 0.248, cycle_A: 0.085, idt_A: 0.144, D_B: 0.003, G_B: 0.982, cycle_B: 0.208, idt_B: 0.084

[Rank 0] (epoch: 260, iters: 648, time: 0.030, data: 0.001) , D_A: 0.253, G_A: 0.253, cycle_A: 0.071, idt_A: 0.133, D_B: 0.040, G_B: 1.457, cycle_B: 0.250, idt_B: 0.067

[Rank 0] (epoch: 260, iters: 848, time: 0.030, data: 0.003) , D_A: 0.241, G_A: 0.227, cycle_A: 0.071, idt_A: 0.120, D_B: 0.006, G_B: 0.832, cycle_B: 0.207, idt_B: 0.068

[Rank 0] (epoch: 260, iters: 1048, time: 0.030, data: 0.003) , D_A: 0.248, G_A: 0.268, cycle_A: 0.072, idt_A: 0.132, D_B: 0.005, G_B: 0.971, cycle_B: 0.255, idt_B: 0.066

[Rank 0] (epoch: 260, iters: 1248, time: 0.030, data: 0.004) , D_A: 0.247, G_A: 0.219, cycle_A: 0.057, idt_A: 0.120, D_B: 0.003, G_B: 0.994, cycle_B: 0.224, idt_B: 0.058

[Rank 0] (epoch: 260, iters: 1448, time: 0.074, data: 0.005) , D_A: 0.239, G_A: 0.237, cycle_A: 0.069, idt_A: 0.138, D_B: 0.002, G_B: 0.950, cycle_B: 0.200, idt_B: 0.066

[Rank 0] (epoch: 260, iters: 1648, time: 0.029, data: 0.003) , D_A: 0.243, G_A: 0.205, cycle_A: 0.071, idt_A: 0.161, D_B: 0.014, G_B: 1.345, cycle_B: 0.265, idt_B: 0.075

[Rank 0] (epoch: 260, iters: 1848, time: 0.030, data: 0.002) , D_A: 0.280, G_A: 0.218, cycle_A: 0.072, idt_A: 0.126, D_B: 0.002, G_B: 0.942, cycle_B: 0.224, idt_B: 0.071

learning rate 0.0000800 -> 0.0000800
saving the model at the end of epoch 260, iters 308480
End of epoch 260 / 500 	 Time Taken: 52 sec
[Rank 0] (epoch: 261, iters: 120, time: 0.082, data: 0.003) , D_A: 0.236, G_A: 0.224, cycle_A: 0.078, idt_A: 0.154, D_B: 0.002, G_B: 0.925, cycle_B: 0.246, idt_B: 0.073

[Rank 0] (epoch: 261, iters: 320, time: 0.030, data: 0.002) , D_A: 0.237, G_A: 0.248, cycle_A: 0.079, idt_A: 0.101, D_B: 0.003, G_B: 0.970, cycle_B: 0.191, idt_B: 0.076

[Rank 0] (epoch: 261, iters: 520, time: 0.073, data: 0.003) , D_A: 0.238, G_A: 0.277, cycle_A: 0.072, idt_A: 0.126, D_B: 0.003, G_B: 0.951, cycle_B: 0.241, idt_B: 0.067

[Rank 0] (epoch: 261, iters: 720, time: 0.030, data: 0.003) , D_A: 0.236, G_A: 0.267, cycle_A: 0.064, idt_A: 0.128, D_B: 0.003, G_B: 0.961, cycle_B: 0.253, idt_B: 0.055

[Rank 0] (epoch: 261, iters: 920, time: 0.029, data: 0.003) , D_A: 0.235, G_A: 0.237, cycle_A: 0.070, idt_A: 0.150, D_B: 0.003, G_B: 1.006, cycle_B: 0.238, idt_B: 0.070

[Rank 0] (epoch: 261, iters: 1120, time: 0.030, data: 0.003) , D_A: 0.230, G_A: 0.300, cycle_A: 0.090, idt_A: 0.131, D_B: 0.003, G_B: 0.930, cycle_B: 0.222, idt_B: 0.085

[Rank 0] (epoch: 261, iters: 1320, time: 0.030, data: 0.004) , D_A: 0.227, G_A: 0.237, cycle_A: 0.072, idt_A: 0.126, D_B: 0.001, G_B: 0.977, cycle_B: 0.216, idt_B: 0.070

[Rank 0] (epoch: 261, iters: 1520, time: 0.074, data: 0.003) , D_A: 0.199, G_A: 0.278, cycle_A: 0.072, idt_A: 0.126, D_B: 0.001, G_B: 0.988, cycle_B: 0.234, idt_B: 0.067

saving the latest model (epoch 261, total_iters 310000)
[Rank 0] (epoch: 261, iters: 1720, time: 0.030, data: 0.004) , D_A: 0.217, G_A: 0.309, cycle_A: 0.067, idt_A: 0.114, D_B: 0.005, G_B: 0.785, cycle_B: 0.226, idt_B: 0.058

[Rank 0] (epoch: 261, iters: 1920, time: 0.030, data: 0.003) , D_A: 0.166, G_A: 0.386, cycle_A: 0.080, idt_A: 0.136, D_B: 0.003, G_B: 0.991, cycle_B: 0.235, idt_B: 0.066

learning rate 0.0000800 -> 0.0000800
End of epoch 261 / 500 	 Time Taken: 52 sec
[Rank 0] (epoch: 262, iters: 192, time: 0.079, data: 0.002) , D_A: 0.207, G_A: 0.220, cycle_A: 0.079, idt_A: 0.120, D_B: 0.003, G_B: 0.872, cycle_B: 0.217, idt_B: 0.070

[Rank 0] (epoch: 262, iters: 392, time: 0.030, data: 0.003) , D_A: 0.107, G_A: 0.420, cycle_A: 0.070, idt_A: 0.144, D_B: 0.002, G_B: 0.972, cycle_B: 0.238, idt_B: 0.058

[Rank 0] (epoch: 262, iters: 592, time: 0.085, data: 0.004) , D_A: 0.157, G_A: 0.238, cycle_A: 0.075, idt_A: 0.145, D_B: 0.002, G_B: 0.864, cycle_B: 0.244, idt_B: 0.060

[Rank 0] (epoch: 262, iters: 792, time: 0.030, data: 0.002) , D_A: 0.075, G_A: 0.418, cycle_A: 0.064, idt_A: 0.131, D_B: 0.001, G_B: 0.969, cycle_B: 0.225, idt_B: 0.056

[Rank 0] (epoch: 262, iters: 992, time: 0.030, data: 0.004) , D_A: 0.128, G_A: 0.440, cycle_A: 0.086, idt_A: 0.115, D_B: 0.001, G_B: 0.968, cycle_B: 0.196, idt_B: 0.075

[Rank 0] (epoch: 262, iters: 1192, time: 0.030, data: 0.003) , D_A: 0.118, G_A: 0.540, cycle_A: 0.092, idt_A: 0.128, D_B: 0.001, G_B: 0.968, cycle_B: 0.218, idt_B: 0.072

[Rank 0] (epoch: 262, iters: 1392, time: 0.030, data: 0.003) , D_A: 0.093, G_A: 0.597, cycle_A: 0.091, idt_A: 0.129, D_B: 0.001, G_B: 0.990, cycle_B: 0.219, idt_B: 0.074

[Rank 0] (epoch: 262, iters: 1592, time: 0.090, data: 0.004) , D_A: 0.228, G_A: 0.845, cycle_A: 0.083, idt_A: 0.116, D_B: 0.001, G_B: 0.952, cycle_B: 0.208, idt_B: 0.058

[Rank 0] (epoch: 262, iters: 1792, time: 0.030, data: 0.003) , D_A: 0.073, G_A: 0.439, cycle_A: 0.078, idt_A: 0.156, D_B: 0.001, G_B: 0.955, cycle_B: 0.244, idt_B: 0.063

learning rate 0.0000800 -> 0.0000800
End of epoch 262 / 500 	 Time Taken: 52 sec
[Rank 0] (epoch: 263, iters: 64, time: 0.078, data: 0.004) , D_A: 0.066, G_A: 0.650, cycle_A: 0.100, idt_A: 0.112, D_B: 0.002, G_B: 0.990, cycle_B: 0.219, idt_B: 0.082

[Rank 0] (epoch: 263, iters: 264, time: 0.030, data: 0.003) , D_A: 0.177, G_A: 0.569, cycle_A: 0.062, idt_A: 0.132, D_B: 0.004, G_B: 0.998, cycle_B: 0.232, idt_B: 0.052

[Rank 0] (epoch: 263, iters: 464, time: 0.030, data: 0.002) , D_A: 0.068, G_A: 0.613, cycle_A: 0.093, idt_A: 0.133, D_B: 0.001, G_B: 0.973, cycle_B: 0.231, idt_B: 0.069

[Rank 0] (epoch: 263, iters: 664, time: 0.073, data: 0.004) , D_A: 0.083, G_A: 0.580, cycle_A: 0.079, idt_A: 0.145, D_B: 0.002, G_B: 1.051, cycle_B: 0.275, idt_B: 0.066

[Rank 0] (epoch: 263, iters: 864, time: 0.030, data: 0.003) , D_A: 0.053, G_A: 0.487, cycle_A: 0.066, idt_A: 0.138, D_B: 0.002, G_B: 0.916, cycle_B: 0.221, idt_B: 0.049

[Rank 0] (epoch: 263, iters: 1064, time: 0.029, data: 0.004) , D_A: 0.075, G_A: 0.594, cycle_A: 0.077, idt_A: 0.119, D_B: 0.002, G_B: 1.019, cycle_B: 0.216, idt_B: 0.064

[Rank 0] (epoch: 263, iters: 1264, time: 0.030, data: 0.003) , D_A: 0.076, G_A: 0.424, cycle_A: 0.096, idt_A: 0.141, D_B: 0.004, G_B: 0.940, cycle_B: 0.235, idt_B: 0.078

[Rank 0] (epoch: 263, iters: 1464, time: 0.030, data: 0.005) , D_A: 0.068, G_A: 0.688, cycle_A: 0.082, idt_A: 0.112, D_B: 0.003, G_B: 1.005, cycle_B: 0.201, idt_B: 0.062

[Rank 0] (epoch: 263, iters: 1664, time: 0.060, data: 0.003) , D_A: 0.133, G_A: 0.881, cycle_A: 0.087, idt_A: 0.141, D_B: 0.002, G_B: 0.931, cycle_B: 0.232, idt_B: 0.070

[Rank 0] (epoch: 263, iters: 1864, time: 0.030, data: 0.003) , D_A: 0.042, G_A: 0.482, cycle_A: 0.105, idt_A: 0.120, D_B: 0.001, G_B: 0.986, cycle_B: 0.217, idt_B: 0.091

learning rate 0.0000800 -> 0.0000800
End of epoch 263 / 500 	 Time Taken: 52 sec
[Rank 0] (epoch: 264, iters: 136, time: 0.078, data: 0.002) , D_A: 0.052, G_A: 0.557, cycle_A: 0.086, idt_A: 0.131, D_B: 0.001, G_B: 0.977, cycle_B: 0.231, idt_B: 0.068

[Rank 0] (epoch: 264, iters: 336, time: 0.030, data: 0.002) , D_A: 0.084, G_A: 0.599, cycle_A: 0.088, idt_A: 0.145, D_B: 0.001, G_B: 1.001, cycle_B: 0.243, idt_B: 0.078

[Rank 0] (epoch: 264, iters: 536, time: 0.030, data: 0.002) , D_A: 0.112, G_A: 0.285, cycle_A: 0.070, idt_A: 0.125, D_B: 0.001, G_B: 1.005, cycle_B: 0.186, idt_B: 0.057

[Rank 0] (epoch: 264, iters: 736, time: 0.073, data: 0.002) , D_A: 0.100, G_A: 0.354, cycle_A: 0.079, idt_A: 0.117, D_B: 0.001, G_B: 0.972, cycle_B: 0.208, idt_B: 0.063

saving the latest model (epoch 264, total_iters 315000)
[Rank 0] (epoch: 264, iters: 936, time: 0.030, data: 0.002) , D_A: 0.162, G_A: 0.555, cycle_A: 0.082, idt_A: 0.108, D_B: 0.001, G_B: 0.965, cycle_B: 0.196, idt_B: 0.072

[Rank 0] (epoch: 264, iters: 1136, time: 0.030, data: 0.004) , D_A: 0.140, G_A: 0.543, cycle_A: 0.092, idt_A: 0.122, D_B: 0.001, G_B: 0.997, cycle_B: 0.211, idt_B: 0.075

[Rank 0] (epoch: 264, iters: 1336, time: 0.030, data: 0.003) , D_A: 0.166, G_A: 0.650, cycle_A: 0.087, idt_A: 0.116, D_B: 0.002, G_B: 1.001, cycle_B: 0.213, idt_B: 0.071

[Rank 0] (epoch: 264, iters: 1536, time: 0.030, data: 0.006) , D_A: 0.050, G_A: 0.713, cycle_A: 0.093, idt_A: 0.112, D_B: 0.003, G_B: 0.922, cycle_B: 0.207, idt_B: 0.075

[Rank 0] (epoch: 264, iters: 1736, time: 0.073, data: 0.003) , D_A: 0.043, G_A: 0.855, cycle_A: 0.101, idt_A: 0.172, D_B: 0.002, G_B: 0.924, cycle_B: 0.226, idt_B: 0.081

learning rate 0.0000800 -> 0.0000800
End of epoch 264 / 500 	 Time Taken: 52 sec
[Rank 0] (epoch: 265, iters: 8, time: 0.073, data: 0.003) , D_A: 0.134, G_A: 0.373, cycle_A: 0.065, idt_A: 0.149, D_B: 0.002, G_B: 0.946, cycle_B: 0.218, idt_B: 0.051

[Rank 0] (epoch: 265, iters: 208, time: 0.030, data: 0.002) , D_A: 0.107, G_A: 0.455, cycle_A: 0.080, idt_A: 0.146, D_B: 0.005, G_B: 1.100, cycle_B: 0.241, idt_B: 0.062

[Rank 0] (epoch: 265, iters: 408, time: 0.030, data: 0.002) , D_A: 0.072, G_A: 0.598, cycle_A: 0.085, idt_A: 0.122, D_B: 0.002, G_B: 0.977, cycle_B: 0.219, idt_B: 0.062

[Rank 0] (epoch: 265, iters: 608, time: 0.030, data: 0.002) , D_A: 0.133, G_A: 0.240, cycle_A: 0.096, idt_A: 0.142, D_B: 0.002, G_B: 1.024, cycle_B: 0.247, idt_B: 0.080

[Rank 0] (epoch: 265, iters: 808, time: 0.083, data: 0.004) , D_A: 0.064, G_A: 0.577, cycle_A: 0.080, idt_A: 0.123, D_B: 0.001, G_B: 0.964, cycle_B: 0.221, idt_B: 0.070

[Rank 0] (epoch: 265, iters: 1008, time: 0.030, data: 0.002) , D_A: 0.087, G_A: 0.518, cycle_A: 0.093, idt_A: 0.152, D_B: 0.002, G_B: 0.951, cycle_B: 0.237, idt_B: 0.080

[Rank 0] (epoch: 265, iters: 1208, time: 0.030, data: 0.003) , D_A: 0.045, G_A: 0.706, cycle_A: 0.096, idt_A: 0.139, D_B: 0.002, G_B: 0.955, cycle_B: 0.234, idt_B: 0.077

[Rank 0] (epoch: 265, iters: 1408, time: 0.029, data: 0.004) , D_A: 0.065, G_A: 0.618, cycle_A: 0.094, idt_A: 0.140, D_B: 0.001, G_B: 0.942, cycle_B: 0.214, idt_B: 0.076

[Rank 0] (epoch: 265, iters: 1608, time: 0.030, data: 0.004) , D_A: 0.099, G_A: 0.481, cycle_A: 0.072, idt_A: 0.147, D_B: 0.002, G_B: 0.981, cycle_B: 0.273, idt_B: 0.059

[Rank 0] (epoch: 265, iters: 1808, time: 0.074, data: 0.003) , D_A: 0.154, G_A: 0.538, cycle_A: 0.074, idt_A: 0.109, D_B: 0.002, G_B: 0.914, cycle_B: 0.204, idt_B: 0.061

learning rate 0.0000800 -> 0.0000800
End of epoch 265 / 500 	 Time Taken: 52 sec
[Rank 0] (epoch: 266, iters: 80, time: 0.077, data: 0.003) , D_A: 0.138, G_A: 0.306, cycle_A: 0.078, idt_A: 0.131, D_B: 0.001, G_B: 1.021, cycle_B: 0.234, idt_B: 0.058

[Rank 0] (epoch: 266, iters: 280, time: 0.030, data: 0.004) , D_A: 0.053, G_A: 0.635, cycle_A: 0.073, idt_A: 0.173, D_B: 0.004, G_B: 1.114, cycle_B: 0.258, idt_B: 0.056

[Rank 0] (epoch: 266, iters: 480, time: 0.030, data: 0.002) , D_A: 0.163, G_A: 0.367, cycle_A: 0.067, idt_A: 0.126, D_B: 0.006, G_B: 1.045, cycle_B: 0.223, idt_B: 0.050

[Rank 0] (epoch: 266, iters: 680, time: 0.030, data: 0.003) , D_A: 0.102, G_A: 0.483, cycle_A: 0.067, idt_A: 0.138, D_B: 0.003, G_B: 0.951, cycle_B: 0.227, idt_B: 0.054

[Rank 0] (epoch: 266, iters: 880, time: 0.080, data: 0.002) , D_A: 0.155, G_A: 0.691, cycle_A: 0.087, idt_A: 0.129, D_B: 0.004, G_B: 0.973, cycle_B: 0.219, idt_B: 0.066

[Rank 0] (epoch: 266, iters: 1080, time: 0.030, data: 0.003) , D_A: 0.116, G_A: 0.464, cycle_A: 0.078, idt_A: 0.151, D_B: 0.003, G_B: 1.015, cycle_B: 0.250, idt_B: 0.065

[Rank 0] (epoch: 266, iters: 1280, time: 0.029, data: 0.005) , D_A: 0.072, G_A: 0.432, cycle_A: 0.073, idt_A: 0.132, D_B: 0.003, G_B: 0.952, cycle_B: 0.213, idt_B: 0.061

[Rank 0] (epoch: 266, iters: 1480, time: 0.029, data: 0.003) , D_A: 0.078, G_A: 0.659, cycle_A: 0.073, idt_A: 0.140, D_B: 0.002, G_B: 0.976, cycle_B: 0.241, idt_B: 0.057

[Rank 0] (epoch: 266, iters: 1680, time: 0.029, data: 0.005) , D_A: 0.063, G_A: 0.581, cycle_A: 0.087, idt_A: 0.127, D_B: 0.002, G_B: 0.941, cycle_B: 0.230, idt_B: 0.072

[Rank 0] (epoch: 266, iters: 1880, time: 0.080, data: 0.026) , D_A: 0.056, G_A: 1.057, cycle_A: 0.078, idt_A: 0.149, D_B: 0.002, G_B: 0.977, cycle_B: 0.238, idt_B: 0.065

saving the latest model (epoch 266, total_iters 320000)
learning rate 0.0000800 -> 0.0000800
End of epoch 266 / 500 	 Time Taken: 52 sec
[Rank 0] (epoch: 267, iters: 152, time: 0.089, data: 0.002) , D_A: 0.112, G_A: 0.495, cycle_A: 0.069, idt_A: 0.120, D_B: 0.002, G_B: 0.962, cycle_B: 0.247, idt_B: 0.058

[Rank 0] (epoch: 267, iters: 352, time: 0.030, data: 0.002) , D_A: 0.109, G_A: 0.371, cycle_A: 0.090, idt_A: 0.122, D_B: 0.002, G_B: 1.013, cycle_B: 0.218, idt_B: 0.071

[Rank 0] (epoch: 267, iters: 552, time: 0.030, data: 0.004) , D_A: 0.050, G_A: 0.518, cycle_A: 0.111, idt_A: 0.126, D_B: 0.002, G_B: 0.982, cycle_B: 0.222, idt_B: 0.091

[Rank 0] (epoch: 267, iters: 752, time: 0.029, data: 0.004) , D_A: 0.091, G_A: 0.505, cycle_A: 0.078, idt_A: 0.116, D_B: 0.002, G_B: 0.968, cycle_B: 0.198, idt_B: 0.063

[Rank 0] (epoch: 267, iters: 952, time: 0.063, data: 0.003) , D_A: 0.102, G_A: 0.994, cycle_A: 0.092, idt_A: 0.135, D_B: 0.003, G_B: 1.028, cycle_B: 0.235, idt_B: 0.073

[Rank 0] (epoch: 267, iters: 1152, time: 0.030, data: 0.004) , D_A: 0.105, G_A: 0.477, cycle_A: 0.089, idt_A: 0.133, D_B: 0.002, G_B: 0.989, cycle_B: 0.223, idt_B: 0.074

[Rank 0] (epoch: 267, iters: 1352, time: 0.030, data: 0.003) , D_A: 0.107, G_A: 0.560, cycle_A: 0.081, idt_A: 0.107, D_B: 0.001, G_B: 0.972, cycle_B: 0.195, idt_B: 0.061

[Rank 0] (epoch: 267, iters: 1552, time: 0.030, data: 0.003) , D_A: 0.084, G_A: 0.355, cycle_A: 0.087, idt_A: 0.121, D_B: 0.002, G_B: 0.902, cycle_B: 0.220, idt_B: 0.062

[Rank 0] (epoch: 267, iters: 1752, time: 0.030, data: 0.005) , D_A: 0.140, G_A: 0.433, cycle_A: 0.085, idt_A: 0.119, D_B: 0.003, G_B: 1.002, cycle_B: 0.213, idt_B: 0.065

learning rate 0.0000800 -> 0.0000800
End of epoch 267 / 500 	 Time Taken: 52 sec
[Rank 0] (epoch: 268, iters: 24, time: 0.062, data: 0.055) , D_A: 0.085, G_A: 0.705, cycle_A: 0.087, idt_A: 0.128, D_B: 0.001, G_B: 0.985, cycle_B: 0.214, idt_B: 0.068

[Rank 0] (epoch: 268, iters: 224, time: 0.030, data: 0.003) , D_A: 0.073, G_A: 0.422, cycle_A: 0.093, idt_A: 0.117, D_B: 0.001, G_B: 0.970, cycle_B: 0.223, idt_B: 0.066

[Rank 0] (epoch: 268, iters: 424, time: 0.029, data: 0.003) , D_A: 0.117, G_A: 0.337, cycle_A: 0.111, idt_A: 0.135, D_B: 0.005, G_B: 0.919, cycle_B: 0.218, idt_B: 0.079

[Rank 0] (epoch: 268, iters: 624, time: 0.029, data: 0.006) , D_A: 0.072, G_A: 0.490, cycle_A: 0.105, idt_A: 0.129, D_B: 0.001, G_B: 1.005, cycle_B: 0.208, idt_B: 0.086

[Rank 0] (epoch: 268, iters: 824, time: 0.030, data: 0.003) , D_A: 0.037, G_A: 0.874, cycle_A: 0.093, idt_A: 0.162, D_B: 0.001, G_B: 0.985, cycle_B: 0.253, idt_B: 0.069

[Rank 0] (epoch: 268, iters: 1024, time: 0.073, data: 0.004) , D_A: 0.115, G_A: 0.438, cycle_A: 0.097, idt_A: 0.119, D_B: 0.001, G_B: 0.975, cycle_B: 0.220, idt_B: 0.070

[Rank 0] (epoch: 268, iters: 1224, time: 0.030, data: 0.003) , D_A: 0.033, G_A: 0.784, cycle_A: 0.077, idt_A: 0.125, D_B: 0.003, G_B: 0.993, cycle_B: 0.227, idt_B: 0.059

[Rank 0] (epoch: 268, iters: 1424, time: 0.030, data: 0.004) , D_A: 0.056, G_A: 0.538, cycle_A: 0.084, idt_A: 0.133, D_B: 0.001, G_B: 0.993, cycle_B: 0.235, idt_B: 0.067

[Rank 0] (epoch: 268, iters: 1624, time: 0.030, data: 0.005) , D_A: 0.057, G_A: 0.562, cycle_A: 0.112, idt_A: 0.128, D_B: 0.002, G_B: 1.031, cycle_B: 0.223, idt_B: 0.082

[Rank 0] (epoch: 268, iters: 1824, time: 0.030, data: 0.005) , D_A: 0.154, G_A: 0.869, cycle_A: 0.071, idt_A: 0.138, D_B: 0.002, G_B: 0.982, cycle_B: 0.206, idt_B: 0.059

learning rate 0.0000800 -> 0.0000800
End of epoch 268 / 500 	 Time Taken: 51 sec
[Rank 0] (epoch: 269, iters: 96, time: 0.088, data: 0.004) , D_A: 0.146, G_A: 0.241, cycle_A: 0.062, idt_A: 0.150, D_B: 0.001, G_B: 0.988, cycle_B: 0.226, idt_B: 0.048

[Rank 0] (epoch: 269, iters: 296, time: 0.030, data: 0.007) , D_A: 0.092, G_A: 0.684, cycle_A: 0.083, idt_A: 0.139, D_B: 0.002, G_B: 0.988, cycle_B: 0.215, idt_B: 0.066

[Rank 0] (epoch: 269, iters: 496, time: 0.030, data: 0.003) , D_A: 0.122, G_A: 0.416, cycle_A: 0.091, idt_A: 0.138, D_B: 0.001, G_B: 1.004, cycle_B: 0.231, idt_B: 0.067

[Rank 0] (epoch: 269, iters: 696, time: 0.030, data: 0.003) , D_A: 0.110, G_A: 0.311, cycle_A: 0.080, idt_A: 0.123, D_B: 0.002, G_B: 0.965, cycle_B: 0.217, idt_B: 0.066

[Rank 0] (epoch: 269, iters: 896, time: 0.030, data: 0.003) , D_A: 0.048, G_A: 0.432, cycle_A: 0.103, idt_A: 0.118, D_B: 0.002, G_B: 1.021, cycle_B: 0.201, idt_B: 0.081

[Rank 0] (epoch: 269, iters: 1096, time: 0.083, data: 0.004) , D_A: 0.095, G_A: 0.661, cycle_A: 0.092, idt_A: 0.128, D_B: 0.002, G_B: 1.043, cycle_B: 0.224, idt_B: 0.076

saving the latest model (epoch 269, total_iters 325000)
[Rank 0] (epoch: 269, iters: 1296, time: 0.030, data: 0.002) , D_A: 0.064, G_A: 0.447, cycle_A: 0.086, idt_A: 0.136, D_B: 0.002, G_B: 1.028, cycle_B: 0.205, idt_B: 0.069

[Rank 0] (epoch: 269, iters: 1496, time: 0.030, data: 0.003) , D_A: 0.084, G_A: 0.780, cycle_A: 0.088, idt_A: 0.123, D_B: 0.001, G_B: 0.973, cycle_B: 0.239, idt_B: 0.070

[Rank 0] (epoch: 269, iters: 1696, time: 0.030, data: 0.003) , D_A: 0.126, G_A: 0.584, cycle_A: 0.082, idt_A: 0.165, D_B: 0.002, G_B: 1.060, cycle_B: 0.226, idt_B: 0.064

[Rank 0] (epoch: 269, iters: 1896, time: 0.030, data: 0.003) , D_A: 0.191, G_A: 0.641, cycle_A: 0.084, idt_A: 0.143, D_B: 0.003, G_B: 1.028, cycle_B: 0.209, idt_B: 0.061

learning rate 0.0000800 -> 0.0000800
End of epoch 269 / 500 	 Time Taken: 52 sec
[Rank 0] (epoch: 270, iters: 168, time: 0.077, data: 0.003) , D_A: 0.054, G_A: 0.341, cycle_A: 0.077, idt_A: 0.139, D_B: 0.002, G_B: 0.905, cycle_B: 0.231, idt_B: 0.058

[Rank 0] (epoch: 270, iters: 368, time: 0.029, data: 0.005) , D_A: 0.070, G_A: 0.563, cycle_A: 0.074, idt_A: 0.114, D_B: 0.001, G_B: 0.959, cycle_B: 0.199, idt_B: 0.065

[Rank 0] (epoch: 270, iters: 568, time: 0.030, data: 0.002) , D_A: 0.092, G_A: 0.337, cycle_A: 0.068, idt_A: 0.114, D_B: 0.006, G_B: 1.026, cycle_B: 0.204, idt_B: 0.048

[Rank 0] (epoch: 270, iters: 768, time: 0.029, data: 0.003) , D_A: 0.060, G_A: 0.761, cycle_A: 0.082, idt_A: 0.149, D_B: 0.002, G_B: 0.991, cycle_B: 0.244, idt_B: 0.066

[Rank 0] (epoch: 270, iters: 968, time: 0.030, data: 0.003) , D_A: 0.037, G_A: 0.779, cycle_A: 0.116, idt_A: 0.119, D_B: 0.012, G_B: 1.077, cycle_B: 0.358, idt_B: 0.097

[Rank 0] (epoch: 270, iters: 1168, time: 0.076, data: 0.002) , D_A: 0.079, G_A: 0.384, cycle_A: 0.097, idt_A: 0.137, D_B: 0.031, G_B: 0.474, cycle_B: 0.293, idt_B: 0.083

[Rank 0] (epoch: 270, iters: 1368, time: 0.029, data: 0.003) , D_A: 0.054, G_A: 0.606, cycle_A: 0.074, idt_A: 0.133, D_B: 0.097, G_B: 0.381, cycle_B: 0.349, idt_B: 0.053

[Rank 0] (epoch: 270, iters: 1568, time: 0.030, data: 0.002) , D_A: 0.042, G_A: 0.509, cycle_A: 0.105, idt_A: 0.141, D_B: 0.027, G_B: 0.907, cycle_B: 0.288, idt_B: 0.085

[Rank 0] (epoch: 270, iters: 1768, time: 0.030, data: 0.003) , D_A: 0.083, G_A: 0.975, cycle_A: 0.090, idt_A: 0.139, D_B: 0.136, G_B: 0.413, cycle_B: 0.234, idt_B: 0.068

learning rate 0.0000800 -> 0.0000800
End of epoch 270 / 500 	 Time Taken: 52 sec
[Rank 0] (epoch: 271, iters: 40, time: 0.079, data: 0.004) , D_A: 0.057, G_A: 0.852, cycle_A: 0.114, idt_A: 0.133, D_B: 0.097, G_B: 0.427, cycle_B: 0.297, idt_B: 0.088

[Rank 0] (epoch: 271, iters: 240, time: 0.075, data: 0.001) , D_A: 0.063, G_A: 0.526, cycle_A: 0.088, idt_A: 0.113, D_B: 0.126, G_B: 0.390, cycle_B: 0.211, idt_B: 0.079

[Rank 0] (epoch: 271, iters: 440, time: 0.029, data: 0.004) , D_A: 0.055, G_A: 0.540, cycle_A: 0.117, idt_A: 0.113, D_B: 0.039, G_B: 0.601, cycle_B: 0.238, idt_B: 0.108

[Rank 0] (epoch: 271, iters: 640, time: 0.030, data: 0.004) , D_A: 0.058, G_A: 0.980, cycle_A: 0.114, idt_A: 0.151, D_B: 0.014, G_B: 0.696, cycle_B: 0.265, idt_B: 0.096

[Rank 0] (epoch: 271, iters: 840, time: 0.030, data: 0.003) , D_A: 0.161, G_A: 0.308, cycle_A: 0.113, idt_A: 0.138, D_B: 0.012, G_B: 0.847, cycle_B: 0.227, idt_B: 0.088

[Rank 0] (epoch: 271, iters: 1040, time: 0.029, data: 0.003) , D_A: 0.081, G_A: 0.418, cycle_A: 0.114, idt_A: 0.126, D_B: 0.007, G_B: 0.974, cycle_B: 0.240, idt_B: 0.096

[Rank 0] (epoch: 271, iters: 1240, time: 0.077, data: 0.009) , D_A: 0.183, G_A: 0.756, cycle_A: 0.091, idt_A: 0.179, D_B: 0.004, G_B: 0.931, cycle_B: 0.266, idt_B: 0.075

[Rank 0] (epoch: 271, iters: 1440, time: 0.030, data: 0.002) , D_A: 0.102, G_A: 0.523, cycle_A: 0.092, idt_A: 0.135, D_B: 0.003, G_B: 1.005, cycle_B: 0.218, idt_B: 0.078

[Rank 0] (epoch: 271, iters: 1640, time: 0.030, data: 0.003) , D_A: 0.043, G_A: 0.972, cycle_A: 0.072, idt_A: 0.127, D_B: 0.133, G_B: 0.085, cycle_B: 0.259, idt_B: 0.062

[Rank 0] (epoch: 271, iters: 1840, time: 0.030, data: 0.004) , D_A: 0.051, G_A: 0.784, cycle_A: 0.116, idt_A: 0.121, D_B: 0.102, G_B: 0.297, cycle_B: 0.250, idt_B: 0.094

learning rate 0.0000800 -> 0.0000800
End of epoch 271 / 500 	 Time Taken: 52 sec
[Rank 0] (epoch: 272, iters: 112, time: 0.080, data: 0.003) , D_A: 0.049, G_A: 0.752, cycle_A: 0.106, idt_A: 0.134, D_B: 0.158, G_B: 0.878, cycle_B: 0.240, idt_B: 0.079

[Rank 0] (epoch: 272, iters: 312, time: 0.081, data: 0.002) , D_A: 0.080, G_A: 0.596, cycle_A: 0.119, idt_A: 0.143, D_B: 0.130, G_B: 0.535, cycle_B: 0.252, idt_B: 0.091

saving the latest model (epoch 272, total_iters 330000)
[Rank 0] (epoch: 272, iters: 512, time: 0.029, data: 0.001) , D_A: 0.102, G_A: 0.283, cycle_A: 0.097, idt_A: 0.120, D_B: 0.137, G_B: 0.272, cycle_B: 0.234, idt_B: 0.072

[Rank 0] (epoch: 272, iters: 712, time: 0.030, data: 0.003) , D_A: 0.106, G_A: 0.479, cycle_A: 0.114, idt_A: 0.116, D_B: 0.045, G_B: 0.776, cycle_B: 0.226, idt_B: 0.098

[Rank 0] (epoch: 272, iters: 912, time: 0.030, data: 0.003) , D_A: 0.087, G_A: 0.535, cycle_A: 0.129, idt_A: 0.111, D_B: 0.101, G_B: 1.046, cycle_B: 0.222, idt_B: 0.126

[Rank 0] (epoch: 272, iters: 1112, time: 0.030, data: 0.003) , D_A: 0.118, G_A: 0.796, cycle_A: 0.086, idt_A: 0.119, D_B: 0.124, G_B: 0.565, cycle_B: 0.259, idt_B: 0.069

[Rank 0] (epoch: 272, iters: 1312, time: 0.096, data: 0.002) , D_A: 0.070, G_A: 0.464, cycle_A: 0.076, idt_A: 0.140, D_B: 0.156, G_B: 0.196, cycle_B: 0.273, idt_B: 0.062

[Rank 0] (epoch: 272, iters: 1512, time: 0.030, data: 0.003) , D_A: 0.091, G_A: 0.503, cycle_A: 0.077, idt_A: 0.144, D_B: 0.106, G_B: 0.689, cycle_B: 0.271, idt_B: 0.069

[Rank 0] (epoch: 272, iters: 1712, time: 0.030, data: 0.002) , D_A: 0.071, G_A: 0.479, cycle_A: 0.109, idt_A: 0.116, D_B: 0.016, G_B: 1.061, cycle_B: 0.246, idt_B: 0.102

[Rank 0] (epoch: 272, iters: 1912, time: 0.030, data: 0.004) , D_A: 0.092, G_A: 0.629, cycle_A: 0.107, idt_A: 0.116, D_B: 0.119, G_B: 0.339, cycle_B: 0.249, idt_B: 0.085

learning rate 0.0000800 -> 0.0000800
End of epoch 272 / 500 	 Time Taken: 53 sec
[Rank 0] (epoch: 273, iters: 184, time: 0.082, data: 0.002) , D_A: 0.103, G_A: 0.441, cycle_A: 0.073, idt_A: 0.148, D_B: 0.154, G_B: 0.359, cycle_B: 0.260, idt_B: 0.054

[Rank 0] (epoch: 273, iters: 384, time: 0.076, data: 0.002) , D_A: 0.121, G_A: 0.457, cycle_A: 0.100, idt_A: 0.116, D_B: 0.163, G_B: 0.164, cycle_B: 0.222, idt_B: 0.074

[Rank 0] (epoch: 273, iters: 584, time: 0.030, data: 0.003) , D_A: 0.072, G_A: 0.644, cycle_A: 0.078, idt_A: 0.125, D_B: 0.257, G_B: 0.564, cycle_B: 0.230, idt_B: 0.061

[Rank 0] (epoch: 273, iters: 784, time: 0.029, data: 0.004) , D_A: 0.071, G_A: 0.763, cycle_A: 0.094, idt_A: 0.133, D_B: 0.068, G_B: 0.520, cycle_B: 0.265, idt_B: 0.073

[Rank 0] (epoch: 273, iters: 984, time: 0.030, data: 0.001) , D_A: 0.123, G_A: 0.429, cycle_A: 0.083, idt_A: 0.122, D_B: 0.132, G_B: 0.863, cycle_B: 0.271, idt_B: 0.060

[Rank 0] (epoch: 273, iters: 1184, time: 0.030, data: 0.003) , D_A: 0.060, G_A: 0.573, cycle_A: 0.099, idt_A: 0.131, D_B: 0.060, G_B: 0.395, cycle_B: 0.249, idt_B: 0.083

[Rank 0] (epoch: 273, iters: 1384, time: 0.078, data: 0.004) , D_A: 0.086, G_A: 0.488, cycle_A: 0.126, idt_A: 0.110, D_B: 0.013, G_B: 0.907, cycle_B: 0.244, idt_B: 0.122

[Rank 0] (epoch: 273, iters: 1584, time: 0.030, data: 0.002) , D_A: 0.067, G_A: 0.644, cycle_A: 0.116, idt_A: 0.132, D_B: 0.020, G_B: 0.707, cycle_B: 0.247, idt_B: 0.102

[Rank 0] (epoch: 273, iters: 1784, time: 0.030, data: 0.004) , D_A: 0.039, G_A: 0.714, cycle_A: 0.097, idt_A: 0.136, D_B: 0.025, G_B: 0.906, cycle_B: 0.270, idt_B: 0.082

learning rate 0.0000800 -> 0.0000800
End of epoch 273 / 500 	 Time Taken: 52 sec
[Rank 0] (epoch: 274, iters: 56, time: 0.071, data: 0.004) , D_A: 0.026, G_A: 0.884, cycle_A: 0.101, idt_A: 0.114, D_B: 0.136, G_B: 0.422, cycle_B: 0.256, idt_B: 0.079

[Rank 0] (epoch: 274, iters: 256, time: 0.030, data: 0.002) , D_A: 0.064, G_A: 0.585, cycle_A: 0.104, idt_A: 0.144, D_B: 0.111, G_B: 0.436, cycle_B: 0.305, idt_B: 0.086

[Rank 0] (epoch: 274, iters: 456, time: 0.062, data: 0.003) , D_A: 0.117, G_A: 0.449, cycle_A: 0.104, idt_A: 0.125, D_B: 0.084, G_B: 0.558, cycle_B: 0.232, idt_B: 0.081

[Rank 0] (epoch: 274, iters: 656, time: 0.030, data: 0.004) , D_A: 0.099, G_A: 0.517, cycle_A: 0.087, idt_A: 0.120, D_B: 0.151, G_B: 0.560, cycle_B: 0.249, idt_B: 0.071

[Rank 0] (epoch: 274, iters: 856, time: 0.030, data: 0.002) , D_A: 0.110, G_A: 0.537, cycle_A: 0.106, idt_A: 0.129, D_B: 0.098, G_B: 0.428, cycle_B: 0.232, idt_B: 0.091

[Rank 0] (epoch: 274, iters: 1056, time: 0.030, data: 0.003) , D_A: 0.084, G_A: 0.499, cycle_A: 0.090, idt_A: 0.120, D_B: 0.024, G_B: 0.848, cycle_B: 0.215, idt_B: 0.071

[Rank 0] (epoch: 274, iters: 1256, time: 0.030, data: 0.003) , D_A: 0.048, G_A: 0.650, cycle_A: 0.081, idt_A: 0.137, D_B: 0.038, G_B: 1.163, cycle_B: 0.268, idt_B: 0.068

[Rank 0] (epoch: 274, iters: 1456, time: 0.074, data: 0.003) , D_A: 0.052, G_A: 0.955, cycle_A: 0.077, idt_A: 0.128, D_B: 0.010, G_B: 0.896, cycle_B: 0.236, idt_B: 0.069

saving the latest model (epoch 274, total_iters 335000)
[Rank 0] (epoch: 274, iters: 1656, time: 0.030, data: 0.002) , D_A: 0.099, G_A: 0.515, cycle_A: 0.100, idt_A: 0.125, D_B: 0.008, G_B: 0.990, cycle_B: 0.216, idt_B: 0.082

[Rank 0] (epoch: 274, iters: 1856, time: 0.030, data: 0.003) , D_A: 0.049, G_A: 0.605, cycle_A: 0.071, idt_A: 0.146, D_B: 0.036, G_B: 0.690, cycle_B: 0.251, idt_B: 0.061

learning rate 0.0000800 -> 0.0000800
End of epoch 274 / 500 	 Time Taken: 52 sec
[Rank 0] (epoch: 275, iters: 128, time: 0.079, data: 0.003) , D_A: 0.045, G_A: 0.657, cycle_A: 0.119, idt_A: 0.119, D_B: 0.053, G_B: 0.388, cycle_B: 0.242, idt_B: 0.093

[Rank 0] (epoch: 275, iters: 328, time: 0.030, data: 0.004) , D_A: 0.077, G_A: 0.602, cycle_A: 0.060, idt_A: 0.135, D_B: 0.065, G_B: 0.887, cycle_B: 0.228, idt_B: 0.047

[Rank 0] (epoch: 275, iters: 528, time: 0.082, data: 0.003) , D_A: 0.106, G_A: 0.583, cycle_A: 0.108, idt_A: 0.135, D_B: 0.031, G_B: 0.440, cycle_B: 0.236, idt_B: 0.087

[Rank 0] (epoch: 275, iters: 728, time: 0.029, data: 0.002) , D_A: 0.071, G_A: 0.563, cycle_A: 0.098, idt_A: 0.154, D_B: 0.008, G_B: 0.849, cycle_B: 0.247, idt_B: 0.082

[Rank 0] (epoch: 275, iters: 928, time: 0.030, data: 0.002) , D_A: 0.689, G_A: 1.015, cycle_A: 0.739, idt_A: 0.876, D_B: 0.003, G_B: 1.024, cycle_B: 0.745, idt_B: 0.083

[Rank 0] (epoch: 275, iters: 1128, time: 0.030, data: 0.003) , D_A: 0.167, G_A: 0.351, cycle_A: 0.097, idt_A: 0.270, D_B: 0.002, G_B: 0.927, cycle_B: 0.295, idt_B: 0.080

[Rank 0] (epoch: 275, iters: 1328, time: 0.030, data: 0.006) , D_A: 0.137, G_A: 0.306, cycle_A: 0.123, idt_A: 0.285, D_B: 0.006, G_B: 0.825, cycle_B: 0.339, idt_B: 0.099

[Rank 0] (epoch: 275, iters: 1528, time: 0.078, data: 0.004) , D_A: 0.049, G_A: 0.759, cycle_A: 0.098, idt_A: 0.239, D_B: 0.003, G_B: 0.930, cycle_B: 0.287, idt_B: 0.080

[Rank 0] (epoch: 275, iters: 1728, time: 0.030, data: 0.004) , D_A: 0.192, G_A: 0.375, cycle_A: 0.083, idt_A: 0.211, D_B: 0.009, G_B: 0.738, cycle_B: 0.325, idt_B: 0.059

[Rank 0] (epoch: 275, iters: 1928, time: 0.024, data: 0.004) , D_A: 0.207, G_A: 0.292, cycle_A: 0.098, idt_A: 0.197, D_B: 0.003, G_B: 0.906, cycle_B: 0.260, idt_B: 0.078

learning rate 0.0000800 -> 0.0000800
End of epoch 275 / 500 	 Time Taken: 52 sec
[Rank 0] (epoch: 276, iters: 200, time: 0.079, data: 1.099) , D_A: 0.190, G_A: 0.362, cycle_A: 0.106, idt_A: 0.166, D_B: 0.006, G_B: 0.942, cycle_B: 0.276, idt_B: 0.088

[Rank 0] (epoch: 276, iters: 400, time: 0.030, data: 0.003) , D_A: 0.234, G_A: 0.181, cycle_A: 0.095, idt_A: 0.166, D_B: 0.004, G_B: 1.066, cycle_B: 0.264, idt_B: 0.076

[Rank 0] (epoch: 276, iters: 600, time: 0.072, data: 0.004) , D_A: 0.216, G_A: 0.243, cycle_A: 0.098, idt_A: 0.167, D_B: 0.004, G_B: 0.938, cycle_B: 0.254, idt_B: 0.081

[Rank 0] (epoch: 276, iters: 800, time: 0.030, data: 0.003) , D_A: 0.201, G_A: 0.233, cycle_A: 0.083, idt_A: 0.171, D_B: 0.007, G_B: 0.776, cycle_B: 0.262, idt_B: 0.071

[Rank 0] (epoch: 276, iters: 1000, time: 0.030, data: 0.003) , D_A: 0.252, G_A: 0.261, cycle_A: 0.071, idt_A: 0.139, D_B: 0.003, G_B: 0.996, cycle_B: 0.224, idt_B: 0.065

[Rank 0] (epoch: 276, iters: 1200, time: 0.030, data: 0.003) , D_A: 0.249, G_A: 0.197, cycle_A: 0.113, idt_A: 0.170, D_B: 0.002, G_B: 1.002, cycle_B: 0.247, idt_B: 0.100

[Rank 0] (epoch: 276, iters: 1400, time: 0.030, data: 0.007) , D_A: 0.273, G_A: 0.225, cycle_A: 0.081, idt_A: 0.183, D_B: 0.002, G_B: 1.092, cycle_B: 0.257, idt_B: 0.065

[Rank 0] (epoch: 276, iters: 1600, time: 0.076, data: 0.004) , D_A: 0.216, G_A: 0.220, cycle_A: 0.085, idt_A: 0.143, D_B: 0.004, G_B: 0.866, cycle_B: 0.221, idt_B: 0.068

[Rank 0] (epoch: 276, iters: 1800, time: 0.030, data: 0.003) , D_A: 0.246, G_A: 0.245, cycle_A: 0.061, idt_A: 0.128, D_B: 0.003, G_B: 1.013, cycle_B: 0.211, idt_B: 0.053

learning rate 0.0000800 -> 0.0000800
End of epoch 276 / 500 	 Time Taken: 52 sec
[Rank 0] (epoch: 277, iters: 72, time: 0.077, data: 0.001) , D_A: 0.229, G_A: 0.246, cycle_A: 0.076, idt_A: 0.140, D_B: 0.001, G_B: 0.965, cycle_B: 0.233, idt_B: 0.067

[Rank 0] (epoch: 277, iters: 272, time: 0.029, data: 0.003) , D_A: 0.219, G_A: 0.292, cycle_A: 0.078, idt_A: 0.143, D_B: 0.001, G_B: 0.971, cycle_B: 0.228, idt_B: 0.064

[Rank 0] (epoch: 277, iters: 472, time: 0.030, data: 0.004) , D_A: 0.243, G_A: 0.282, cycle_A: 0.088, idt_A: 0.133, D_B: 0.003, G_B: 0.963, cycle_B: 0.233, idt_B: 0.081

[Rank 0] (epoch: 277, iters: 672, time: 0.075, data: 0.002) , D_A: 0.242, G_A: 0.292, cycle_A: 0.081, idt_A: 0.152, D_B: 0.001, G_B: 0.940, cycle_B: 0.251, idt_B: 0.069

saving the latest model (epoch 277, total_iters 340000)
[Rank 0] (epoch: 277, iters: 872, time: 0.030, data: 0.003) , D_A: 0.230, G_A: 0.284, cycle_A: 0.084, idt_A: 0.167, D_B: 0.002, G_B: 0.958, cycle_B: 0.224, idt_B: 0.075

[Rank 0] (epoch: 277, iters: 1072, time: 0.029, data: 0.003) , D_A: 0.230, G_A: 0.202, cycle_A: 0.092, idt_A: 0.117, D_B: 0.001, G_B: 0.945, cycle_B: 0.221, idt_B: 0.078

[Rank 0] (epoch: 277, iters: 1272, time: 0.030, data: 0.002) , D_A: 0.228, G_A: 0.217, cycle_A: 0.076, idt_A: 0.130, D_B: 0.002, G_B: 0.886, cycle_B: 0.218, idt_B: 0.069

[Rank 0] (epoch: 277, iters: 1472, time: 0.030, data: 0.003) , D_A: 0.246, G_A: 0.264, cycle_A: 0.083, idt_A: 0.130, D_B: 0.019, G_B: 1.284, cycle_B: 0.224, idt_B: 0.070

[Rank 0] (epoch: 277, iters: 1672, time: 0.072, data: 0.003) , D_A: 0.221, G_A: 0.286, cycle_A: 0.075, idt_A: 0.161, D_B: 0.002, G_B: 1.016, cycle_B: 0.241, idt_B: 0.070

[Rank 0] (epoch: 277, iters: 1872, time: 0.030, data: 0.003) , D_A: 0.223, G_A: 0.219, cycle_A: 0.071, idt_A: 0.126, D_B: 0.001, G_B: 0.985, cycle_B: 0.220, idt_B: 0.058

learning rate 0.0000800 -> 0.0000800
End of epoch 277 / 500 	 Time Taken: 52 sec
[Rank 0] (epoch: 278, iters: 144, time: 0.079, data: 0.003) , D_A: 0.247, G_A: 0.204, cycle_A: 0.067, idt_A: 0.133, D_B: 0.001, G_B: 0.972, cycle_B: 0.222, idt_B: 0.054

[Rank 0] (epoch: 278, iters: 344, time: 0.030, data: 0.003) , D_A: 0.244, G_A: 0.233, cycle_A: 0.082, idt_A: 0.121, D_B: 0.002, G_B: 0.896, cycle_B: 0.230, idt_B: 0.072

[Rank 0] (epoch: 278, iters: 544, time: 0.029, data: 0.004) , D_A: 0.235, G_A: 0.218, cycle_A: 0.081, idt_A: 0.145, D_B: 0.002, G_B: 0.964, cycle_B: 0.241, idt_B: 0.073

[Rank 0] (epoch: 278, iters: 744, time: 0.077, data: 0.006) , D_A: 0.227, G_A: 0.258, cycle_A: 0.078, idt_A: 0.125, D_B: 0.003, G_B: 1.072, cycle_B: 0.209, idt_B: 0.066

[Rank 0] (epoch: 278, iters: 944, time: 0.030, data: 0.003) , D_A: 0.241, G_A: 0.264, cycle_A: 0.073, idt_A: 0.144, D_B: 0.001, G_B: 0.992, cycle_B: 0.236, idt_B: 0.063

[Rank 0] (epoch: 278, iters: 1144, time: 0.030, data: 0.003) , D_A: 0.237, G_A: 0.230, cycle_A: 0.090, idt_A: 0.132, D_B: 0.002, G_B: 1.072, cycle_B: 0.230, idt_B: 0.080

[Rank 0] (epoch: 278, iters: 1344, time: 0.030, data: 0.003) , D_A: 0.244, G_A: 0.291, cycle_A: 0.081, idt_A: 0.136, D_B: 0.001, G_B: 0.929, cycle_B: 0.229, idt_B: 0.078

[Rank 0] (epoch: 278, iters: 1544, time: 0.029, data: 0.004) , D_A: 0.268, G_A: 0.202, cycle_A: 0.061, idt_A: 0.170, D_B: 0.002, G_B: 0.979, cycle_B: 0.236, idt_B: 0.052

[Rank 0] (epoch: 278, iters: 1744, time: 0.080, data: 0.003) , D_A: 0.239, G_A: 0.248, cycle_A: 0.075, idt_A: 0.122, D_B: 0.001, G_B: 0.949, cycle_B: 0.216, idt_B: 0.066

learning rate 0.0000800 -> 0.0000800
End of epoch 278 / 500 	 Time Taken: 52 sec
[Rank 0] (epoch: 279, iters: 16, time: 0.078, data: 0.003) , D_A: 0.244, G_A: 0.224, cycle_A: 0.068, idt_A: 0.154, D_B: 0.001, G_B: 0.942, cycle_B: 0.215, idt_B: 0.062

[Rank 0] (epoch: 279, iters: 216, time: 0.029, data: 0.003) , D_A: 0.239, G_A: 0.276, cycle_A: 0.069, idt_A: 0.129, D_B: 0.002, G_B: 0.975, cycle_B: 0.207, idt_B: 0.060

[Rank 0] (epoch: 279, iters: 416, time: 0.029, data: 0.005) , D_A: 0.242, G_A: 0.256, cycle_A: 0.075, idt_A: 0.144, D_B: 0.002, G_B: 1.000, cycle_B: 0.221, idt_B: 0.068

[Rank 0] (epoch: 279, iters: 616, time: 0.030, data: 0.002) , D_A: 0.230, G_A: 0.267, cycle_A: 0.082, idt_A: 0.127, D_B: 0.001, G_B: 0.992, cycle_B: 0.210, idt_B: 0.077

[Rank 0] (epoch: 279, iters: 816, time: 0.076, data: 0.008) , D_A: 0.243, G_A: 0.248, cycle_A: 0.076, idt_A: 0.129, D_B: 0.001, G_B: 1.045, cycle_B: 0.222, idt_B: 0.069

[Rank 0] (epoch: 279, iters: 1016, time: 0.030, data: 0.005) , D_A: 0.242, G_A: 0.240, cycle_A: 0.086, idt_A: 0.113, D_B: 0.001, G_B: 0.962, cycle_B: 0.207, idt_B: 0.074

[Rank 0] (epoch: 279, iters: 1216, time: 0.030, data: 0.003) , D_A: 0.239, G_A: 0.275, cycle_A: 0.070, idt_A: 0.121, D_B: 0.005, G_B: 1.209, cycle_B: 0.210, idt_B: 0.066

[Rank 0] (epoch: 279, iters: 1416, time: 0.030, data: 0.003) , D_A: 0.227, G_A: 0.248, cycle_A: 0.060, idt_A: 0.139, D_B: 0.001, G_B: 0.972, cycle_B: 0.247, idt_B: 0.050

[Rank 0] (epoch: 279, iters: 1616, time: 0.030, data: 0.003) , D_A: 0.239, G_A: 0.227, cycle_A: 0.065, idt_A: 0.127, D_B: 0.004, G_B: 1.089, cycle_B: 0.222, idt_B: 0.061

[Rank 0] (epoch: 279, iters: 1816, time: 0.074, data: 0.005) , D_A: 0.227, G_A: 0.252, cycle_A: 0.074, idt_A: 0.127, D_B: 0.001, G_B: 0.958, cycle_B: 0.240, idt_B: 0.068

saving the latest model (epoch 279, total_iters 345000)
learning rate 0.0000800 -> 0.0000800
End of epoch 279 / 500 	 Time Taken: 52 sec
[Rank 0] (epoch: 280, iters: 88, time: 0.082, data: 0.002) , D_A: 0.204, G_A: 0.253, cycle_A: 0.081, idt_A: 0.128, D_B: 0.001, G_B: 0.999, cycle_B: 0.212, idt_B: 0.066

[Rank 0] (epoch: 280, iters: 288, time: 0.030, data: 0.003) , D_A: 0.210, G_A: 0.267, cycle_A: 0.071, idt_A: 0.153, D_B: 0.001, G_B: 0.971, cycle_B: 0.238, idt_B: 0.070

[Rank 0] (epoch: 280, iters: 488, time: 0.029, data: 0.003) , D_A: 0.198, G_A: 0.243, cycle_A: 0.066, idt_A: 0.112, D_B: 0.005, G_B: 0.781, cycle_B: 0.180, idt_B: 0.059

[Rank 0] (epoch: 280, iters: 688, time: 0.030, data: 0.002) , D_A: 0.178, G_A: 0.281, cycle_A: 0.085, idt_A: 0.154, D_B: 0.002, G_B: 1.013, cycle_B: 0.235, idt_B: 0.072

[Rank 0] (epoch: 280, iters: 888, time: 0.079, data: 0.003) , D_A: 0.208, G_A: 0.196, cycle_A: 0.082, idt_A: 0.144, D_B: 0.003, G_B: 1.127, cycle_B: 0.231, idt_B: 0.072

[Rank 0] (epoch: 280, iters: 1088, time: 0.030, data: 0.004) , D_A: 0.173, G_A: 0.276, cycle_A: 0.071, idt_A: 0.126, D_B: 0.001, G_B: 0.985, cycle_B: 0.205, idt_B: 0.063

[Rank 0] (epoch: 280, iters: 1288, time: 0.030, data: 0.003) , D_A: 0.176, G_A: 0.376, cycle_A: 0.081, idt_A: 0.144, D_B: 0.001, G_B: 1.020, cycle_B: 0.233, idt_B: 0.070

[Rank 0] (epoch: 280, iters: 1488, time: 0.030, data: 0.003) , D_A: 0.134, G_A: 0.261, cycle_A: 0.104, idt_A: 0.135, D_B: 0.001, G_B: 0.998, cycle_B: 0.209, idt_B: 0.092

[Rank 0] (epoch: 280, iters: 1688, time: 0.030, data: 0.003) , D_A: 0.155, G_A: 0.276, cycle_A: 0.117, idt_A: 0.148, D_B: 0.001, G_B: 0.982, cycle_B: 0.226, idt_B: 0.092

[Rank 0] (epoch: 280, iters: 1888, time: 0.078, data: 0.003) , D_A: 0.132, G_A: 0.281, cycle_A: 0.082, idt_A: 0.126, D_B: 0.001, G_B: 0.992, cycle_B: 0.231, idt_B: 0.067

learning rate 0.0000800 -> 0.0000800
saving the model at the end of epoch 280, iters 347040
End of epoch 280 / 500 	 Time Taken: 52 sec
[Rank 0] (epoch: 281, iters: 160, time: 0.080, data: 0.003) , D_A: 0.154, G_A: 0.288, cycle_A: 0.109, idt_A: 0.158, D_B: 0.002, G_B: 0.957, cycle_B: 0.239, idt_B: 0.095

[Rank 0] (epoch: 281, iters: 360, time: 0.029, data: 0.003) , D_A: 0.136, G_A: 0.272, cycle_A: 0.073, idt_A: 0.121, D_B: 0.003, G_B: 0.995, cycle_B: 0.228, idt_B: 0.060

[Rank 0] (epoch: 281, iters: 560, time: 0.030, data: 0.003) , D_A: 0.108, G_A: 0.441, cycle_A: 0.072, idt_A: 0.165, D_B: 0.009, G_B: 1.322, cycle_B: 0.289, idt_B: 0.062

[Rank 0] (epoch: 281, iters: 760, time: 0.030, data: 0.004) , D_A: 0.152, G_A: 0.564, cycle_A: 0.098, idt_A: 0.145, D_B: 0.010, G_B: 0.956, cycle_B: 0.258, idt_B: 0.074

[Rank 0] (epoch: 281, iters: 960, time: 0.076, data: 0.004) , D_A: 0.100, G_A: 0.419, cycle_A: 0.097, idt_A: 0.110, D_B: 0.002, G_B: 1.027, cycle_B: 0.215, idt_B: 0.076

[Rank 0] (epoch: 281, iters: 1160, time: 0.029, data: 0.004) , D_A: 0.066, G_A: 0.716, cycle_A: 0.095, idt_A: 0.116, D_B: 0.004, G_B: 0.908, cycle_B: 0.197, idt_B: 0.073

[Rank 0] (epoch: 281, iters: 1360, time: 0.030, data: 0.004) , D_A: 0.061, G_A: 0.427, cycle_A: 0.074, idt_A: 0.129, D_B: 0.001, G_B: 0.992, cycle_B: 0.215, idt_B: 0.061

[Rank 0] (epoch: 281, iters: 1560, time: 0.030, data: 0.004) , D_A: 0.082, G_A: 0.539, cycle_A: 0.110, idt_A: 0.142, D_B: 0.003, G_B: 1.042, cycle_B: 0.259, idt_B: 0.077

[Rank 0] (epoch: 281, iters: 1760, time: 0.030, data: 0.004) , D_A: 0.128, G_A: 0.694, cycle_A: 0.071, idt_A: 0.120, D_B: 0.004, G_B: 0.859, cycle_B: 0.244, idt_B: 0.059

learning rate 0.0000800 -> 0.0000800
End of epoch 281 / 500 	 Time Taken: 52 sec
[Rank 0] (epoch: 282, iters: 32, time: 0.082, data: 0.003) , D_A: 0.184, G_A: 0.847, cycle_A: 0.093, idt_A: 0.110, D_B: 0.005, G_B: 0.957, cycle_B: 0.198, idt_B: 0.073

[Rank 0] (epoch: 282, iters: 232, time: 0.030, data: 0.003) , D_A: 0.137, G_A: 0.306, cycle_A: 0.067, idt_A: 0.131, D_B: 0.002, G_B: 1.103, cycle_B: 0.203, idt_B: 0.048

[Rank 0] (epoch: 282, iters: 432, time: 0.029, data: 0.003) , D_A: 0.048, G_A: 0.848, cycle_A: 0.091, idt_A: 0.135, D_B: 0.001, G_B: 0.974, cycle_B: 0.242, idt_B: 0.070

[Rank 0] (epoch: 282, iters: 632, time: 0.030, data: 0.003) , D_A: 0.056, G_A: 0.800, cycle_A: 0.081, idt_A: 0.112, D_B: 0.002, G_B: 1.001, cycle_B: 0.190, idt_B: 0.065

[Rank 0] (epoch: 282, iters: 832, time: 0.030, data: 0.003) , D_A: 0.076, G_A: 0.605, cycle_A: 0.099, idt_A: 0.129, D_B: 0.002, G_B: 0.960, cycle_B: 0.232, idt_B: 0.082

[Rank 0] (epoch: 282, iters: 1032, time: 0.081, data: 0.002) , D_A: 0.146, G_A: 0.574, cycle_A: 0.085, idt_A: 0.146, D_B: 0.004, G_B: 0.937, cycle_B: 0.214, idt_B: 0.068

saving the latest model (epoch 282, total_iters 350000)
[Rank 0] (epoch: 282, iters: 1232, time: 0.030, data: 0.003) , D_A: 0.084, G_A: 0.416, cycle_A: 0.082, idt_A: 0.133, D_B: 0.002, G_B: 0.935, cycle_B: 0.243, idt_B: 0.062

[Rank 0] (epoch: 282, iters: 1432, time: 0.030, data: 0.003) , D_A: 0.144, G_A: 0.281, cycle_A: 0.073, idt_A: 0.140, D_B: 0.002, G_B: 0.974, cycle_B: 0.249, idt_B: 0.055

[Rank 0] (epoch: 282, iters: 1632, time: 0.026, data: 0.023) , D_A: 0.056, G_A: 0.526, cycle_A: 0.073, idt_A: 0.133, D_B: 0.002, G_B: 1.097, cycle_B: 0.242, idt_B: 0.056

[Rank 0] (epoch: 282, iters: 1832, time: 0.029, data: 0.002) , D_A: 0.046, G_A: 0.916, cycle_A: 0.081, idt_A: 0.106, D_B: 0.002, G_B: 0.914, cycle_B: 0.201, idt_B: 0.059

learning rate 0.0000800 -> 0.0000800
End of epoch 282 / 500 	 Time Taken: 53 sec
[Rank 0] (epoch: 283, iters: 104, time: 0.077, data: 0.001) , D_A: 0.122, G_A: 0.613, cycle_A: 0.080, idt_A: 0.115, D_B: 0.002, G_B: 0.942, cycle_B: 0.214, idt_B: 0.061

[Rank 0] (epoch: 283, iters: 304, time: 0.030, data: 0.002) , D_A: 0.223, G_A: 0.272, cycle_A: 0.092, idt_A: 0.121, D_B: 0.003, G_B: 1.002, cycle_B: 0.217, idt_B: 0.069

[Rank 0] (epoch: 283, iters: 504, time: 0.030, data: 0.003) , D_A: 0.182, G_A: 0.777, cycle_A: 0.091, idt_A: 0.147, D_B: 0.005, G_B: 1.087, cycle_B: 0.273, idt_B: 0.066

[Rank 0] (epoch: 283, iters: 704, time: 0.030, data: 0.003) , D_A: 0.185, G_A: 0.224, cycle_A: 0.076, idt_A: 0.153, D_B: 0.001, G_B: 0.928, cycle_B: 0.241, idt_B: 0.059

[Rank 0] (epoch: 283, iters: 904, time: 0.029, data: 0.004) , D_A: 0.110, G_A: 0.301, cycle_A: 0.082, idt_A: 0.118, D_B: 0.002, G_B: 0.958, cycle_B: 0.241, idt_B: 0.065

[Rank 0] (epoch: 283, iters: 1104, time: 0.070, data: 0.002) , D_A: 0.080, G_A: 0.485, cycle_A: 0.092, idt_A: 0.134, D_B: 0.003, G_B: 0.978, cycle_B: 0.241, idt_B: 0.071

[Rank 0] (epoch: 283, iters: 1304, time: 0.030, data: 0.002) , D_A: 0.046, G_A: 1.038, cycle_A: 0.090, idt_A: 0.163, D_B: 0.002, G_B: 0.899, cycle_B: 0.261, idt_B: 0.074

[Rank 0] (epoch: 283, iters: 1504, time: 0.030, data: 0.004) , D_A: 0.044, G_A: 0.674, cycle_A: 0.086, idt_A: 0.110, D_B: 0.004, G_B: 0.885, cycle_B: 0.221, idt_B: 0.069

[Rank 0] (epoch: 283, iters: 1704, time: 0.030, data: 0.004) , D_A: 0.116, G_A: 0.404, cycle_A: 0.089, idt_A: 0.135, D_B: 0.002, G_B: 0.970, cycle_B: 0.252, idt_B: 0.070

[Rank 0] (epoch: 283, iters: 1904, time: 0.030, data: 0.004) , D_A: 0.051, G_A: 0.547, cycle_A: 0.071, idt_A: 0.136, D_B: 0.007, G_B: 0.931, cycle_B: 0.242, idt_B: 0.050

learning rate 0.0000800 -> 0.0000800
End of epoch 283 / 500 	 Time Taken: 52 sec
[Rank 0] (epoch: 284, iters: 176, time: 0.062, data: 0.003) , D_A: 0.062, G_A: 0.524, cycle_A: 0.075, idt_A: 0.116, D_B: 0.002, G_B: 0.954, cycle_B: 0.214, idt_B: 0.059

[Rank 0] (epoch: 284, iters: 376, time: 0.030, data: 0.004) , D_A: 0.128, G_A: 0.335, cycle_A: 0.089, idt_A: 0.131, D_B: 0.002, G_B: 0.970, cycle_B: 0.241, idt_B: 0.073

[Rank 0] (epoch: 284, iters: 576, time: 0.029, data: 0.004) , D_A: 0.041, G_A: 0.689, cycle_A: 0.079, idt_A: 0.130, D_B: 0.001, G_B: 0.988, cycle_B: 0.226, idt_B: 0.062

[Rank 0] (epoch: 284, iters: 776, time: 0.030, data: 0.004) , D_A: 0.138, G_A: 0.408, cycle_A: 0.104, idt_A: 0.129, D_B: 0.002, G_B: 0.953, cycle_B: 0.221, idt_B: 0.081

[Rank 0] (epoch: 284, iters: 976, time: 0.030, data: 0.002) , D_A: 0.120, G_A: 0.429, cycle_A: 0.085, idt_A: 0.136, D_B: 0.002, G_B: 0.945, cycle_B: 0.240, idt_B: 0.066

[Rank 0] (epoch: 284, iters: 1176, time: 0.077, data: 0.002) , D_A: 0.070, G_A: 0.430, cycle_A: 0.108, idt_A: 0.141, D_B: 0.001, G_B: 0.954, cycle_B: 0.199, idt_B: 0.093

[Rank 0] (epoch: 284, iters: 1376, time: 0.029, data: 0.003) , D_A: 0.065, G_A: 0.669, cycle_A: 0.093, idt_A: 0.133, D_B: 0.001, G_B: 0.962, cycle_B: 0.220, idt_B: 0.079

[Rank 0] (epoch: 284, iters: 1576, time: 0.030, data: 0.003) , D_A: 0.069, G_A: 0.341, cycle_A: 0.085, idt_A: 0.132, D_B: 0.001, G_B: 1.005, cycle_B: 0.213, idt_B: 0.067

[Rank 0] (epoch: 284, iters: 1776, time: 0.030, data: 0.008) , D_A: 0.052, G_A: 0.760, cycle_A: 0.092, idt_A: 0.119, D_B: 0.001, G_B: 1.008, cycle_B: 0.201, idt_B: 0.070

learning rate 0.0000800 -> 0.0000800
End of epoch 284 / 500 	 Time Taken: 51 sec
[Rank 0] (epoch: 285, iters: 48, time: 0.077, data: 0.003) , D_A: 0.169, G_A: 0.752, cycle_A: 0.096, idt_A: 0.134, D_B: 0.003, G_B: 0.986, cycle_B: 0.219, idt_B: 0.070

[Rank 0] (epoch: 285, iters: 248, time: 0.084, data: 0.003) , D_A: 0.043, G_A: 0.699, cycle_A: 0.081, idt_A: 0.128, D_B: 0.001, G_B: 0.970, cycle_B: 0.201, idt_B: 0.063

saving the latest model (epoch 285, total_iters 355000)
[Rank 0] (epoch: 285, iters: 448, time: 0.029, data: 0.003) , D_A: 0.075, G_A: 0.486, cycle_A: 0.101, idt_A: 0.120, D_B: 0.001, G_B: 0.966, cycle_B: 0.211, idt_B: 0.077

[Rank 0] (epoch: 285, iters: 648, time: 0.030, data: 0.002) , D_A: 0.087, G_A: 0.626, cycle_A: 0.071, idt_A: 0.140, D_B: 0.001, G_B: 1.020, cycle_B: 0.222, idt_B: 0.053

[Rank 0] (epoch: 285, iters: 848, time: 0.029, data: 0.004) , D_A: 0.115, G_A: 0.530, cycle_A: 0.082, idt_A: 0.109, D_B: 0.001, G_B: 0.944, cycle_B: 0.197, idt_B: 0.063

[Rank 0] (epoch: 285, iters: 1048, time: 0.030, data: 0.004) , D_A: 0.137, G_A: 0.344, cycle_A: 0.076, idt_A: 0.155, D_B: 0.002, G_B: 0.942, cycle_B: 0.216, idt_B: 0.058

[Rank 0] (epoch: 285, iters: 1248, time: 0.073, data: 0.002) , D_A: 0.058, G_A: 0.551, cycle_A: 0.090, idt_A: 0.117, D_B: 0.002, G_B: 0.965, cycle_B: 0.200, idt_B: 0.065

[Rank 0] (epoch: 285, iters: 1448, time: 0.030, data: 0.004) , D_A: 0.054, G_A: 0.583, cycle_A: 0.085, idt_A: 0.128, D_B: 0.001, G_B: 0.974, cycle_B: 0.208, idt_B: 0.068

[Rank 0] (epoch: 285, iters: 1648, time: 0.029, data: 0.004) , D_A: 0.084, G_A: 0.391, cycle_A: 0.074, idt_A: 0.170, D_B: 0.001, G_B: 0.976, cycle_B: 0.230, idt_B: 0.052

[Rank 0] (epoch: 285, iters: 1848, time: 0.029, data: 0.005) , D_A: 0.058, G_A: 0.460, cycle_A: 0.100, idt_A: 0.113, D_B: 0.001, G_B: 0.987, cycle_B: 0.175, idt_B: 0.081

learning rate 0.0000800 -> 0.0000800
End of epoch 285 / 500 	 Time Taken: 52 sec
[Rank 0] (epoch: 286, iters: 120, time: 0.076, data: 0.003) , D_A: 0.100, G_A: 0.541, cycle_A: 0.074, idt_A: 0.137, D_B: 0.001, G_B: 0.986, cycle_B: 0.210, idt_B: 0.062

[Rank 0] (epoch: 286, iters: 320, time: 0.072, data: 0.004) , D_A: 0.121, G_A: 0.378, cycle_A: 0.081, idt_A: 0.148, D_B: 0.002, G_B: 0.973, cycle_B: 0.240, idt_B: 0.055

[Rank 0] (epoch: 286, iters: 520, time: 0.030, data: 0.004) , D_A: 0.114, G_A: 0.354, cycle_A: 0.088, idt_A: 0.105, D_B: 0.002, G_B: 1.012, cycle_B: 0.192, idt_B: 0.067

[Rank 0] (epoch: 286, iters: 720, time: 0.030, data: 0.003) , D_A: 0.047, G_A: 0.640, cycle_A: 0.065, idt_A: 0.135, D_B: 0.002, G_B: 0.943, cycle_B: 0.268, idt_B: 0.046

[Rank 0] (epoch: 286, iters: 920, time: 0.030, data: 0.004) , D_A: 0.114, G_A: 0.864, cycle_A: 0.057, idt_A: 0.132, D_B: 0.001, G_B: 1.044, cycle_B: 0.208, idt_B: 0.042

[Rank 0] (epoch: 286, iters: 1120, time: 0.030, data: 0.003) , D_A: 0.071, G_A: 0.569, cycle_A: 0.091, idt_A: 0.117, D_B: 0.003, G_B: 0.997, cycle_B: 0.205, idt_B: 0.073

[Rank 0] (epoch: 286, iters: 1320, time: 0.073, data: 0.003) , D_A: 0.100, G_A: 0.494, cycle_A: 0.082, idt_A: 0.138, D_B: 0.002, G_B: 0.965, cycle_B: 0.217, idt_B: 0.062

[Rank 0] (epoch: 286, iters: 1520, time: 0.030, data: 0.004) , D_A: 0.059, G_A: 0.997, cycle_A: 0.086, idt_A: 0.119, D_B: 0.001, G_B: 1.016, cycle_B: 0.190, idt_B: 0.073

[Rank 0] (epoch: 286, iters: 1720, time: 0.030, data: 0.003) , D_A: 0.080, G_A: 0.487, cycle_A: 0.091, idt_A: 0.122, D_B: 0.001, G_B: 0.981, cycle_B: 0.194, idt_B: 0.069

[Rank 0] (epoch: 286, iters: 1920, time: 0.030, data: 0.003) , D_A: 0.094, G_A: 0.617, cycle_A: 0.076, idt_A: 0.107, D_B: 0.001, G_B: 0.973, cycle_B: 0.186, idt_B: 0.054

learning rate 0.0000800 -> 0.0000800
End of epoch 286 / 500 	 Time Taken: 52 sec
[Rank 0] (epoch: 287, iters: 192, time: 0.077, data: 0.001) , D_A: 0.100, G_A: 0.505, cycle_A: 0.093, idt_A: 0.114, D_B: 0.005, G_B: 1.017, cycle_B: 0.193, idt_B: 0.073

[Rank 0] (epoch: 287, iters: 392, time: 0.089, data: 0.003) , D_A: 0.077, G_A: 0.556, cycle_A: 0.083, idt_A: 0.132, D_B: 0.002, G_B: 0.994, cycle_B: 0.240, idt_B: 0.067

[Rank 0] (epoch: 287, iters: 592, time: 0.029, data: 0.005) , D_A: 0.076, G_A: 0.501, cycle_A: 0.085, idt_A: 0.127, D_B: 0.002, G_B: 0.959, cycle_B: 0.213, idt_B: 0.062

[Rank 0] (epoch: 287, iters: 792, time: 0.030, data: 0.004) , D_A: 0.141, G_A: 0.555, cycle_A: 0.070, idt_A: 0.106, D_B: 0.004, G_B: 1.045, cycle_B: 0.175, idt_B: 0.054

[Rank 0] (epoch: 287, iters: 992, time: 0.030, data: 0.003) , D_A: 0.089, G_A: 0.854, cycle_A: 0.089, idt_A: 0.129, D_B: 0.001, G_B: 1.006, cycle_B: 0.220, idt_B: 0.068

[Rank 0] (epoch: 287, iters: 1192, time: 0.030, data: 0.003) , D_A: 0.211, G_A: 0.808, cycle_A: 0.069, idt_A: 0.120, D_B: 0.003, G_B: 1.093, cycle_B: 0.215, idt_B: 0.055

[Rank 0] (epoch: 287, iters: 1392, time: 0.079, data: 0.004) , D_A: 0.097, G_A: 0.433, cycle_A: 0.062, idt_A: 0.110, D_B: 0.001, G_B: 0.926, cycle_B: 0.195, idt_B: 0.048

saving the latest model (epoch 287, total_iters 360000)
[Rank 0] (epoch: 287, iters: 1592, time: 0.029, data: 0.002) , D_A: 0.095, G_A: 0.444, cycle_A: 0.088, idt_A: 0.134, D_B: 0.003, G_B: 0.983, cycle_B: 0.215, idt_B: 0.078

[Rank 0] (epoch: 287, iters: 1792, time: 0.030, data: 0.003) , D_A: 0.079, G_A: 0.472, cycle_A: 0.064, idt_A: 0.134, D_B: 0.001, G_B: 0.994, cycle_B: 0.206, idt_B: 0.047

learning rate 0.0000800 -> 0.0000800
End of epoch 287 / 500 	 Time Taken: 52 sec
[Rank 0] (epoch: 288, iters: 64, time: 0.078, data: 0.003) , D_A: 0.077, G_A: 0.541, cycle_A: 0.091, idt_A: 0.124, D_B: 0.002, G_B: 0.952, cycle_B: 0.214, idt_B: 0.067

[Rank 0] (epoch: 288, iters: 264, time: 0.029, data: 0.005) , D_A: 0.118, G_A: 0.386, cycle_A: 0.080, idt_A: 0.123, D_B: 0.002, G_B: 0.981, cycle_B: 0.190, idt_B: 0.064

[Rank 0] (epoch: 288, iters: 464, time: 0.075, data: 0.002) , D_A: 0.064, G_A: 0.619, cycle_A: 0.084, idt_A: 0.126, D_B: 0.001, G_B: 0.968, cycle_B: 0.226, idt_B: 0.062

[Rank 0] (epoch: 288, iters: 664, time: 0.030, data: 0.003) , D_A: 0.059, G_A: 0.623, cycle_A: 0.086, idt_A: 0.145, D_B: 0.002, G_B: 0.935, cycle_B: 0.220, idt_B: 0.069

[Rank 0] (epoch: 288, iters: 864, time: 0.030, data: 0.004) , D_A: 0.089, G_A: 0.488, cycle_A: 0.080, idt_A: 0.139, D_B: 0.001, G_B: 0.986, cycle_B: 0.245, idt_B: 0.061

[Rank 0] (epoch: 288, iters: 1064, time: 0.030, data: 0.003) , D_A: 0.128, G_A: 0.362, cycle_A: 0.079, idt_A: 0.126, D_B: 0.004, G_B: 0.994, cycle_B: 0.200, idt_B: 0.064

[Rank 0] (epoch: 288, iters: 1264, time: 0.030, data: 0.003) , D_A: 0.088, G_A: 0.357, cycle_A: 0.099, idt_A: 0.128, D_B: 0.000, G_B: 0.975, cycle_B: 0.206, idt_B: 0.072

[Rank 0] (epoch: 288, iters: 1464, time: 0.073, data: 0.003) , D_A: 0.044, G_A: 0.561, cycle_A: 0.065, idt_A: 0.145, D_B: 0.001, G_B: 1.040, cycle_B: 0.226, idt_B: 0.049

[Rank 0] (epoch: 288, iters: 1664, time: 0.030, data: 0.003) , D_A: 0.050, G_A: 0.609, cycle_A: 0.122, idt_A: 0.153, D_B: 0.001, G_B: 0.996, cycle_B: 0.238, idt_B: 0.118

[Rank 0] (epoch: 288, iters: 1864, time: 0.030, data: 0.003) , D_A: 0.090, G_A: 0.499, cycle_A: 0.081, idt_A: 0.111, D_B: 0.001, G_B: 0.978, cycle_B: 0.190, idt_B: 0.063

learning rate 0.0000800 -> 0.0000800
End of epoch 288 / 500 	 Time Taken: 52 sec
[Rank 0] (epoch: 289, iters: 136, time: 0.076, data: 0.004) , D_A: 0.160, G_A: 0.269, cycle_A: 0.086, idt_A: 0.135, D_B: 0.001, G_B: 1.022, cycle_B: 0.198, idt_B: 0.064

[Rank 0] (epoch: 289, iters: 336, time: 0.030, data: 0.002) , D_A: 0.051, G_A: 0.512, cycle_A: 0.086, idt_A: 0.126, D_B: 0.003, G_B: 1.006, cycle_B: 0.180, idt_B: 0.062

[Rank 0] (epoch: 289, iters: 536, time: 0.075, data: 0.002) , D_A: 0.066, G_A: 0.853, cycle_A: 0.076, idt_A: 0.145, D_B: 0.001, G_B: 0.963, cycle_B: 0.217, idt_B: 0.060

[Rank 0] (epoch: 289, iters: 736, time: 0.030, data: 0.002) , D_A: 0.083, G_A: 0.456, cycle_A: 0.075, idt_A: 0.144, D_B: 0.001, G_B: 0.992, cycle_B: 0.215, idt_B: 0.057

[Rank 0] (epoch: 289, iters: 936, time: 0.030, data: 0.003) , D_A: 0.124, G_A: 0.301, cycle_A: 0.080, idt_A: 0.125, D_B: 0.001, G_B: 0.999, cycle_B: 0.192, idt_B: 0.060

[Rank 0] (epoch: 289, iters: 1136, time: 0.030, data: 0.003) , D_A: 0.144, G_A: 0.543, cycle_A: 0.090, idt_A: 0.121, D_B: 0.003, G_B: 0.984, cycle_B: 0.215, idt_B: 0.061

[Rank 0] (epoch: 289, iters: 1336, time: 0.030, data: 0.003) , D_A: 0.055, G_A: 0.827, cycle_A: 0.086, idt_A: 0.134, D_B: 0.001, G_B: 1.001, cycle_B: 0.229, idt_B: 0.065

[Rank 0] (epoch: 289, iters: 1536, time: 0.080, data: 0.003) , D_A: 0.062, G_A: 0.486, cycle_A: 0.077, idt_A: 0.129, D_B: 0.001, G_B: 0.990, cycle_B: 0.213, idt_B: 0.056

[Rank 0] (epoch: 289, iters: 1736, time: 0.030, data: 0.001) , D_A: 0.243, G_A: 0.929, cycle_A: 0.104, idt_A: 0.105, D_B: 0.001, G_B: 1.000, cycle_B: 0.180, idt_B: 0.083

learning rate 0.0000800 -> 0.0000800
End of epoch 289 / 500 	 Time Taken: 52 sec
[Rank 0] (epoch: 290, iters: 8, time: 0.077, data: 0.003) , D_A: 0.193, G_A: 0.806, cycle_A: 0.090, idt_A: 0.115, D_B: 0.003, G_B: 1.003, cycle_B: 0.180, idt_B: 0.071

[Rank 0] (epoch: 290, iters: 208, time: 0.030, data: 0.004) , D_A: 0.101, G_A: 0.446, cycle_A: 0.091, idt_A: 0.148, D_B: 0.001, G_B: 0.994, cycle_B: 0.232, idt_B: 0.077

[Rank 0] (epoch: 290, iters: 408, time: 0.030, data: 0.003) , D_A: 0.049, G_A: 0.691, cycle_A: 0.082, idt_A: 0.129, D_B: 0.001, G_B: 1.015, cycle_B: 0.203, idt_B: 0.066

[Rank 0] (epoch: 290, iters: 608, time: 0.088, data: 0.003) , D_A: 0.059, G_A: 0.682, cycle_A: 0.105, idt_A: 0.119, D_B: 0.001, G_B: 0.991, cycle_B: 0.201, idt_B: 0.078

saving the latest model (epoch 290, total_iters 365000)
[Rank 0] (epoch: 290, iters: 808, time: 0.030, data: 0.003) , D_A: 0.045, G_A: 0.651, cycle_A: 0.066, idt_A: 0.124, D_B: 0.003, G_B: 0.998, cycle_B: 0.198, idt_B: 0.050

[Rank 0] (epoch: 290, iters: 1008, time: 0.029, data: 0.005) , D_A: 0.058, G_A: 0.777, cycle_A: 0.080, idt_A: 0.125, D_B: 0.001, G_B: 0.981, cycle_B: 0.215, idt_B: 0.058

[Rank 0] (epoch: 290, iters: 1208, time: 0.030, data: 0.004) , D_A: 0.189, G_A: 0.768, cycle_A: 0.121, idt_A: 0.113, D_B: 0.001, G_B: 1.012, cycle_B: 0.214, idt_B: 0.090

[Rank 0] (epoch: 290, iters: 1408, time: 0.030, data: 0.003) , D_A: 0.104, G_A: 0.725, cycle_A: 0.078, idt_A: 0.140, D_B: 0.001, G_B: 1.016, cycle_B: 0.206, idt_B: 0.060

[Rank 0] (epoch: 290, iters: 1608, time: 0.082, data: 0.003) , D_A: 0.091, G_A: 0.504, cycle_A: 0.271, idt_A: 0.126, D_B: 0.001, G_B: 0.982, cycle_B: 0.186, idt_B: 0.065

[Rank 0] (epoch: 290, iters: 1808, time: 0.030, data: 0.002) , D_A: 0.167, G_A: 0.602, cycle_A: 0.103, idt_A: 0.111, D_B: 0.001, G_B: 0.989, cycle_B: 0.200, idt_B: 0.078

learning rate 0.0000800 -> 0.0000800
End of epoch 290 / 500 	 Time Taken: 52 sec
[Rank 0] (epoch: 291, iters: 80, time: 0.078, data: 0.004) , D_A: 0.127, G_A: 0.799, cycle_A: 0.081, idt_A: 0.130, D_B: 0.002, G_B: 1.044, cycle_B: 0.251, idt_B: 0.062

[Rank 0] (epoch: 291, iters: 280, time: 0.030, data: 0.002) , D_A: 0.054, G_A: 0.521, cycle_A: 0.074, idt_A: 0.131, D_B: 0.004, G_B: 1.003, cycle_B: 0.201, idt_B: 0.058

[Rank 0] (epoch: 291, iters: 480, time: 0.030, data: 0.004) , D_A: 0.035, G_A: 0.864, cycle_A: 0.080, idt_A: 0.109, D_B: 0.001, G_B: 0.997, cycle_B: 0.172, idt_B: 0.057

[Rank 0] (epoch: 291, iters: 680, time: 0.075, data: 0.003) , D_A: 0.133, G_A: 0.678, cycle_A: 0.083, idt_A: 0.123, D_B: 0.001, G_B: 0.980, cycle_B: 0.190, idt_B: 0.058

[Rank 0] (epoch: 291, iters: 880, time: 0.029, data: 0.002) , D_A: 0.114, G_A: 1.224, cycle_A: 0.085, idt_A: 0.124, D_B: 0.002, G_B: 0.988, cycle_B: 0.194, idt_B: 0.069

[Rank 0] (epoch: 291, iters: 1080, time: 0.030, data: 0.002) , D_A: 0.049, G_A: 0.921, cycle_A: 0.083, idt_A: 0.131, D_B: 0.001, G_B: 1.003, cycle_B: 0.233, idt_B: 0.063

[Rank 0] (epoch: 291, iters: 1280, time: 0.030, data: 0.002) , D_A: 0.091, G_A: 0.431, cycle_A: 0.068, idt_A: 0.120, D_B: 0.001, G_B: 0.957, cycle_B: 0.197, idt_B: 0.050

[Rank 0] (epoch: 291, iters: 1480, time: 0.029, data: 0.005) , D_A: 0.134, G_A: 0.308, cycle_A: 0.101, idt_A: 0.112, D_B: 0.001, G_B: 0.991, cycle_B: 0.194, idt_B: 0.081

[Rank 0] (epoch: 291, iters: 1680, time: 0.072, data: 0.002) , D_A: 0.086, G_A: 0.368, cycle_A: 0.077, idt_A: 0.152, D_B: 0.002, G_B: 1.031, cycle_B: 0.213, idt_B: 0.059

[Rank 0] (epoch: 291, iters: 1880, time: 0.030, data: 0.002) , D_A: 0.154, G_A: 0.505, cycle_A: 0.092, idt_A: 0.117, D_B: 0.003, G_B: 0.995, cycle_B: 0.220, idt_B: 0.076

learning rate 0.0000800 -> 0.0000800
End of epoch 291 / 500 	 Time Taken: 52 sec
[Rank 0] (epoch: 292, iters: 152, time: 0.080, data: 0.003) , D_A: 0.135, G_A: 0.344, cycle_A: 0.103, idt_A: 0.114, D_B: 0.001, G_B: 1.023, cycle_B: 0.189, idt_B: 0.079

[Rank 0] (epoch: 292, iters: 352, time: 0.030, data: 0.003) , D_A: 0.089, G_A: 0.622, cycle_A: 0.060, idt_A: 0.118, D_B: 0.001, G_B: 1.001, cycle_B: 0.213, idt_B: 0.045

[Rank 0] (epoch: 292, iters: 552, time: 0.030, data: 0.003) , D_A: 0.134, G_A: 0.854, cycle_A: 0.082, idt_A: 0.127, D_B: 0.001, G_B: 1.016, cycle_B: 0.222, idt_B: 0.066

[Rank 0] (epoch: 292, iters: 752, time: 0.080, data: 0.004) , D_A: 0.112, G_A: 0.452, cycle_A: 0.081, idt_A: 0.115, D_B: 0.003, G_B: 1.009, cycle_B: 0.214, idt_B: 0.065

[Rank 0] (epoch: 292, iters: 952, time: 0.030, data: 0.003) , D_A: 0.204, G_A: 0.808, cycle_A: 0.078, idt_A: 0.126, D_B: 0.001, G_B: 0.965, cycle_B: 0.217, idt_B: 0.067

[Rank 0] (epoch: 292, iters: 1152, time: 0.030, data: 0.003) , D_A: 0.076, G_A: 0.348, cycle_A: 0.082, idt_A: 0.122, D_B: 0.001, G_B: 0.970, cycle_B: 0.188, idt_B: 0.058

[Rank 0] (epoch: 292, iters: 1352, time: 0.030, data: 0.003) , D_A: 0.081, G_A: 0.435, cycle_A: 0.097, idt_A: 0.109, D_B: 0.004, G_B: 0.958, cycle_B: 0.202, idt_B: 0.076

[Rank 0] (epoch: 292, iters: 1552, time: 0.029, data: 0.003) , D_A: 0.044, G_A: 0.951, cycle_A: 0.076, idt_A: 0.137, D_B: 0.002, G_B: 0.958, cycle_B: 0.243, idt_B: 0.056

[Rank 0] (epoch: 292, iters: 1752, time: 0.071, data: 0.002) , D_A: 0.120, G_A: 0.774, cycle_A: 0.111, idt_A: 0.114, D_B: 0.005, G_B: 1.027, cycle_B: 0.204, idt_B: 0.092

saving the latest model (epoch 292, total_iters 370000)
learning rate 0.0000800 -> 0.0000800
End of epoch 292 / 500 	 Time Taken: 52 sec
[Rank 0] (epoch: 293, iters: 24, time: 0.092, data: 0.002) , D_A: 0.111, G_A: 0.312, cycle_A: 0.074, idt_A: 0.118, D_B: 0.002, G_B: 1.003, cycle_B: 0.214, idt_B: 0.060

[Rank 0] (epoch: 293, iters: 224, time: 0.030, data: 0.003) , D_A: 0.060, G_A: 0.580, cycle_A: 0.083, idt_A: 0.108, D_B: 0.002, G_B: 0.947, cycle_B: 0.195, idt_B: 0.066

[Rank 0] (epoch: 293, iters: 424, time: 0.030, data: 0.002) , D_A: 0.073, G_A: 0.517, cycle_A: 0.076, idt_A: 0.116, D_B: 0.005, G_B: 1.008, cycle_B: 0.222, idt_B: 0.055

[Rank 0] (epoch: 293, iters: 624, time: 0.030, data: 0.002) , D_A: 0.074, G_A: 0.387, cycle_A: 0.086, idt_A: 0.140, D_B: 0.001, G_B: 0.954, cycle_B: 0.229, idt_B: 0.076

[Rank 0] (epoch: 293, iters: 824, time: 0.091, data: 0.003) , D_A: 0.053, G_A: 0.961, cycle_A: 0.054, idt_A: 0.145, D_B: 0.002, G_B: 0.980, cycle_B: 0.223, idt_B: 0.038

[Rank 0] (epoch: 293, iters: 1024, time: 0.030, data: 0.002) , D_A: 0.159, G_A: 0.736, cycle_A: 0.085, idt_A: 0.124, D_B: 0.001, G_B: 0.942, cycle_B: 0.238, idt_B: 0.063

[Rank 0] (epoch: 293, iters: 1224, time: 0.030, data: 0.003) , D_A: 0.179, G_A: 0.913, cycle_A: 0.081, idt_A: 0.118, D_B: 0.007, G_B: 1.025, cycle_B: 0.190, idt_B: 0.065

[Rank 0] (epoch: 293, iters: 1424, time: 0.030, data: 0.003) , D_A: 0.069, G_A: 0.577, cycle_A: 0.098, idt_A: 0.118, D_B: 0.001, G_B: 0.949, cycle_B: 0.200, idt_B: 0.076

[Rank 0] (epoch: 293, iters: 1624, time: 0.030, data: 0.003) , D_A: 0.264, G_A: 0.970, cycle_A: 0.088, idt_A: 0.097, D_B: 0.001, G_B: 0.978, cycle_B: 0.193, idt_B: 0.071

[Rank 0] (epoch: 293, iters: 1824, time: 0.076, data: 0.005) , D_A: 0.050, G_A: 0.850, cycle_A: 0.082, idt_A: 0.126, D_B: 0.002, G_B: 0.988, cycle_B: 0.202, idt_B: 0.063

learning rate 0.0000800 -> 0.0000800
End of epoch 293 / 500 	 Time Taken: 52 sec
[Rank 0] (epoch: 294, iters: 96, time: 0.080, data: 0.003) , D_A: 0.065, G_A: 0.528, cycle_A: 0.085, idt_A: 0.116, D_B: 0.001, G_B: 0.997, cycle_B: 0.218, idt_B: 0.058

[Rank 0] (epoch: 294, iters: 296, time: 0.030, data: 0.003) , D_A: 0.074, G_A: 0.443, cycle_A: 0.107, idt_A: 0.122, D_B: 0.002, G_B: 1.036, cycle_B: 0.230, idt_B: 0.082

[Rank 0] (epoch: 294, iters: 496, time: 0.029, data: 0.003) , D_A: 0.125, G_A: 0.788, cycle_A: 0.094, idt_A: 0.132, D_B: 0.001, G_B: 1.028, cycle_B: 0.233, idt_B: 0.072

[Rank 0] (epoch: 294, iters: 696, time: 0.030, data: 0.004) , D_A: 0.056, G_A: 0.469, cycle_A: 0.086, idt_A: 0.124, D_B: 0.002, G_B: 1.033, cycle_B: 0.228, idt_B: 0.066

[Rank 0] (epoch: 294, iters: 896, time: 0.073, data: 0.003) , D_A: 0.061, G_A: 0.771, cycle_A: 0.085, idt_A: 0.135, D_B: 0.001, G_B: 1.023, cycle_B: 0.235, idt_B: 0.066

[Rank 0] (epoch: 294, iters: 1096, time: 0.030, data: 0.003) , D_A: 0.083, G_A: 0.413, cycle_A: 0.078, idt_A: 0.134, D_B: 0.001, G_B: 1.050, cycle_B: 0.235, idt_B: 0.062

[Rank 0] (epoch: 294, iters: 1296, time: 0.030, data: 0.002) , D_A: 0.042, G_A: 1.027, cycle_A: 0.087, idt_A: 0.119, D_B: 0.002, G_B: 1.084, cycle_B: 0.216, idt_B: 0.066

[Rank 0] (epoch: 294, iters: 1496, time: 0.030, data: 0.003) , D_A: 0.153, G_A: 0.243, cycle_A: 0.076, idt_A: 0.135, D_B: 0.001, G_B: 0.941, cycle_B: 0.218, idt_B: 0.061

[Rank 0] (epoch: 294, iters: 1696, time: 0.030, data: 0.003) , D_A: 0.085, G_A: 0.452, cycle_A: 0.065, idt_A: 0.112, D_B: 0.001, G_B: 0.992, cycle_B: 0.196, idt_B: 0.052

[Rank 0] (epoch: 294, iters: 1896, time: 0.077, data: 0.003) , D_A: 0.067, G_A: 0.410, cycle_A: 0.091, idt_A: 0.123, D_B: 0.001, G_B: 0.961, cycle_B: 0.197, idt_B: 0.069

learning rate 0.0000800 -> 0.0000800
End of epoch 294 / 500 	 Time Taken: 52 sec
[Rank 0] (epoch: 295, iters: 168, time: 0.080, data: 0.003) , D_A: 0.111, G_A: 0.436, cycle_A: 0.098, idt_A: 0.133, D_B: 0.002, G_B: 1.060, cycle_B: 0.212, idt_B: 0.077

[Rank 0] (epoch: 295, iters: 368, time: 0.030, data: 0.002) , D_A: 0.112, G_A: 0.419, cycle_A: 0.074, idt_A: 0.148, D_B: 0.001, G_B: 1.029, cycle_B: 0.239, idt_B: 0.061

[Rank 0] (epoch: 295, iters: 568, time: 0.029, data: 0.003) , D_A: 0.095, G_A: 0.285, cycle_A: 0.074, idt_A: 0.139, D_B: 0.002, G_B: 0.955, cycle_B: 0.246, idt_B: 0.056

[Rank 0] (epoch: 295, iters: 768, time: 0.030, data: 0.003) , D_A: 0.129, G_A: 0.424, cycle_A: 0.077, idt_A: 0.120, D_B: 0.000, G_B: 1.005, cycle_B: 0.207, idt_B: 0.057

[Rank 0] (epoch: 295, iters: 968, time: 0.075, data: 0.003) , D_A: 0.046, G_A: 0.624, cycle_A: 0.073, idt_A: 0.142, D_B: 0.002, G_B: 0.938, cycle_B: 0.221, idt_B: 0.055

saving the latest model (epoch 295, total_iters 375000)
[Rank 0] (epoch: 295, iters: 1168, time: 0.030, data: 0.002) , D_A: 0.123, G_A: 0.205, cycle_A: 0.075, idt_A: 0.131, D_B: 0.002, G_B: 1.024, cycle_B: 0.216, idt_B: 0.060

[Rank 0] (epoch: 295, iters: 1368, time: 0.030, data: 0.003) , D_A: 0.103, G_A: 0.397, cycle_A: 0.071, idt_A: 0.123, D_B: 0.001, G_B: 0.948, cycle_B: 0.199, idt_B: 0.056

[Rank 0] (epoch: 295, iters: 1568, time: 0.030, data: 0.006) , D_A: 0.260, G_A: 1.038, cycle_A: 0.080, idt_A: 0.138, D_B: 0.002, G_B: 0.993, cycle_B: 0.237, idt_B: 0.063

[Rank 0] (epoch: 295, iters: 1768, time: 0.030, data: 0.003) , D_A: 0.075, G_A: 0.526, cycle_A: 0.083, idt_A: 0.132, D_B: 0.003, G_B: 1.002, cycle_B: 0.211, idt_B: 0.065

learning rate 0.0000800 -> 0.0000800
End of epoch 295 / 500 	 Time Taken: 52 sec
[Rank 0] (epoch: 296, iters: 40, time: 0.074, data: 0.003) , D_A: 0.053, G_A: 0.693, cycle_A: 0.081, idt_A: 0.116, D_B: 0.001, G_B: 1.034, cycle_B: 0.180, idt_B: 0.062

[Rank 0] (epoch: 296, iters: 240, time: 0.029, data: 0.004) , D_A: 0.081, G_A: 0.453, cycle_A: 0.059, idt_A: 0.121, D_B: 0.003, G_B: 1.045, cycle_B: 0.215, idt_B: 0.050

[Rank 0] (epoch: 296, iters: 440, time: 0.030, data: 0.003) , D_A: 0.106, G_A: 0.360, cycle_A: 0.097, idt_A: 0.131, D_B: 0.001, G_B: 0.922, cycle_B: 0.213, idt_B: 0.085

[Rank 0] (epoch: 296, iters: 640, time: 0.030, data: 0.003) , D_A: 0.080, G_A: 0.519, cycle_A: 0.080, idt_A: 0.107, D_B: 0.002, G_B: 0.992, cycle_B: 0.199, idt_B: 0.059

[Rank 0] (epoch: 296, iters: 840, time: 0.030, data: 0.003) , D_A: 0.062, G_A: 0.479, cycle_A: 0.072, idt_A: 0.125, D_B: 0.002, G_B: 0.975, cycle_B: 0.224, idt_B: 0.056

[Rank 0] (epoch: 296, iters: 1040, time: 0.078, data: 0.002) , D_A: 0.078, G_A: 0.527, cycle_A: 0.097, idt_A: 0.142, D_B: 0.001, G_B: 1.025, cycle_B: 0.244, idt_B: 0.074

[Rank 0] (epoch: 296, iters: 1240, time: 0.030, data: 0.003) , D_A: 0.069, G_A: 0.386, cycle_A: 0.075, idt_A: 0.110, D_B: 0.000, G_B: 1.016, cycle_B: 0.196, idt_B: 0.056

[Rank 0] (epoch: 296, iters: 1440, time: 0.030, data: 0.003) , D_A: 0.099, G_A: 0.257, cycle_A: 0.072, idt_A: 0.119, D_B: 0.003, G_B: 1.030, cycle_B: 0.192, idt_B: 0.056

[Rank 0] (epoch: 296, iters: 1640, time: 0.030, data: 0.004) , D_A: 0.052, G_A: 0.563, cycle_A: 0.055, idt_A: 0.109, D_B: 0.001, G_B: 1.001, cycle_B: 0.181, idt_B: 0.044

[Rank 0] (epoch: 296, iters: 1840, time: 0.030, data: 0.003) , D_A: 0.080, G_A: 0.537, cycle_A: 0.102, idt_A: 0.123, D_B: 0.004, G_B: 0.978, cycle_B: 0.208, idt_B: 0.084

learning rate 0.0000800 -> 0.0000800
End of epoch 296 / 500 	 Time Taken: 52 sec
[Rank 0] (epoch: 297, iters: 112, time: 0.080, data: 0.003) , D_A: 0.086, G_A: 0.349, cycle_A: 0.089, idt_A: 0.122, D_B: 0.001, G_B: 0.974, cycle_B: 0.182, idt_B: 0.072

[Rank 0] (epoch: 297, iters: 312, time: 0.029, data: 0.002) , D_A: 0.085, G_A: 0.608, cycle_A: 0.070, idt_A: 0.127, D_B: 0.001, G_B: 0.994, cycle_B: 0.208, idt_B: 0.054

[Rank 0] (epoch: 297, iters: 512, time: 0.030, data: 0.002) , D_A: 0.110, G_A: 0.250, cycle_A: 0.070, idt_A: 0.128, D_B: 0.001, G_B: 0.987, cycle_B: 0.195, idt_B: 0.058

[Rank 0] (epoch: 297, iters: 712, time: 0.030, data: 0.004) , D_A: 0.133, G_A: 0.591, cycle_A: 0.098, idt_A: 0.162, D_B: 0.001, G_B: 0.934, cycle_B: 0.220, idt_B: 0.085

[Rank 0] (epoch: 297, iters: 912, time: 0.030, data: 0.004) , D_A: 0.083, G_A: 0.570, cycle_A: 0.080, idt_A: 0.117, D_B: 0.001, G_B: 1.005, cycle_B: 0.212, idt_B: 0.065

[Rank 0] (epoch: 297, iters: 1112, time: 0.085, data: 0.004) , D_A: 0.068, G_A: 0.453, cycle_A: 0.085, idt_A: 0.124, D_B: 0.001, G_B: 0.986, cycle_B: 0.172, idt_B: 0.067

[Rank 0] (epoch: 297, iters: 1312, time: 0.030, data: 0.003) , D_A: 0.063, G_A: 0.705, cycle_A: 0.071, idt_A: 0.114, D_B: 0.005, G_B: 0.980, cycle_B: 0.194, idt_B: 0.061

[Rank 0] (epoch: 297, iters: 1512, time: 0.030, data: 0.004) , D_A: 0.092, G_A: 0.343, cycle_A: 0.088, idt_A: 0.117, D_B: 0.001, G_B: 0.957, cycle_B: 0.201, idt_B: 0.069

[Rank 0] (epoch: 297, iters: 1712, time: 0.029, data: 0.002) , D_A: 0.117, G_A: 0.420, cycle_A: 0.086, idt_A: 0.149, D_B: 0.000, G_B: 1.000, cycle_B: 0.226, idt_B: 0.069

[Rank 0] (epoch: 297, iters: 1912, time: 0.030, data: 0.003) , D_A: 0.078, G_A: 0.461, cycle_A: 0.089, idt_A: 0.109, D_B: 0.003, G_B: 1.038, cycle_B: 0.184, idt_B: 0.072

learning rate 0.0000800 -> 0.0000800
End of epoch 297 / 500 	 Time Taken: 52 sec
[Rank 0] (epoch: 298, iters: 184, time: 0.085, data: 0.003) , D_A: 0.047, G_A: 0.730, cycle_A: 0.074, idt_A: 0.116, D_B: 0.001, G_B: 0.976, cycle_B: 0.200, idt_B: 0.056

saving the latest model (epoch 298, total_iters 380000)
[Rank 0] (epoch: 298, iters: 384, time: 0.030, data: 0.004) , D_A: 0.060, G_A: 0.698, cycle_A: 0.085, idt_A: 0.147, D_B: 0.003, G_B: 1.054, cycle_B: 0.229, idt_B: 0.070

[Rank 0] (epoch: 298, iters: 584, time: 0.030, data: 0.004) , D_A: 0.074, G_A: 1.033, cycle_A: 0.081, idt_A: 0.119, D_B: 0.001, G_B: 1.019, cycle_B: 0.225, idt_B: 0.070

[Rank 0] (epoch: 298, iters: 784, time: 0.030, data: 0.003) , D_A: 0.089, G_A: 0.424, cycle_A: 0.071, idt_A: 0.116, D_B: 0.002, G_B: 0.914, cycle_B: 0.186, idt_B: 0.056

[Rank 0] (epoch: 298, iters: 984, time: 0.029, data: 0.004) , D_A: 0.111, G_A: 0.706, cycle_A: 0.076, idt_A: 0.131, D_B: 0.001, G_B: 0.943, cycle_B: 0.207, idt_B: 0.062

[Rank 0] (epoch: 298, iters: 1184, time: 0.094, data: 0.004) , D_A: 0.112, G_A: 0.618, cycle_A: 0.066, idt_A: 0.120, D_B: 0.003, G_B: 1.051, cycle_B: 0.203, idt_B: 0.047

[Rank 0] (epoch: 298, iters: 1384, time: 0.030, data: 0.004) , D_A: 0.095, G_A: 0.472, cycle_A: 0.089, idt_A: 0.133, D_B: 0.001, G_B: 0.992, cycle_B: 0.212, idt_B: 0.072

[Rank 0] (epoch: 298, iters: 1584, time: 0.029, data: 0.003) , D_A: 0.194, G_A: 0.400, cycle_A: 0.100, idt_A: 0.429, D_B: 0.002, G_B: 1.008, cycle_B: 0.283, idt_B: 0.083

[Rank 0] (epoch: 298, iters: 1784, time: 0.029, data: 0.003) , D_A: 0.171, G_A: 0.307, cycle_A: 0.102, idt_A: 0.339, D_B: 0.005, G_B: 1.083, cycle_B: 0.260, idt_B: 0.085

learning rate 0.0000800 -> 0.0000800
End of epoch 298 / 500 	 Time Taken: 52 sec
[Rank 0] (epoch: 299, iters: 56, time: 0.100, data: 0.001) , D_A: 0.198, G_A: 0.232, cycle_A: 0.083, idt_A: 0.232, D_B: 0.010, G_B: 0.827, cycle_B: 0.276, idt_B: 0.057

[Rank 0] (epoch: 299, iters: 256, time: 0.089, data: 0.005) , D_A: 0.175, G_A: 0.292, cycle_A: 0.128, idt_A: 0.229, D_B: 0.228, G_B: 0.745, cycle_B: 0.298, idt_B: 0.079

[Rank 0] (epoch: 299, iters: 456, time: 0.031, data: 0.001) , D_A: 0.244, G_A: 0.170, cycle_A: 0.089, idt_A: 0.201, D_B: 0.241, G_B: 0.433, cycle_B: 0.285, idt_B: 0.064

[Rank 0] (epoch: 299, iters: 656, time: 0.029, data: 0.005) , D_A: 0.197, G_A: 0.345, cycle_A: 0.095, idt_A: 0.178, D_B: 0.127, G_B: 0.431, cycle_B: 0.298, idt_B: 0.083

[Rank 0] (epoch: 299, iters: 856, time: 0.030, data: 0.002) , D_A: 0.179, G_A: 0.387, cycle_A: 0.084, idt_A: 0.168, D_B: 0.153, G_B: 0.339, cycle_B: 0.264, idt_B: 0.077

[Rank 0] (epoch: 299, iters: 1056, time: 0.026, data: 0.056) , D_A: 0.264, G_A: 0.232, cycle_A: 0.112, idt_A: 0.189, D_B: 0.111, G_B: 0.557, cycle_B: 0.313, idt_B: 0.090

[Rank 0] (epoch: 299, iters: 1256, time: 0.093, data: 0.002) , D_A: 0.232, G_A: 0.267, cycle_A: 0.082, idt_A: 0.147, D_B: 0.145, G_B: 0.254, cycle_B: 0.239, idt_B: 0.071

[Rank 0] (epoch: 299, iters: 1456, time: 0.030, data: 0.003) , D_A: 0.222, G_A: 0.233, cycle_A: 0.089, idt_A: 0.142, D_B: 0.106, G_B: 0.572, cycle_B: 0.276, idt_B: 0.073

[Rank 0] (epoch: 299, iters: 1656, time: 0.030, data: 0.003) , D_A: 0.219, G_A: 0.252, cycle_A: 0.073, idt_A: 0.172, D_B: 0.213, G_B: 0.192, cycle_B: 0.257, idt_B: 0.070

[Rank 0] (epoch: 299, iters: 1856, time: 0.030, data: 0.003) , D_A: 0.243, G_A: 0.240, cycle_A: 0.079, idt_A: 0.164, D_B: 0.170, G_B: 0.535, cycle_B: 0.269, idt_B: 0.069

learning rate 0.0000800 -> 0.0000800
End of epoch 299 / 500 	 Time Taken: 53 sec
[Rank 0] (epoch: 300, iters: 128, time: 0.081, data: 0.003) , D_A: 0.209, G_A: 0.249, cycle_A: 0.084, idt_A: 0.152, D_B: 0.094, G_B: 0.381, cycle_B: 0.293, idt_B: 0.070

[Rank 0] (epoch: 300, iters: 328, time: 0.075, data: 0.005) , D_A: 0.247, G_A: 0.328, cycle_A: 0.093, idt_A: 0.170, D_B: 0.151, G_B: 0.190, cycle_B: 0.303, idt_B: 0.086

[Rank 0] (epoch: 300, iters: 528, time: 0.030, data: 0.003) , D_A: 0.220, G_A: 0.222, cycle_A: 0.096, idt_A: 0.128, D_B: 0.066, G_B: 0.733, cycle_B: 0.261, idt_B: 0.108

[Rank 0] (epoch: 300, iters: 728, time: 0.030, data: 0.002) , D_A: 0.241, G_A: 0.240, cycle_A: 0.072, idt_A: 0.141, D_B: 0.130, G_B: 0.345, cycle_B: 0.277, idt_B: 0.055

[Rank 0] (epoch: 300, iters: 928, time: 0.030, data: 0.003) , D_A: 0.207, G_A: 0.313, cycle_A: 0.085, idt_A: 0.133, D_B: 0.086, G_B: 0.555, cycle_B: 0.285, idt_B: 0.083

[Rank 0] (epoch: 300, iters: 1128, time: 0.030, data: 0.015) , D_A: 0.240, G_A: 0.245, cycle_A: 0.068, idt_A: 0.131, D_B: 0.137, G_B: 0.256, cycle_B: 0.270, idt_B: 0.067

[Rank 0] (epoch: 300, iters: 1328, time: 0.084, data: 0.003) , D_A: 0.206, G_A: 0.314, cycle_A: 0.088, idt_A: 0.160, D_B: 0.096, G_B: 0.545, cycle_B: 0.307, idt_B: 0.076

saving the latest model (epoch 300, total_iters 385000)
[Rank 0] (epoch: 300, iters: 1528, time: 0.030, data: 0.002) , D_A: 0.205, G_A: 0.324, cycle_A: 0.088, idt_A: 0.135, D_B: 0.128, G_B: 0.431, cycle_B: 0.262, idt_B: 0.079

[Rank 0] (epoch: 300, iters: 1728, time: 0.030, data: 0.003) , D_A: 0.237, G_A: 0.220, cycle_A: 0.087, idt_A: 0.166, D_B: 0.147, G_B: 0.250, cycle_B: 0.322, idt_B: 0.083

[Rank 0] (epoch: 300, iters: 1928, time: 0.024, data: 0.003) , D_A: 0.209, G_A: 0.254, cycle_A: 0.081, idt_A: 0.139, D_B: 0.202, G_B: 0.509, cycle_B: 0.335, idt_B: 0.074

learning rate 0.0000800 -> 0.0000800
saving the model at the end of epoch 300, iters 385600
End of epoch 300 / 500 	 Time Taken: 53 sec
[Rank 0] (epoch: 301, iters: 200, time: 0.077, data: 1.191) , D_A: 0.195, G_A: 0.292, cycle_A: 0.074, idt_A: 0.136, D_B: 0.176, G_B: 0.370, cycle_B: 0.259, idt_B: 0.070

[Rank 0] (epoch: 301, iters: 400, time: 0.086, data: 0.003) , D_A: 0.217, G_A: 0.282, cycle_A: 0.088, idt_A: 0.140, D_B: 0.097, G_B: 0.497, cycle_B: 0.259, idt_B: 0.077

[Rank 0] (epoch: 301, iters: 600, time: 0.030, data: 0.003) , D_A: 0.233, G_A: 0.236, cycle_A: 0.084, idt_A: 0.160, D_B: 0.102, G_B: 0.802, cycle_B: 0.293, idt_B: 0.069

[Rank 0] (epoch: 301, iters: 800, time: 0.030, data: 0.003) , D_A: 0.212, G_A: 0.298, cycle_A: 0.116, idt_A: 0.133, D_B: 0.146, G_B: 0.208, cycle_B: 0.281, idt_B: 0.112

[Rank 0] (epoch: 301, iters: 1000, time: 0.026, data: 0.065) , D_A: 0.211, G_A: 0.260, cycle_A: 0.102, idt_A: 0.153, D_B: 0.025, G_B: 0.957, cycle_B: 0.251, idt_B: 0.116

[Rank 0] (epoch: 301, iters: 1200, time: 0.030, data: 0.003) , D_A: 0.187, G_A: 0.251, cycle_A: 0.093, idt_A: 0.144, D_B: 0.013, G_B: 0.903, cycle_B: 0.264, idt_B: 0.094

[Rank 0] (epoch: 301, iters: 1400, time: 0.075, data: 0.003) , D_A: 0.197, G_A: 0.284, cycle_A: 0.094, idt_A: 0.142, D_B: 0.011, G_B: 0.938, cycle_B: 0.248, idt_B: 0.094

[Rank 0] (epoch: 301, iters: 1600, time: 0.030, data: 0.003) , D_A: 0.207, G_A: 0.252, cycle_A: 0.087, idt_A: 0.120, D_B: 0.003, G_B: 0.919, cycle_B: 0.227, idt_B: 0.080

[Rank 0] (epoch: 301, iters: 1800, time: 0.026, data: 0.061) , D_A: 0.186, G_A: 0.283, cycle_A: 0.064, idt_A: 0.123, D_B: 0.004, G_B: 0.944, cycle_B: 0.216, idt_B: 0.063

learning rate 0.0000800 -> 0.0000800
End of epoch 301 / 500 	 Time Taken: 54 sec
[Rank 0] (epoch: 302, iters: 72, time: 0.082, data: 0.003) , D_A: 0.241, G_A: 0.265, cycle_A: 0.078, idt_A: 0.147, D_B: 0.004, G_B: 0.945, cycle_B: 0.248, idt_B: 0.068

[Rank 0] (epoch: 302, iters: 272, time: 0.030, data: 0.002) , D_A: 0.197, G_A: 0.318, cycle_A: 0.085, idt_A: 0.151, D_B: 0.016, G_B: 0.938, cycle_B: 0.414, idt_B: 0.076

[Rank 0] (epoch: 302, iters: 472, time: 0.075, data: 0.007) , D_A: 0.197, G_A: 0.300, cycle_A: 0.061, idt_A: 0.142, D_B: 0.007, G_B: 0.966, cycle_B: 0.278, idt_B: 0.052

[Rank 0] (epoch: 302, iters: 672, time: 0.030, data: 0.002) , D_A: 0.187, G_A: 0.403, cycle_A: 0.093, idt_A: 0.138, D_B: 0.005, G_B: 1.078, cycle_B: 0.244, idt_B: 0.074

[Rank 0] (epoch: 302, iters: 872, time: 0.030, data: 0.005) , D_A: 0.187, G_A: 0.761, cycle_A: 0.078, idt_A: 0.127, D_B: 0.002, G_B: 0.920, cycle_B: 0.228, idt_B: 0.052

[Rank 0] (epoch: 302, iters: 1072, time: 0.030, data: 0.003) , D_A: 0.114, G_A: 0.467, cycle_A: 0.087, idt_A: 0.124, D_B: 0.002, G_B: 0.943, cycle_B: 0.239, idt_B: 0.068

[Rank 0] (epoch: 302, iters: 1272, time: 0.029, data: 0.004) , D_A: 0.220, G_A: 0.188, cycle_A: 0.098, idt_A: 0.127, D_B: 0.004, G_B: 0.861, cycle_B: 0.223, idt_B: 0.080

[Rank 0] (epoch: 302, iters: 1472, time: 0.081, data: 0.002) , D_A: 0.052, G_A: 0.861, cycle_A: 0.091, idt_A: 0.149, D_B: 0.005, G_B: 0.936, cycle_B: 0.229, idt_B: 0.071

[Rank 0] (epoch: 302, iters: 1672, time: 0.029, data: 0.005) , D_A: 0.071, G_A: 0.594, cycle_A: 0.086, idt_A: 0.141, D_B: 0.003, G_B: 0.895, cycle_B: 0.248, idt_B: 0.054

[Rank 0] (epoch: 302, iters: 1872, time: 0.030, data: 0.003) , D_A: 0.134, G_A: 0.530, cycle_A: 0.088, idt_A: 0.132, D_B: 0.002, G_B: 0.941, cycle_B: 0.227, idt_B: 0.063

learning rate 0.0000800 -> 0.0000800
End of epoch 302 / 500 	 Time Taken: 52 sec
[Rank 0] (epoch: 303, iters: 144, time: 0.099, data: 0.003) , D_A: 0.079, G_A: 0.591, cycle_A: 0.067, idt_A: 0.148, D_B: 0.004, G_B: 1.072, cycle_B: 0.267, idt_B: 0.054

[Rank 0] (epoch: 303, iters: 344, time: 0.029, data: 0.004) , D_A: 0.068, G_A: 0.416, cycle_A: 0.090, idt_A: 0.116, D_B: 0.002, G_B: 0.935, cycle_B: 0.216, idt_B: 0.068

[Rank 0] (epoch: 303, iters: 544, time: 0.087, data: 0.003) , D_A: 0.080, G_A: 0.664, cycle_A: 0.088, idt_A: 0.111, D_B: 0.002, G_B: 0.928, cycle_B: 0.193, idt_B: 0.062

saving the latest model (epoch 303, total_iters 390000)
[Rank 0] (epoch: 303, iters: 744, time: 0.030, data: 0.002) , D_A: 0.101, G_A: 0.692, cycle_A: 0.121, idt_A: 0.128, D_B: 0.002, G_B: 0.962, cycle_B: 0.232, idt_B: 0.075

[Rank 0] (epoch: 303, iters: 944, time: 0.030, data: 0.003) , D_A: 0.045, G_A: 1.040, cycle_A: 0.088, idt_A: 0.122, D_B: 0.001, G_B: 1.007, cycle_B: 0.236, idt_B: 0.068

[Rank 0] (epoch: 303, iters: 1144, time: 0.030, data: 0.004) , D_A: 0.074, G_A: 0.912, cycle_A: 0.099, idt_A: 0.122, D_B: 0.006, G_B: 0.988, cycle_B: 0.234, idt_B: 0.072

[Rank 0] (epoch: 303, iters: 1344, time: 0.029, data: 0.003) , D_A: 0.070, G_A: 0.430, cycle_A: 0.083, idt_A: 0.135, D_B: 0.005, G_B: 1.006, cycle_B: 0.250, idt_B: 0.070

[Rank 0] (epoch: 303, iters: 1544, time: 0.076, data: 0.002) , D_A: 0.050, G_A: 0.833, cycle_A: 0.094, idt_A: 0.129, D_B: 0.003, G_B: 0.987, cycle_B: 0.275, idt_B: 0.078

[Rank 0] (epoch: 303, iters: 1744, time: 0.030, data: 0.002) , D_A: 0.098, G_A: 0.349, cycle_A: 0.063, idt_A: 0.142, D_B: 0.003, G_B: 1.021, cycle_B: 0.281, idt_B: 0.054

learning rate 0.0000800 -> 0.0000800
End of epoch 303 / 500 	 Time Taken: 52 sec
[Rank 0] (epoch: 304, iters: 16, time: 0.077, data: 0.003) , D_A: 0.137, G_A: 0.419, cycle_A: 0.078, idt_A: 0.193, D_B: 0.004, G_B: 0.897, cycle_B: 0.335, idt_B: 0.061

[Rank 0] (epoch: 304, iters: 216, time: 0.030, data: 0.002) , D_A: 0.207, G_A: 0.951, cycle_A: 0.086, idt_A: 0.128, D_B: 0.003, G_B: 0.940, cycle_B: 0.237, idt_B: 0.066

[Rank 0] (epoch: 304, iters: 416, time: 0.030, data: 0.002) , D_A: 0.145, G_A: 0.884, cycle_A: 0.075, idt_A: 0.142, D_B: 0.005, G_B: 0.870, cycle_B: 0.280, idt_B: 0.059

[Rank 0] (epoch: 304, iters: 616, time: 0.082, data: 0.003) , D_A: 0.039, G_A: 0.765, cycle_A: 0.085, idt_A: 0.166, D_B: 0.004, G_B: 1.085, cycle_B: 0.277, idt_B: 0.065

[Rank 0] (epoch: 304, iters: 816, time: 0.029, data: 0.003) , D_A: 0.053, G_A: 0.420, cycle_A: 0.076, idt_A: 0.120, D_B: 0.003, G_B: 0.947, cycle_B: 0.239, idt_B: 0.061

[Rank 0] (epoch: 304, iters: 1016, time: 0.030, data: 0.003) , D_A: 0.169, G_A: 0.320, cycle_A: 0.093, idt_A: 0.138, D_B: 0.004, G_B: 0.918, cycle_B: 0.240, idt_B: 0.069

[Rank 0] (epoch: 304, iters: 1216, time: 0.030, data: 0.002) , D_A: 0.089, G_A: 0.390, cycle_A: 0.084, idt_A: 0.130, D_B: 0.002, G_B: 0.911, cycle_B: 0.232, idt_B: 0.065

[Rank 0] (epoch: 304, iters: 1416, time: 0.030, data: 0.002) , D_A: 0.072, G_A: 0.565, cycle_A: 0.070, idt_A: 0.126, D_B: 0.004, G_B: 1.068, cycle_B: 0.237, idt_B: 0.052

[Rank 0] (epoch: 304, iters: 1616, time: 0.086, data: 0.001) , D_A: 0.086, G_A: 0.894, cycle_A: 0.071, idt_A: 0.137, D_B: 0.003, G_B: 1.072, cycle_B: 0.220, idt_B: 0.059

[Rank 0] (epoch: 304, iters: 1816, time: 0.030, data: 0.003) , D_A: 0.051, G_A: 0.593, cycle_A: 0.082, idt_A: 0.126, D_B: 0.002, G_B: 0.939, cycle_B: 0.220, idt_B: 0.066

learning rate 0.0000800 -> 0.0000800
End of epoch 304 / 500 	 Time Taken: 52 sec
[Rank 0] (epoch: 305, iters: 88, time: 0.081, data: 0.003) , D_A: 0.069, G_A: 0.741, cycle_A: 0.080, idt_A: 0.136, D_B: 0.003, G_B: 0.926, cycle_B: 0.260, idt_B: 0.062

[Rank 0] (epoch: 305, iters: 288, time: 0.030, data: 0.003) , D_A: 0.081, G_A: 0.576, cycle_A: 0.100, idt_A: 0.145, D_B: 0.006, G_B: 1.114, cycle_B: 0.244, idt_B: 0.078

[Rank 0] (epoch: 305, iters: 488, time: 0.029, data: 0.004) , D_A: 0.079, G_A: 0.403, cycle_A: 0.070, idt_A: 0.131, D_B: 0.003, G_B: 1.014, cycle_B: 0.255, idt_B: 0.061

[Rank 0] (epoch: 305, iters: 688, time: 0.075, data: 0.002) , D_A: 0.043, G_A: 1.130, cycle_A: 0.074, idt_A: 0.122, D_B: 0.005, G_B: 0.901, cycle_B: 0.238, idt_B: 0.056

[Rank 0] (epoch: 305, iters: 888, time: 0.030, data: 0.002) , D_A: 0.064, G_A: 0.524, cycle_A: 0.072, idt_A: 0.131, D_B: 0.006, G_B: 1.102, cycle_B: 0.242, idt_B: 0.059

[Rank 0] (epoch: 305, iters: 1088, time: 0.030, data: 0.003) , D_A: 0.048, G_A: 0.528, cycle_A: 0.095, idt_A: 0.124, D_B: 0.004, G_B: 1.010, cycle_B: 0.240, idt_B: 0.077

[Rank 0] (epoch: 305, iters: 1288, time: 0.029, data: 0.007) , D_A: 0.036, G_A: 0.840, cycle_A: 0.082, idt_A: 0.115, D_B: 0.003, G_B: 0.935, cycle_B: 0.228, idt_B: 0.062

[Rank 0] (epoch: 305, iters: 1488, time: 0.030, data: 0.002) , D_A: 0.046, G_A: 0.748, cycle_A: 0.071, idt_A: 0.118, D_B: 0.003, G_B: 0.933, cycle_B: 0.222, idt_B: 0.055

[Rank 0] (epoch: 305, iters: 1688, time: 0.082, data: 0.002) , D_A: 0.045, G_A: 0.844, cycle_A: 0.080, idt_A: 0.109, D_B: 0.008, G_B: 1.234, cycle_B: 0.217, idt_B: 0.066

saving the latest model (epoch 305, total_iters 395000)
[Rank 0] (epoch: 305, iters: 1888, time: 0.030, data: 0.003) , D_A: 0.081, G_A: 0.467, cycle_A: 0.086, idt_A: 0.134, D_B: 0.002, G_B: 0.931, cycle_B: 0.227, idt_B: 0.069

learning rate 0.0000800 -> 0.0000800
End of epoch 305 / 500 	 Time Taken: 53 sec
[Rank 0] (epoch: 306, iters: 160, time: 0.078, data: 0.003) , D_A: 0.058, G_A: 0.903, cycle_A: 0.070, idt_A: 0.134, D_B: 0.001, G_B: 0.994, cycle_B: 0.216, idt_B: 0.052

[Rank 0] (epoch: 306, iters: 360, time: 0.030, data: 0.005) , D_A: 0.110, G_A: 0.879, cycle_A: 0.097, idt_A: 0.121, D_B: 0.001, G_B: 0.973, cycle_B: 0.210, idt_B: 0.080

[Rank 0] (epoch: 306, iters: 560, time: 0.029, data: 0.004) , D_A: 0.114, G_A: 0.489, cycle_A: 0.084, idt_A: 0.109, D_B: 0.001, G_B: 0.950, cycle_B: 0.198, idt_B: 0.066

[Rank 0] (epoch: 306, iters: 760, time: 0.076, data: 0.004) , D_A: 0.053, G_A: 0.577, cycle_A: 0.080, idt_A: 0.132, D_B: 0.001, G_B: 0.996, cycle_B: 0.234, idt_B: 0.063

[Rank 0] (epoch: 306, iters: 960, time: 0.030, data: 0.003) , D_A: 0.087, G_A: 0.429, cycle_A: 0.066, idt_A: 0.146, D_B: 0.001, G_B: 0.956, cycle_B: 0.254, idt_B: 0.049

[Rank 0] (epoch: 306, iters: 1160, time: 0.030, data: 0.004) , D_A: 0.040, G_A: 0.831, cycle_A: 0.085, idt_A: 0.115, D_B: 0.001, G_B: 0.964, cycle_B: 0.216, idt_B: 0.063

[Rank 0] (epoch: 306, iters: 1360, time: 0.030, data: 0.004) , D_A: 0.185, G_A: 0.812, cycle_A: 0.059, idt_A: 0.121, D_B: 0.001, G_B: 1.010, cycle_B: 0.219, idt_B: 0.048

[Rank 0] (epoch: 306, iters: 1560, time: 0.030, data: 0.004) , D_A: 0.057, G_A: 0.500, cycle_A: 0.076, idt_A: 0.114, D_B: 0.001, G_B: 0.960, cycle_B: 0.208, idt_B: 0.057

[Rank 0] (epoch: 306, iters: 1760, time: 0.080, data: 0.003) , D_A: 0.162, G_A: 0.392, cycle_A: 0.073, idt_A: 0.130, D_B: 0.001, G_B: 1.018, cycle_B: 0.228, idt_B: 0.060

learning rate 0.0000800 -> 0.0000800
End of epoch 306 / 500 	 Time Taken: 52 sec
[Rank 0] (epoch: 307, iters: 32, time: 0.079, data: 0.004) , D_A: 0.174, G_A: 0.861, cycle_A: 0.085, idt_A: 0.136, D_B: 0.001, G_B: 1.013, cycle_B: 0.246, idt_B: 0.063

[Rank 0] (epoch: 307, iters: 232, time: 0.030, data: 0.004) , D_A: 0.086, G_A: 0.358, cycle_A: 0.069, idt_A: 0.130, D_B: 0.001, G_B: 1.004, cycle_B: 0.229, idt_B: 0.056

[Rank 0] (epoch: 307, iters: 432, time: 0.030, data: 0.002) , D_A: 0.042, G_A: 0.785, cycle_A: 0.080, idt_A: 0.138, D_B: 0.001, G_B: 0.974, cycle_B: 0.228, idt_B: 0.061

[Rank 0] (epoch: 307, iters: 632, time: 0.030, data: 0.003) , D_A: 0.084, G_A: 0.684, cycle_A: 0.095, idt_A: 0.138, D_B: 0.001, G_B: 0.978, cycle_B: 0.235, idt_B: 0.081

[Rank 0] (epoch: 307, iters: 832, time: 0.078, data: 0.002) , D_A: 0.105, G_A: 0.351, cycle_A: 0.096, idt_A: 0.147, D_B: 0.001, G_B: 0.990, cycle_B: 0.233, idt_B: 0.079

[Rank 0] (epoch: 307, iters: 1032, time: 0.030, data: 0.003) , D_A: 0.068, G_A: 0.568, cycle_A: 0.078, idt_A: 0.155, D_B: 0.001, G_B: 1.008, cycle_B: 0.242, idt_B: 0.055

[Rank 0] (epoch: 307, iters: 1232, time: 0.030, data: 0.004) , D_A: 0.130, G_A: 0.331, cycle_A: 0.088, idt_A: 0.118, D_B: 0.001, G_B: 1.068, cycle_B: 0.210, idt_B: 0.068

[Rank 0] (epoch: 307, iters: 1432, time: 0.030, data: 0.003) , D_A: 0.204, G_A: 0.710, cycle_A: 0.079, idt_A: 0.112, D_B: 0.001, G_B: 0.959, cycle_B: 0.208, idt_B: 0.062

[Rank 0] (epoch: 307, iters: 1632, time: 0.029, data: 0.006) , D_A: 0.114, G_A: 0.610, cycle_A: 0.082, idt_A: 0.130, D_B: 0.002, G_B: 0.936, cycle_B: 0.222, idt_B: 0.063

[Rank 0] (epoch: 307, iters: 1832, time: 0.084, data: 0.003) , D_A: 0.104, G_A: 0.558, cycle_A: 0.095, idt_A: 0.140, D_B: 0.001, G_B: 1.012, cycle_B: 0.252, idt_B: 0.075

learning rate 0.0000800 -> 0.0000800
End of epoch 307 / 500 	 Time Taken: 52 sec
[Rank 0] (epoch: 308, iters: 104, time: 0.082, data: 0.003) , D_A: 0.088, G_A: 0.351, cycle_A: 0.089, idt_A: 0.123, D_B: 0.001, G_B: 0.966, cycle_B: 0.197, idt_B: 0.065

[Rank 0] (epoch: 308, iters: 304, time: 0.029, data: 0.003) , D_A: 0.099, G_A: 0.594, cycle_A: 0.065, idt_A: 0.118, D_B: 0.001, G_B: 1.006, cycle_B: 0.206, idt_B: 0.050

[Rank 0] (epoch: 308, iters: 504, time: 0.030, data: 0.002) , D_A: 0.090, G_A: 0.471, cycle_A: 0.084, idt_A: 0.106, D_B: 0.001, G_B: 0.985, cycle_B: 0.185, idt_B: 0.059

[Rank 0] (epoch: 308, iters: 704, time: 0.030, data: 0.003) , D_A: 0.068, G_A: 0.620, cycle_A: 0.107, idt_A: 0.110, D_B: 0.001, G_B: 0.986, cycle_B: 0.197, idt_B: 0.075

[Rank 0] (epoch: 308, iters: 904, time: 0.076, data: 0.004) , D_A: 0.108, G_A: 0.279, cycle_A: 0.093, idt_A: 0.136, D_B: 0.001, G_B: 1.050, cycle_B: 0.236, idt_B: 0.072

saving the latest model (epoch 308, total_iters 400000)
[Rank 0] (epoch: 308, iters: 1104, time: 0.030, data: 0.003) , D_A: 0.046, G_A: 0.527, cycle_A: 0.090, idt_A: 0.116, D_B: 0.002, G_B: 1.047, cycle_B: 0.199, idt_B: 0.076

[Rank 0] (epoch: 308, iters: 1304, time: 0.029, data: 0.005) , D_A: 0.078, G_A: 0.571, cycle_A: 0.062, idt_A: 0.104, D_B: 0.000, G_B: 1.000, cycle_B: 0.190, idt_B: 0.050

[Rank 0] (epoch: 308, iters: 1504, time: 0.030, data: 0.003) , D_A: 0.087, G_A: 0.392, cycle_A: 0.092, idt_A: 0.128, D_B: 0.001, G_B: 0.967, cycle_B: 0.228, idt_B: 0.070

[Rank 0] (epoch: 308, iters: 1704, time: 0.029, data: 0.004) , D_A: 0.065, G_A: 0.757, cycle_A: 0.078, idt_A: 0.124, D_B: 0.001, G_B: 1.004, cycle_B: 0.217, idt_B: 0.055

[Rank 0] (epoch: 308, iters: 1904, time: 0.077, data: 0.002) , D_A: 0.063, G_A: 0.620, cycle_A: 0.085, idt_A: 0.097, D_B: 0.001, G_B: 0.976, cycle_B: 0.179, idt_B: 0.070

learning rate 0.0000800 -> 0.0000800
End of epoch 308 / 500 	 Time Taken: 52 sec
[Rank 0] (epoch: 309, iters: 176, time: 0.079, data: 0.004) , D_A: 0.109, G_A: 0.638, cycle_A: 0.084, idt_A: 0.115, D_B: 0.003, G_B: 0.946, cycle_B: 0.207, idt_B: 0.065

[Rank 0] (epoch: 309, iters: 376, time: 0.030, data: 0.004) , D_A: 0.234, G_A: 0.857, cycle_A: 0.071, idt_A: 0.128, D_B: 0.001, G_B: 0.994, cycle_B: 0.201, idt_B: 0.059

[Rank 0] (epoch: 309, iters: 576, time: 0.030, data: 0.002) , D_A: 0.059, G_A: 0.600, cycle_A: 0.107, idt_A: 0.126, D_B: 0.001, G_B: 1.018, cycle_B: 0.205, idt_B: 0.083

[Rank 0] (epoch: 309, iters: 776, time: 0.029, data: 0.003) , D_A: 0.047, G_A: 0.757, cycle_A: 0.082, idt_A: 0.115, D_B: 0.001, G_B: 0.991, cycle_B: 0.217, idt_B: 0.068

[Rank 0] (epoch: 309, iters: 976, time: 0.076, data: 0.006) , D_A: 0.069, G_A: 0.618, cycle_A: 0.076, idt_A: 0.117, D_B: 0.001, G_B: 0.982, cycle_B: 0.191, idt_B: 0.068

[Rank 0] (epoch: 309, iters: 1176, time: 0.030, data: 0.002) , D_A: 0.083, G_A: 0.474, cycle_A: 0.073, idt_A: 0.139, D_B: 0.001, G_B: 0.982, cycle_B: 0.230, idt_B: 0.051

[Rank 0] (epoch: 309, iters: 1376, time: 0.030, data: 0.005) , D_A: 0.050, G_A: 1.004, cycle_A: 0.088, idt_A: 0.127, D_B: 0.001, G_B: 0.978, cycle_B: 0.210, idt_B: 0.065

[Rank 0] (epoch: 309, iters: 1576, time: 0.030, data: 0.003) , D_A: 0.070, G_A: 0.775, cycle_A: 0.116, idt_A: 0.113, D_B: 0.002, G_B: 1.047, cycle_B: 0.183, idt_B: 0.087

[Rank 0] (epoch: 309, iters: 1776, time: 0.030, data: 0.003) , D_A: 0.106, G_A: 0.621, cycle_A: 0.075, idt_A: 0.126, D_B: 0.002, G_B: 1.180, cycle_B: 0.235, idt_B: 0.058

learning rate 0.0000800 -> 0.0000800
End of epoch 309 / 500 	 Time Taken: 52 sec
[Rank 0] (epoch: 310, iters: 48, time: 0.081, data: 0.002) , D_A: 0.068, G_A: 0.574, cycle_A: 0.084, idt_A: 0.138, D_B: 0.001, G_B: 0.976, cycle_B: 0.220, idt_B: 0.070

[Rank 0] (epoch: 310, iters: 248, time: 0.030, data: 0.003) , D_A: 0.098, G_A: 0.847, cycle_A: 0.080, idt_A: 0.132, D_B: 0.001, G_B: 0.932, cycle_B: 0.233, idt_B: 0.062

[Rank 0] (epoch: 310, iters: 448, time: 0.030, data: 0.004) , D_A: 0.039, G_A: 1.018, cycle_A: 0.107, idt_A: 0.135, D_B: 0.001, G_B: 0.995, cycle_B: 0.245, idt_B: 0.083

[Rank 0] (epoch: 310, iters: 648, time: 0.029, data: 0.002) , D_A: 0.056, G_A: 0.585, cycle_A: 0.098, idt_A: 0.113, D_B: 0.003, G_B: 0.880, cycle_B: 0.222, idt_B: 0.081

[Rank 0] (epoch: 310, iters: 848, time: 0.030, data: 0.004) , D_A: 0.109, G_A: 0.728, cycle_A: 0.059, idt_A: 0.140, D_B: 0.001, G_B: 0.980, cycle_B: 0.232, idt_B: 0.047

[Rank 0] (epoch: 310, iters: 1048, time: 0.079, data: 0.003) , D_A: 0.042, G_A: 1.108, cycle_A: 0.091, idt_A: 0.130, D_B: 0.001, G_B: 0.984, cycle_B: 0.235, idt_B: 0.072

[Rank 0] (epoch: 310, iters: 1248, time: 0.030, data: 0.005) , D_A: 0.148, G_A: 0.827, cycle_A: 0.084, idt_A: 0.117, D_B: 0.002, G_B: 0.995, cycle_B: 0.209, idt_B: 0.062

[Rank 0] (epoch: 310, iters: 1448, time: 0.030, data: 0.003) , D_A: 0.092, G_A: 0.631, cycle_A: 0.062, idt_A: 0.145, D_B: 0.001, G_B: 0.996, cycle_B: 0.245, idt_B: 0.046

[Rank 0] (epoch: 310, iters: 1648, time: 0.030, data: 0.003) , D_A: 0.098, G_A: 0.705, cycle_A: 0.070, idt_A: 0.120, D_B: 0.002, G_B: 0.954, cycle_B: 0.191, idt_B: 0.050

[Rank 0] (epoch: 310, iters: 1848, time: 0.030, data: 0.004) , D_A: 0.087, G_A: 0.684, cycle_A: 0.098, idt_A: 0.105, D_B: 0.001, G_B: 0.962, cycle_B: 0.204, idt_B: 0.084

learning rate 0.0000800 -> 0.0000800
End of epoch 310 / 500 	 Time Taken: 52 sec
[Rank 0] (epoch: 311, iters: 120, time: 0.078, data: 0.004) , D_A: 0.072, G_A: 0.652, cycle_A: 0.109, idt_A: 0.134, D_B: 0.002, G_B: 0.974, cycle_B: 0.197, idt_B: 0.086

saving the latest model (epoch 311, total_iters 405000)
[Rank 0] (epoch: 311, iters: 320, time: 0.030, data: 0.004) , D_A: 0.036, G_A: 0.628, cycle_A: 0.079, idt_A: 0.106, D_B: 0.001, G_B: 1.028, cycle_B: 0.204, idt_B: 0.060

[Rank 0] (epoch: 311, iters: 520, time: 0.030, data: 0.002) , D_A: 0.070, G_A: 0.563, cycle_A: 0.075, idt_A: 0.116, D_B: 0.003, G_B: 0.985, cycle_B: 0.218, idt_B: 0.057

[Rank 0] (epoch: 311, iters: 720, time: 0.030, data: 0.003) , D_A: 0.108, G_A: 0.343, cycle_A: 0.080, idt_A: 0.119, D_B: 0.002, G_B: 0.989, cycle_B: 0.222, idt_B: 0.058

[Rank 0] (epoch: 311, iters: 920, time: 0.030, data: 0.004) , D_A: 0.053, G_A: 0.806, cycle_A: 0.089, idt_A: 0.124, D_B: 0.003, G_B: 1.051, cycle_B: 0.204, idt_B: 0.076

[Rank 0] (epoch: 311, iters: 1120, time: 0.076, data: 0.002) , D_A: 0.054, G_A: 0.594, cycle_A: 0.102, idt_A: 0.127, D_B: 0.003, G_B: 0.969, cycle_B: 0.209, idt_B: 0.077

[Rank 0] (epoch: 311, iters: 1320, time: 0.030, data: 0.004) , D_A: 0.071, G_A: 0.484, cycle_A: 0.093, idt_A: 0.117, D_B: 0.002, G_B: 0.940, cycle_B: 0.228, idt_B: 0.065

[Rank 0] (epoch: 311, iters: 1520, time: 0.030, data: 0.003) , D_A: 0.069, G_A: 0.780, cycle_A: 0.060, idt_A: 0.109, D_B: 0.001, G_B: 0.939, cycle_B: 0.224, idt_B: 0.050

[Rank 0] (epoch: 311, iters: 1720, time: 0.030, data: 0.003) , D_A: 0.052, G_A: 0.661, cycle_A: 0.093, idt_A: 0.122, D_B: 0.002, G_B: 0.962, cycle_B: 0.222, idt_B: 0.068

[Rank 0] (epoch: 311, iters: 1920, time: 0.030, data: 0.004) , D_A: 0.043, G_A: 0.630, cycle_A: 0.066, idt_A: 0.140, D_B: 0.002, G_B: 0.937, cycle_B: 0.224, idt_B: 0.045

learning rate 0.0000800 -> 0.0000800
End of epoch 311 / 500 	 Time Taken: 52 sec
[Rank 0] (epoch: 312, iters: 192, time: 0.082, data: 0.003) , D_A: 0.052, G_A: 0.476, cycle_A: 0.073, idt_A: 0.104, D_B: 0.006, G_B: 0.953, cycle_B: 0.209, idt_B: 0.051

[Rank 0] (epoch: 312, iters: 392, time: 0.030, data: 0.003) , D_A: 0.079, G_A: 0.686, cycle_A: 0.075, idt_A: 0.138, D_B: 0.004, G_B: 1.079, cycle_B: 0.300, idt_B: 0.059

[Rank 0] (epoch: 312, iters: 592, time: 0.030, data: 0.005) , D_A: 0.066, G_A: 0.382, cycle_A: 0.099, idt_A: 0.127, D_B: 0.018, G_B: 1.042, cycle_B: 0.292, idt_B: 0.076

[Rank 0] (epoch: 312, iters: 792, time: 0.030, data: 0.005) , D_A: 0.066, G_A: 0.665, cycle_A: 0.080, idt_A: 0.140, D_B: 0.003, G_B: 0.890, cycle_B: 0.309, idt_B: 0.061

[Rank 0] (epoch: 312, iters: 992, time: 0.030, data: 0.003) , D_A: 0.052, G_A: 0.671, cycle_A: 0.081, idt_A: 0.156, D_B: 0.002, G_B: 0.920, cycle_B: 0.262, idt_B: 0.067

[Rank 0] (epoch: 312, iters: 1192, time: 0.082, data: 0.004) , D_A: 0.057, G_A: 0.715, cycle_A: 0.091, idt_A: 0.153, D_B: 0.044, G_B: 0.545, cycle_B: 0.341, idt_B: 0.067

[Rank 0] (epoch: 312, iters: 1392, time: 0.030, data: 0.002) , D_A: 0.113, G_A: 0.767, cycle_A: 0.079, idt_A: 0.126, D_B: 0.069, G_B: 0.794, cycle_B: 0.304, idt_B: 0.054

[Rank 0] (epoch: 312, iters: 1592, time: 0.030, data: 0.003) , D_A: 0.069, G_A: 0.621, cycle_A: 0.076, idt_A: 0.144, D_B: 0.042, G_B: 0.624, cycle_B: 0.323, idt_B: 0.051

[Rank 0] (epoch: 312, iters: 1792, time: 0.030, data: 0.003) , D_A: 0.051, G_A: 0.910, cycle_A: 0.079, idt_A: 0.101, D_B: 0.014, G_B: 0.783, cycle_B: 0.227, idt_B: 0.062

learning rate 0.0000800 -> 0.0000800
End of epoch 312 / 500 	 Time Taken: 53 sec
[Rank 0] (epoch: 313, iters: 64, time: 0.079, data: 0.004) , D_A: 0.064, G_A: 0.545, cycle_A: 0.103, idt_A: 0.132, D_B: 0.053, G_B: 0.596, cycle_B: 0.376, idt_B: 0.082

[Rank 0] (epoch: 313, iters: 264, time: 0.078, data: 0.004) , D_A: 0.054, G_A: 0.780, cycle_A: 0.093, idt_A: 0.127, D_B: 0.141, G_B: 0.653, cycle_B: 0.309, idt_B: 0.061

[Rank 0] (epoch: 313, iters: 464, time: 0.030, data: 0.002) , D_A: 0.031, G_A: 0.997, cycle_A: 0.118, idt_A: 0.123, D_B: 0.095, G_B: 0.663, cycle_B: 0.262, idt_B: 0.095

[Rank 0] (epoch: 313, iters: 664, time: 0.029, data: 0.004) , D_A: 0.397, G_A: 1.268, cycle_A: 0.094, idt_A: 0.103, D_B: 0.105, G_B: 0.574, cycle_B: 0.239, idt_B: 0.068

[Rank 0] (epoch: 313, iters: 864, time: 0.030, data: 0.004) , D_A: 0.037, G_A: 1.095, cycle_A: 0.154, idt_A: 0.111, D_B: 0.124, G_B: 0.374, cycle_B: 0.238, idt_B: 0.119

[Rank 0] (epoch: 313, iters: 1064, time: 0.030, data: 0.002) , D_A: 0.089, G_A: 0.667, cycle_A: 0.149, idt_A: 0.114, D_B: 0.056, G_B: 0.824, cycle_B: 0.249, idt_B: 0.117

[Rank 0] (epoch: 313, iters: 1264, time: 0.090, data: 0.003) , D_A: 0.046, G_A: 0.746, cycle_A: 0.091, idt_A: 0.147, D_B: 0.030, G_B: 0.542, cycle_B: 0.256, idt_B: 0.072

saving the latest model (epoch 313, total_iters 410000)
[Rank 0] (epoch: 313, iters: 1464, time: 0.030, data: 0.003) , D_A: 0.049, G_A: 0.874, cycle_A: 0.093, idt_A: 0.146, D_B: 0.051, G_B: 0.651, cycle_B: 0.315, idt_B: 0.072

[Rank 0] (epoch: 313, iters: 1664, time: 0.029, data: 0.002) , D_A: 0.053, G_A: 0.661, cycle_A: 0.108, idt_A: 0.102, D_B: 0.072, G_B: 0.348, cycle_B: 0.226, idt_B: 0.087

[Rank 0] (epoch: 313, iters: 1864, time: 0.030, data: 0.003) , D_A: 0.070, G_A: 0.600, cycle_A: 0.097, idt_A: 0.123, D_B: 0.159, G_B: 0.569, cycle_B: 0.255, idt_B: 0.078

learning rate 0.0000800 -> 0.0000800
End of epoch 313 / 500 	 Time Taken: 52 sec
[Rank 0] (epoch: 314, iters: 136, time: 0.089, data: 0.002) , D_A: 0.106, G_A: 0.689, cycle_A: 0.084, idt_A: 0.102, D_B: 0.181, G_B: 0.733, cycle_B: 0.213, idt_B: 0.068

[Rank 0] (epoch: 314, iters: 336, time: 0.073, data: 0.004) , D_A: 0.062, G_A: 0.888, cycle_A: 0.114, idt_A: 0.134, D_B: 0.093, G_B: 0.588, cycle_B: 0.260, idt_B: 0.081

[Rank 0] (epoch: 314, iters: 536, time: 0.030, data: 0.003) , D_A: 0.076, G_A: 0.670, cycle_A: 0.106, idt_A: 0.127, D_B: 0.048, G_B: 1.120, cycle_B: 0.252, idt_B: 0.092

[Rank 0] (epoch: 314, iters: 736, time: 0.030, data: 0.003) , D_A: 0.117, G_A: 0.780, cycle_A: 0.096, idt_A: 0.117, D_B: 0.037, G_B: 0.734, cycle_B: 0.264, idt_B: 0.088

[Rank 0] (epoch: 314, iters: 936, time: 0.030, data: 0.003) , D_A: 0.114, G_A: 0.877, cycle_A: 0.087, idt_A: 0.133, D_B: 0.058, G_B: 0.766, cycle_B: 0.205, idt_B: 0.075

[Rank 0] (epoch: 314, iters: 1136, time: 0.026, data: 0.059) , D_A: 0.083, G_A: 0.440, cycle_A: 0.107, idt_A: 0.149, D_B: 0.104, G_B: 0.322, cycle_B: 0.278, idt_B: 0.084

[Rank 0] (epoch: 314, iters: 1336, time: 0.074, data: 0.002) , D_A: 0.140, G_A: 0.756, cycle_A: 0.060, idt_A: 0.104, D_B: 0.099, G_B: 0.575, cycle_B: 0.220, idt_B: 0.045

[Rank 0] (epoch: 314, iters: 1536, time: 0.030, data: 0.003) , D_A: 0.048, G_A: 0.624, cycle_A: 0.092, idt_A: 0.109, D_B: 0.082, G_B: 0.423, cycle_B: 0.218, idt_B: 0.077

[Rank 0] (epoch: 314, iters: 1736, time: 0.030, data: 0.003) , D_A: 0.063, G_A: 0.421, cycle_A: 0.105, idt_A: 0.149, D_B: 0.033, G_B: 0.636, cycle_B: 0.275, idt_B: 0.081

learning rate 0.0000800 -> 0.0000800
End of epoch 314 / 500 	 Time Taken: 54 sec
[Rank 0] (epoch: 315, iters: 8, time: 0.093, data: 0.097) , D_A: 0.058, G_A: 0.646, cycle_A: 0.079, idt_A: 0.131, D_B: 0.020, G_B: 0.965, cycle_B: 0.238, idt_B: 0.068

[Rank 0] (epoch: 315, iters: 208, time: 0.030, data: 0.004) , D_A: 0.050, G_A: 0.562, cycle_A: 0.072, idt_A: 0.144, D_B: 0.016, G_B: 0.902, cycle_B: 0.211, idt_B: 0.061

[Rank 0] (epoch: 315, iters: 408, time: 0.082, data: 0.003) , D_A: 0.073, G_A: 0.544, cycle_A: 0.091, idt_A: 0.107, D_B: 0.011, G_B: 0.962, cycle_B: 0.191, idt_B: 0.070

[Rank 0] (epoch: 315, iters: 608, time: 0.029, data: 0.004) , D_A: 0.073, G_A: 0.531, cycle_A: 0.079, idt_A: 0.142, D_B: 0.011, G_B: 0.734, cycle_B: 0.240, idt_B: 0.060

[Rank 0] (epoch: 315, iters: 808, time: 0.030, data: 0.004) , D_A: 0.274, G_A: 1.202, cycle_A: 0.094, idt_A: 0.119, D_B: 0.002, G_B: 0.949, cycle_B: 0.202, idt_B: 0.074

[Rank 0] (epoch: 315, iters: 1008, time: 0.030, data: 0.003) , D_A: 0.051, G_A: 0.524, cycle_A: 0.095, idt_A: 0.137, D_B: 0.008, G_B: 0.994, cycle_B: 0.232, idt_B: 0.079

[Rank 0] (epoch: 315, iters: 1208, time: 0.026, data: 0.004) , D_A: 0.132, G_A: 0.267, cycle_A: 0.070, idt_A: 0.134, D_B: 0.002, G_B: 0.959, cycle_B: 0.229, idt_B: 0.050

[Rank 0] (epoch: 315, iters: 1408, time: 0.070, data: 0.034) , D_A: 0.075, G_A: 0.420, cycle_A: 0.097, idt_A: 0.123, D_B: 0.005, G_B: 1.128, cycle_B: 0.179, idt_B: 0.070

[Rank 0] (epoch: 315, iters: 1608, time: 0.030, data: 0.003) , D_A: 0.094, G_A: 0.570, cycle_A: 0.100, idt_A: 0.144, D_B: 0.004, G_B: 0.848, cycle_B: 0.237, idt_B: 0.081

[Rank 0] (epoch: 315, iters: 1808, time: 0.030, data: 0.002) , D_A: 0.075, G_A: 0.943, cycle_A: 0.075, idt_A: 0.122, D_B: 0.002, G_B: 0.995, cycle_B: 0.209, idt_B: 0.053

learning rate 0.0000800 -> 0.0000800
End of epoch 315 / 500 	 Time Taken: 53 sec
[Rank 0] (epoch: 316, iters: 80, time: 0.072, data: 0.004) , D_A: 0.057, G_A: 0.585, cycle_A: 0.088, idt_A: 0.132, D_B: 0.002, G_B: 0.948, cycle_B: 0.223, idt_B: 0.065

[Rank 0] (epoch: 316, iters: 280, time: 0.030, data: 0.002) , D_A: 0.104, G_A: 0.374, cycle_A: 0.104, idt_A: 0.121, D_B: 0.004, G_B: 0.971, cycle_B: 0.218, idt_B: 0.072

[Rank 0] (epoch: 316, iters: 480, time: 0.082, data: 0.003) , D_A: 0.114, G_A: 0.390, cycle_A: 0.083, idt_A: 0.112, D_B: 0.001, G_B: 0.969, cycle_B: 0.232, idt_B: 0.065

saving the latest model (epoch 316, total_iters 415000)
[Rank 0] (epoch: 316, iters: 680, time: 0.030, data: 0.003) , D_A: 0.078, G_A: 0.723, cycle_A: 0.087, idt_A: 0.121, D_B: 0.002, G_B: 0.947, cycle_B: 0.219, idt_B: 0.065

[Rank 0] (epoch: 316, iters: 880, time: 0.030, data: 0.031) , D_A: 0.099, G_A: 0.390, cycle_A: 0.092, idt_A: 0.128, D_B: 0.002, G_B: 1.028, cycle_B: 0.250, idt_B: 0.069

[Rank 0] (epoch: 316, iters: 1080, time: 0.030, data: 0.002) , D_A: 0.071, G_A: 0.625, cycle_A: 0.060, idt_A: 0.117, D_B: 0.002, G_B: 0.934, cycle_B: 0.217, idt_B: 0.046

[Rank 0] (epoch: 316, iters: 1280, time: 0.026, data: 0.026) , D_A: 0.104, G_A: 0.306, cycle_A: 0.089, idt_A: 0.136, D_B: 0.001, G_B: 0.976, cycle_B: 0.226, idt_B: 0.068

[Rank 0] (epoch: 316, iters: 1480, time: 0.074, data: 0.002) , D_A: 0.056, G_A: 0.550, cycle_A: 0.090, idt_A: 0.115, D_B: 0.001, G_B: 0.982, cycle_B: 0.222, idt_B: 0.072

[Rank 0] (epoch: 316, iters: 1680, time: 0.030, data: 0.001) , D_A: 0.057, G_A: 0.605, cycle_A: 0.093, idt_A: 0.133, D_B: 0.002, G_B: 0.973, cycle_B: 0.220, idt_B: 0.075

[Rank 0] (epoch: 316, iters: 1880, time: 0.030, data: 0.004) , D_A: 0.037, G_A: 0.736, cycle_A: 0.090, idt_A: 0.136, D_B: 0.001, G_B: 0.984, cycle_B: 0.237, idt_B: 0.073

learning rate 0.0000800 -> 0.0000800
End of epoch 316 / 500 	 Time Taken: 53 sec
[Rank 0] (epoch: 317, iters: 152, time: 0.099, data: 0.003) , D_A: 0.080, G_A: 0.588, cycle_A: 0.070, idt_A: 0.142, D_B: 0.001, G_B: 0.961, cycle_B: 0.241, idt_B: 0.052

[Rank 0] (epoch: 317, iters: 352, time: 0.030, data: 0.003) , D_A: 0.033, G_A: 0.731, cycle_A: 0.097, idt_A: 0.108, D_B: 0.005, G_B: 0.869, cycle_B: 0.228, idt_B: 0.084

[Rank 0] (epoch: 317, iters: 552, time: 0.091, data: 0.003) , D_A: 0.069, G_A: 0.816, cycle_A: 0.075, idt_A: 0.113, D_B: 0.002, G_B: 1.045, cycle_B: 0.208, idt_B: 0.059

[Rank 0] (epoch: 317, iters: 752, time: 0.029, data: 0.002) , D_A: 0.102, G_A: 0.348, cycle_A: 0.071, idt_A: 0.125, D_B: 0.001, G_B: 0.998, cycle_B: 0.224, idt_B: 0.050

[Rank 0] (epoch: 317, iters: 952, time: 0.030, data: 0.004) , D_A: 0.079, G_A: 0.789, cycle_A: 0.079, idt_A: 0.136, D_B: 0.002, G_B: 0.937, cycle_B: 0.237, idt_B: 0.056

[Rank 0] (epoch: 317, iters: 1152, time: 0.030, data: 0.006) , D_A: 0.100, G_A: 0.349, cycle_A: 0.110, idt_A: 0.115, D_B: 0.001, G_B: 1.004, cycle_B: 0.214, idt_B: 0.080

[Rank 0] (epoch: 317, iters: 1352, time: 0.030, data: 0.003) , D_A: 0.057, G_A: 0.625, cycle_A: 0.083, idt_A: 0.119, D_B: 0.001, G_B: 0.935, cycle_B: 0.232, idt_B: 0.059

[Rank 0] (epoch: 317, iters: 1552, time: 0.073, data: 0.002) , D_A: 0.103, G_A: 0.270, cycle_A: 0.094, idt_A: 0.118, D_B: 0.001, G_B: 0.977, cycle_B: 0.216, idt_B: 0.070

[Rank 0] (epoch: 317, iters: 1752, time: 0.030, data: 0.004) , D_A: 0.083, G_A: 0.883, cycle_A: 0.100, idt_A: 0.116, D_B: 0.002, G_B: 0.938, cycle_B: 0.210, idt_B: 0.077

learning rate 0.0000800 -> 0.0000800
End of epoch 317 / 500 	 Time Taken: 52 sec
[Rank 0] (epoch: 318, iters: 24, time: 0.082, data: 0.004) , D_A: 0.150, G_A: 0.760, cycle_A: 0.076, idt_A: 0.154, D_B: 0.001, G_B: 0.981, cycle_B: 0.223, idt_B: 0.058

[Rank 0] (epoch: 318, iters: 224, time: 0.030, data: 0.003) , D_A: 0.075, G_A: 0.752, cycle_A: 0.099, idt_A: 0.114, D_B: 0.001, G_B: 1.027, cycle_B: 0.211, idt_B: 0.075

[Rank 0] (epoch: 318, iters: 424, time: 0.030, data: 0.005) , D_A: 0.077, G_A: 1.252, cycle_A: 0.097, idt_A: 0.114, D_B: 0.005, G_B: 1.180, cycle_B: 0.234, idt_B: 0.071

[Rank 0] (epoch: 318, iters: 624, time: 0.077, data: 0.004) , D_A: 0.069, G_A: 0.801, cycle_A: 0.072, idt_A: 0.152, D_B: 0.001, G_B: 0.928, cycle_B: 0.242, idt_B: 0.052

[Rank 0] (epoch: 318, iters: 824, time: 0.029, data: 0.004) , D_A: 0.104, G_A: 0.375, cycle_A: 0.083, idt_A: 0.143, D_B: 0.001, G_B: 0.978, cycle_B: 0.228, idt_B: 0.063

[Rank 0] (epoch: 318, iters: 1024, time: 0.030, data: 0.002) , D_A: 0.053, G_A: 0.666, cycle_A: 0.097, idt_A: 0.141, D_B: 0.001, G_B: 0.960, cycle_B: 0.218, idt_B: 0.066

[Rank 0] (epoch: 318, iters: 1224, time: 0.030, data: 0.004) , D_A: 0.090, G_A: 0.488, cycle_A: 0.088, idt_A: 0.139, D_B: 0.002, G_B: 1.121, cycle_B: 0.240, idt_B: 0.067

[Rank 0] (epoch: 318, iters: 1424, time: 0.030, data: 0.003) , D_A: 0.146, G_A: 0.168, cycle_A: 0.075, idt_A: 0.122, D_B: 0.004, G_B: 0.985, cycle_B: 0.240, idt_B: 0.063

[Rank 0] (epoch: 318, iters: 1624, time: 0.090, data: 0.004) , D_A: 0.101, G_A: 0.530, cycle_A: 0.085, idt_A: 0.129, D_B: 0.003, G_B: 0.995, cycle_B: 0.219, idt_B: 0.069

saving the latest model (epoch 318, total_iters 420000)
[Rank 0] (epoch: 318, iters: 1824, time: 0.030, data: 0.003) , D_A: 0.077, G_A: 0.483, cycle_A: 0.094, idt_A: 0.117, D_B: 0.001, G_B: 0.990, cycle_B: 0.205, idt_B: 0.068

learning rate 0.0000800 -> 0.0000800
End of epoch 318 / 500 	 Time Taken: 52 sec
[Rank 0] (epoch: 319, iters: 96, time: 0.080, data: 0.003) , D_A: 0.083, G_A: 0.358, cycle_A: 0.090, idt_A: 0.133, D_B: 0.001, G_B: 0.981, cycle_B: 0.244, idt_B: 0.058

[Rank 0] (epoch: 319, iters: 296, time: 0.029, data: 0.005) , D_A: 0.072, G_A: 0.542, cycle_A: 0.082, idt_A: 0.151, D_B: 0.001, G_B: 0.976, cycle_B: 0.211, idt_B: 0.063

[Rank 0] (epoch: 319, iters: 496, time: 0.030, data: 0.003) , D_A: 0.078, G_A: 0.458, cycle_A: 0.089, idt_A: 0.114, D_B: 0.001, G_B: 0.966, cycle_B: 0.216, idt_B: 0.053

[Rank 0] (epoch: 319, iters: 696, time: 0.075, data: 0.003) , D_A: 0.073, G_A: 0.704, cycle_A: 0.075, idt_A: 0.179, D_B: 0.002, G_B: 0.974, cycle_B: 0.258, idt_B: 0.059

[Rank 0] (epoch: 319, iters: 896, time: 0.030, data: 0.003) , D_A: 0.078, G_A: 0.825, cycle_A: 0.089, idt_A: 0.114, D_B: 0.001, G_B: 0.977, cycle_B: 0.215, idt_B: 0.070

[Rank 0] (epoch: 319, iters: 1096, time: 0.030, data: 0.003) , D_A: 0.066, G_A: 0.537, cycle_A: 0.084, idt_A: 0.127, D_B: 0.002, G_B: 1.055, cycle_B: 0.222, idt_B: 0.065

[Rank 0] (epoch: 319, iters: 1296, time: 0.030, data: 0.003) , D_A: 0.177, G_A: 1.122, cycle_A: 0.107, idt_A: 0.126, D_B: 0.002, G_B: 0.994, cycle_B: 0.221, idt_B: 0.073

[Rank 0] (epoch: 319, iters: 1496, time: 0.030, data: 0.003) , D_A: 0.055, G_A: 0.810, cycle_A: 0.090, idt_A: 0.127, D_B: 0.002, G_B: 0.918, cycle_B: 0.192, idt_B: 0.070

[Rank 0] (epoch: 319, iters: 1696, time: 0.083, data: 0.002) , D_A: 0.094, G_A: 0.486, cycle_A: 0.070, idt_A: 0.136, D_B: 0.001, G_B: 0.990, cycle_B: 0.228, idt_B: 0.057

[Rank 0] (epoch: 319, iters: 1896, time: 0.029, data: 0.003) , D_A: 0.060, G_A: 0.570, cycle_A: 0.084, idt_A: 0.119, D_B: 0.001, G_B: 0.966, cycle_B: 0.211, idt_B: 0.068

learning rate 0.0000800 -> 0.0000800
End of epoch 319 / 500 	 Time Taken: 52 sec
[Rank 0] (epoch: 320, iters: 168, time: 0.077, data: 0.001) , D_A: 0.047, G_A: 0.785, cycle_A: 0.090, idt_A: 0.109, D_B: 0.001, G_B: 1.013, cycle_B: 0.204, idt_B: 0.068

[Rank 0] (epoch: 320, iters: 368, time: 0.030, data: 0.003) , D_A: 0.057, G_A: 0.713, cycle_A: 0.088, idt_A: 0.107, D_B: 0.005, G_B: 1.255, cycle_B: 0.214, idt_B: 0.077

[Rank 0] (epoch: 320, iters: 568, time: 0.030, data: 0.003) , D_A: 0.058, G_A: 0.578, cycle_A: 0.068, idt_A: 0.148, D_B: 0.002, G_B: 0.915, cycle_B: 0.242, idt_B: 0.054

[Rank 0] (epoch: 320, iters: 768, time: 0.080, data: 0.004) , D_A: 0.061, G_A: 0.718, cycle_A: 0.096, idt_A: 0.137, D_B: 0.001, G_B: 0.972, cycle_B: 0.233, idt_B: 0.070

[Rank 0] (epoch: 320, iters: 968, time: 0.030, data: 0.002) , D_A: 0.108, G_A: 0.340, cycle_A: 0.072, idt_A: 0.117, D_B: 0.001, G_B: 0.987, cycle_B: 0.187, idt_B: 0.057

[Rank 0] (epoch: 320, iters: 1168, time: 0.030, data: 0.008) , D_A: 0.075, G_A: 0.457, cycle_A: 0.090, idt_A: 0.108, D_B: 0.001, G_B: 0.985, cycle_B: 0.199, idt_B: 0.068

[Rank 0] (epoch: 320, iters: 1368, time: 0.030, data: 0.003) , D_A: 0.050, G_A: 0.680, cycle_A: 0.077, idt_A: 0.123, D_B: 0.000, G_B: 0.993, cycle_B: 0.216, idt_B: 0.058

[Rank 0] (epoch: 320, iters: 1568, time: 0.030, data: 0.004) , D_A: 0.080, G_A: 1.184, cycle_A: 0.099, idt_A: 0.110, D_B: 0.001, G_B: 0.968, cycle_B: 0.199, idt_B: 0.074

[Rank 0] (epoch: 320, iters: 1768, time: 0.089, data: 0.004) , D_A: 0.091, G_A: 0.594, cycle_A: 0.087, idt_A: 0.115, D_B: 0.001, G_B: 0.981, cycle_B: 0.201, idt_B: 0.069

learning rate 0.0000800 -> 0.0000800
saving the model at the end of epoch 320, iters 424160
End of epoch 320 / 500 	 Time Taken: 53 sec
[Rank 0] (epoch: 321, iters: 40, time: 0.077, data: 0.003) , D_A: 0.100, G_A: 0.559, cycle_A: 0.084, idt_A: 0.116, D_B: 0.001, G_B: 0.994, cycle_B: 0.238, idt_B: 0.070

[Rank 0] (epoch: 321, iters: 240, time: 0.030, data: 0.002) , D_A: 0.067, G_A: 0.702, cycle_A: 0.094, idt_A: 0.126, D_B: 0.001, G_B: 0.989, cycle_B: 0.211, idt_B: 0.067

[Rank 0] (epoch: 321, iters: 440, time: 0.030, data: 0.002) , D_A: 0.132, G_A: 0.364, cycle_A: 0.086, idt_A: 0.126, D_B: 0.001, G_B: 1.007, cycle_B: 0.235, idt_B: 0.069

[Rank 0] (epoch: 321, iters: 640, time: 0.029, data: 0.004) , D_A: 0.083, G_A: 0.378, cycle_A: 0.100, idt_A: 0.132, D_B: 0.001, G_B: 1.013, cycle_B: 0.233, idt_B: 0.078

[Rank 0] (epoch: 321, iters: 840, time: 0.080, data: 0.002) , D_A: 0.065, G_A: 0.510, cycle_A: 0.080, idt_A: 0.117, D_B: 0.002, G_B: 1.020, cycle_B: 0.208, idt_B: 0.061

saving the latest model (epoch 321, total_iters 425000)
[Rank 0] (epoch: 321, iters: 1040, time: 0.030, data: 0.003) , D_A: 0.035, G_A: 0.773, cycle_A: 0.072, idt_A: 0.135, D_B: 0.001, G_B: 0.990, cycle_B: 0.247, idt_B: 0.063

[Rank 0] (epoch: 321, iters: 1240, time: 0.030, data: 0.003) , D_A: 0.122, G_A: 0.857, cycle_A: 0.084, idt_A: 0.118, D_B: 0.002, G_B: 0.995, cycle_B: 0.198, idt_B: 0.067

[Rank 0] (epoch: 321, iters: 1440, time: 0.030, data: 0.003) , D_A: 0.096, G_A: 0.618, cycle_A: 0.054, idt_A: 0.147, D_B: 0.001, G_B: 0.971, cycle_B: 0.236, idt_B: 0.044

[Rank 0] (epoch: 321, iters: 1640, time: 0.029, data: 0.006) , D_A: 0.054, G_A: 0.768, cycle_A: 0.083, idt_A: 0.114, D_B: 0.001, G_B: 0.976, cycle_B: 0.199, idt_B: 0.066

[Rank 0] (epoch: 321, iters: 1840, time: 0.086, data: 0.006) , D_A: 0.057, G_A: 0.638, cycle_A: 0.068, idt_A: 0.106, D_B: 0.002, G_B: 1.007, cycle_B: 0.194, idt_B: 0.051

learning rate 0.0000800 -> 0.0000800
End of epoch 321 / 500 	 Time Taken: 52 sec
[Rank 0] (epoch: 322, iters: 112, time: 0.080, data: 0.004) , D_A: 0.107, G_A: 0.435, cycle_A: 0.085, idt_A: 0.105, D_B: 0.002, G_B: 0.957, cycle_B: 0.182, idt_B: 0.065

[Rank 0] (epoch: 322, iters: 312, time: 0.030, data: 0.002) , D_A: 0.066, G_A: 0.657, cycle_A: 0.072, idt_A: 0.156, D_B: 0.002, G_B: 0.922, cycle_B: 0.243, idt_B: 0.052

[Rank 0] (epoch: 322, iters: 512, time: 0.030, data: 0.003) , D_A: 0.092, G_A: 0.817, cycle_A: 0.105, idt_A: 0.117, D_B: 0.002, G_B: 0.939, cycle_B: 0.233, idt_B: 0.081

[Rank 0] (epoch: 322, iters: 712, time: 0.030, data: 0.004) , D_A: 0.138, G_A: 0.852, cycle_A: 0.080, idt_A: 0.113, D_B: 0.002, G_B: 0.949, cycle_B: 0.218, idt_B: 0.057

[Rank 0] (epoch: 322, iters: 912, time: 0.087, data: 0.003) , D_A: 0.072, G_A: 0.483, cycle_A: 0.087, idt_A: 0.132, D_B: 0.008, G_B: 0.983, cycle_B: 0.240, idt_B: 0.066

[Rank 0] (epoch: 322, iters: 1112, time: 0.030, data: 0.002) , D_A: 0.095, G_A: 0.547, cycle_A: 0.092, idt_A: 0.148, D_B: 0.001, G_B: 0.990, cycle_B: 0.237, idt_B: 0.065

[Rank 0] (epoch: 322, iters: 1312, time: 0.030, data: 0.004) , D_A: 0.079, G_A: 0.502, cycle_A: 0.075, idt_A: 0.131, D_B: 0.001, G_B: 1.017, cycle_B: 0.256, idt_B: 0.060

[Rank 0] (epoch: 322, iters: 1512, time: 0.030, data: 0.007) , D_A: 0.081, G_A: 0.575, cycle_A: 0.108, idt_A: 0.125, D_B: 0.001, G_B: 0.974, cycle_B: 0.231, idt_B: 0.081

[Rank 0] (epoch: 322, iters: 1712, time: 0.030, data: 0.004) , D_A: 0.091, G_A: 0.442, cycle_A: 0.112, idt_A: 0.112, D_B: 0.003, G_B: 0.999, cycle_B: 0.201, idt_B: 0.089

[Rank 0] (epoch: 322, iters: 1912, time: 0.075, data: 0.004) , D_A: 0.055, G_A: 0.549, cycle_A: 0.083, idt_A: 0.128, D_B: 0.011, G_B: 1.331, cycle_B: 0.227, idt_B: 0.060

learning rate 0.0000800 -> 0.0000800
End of epoch 322 / 500 	 Time Taken: 52 sec
[Rank 0] (epoch: 323, iters: 184, time: 0.087, data: 0.003) , D_A: 0.059, G_A: 0.506, cycle_A: 0.091, idt_A: 0.152, D_B: 0.004, G_B: 0.858, cycle_B: 0.247, idt_B: 0.074

[Rank 0] (epoch: 323, iters: 384, time: 0.030, data: 0.004) , D_A: 0.094, G_A: 0.387, cycle_A: 0.075, idt_A: 0.112, D_B: 0.002, G_B: 0.925, cycle_B: 0.196, idt_B: 0.055

[Rank 0] (epoch: 323, iters: 584, time: 0.030, data: 0.004) , D_A: 0.057, G_A: 0.500, cycle_A: 0.065, idt_A: 0.131, D_B: 0.001, G_B: 0.979, cycle_B: 0.229, idt_B: 0.049

[Rank 0] (epoch: 323, iters: 784, time: 0.030, data: 0.003) , D_A: 0.067, G_A: 0.514, cycle_A: 0.094, idt_A: 0.108, D_B: 0.003, G_B: 1.073, cycle_B: 0.195, idt_B: 0.076

[Rank 0] (epoch: 323, iters: 984, time: 0.093, data: 0.003) , D_A: 0.078, G_A: 0.445, cycle_A: 0.097, idt_A: 0.145, D_B: 0.001, G_B: 0.968, cycle_B: 0.203, idt_B: 0.075

[Rank 0] (epoch: 323, iters: 1184, time: 0.030, data: 0.002) , D_A: 0.061, G_A: 0.517, cycle_A: 0.079, idt_A: 0.112, D_B: 0.008, G_B: 0.899, cycle_B: 0.192, idt_B: 0.060

[Rank 0] (epoch: 323, iters: 1384, time: 0.030, data: 0.004) , D_A: 0.048, G_A: 0.583, cycle_A: 0.109, idt_A: 0.122, D_B: 0.002, G_B: 1.119, cycle_B: 0.234, idt_B: 0.075

[Rank 0] (epoch: 323, iters: 1584, time: 0.030, data: 0.003) , D_A: 0.093, G_A: 0.415, cycle_A: 0.082, idt_A: 0.104, D_B: 0.001, G_B: 0.995, cycle_B: 0.178, idt_B: 0.059

[Rank 0] (epoch: 323, iters: 1784, time: 0.030, data: 0.003) , D_A: 0.059, G_A: 0.543, cycle_A: 0.094, idt_A: 0.105, D_B: 0.004, G_B: 0.919, cycle_B: 0.186, idt_B: 0.077

learning rate 0.0000800 -> 0.0000800
End of epoch 323 / 500 	 Time Taken: 52 sec
[Rank 0] (epoch: 324, iters: 56, time: 0.082, data: 0.002) , D_A: 0.096, G_A: 0.314, cycle_A: 0.076, idt_A: 0.127, D_B: 0.002, G_B: 0.916, cycle_B: 0.216, idt_B: 0.057

saving the latest model (epoch 324, total_iters 430000)
[Rank 0] (epoch: 324, iters: 256, time: 0.030, data: 0.003) , D_A: 0.112, G_A: 0.768, cycle_A: 0.105, idt_A: 0.122, D_B: 0.001, G_B: 1.007, cycle_B: 0.220, idt_B: 0.088

[Rank 0] (epoch: 324, iters: 456, time: 0.030, data: 0.003) , D_A: 0.090, G_A: 0.472, cycle_A: 0.097, idt_A: 0.110, D_B: 0.001, G_B: 0.979, cycle_B: 0.209, idt_B: 0.074

[Rank 0] (epoch: 324, iters: 656, time: 0.030, data: 0.004) , D_A: 0.064, G_A: 0.549, cycle_A: 0.068, idt_A: 0.106, D_B: 0.006, G_B: 1.027, cycle_B: 0.197, idt_B: 0.054

[Rank 0] (epoch: 324, iters: 856, time: 0.030, data: 0.003) , D_A: 0.095, G_A: 0.479, cycle_A: 0.090, idt_A: 0.105, D_B: 0.001, G_B: 0.977, cycle_B: 0.204, idt_B: 0.070

[Rank 0] (epoch: 324, iters: 1056, time: 0.080, data: 0.004) , D_A: 0.034, G_A: 0.753, cycle_A: 0.099, idt_A: 0.120, D_B: 0.002, G_B: 1.006, cycle_B: 0.222, idt_B: 0.080

[Rank 0] (epoch: 324, iters: 1256, time: 0.030, data: 0.003) , D_A: 0.058, G_A: 0.856, cycle_A: 0.064, idt_A: 0.135, D_B: 0.001, G_B: 0.967, cycle_B: 0.217, idt_B: 0.050

[Rank 0] (epoch: 324, iters: 1456, time: 0.030, data: 0.003) , D_A: 4.103, G_A: 3.134, cycle_A: 0.317, idt_A: 0.193, D_B: 0.002, G_B: 0.979, cycle_B: 0.253, idt_B: 0.077

[Rank 0] (epoch: 324, iters: 1656, time: 0.030, data: 0.004) , D_A: 0.153, G_A: 0.357, cycle_A: 0.136, idt_A: 0.281, D_B: 0.007, G_B: 0.899, cycle_B: 0.304, idt_B: 0.103

[Rank 0] (epoch: 324, iters: 1856, time: 0.030, data: 0.004) , D_A: 0.129, G_A: 0.449, cycle_A: 0.071, idt_A: 0.228, D_B: 0.010, G_B: 0.720, cycle_B: 0.280, idt_B: 0.061

learning rate 0.0000800 -> 0.0000800
End of epoch 324 / 500 	 Time Taken: 52 sec
[Rank 0] (epoch: 325, iters: 128, time: 0.083, data: 0.003) , D_A: 0.135, G_A: 0.410, cycle_A: 0.089, idt_A: 0.188, D_B: 0.024, G_B: 0.778, cycle_B: 0.328, idt_B: 0.083

[Rank 0] (epoch: 325, iters: 328, time: 0.030, data: 0.002) , D_A: 0.172, G_A: 0.379, cycle_A: 0.078, idt_A: 0.194, D_B: 0.170, G_B: 0.217, cycle_B: 0.365, idt_B: 0.063

[Rank 0] (epoch: 325, iters: 528, time: 0.030, data: 0.003) , D_A: 0.197, G_A: 0.277, cycle_A: 0.111, idt_A: 0.168, D_B: 0.009, G_B: 0.806, cycle_B: 0.270, idt_B: 0.103

[Rank 0] (epoch: 325, iters: 728, time: 0.030, data: 0.003) , D_A: 0.191, G_A: 0.330, cycle_A: 0.103, idt_A: 0.180, D_B: 0.137, G_B: 1.369, cycle_B: 0.317, idt_B: 0.094

[Rank 0] (epoch: 325, iters: 928, time: 0.030, data: 0.005) , D_A: 0.181, G_A: 0.335, cycle_A: 0.078, idt_A: 0.155, D_B: 0.010, G_B: 0.829, cycle_B: 0.260, idt_B: 0.069

[Rank 0] (epoch: 325, iters: 1128, time: 0.087, data: 0.004) , D_A: 0.266, G_A: 0.160, cycle_A: 0.111, idt_A: 0.174, D_B: 0.054, G_B: 1.028, cycle_B: 0.348, idt_B: 0.079

[Rank 0] (epoch: 325, iters: 1328, time: 0.029, data: 0.003) , D_A: 0.201, G_A: 0.294, cycle_A: 0.127, idt_A: 0.162, D_B: 0.158, G_B: 0.345, cycle_B: 0.316, idt_B: 0.144

[Rank 0] (epoch: 325, iters: 1528, time: 0.030, data: 0.003) , D_A: 0.170, G_A: 0.295, cycle_A: 0.083, idt_A: 0.143, D_B: 0.114, G_B: 0.512, cycle_B: 0.256, idt_B: 0.071

[Rank 0] (epoch: 325, iters: 1728, time: 0.030, data: 0.004) , D_A: 0.229, G_A: 0.280, cycle_A: 0.073, idt_A: 0.158, D_B: 0.059, G_B: 0.723, cycle_B: 0.290, idt_B: 0.074

[Rank 0] (epoch: 325, iters: 1928, time: 0.024, data: 0.004) , D_A: 0.198, G_A: 0.292, cycle_A: 0.069, idt_A: 0.149, D_B: 0.136, G_B: 0.290, cycle_B: 0.251, idt_B: 0.055

learning rate 0.0000800 -> 0.0000800
End of epoch 325 / 500 	 Time Taken: 52 sec
[Rank 0] (epoch: 326, iters: 200, time: 0.086, data: 1.172) , D_A: 0.238, G_A: 0.256, cycle_A: 0.107, idt_A: 0.150, D_B: 0.128, G_B: 0.518, cycle_B: 0.259, idt_B: 0.082

[Rank 0] (epoch: 326, iters: 400, time: 0.030, data: 0.002) , D_A: 0.208, G_A: 0.278, cycle_A: 0.081, idt_A: 0.143, D_B: 0.164, G_B: 0.591, cycle_B: 0.295, idt_B: 0.075

[Rank 0] (epoch: 326, iters: 600, time: 0.030, data: 0.003) , D_A: 0.156, G_A: 0.329, cycle_A: 0.086, idt_A: 0.131, D_B: 0.042, G_B: 0.678, cycle_B: 0.239, idt_B: 0.071

[Rank 0] (epoch: 326, iters: 800, time: 0.030, data: 0.002) , D_A: 0.193, G_A: 0.217, cycle_A: 0.072, idt_A: 0.161, D_B: 0.019, G_B: 0.756, cycle_B: 0.288, idt_B: 0.063

[Rank 0] (epoch: 326, iters: 1000, time: 0.026, data: 0.123) , D_A: 0.192, G_A: 0.280, cycle_A: 0.076, idt_A: 0.179, D_B: 0.039, G_B: 1.620, cycle_B: 0.325, idt_B: 0.070

[Rank 0] (epoch: 326, iters: 1200, time: 0.076, data: 0.002) , D_A: 0.174, G_A: 0.295, cycle_A: 0.091, idt_A: 0.157, D_B: 0.010, G_B: 0.850, cycle_B: 0.263, idt_B: 0.088

saving the latest model (epoch 326, total_iters 435000)
[Rank 0] (epoch: 326, iters: 1400, time: 0.030, data: 0.001) , D_A: 0.227, G_A: 0.310, cycle_A: 0.077, idt_A: 0.145, D_B: 0.003, G_B: 0.947, cycle_B: 0.248, idt_B: 0.068

[Rank 0] (epoch: 326, iters: 1600, time: 0.030, data: 0.002) , D_A: 0.172, G_A: 0.288, cycle_A: 0.078, idt_A: 0.141, D_B: 0.004, G_B: 0.896, cycle_B: 0.239, idt_B: 0.062

[Rank 0] (epoch: 326, iters: 1800, time: 0.026, data: 0.073) , D_A: 0.190, G_A: 0.329, cycle_A: 0.079, idt_A: 0.167, D_B: 0.003, G_B: 0.895, cycle_B: 0.280, idt_B: 0.064

learning rate 0.0000800 -> 0.0000800
End of epoch 326 / 500 	 Time Taken: 55 sec
[Rank 0] (epoch: 327, iters: 72, time: 0.131, data: 0.002) , D_A: 0.203, G_A: 0.287, cycle_A: 0.089, idt_A: 0.130, D_B: 0.004, G_B: 0.931, cycle_B: 0.199, idt_B: 0.074

[Rank 0] (epoch: 327, iters: 272, time: 0.109, data: 0.005) , D_A: 0.237, G_A: 0.423, cycle_A: 0.092, idt_A: 0.155, D_B: 0.004, G_B: 1.132, cycle_B: 0.254, idt_B: 0.076

[Rank 0] (epoch: 327, iters: 472, time: 0.030, data: 0.003) , D_A: 0.161, G_A: 0.362, cycle_A: 0.091, idt_A: 0.131, D_B: 0.018, G_B: 0.650, cycle_B: 0.217, idt_B: 0.075

[Rank 0] (epoch: 327, iters: 672, time: 0.030, data: 0.003) , D_A: 0.153, G_A: 0.359, cycle_A: 0.085, idt_A: 0.126, D_B: 0.004, G_B: 0.966, cycle_B: 0.244, idt_B: 0.067

[Rank 0] (epoch: 327, iters: 872, time: 0.030, data: 0.002) , D_A: 0.216, G_A: 0.758, cycle_A: 0.070, idt_A: 0.129, D_B: 0.002, G_B: 0.954, cycle_B: 0.235, idt_B: 0.058

[Rank 0] (epoch: 327, iters: 1072, time: 0.029, data: 0.005) , D_A: 0.096, G_A: 0.636, cycle_A: 0.084, idt_A: 0.133, D_B: 0.003, G_B: 0.885, cycle_B: 0.218, idt_B: 0.065

[Rank 0] (epoch: 327, iters: 1272, time: 0.095, data: 0.002) , D_A: 0.167, G_A: 0.336, cycle_A: 0.108, idt_A: 0.113, D_B: 0.002, G_B: 0.938, cycle_B: 0.201, idt_B: 0.089

[Rank 0] (epoch: 327, iters: 1472, time: 0.029, data: 0.002) , D_A: 0.132, G_A: 0.404, cycle_A: 0.078, idt_A: 0.144, D_B: 0.001, G_B: 0.993, cycle_B: 0.217, idt_B: 0.063

[Rank 0] (epoch: 327, iters: 1672, time: 0.030, data: 0.006) , D_A: 0.166, G_A: 0.389, cycle_A: 0.088, idt_A: 0.122, D_B: 0.001, G_B: 0.955, cycle_B: 0.194, idt_B: 0.065

[Rank 0] (epoch: 327, iters: 1872, time: 0.030, data: 0.002) , D_A: 0.171, G_A: 0.326, cycle_A: 0.097, idt_A: 0.144, D_B: 0.001, G_B: 0.995, cycle_B: 0.239, idt_B: 0.080

learning rate 0.0000800 -> 0.0000800
End of epoch 327 / 500 	 Time Taken: 55 sec
[Rank 0] (epoch: 328, iters: 144, time: 0.079, data: 0.003) , D_A: 0.119, G_A: 0.407, cycle_A: 0.075, idt_A: 0.129, D_B: 0.001, G_B: 0.971, cycle_B: 0.203, idt_B: 0.053

[Rank 0] (epoch: 328, iters: 344, time: 0.099, data: 0.001) , D_A: 0.171, G_A: 0.371, cycle_A: 0.071, idt_A: 0.137, D_B: 0.001, G_B: 0.994, cycle_B: 0.237, idt_B: 0.056

[Rank 0] (epoch: 328, iters: 544, time: 0.029, data: 0.004) , D_A: 0.142, G_A: 0.272, cycle_A: 0.075, idt_A: 0.118, D_B: 0.001, G_B: 0.975, cycle_B: 0.204, idt_B: 0.067

[Rank 0] (epoch: 328, iters: 744, time: 0.030, data: 0.002) , D_A: 0.112, G_A: 0.409, cycle_A: 0.086, idt_A: 0.141, D_B: 0.001, G_B: 0.940, cycle_B: 0.238, idt_B: 0.070

[Rank 0] (epoch: 328, iters: 944, time: 0.030, data: 0.002) , D_A: 0.072, G_A: 0.507, cycle_A: 0.091, idt_A: 0.129, D_B: 0.001, G_B: 0.971, cycle_B: 0.200, idt_B: 0.072

[Rank 0] (epoch: 328, iters: 1144, time: 0.030, data: 0.002) , D_A: 0.193, G_A: 0.248, cycle_A: 0.071, idt_A: 0.129, D_B: 0.001, G_B: 0.957, cycle_B: 0.213, idt_B: 0.053

[Rank 0] (epoch: 328, iters: 1344, time: 0.101, data: 0.005) , D_A: 0.112, G_A: 0.394, cycle_A: 0.093, idt_A: 0.119, D_B: 0.003, G_B: 0.996, cycle_B: 0.218, idt_B: 0.074

[Rank 0] (epoch: 328, iters: 1544, time: 0.029, data: 0.003) , D_A: 0.094, G_A: 0.420, cycle_A: 0.086, idt_A: 0.135, D_B: 0.014, G_B: 0.851, cycle_B: 0.227, idt_B: 0.062

[Rank 0] (epoch: 328, iters: 1744, time: 0.030, data: 0.003) , D_A: 0.125, G_A: 0.471, cycle_A: 0.082, idt_A: 0.139, D_B: 0.005, G_B: 0.962, cycle_B: 0.220, idt_B: 0.068

learning rate 0.0000800 -> 0.0000800
End of epoch 328 / 500 	 Time Taken: 53 sec
[Rank 0] (epoch: 329, iters: 16, time: 0.106, data: 0.006) , D_A: 0.107, G_A: 0.357, cycle_A: 0.093, idt_A: 0.124, D_B: 0.003, G_B: 0.949, cycle_B: 0.237, idt_B: 0.076

[Rank 0] (epoch: 329, iters: 216, time: 0.030, data: 0.002) , D_A: 0.074, G_A: 0.512, cycle_A: 0.074, idt_A: 0.114, D_B: 0.103, G_B: 0.406, cycle_B: 0.222, idt_B: 0.051

[Rank 0] (epoch: 329, iters: 416, time: 0.114, data: 0.004) , D_A: 0.063, G_A: 0.650, cycle_A: 0.111, idt_A: 0.120, D_B: 0.264, G_B: 1.175, cycle_B: 0.247, idt_B: 0.088

saving the latest model (epoch 329, total_iters 440000)
[Rank 0] (epoch: 329, iters: 616, time: 0.026, data: 0.003) , D_A: 0.120, G_A: 0.461, cycle_A: 0.117, idt_A: 0.151, D_B: 0.116, G_B: 0.709, cycle_B: 0.301, idt_B: 0.089

[Rank 0] (epoch: 329, iters: 816, time: 0.030, data: 0.006) , D_A: 0.057, G_A: 0.603, cycle_A: 0.104, idt_A: 0.120, D_B: 0.077, G_B: 0.212, cycle_B: 0.231, idt_B: 0.078

[Rank 0] (epoch: 329, iters: 1016, time: 0.029, data: 0.003) , D_A: 0.059, G_A: 0.510, cycle_A: 0.095, idt_A: 0.119, D_B: 0.030, G_B: 0.741, cycle_B: 0.255, idt_B: 0.068

[Rank 0] (epoch: 329, iters: 1216, time: 0.030, data: 0.002) , D_A: 0.115, G_A: 0.599, cycle_A: 0.105, idt_A: 0.122, D_B: 0.025, G_B: 0.985, cycle_B: 0.236, idt_B: 0.084

[Rank 0] (epoch: 329, iters: 1416, time: 0.099, data: 0.004) , D_A: 0.092, G_A: 0.547, cycle_A: 0.106, idt_A: 0.172, D_B: 0.017, G_B: 0.951, cycle_B: 0.279, idt_B: 0.082

[Rank 0] (epoch: 329, iters: 1616, time: 0.030, data: 0.003) , D_A: 0.164, G_A: 0.790, cycle_A: 0.080, idt_A: 0.131, D_B: 0.111, G_B: 0.490, cycle_B: 0.227, idt_B: 0.063

[Rank 0] (epoch: 329, iters: 1816, time: 0.029, data: 0.006) , D_A: 0.172, G_A: 0.374, cycle_A: 0.075, idt_A: 0.143, D_B: 0.050, G_B: 0.580, cycle_B: 0.274, idt_B: 0.058

learning rate 0.0000800 -> 0.0000800
End of epoch 329 / 500 	 Time Taken: 54 sec
[Rank 0] (epoch: 330, iters: 88, time: 0.102, data: 0.003) , D_A: 0.070, G_A: 0.539, cycle_A: 0.093, idt_A: 0.136, D_B: 0.087, G_B: 1.381, cycle_B: 0.285, idt_B: 0.071

[Rank 0] (epoch: 330, iters: 288, time: 0.030, data: 0.002) , D_A: 0.099, G_A: 0.861, cycle_A: 0.096, idt_A: 0.125, D_B: 0.060, G_B: 0.559, cycle_B: 0.228, idt_B: 0.069

[Rank 0] (epoch: 330, iters: 488, time: 0.105, data: 0.104) , D_A: 0.131, G_A: 0.384, cycle_A: 0.108, idt_A: 0.103, D_B: 0.025, G_B: 0.620, cycle_B: 0.198, idt_B: 0.084

[Rank 0] (epoch: 330, iters: 688, time: 0.029, data: 0.003) , D_A: 0.102, G_A: 0.344, cycle_A: 0.076, idt_A: 0.127, D_B: 0.011, G_B: 1.108, cycle_B: 0.240, idt_B: 0.056

[Rank 0] (epoch: 330, iters: 888, time: 0.027, data: 0.003) , D_A: 0.177, G_A: 0.228, cycle_A: 0.094, idt_A: 0.136, D_B: 0.024, G_B: 0.846, cycle_B: 0.231, idt_B: 0.071

[Rank 0] (epoch: 330, iters: 1088, time: 0.030, data: 0.002) , D_A: 0.207, G_A: 0.789, cycle_A: 0.093, idt_A: 0.106, D_B: 0.026, G_B: 0.834, cycle_B: 0.200, idt_B: 0.070

[Rank 0] (epoch: 330, iters: 1288, time: 0.029, data: 0.002) , D_A: 0.136, G_A: 0.424, cycle_A: 0.083, idt_A: 0.127, D_B: 0.087, G_B: 0.353, cycle_B: 0.214, idt_B: 0.060

[Rank 0] (epoch: 330, iters: 1488, time: 0.083, data: 0.007) , D_A: 0.100, G_A: 0.645, cycle_A: 0.141, idt_A: 0.132, D_B: 0.046, G_B: 1.073, cycle_B: 0.251, idt_B: 0.091

[Rank 0] (epoch: 330, iters: 1688, time: 0.030, data: 0.003) , D_A: 0.047, G_A: 0.684, cycle_A: 0.110, idt_A: 0.129, D_B: 0.026, G_B: 0.947, cycle_B: 0.287, idt_B: 0.080

[Rank 0] (epoch: 330, iters: 1888, time: 0.030, data: 0.006) , D_A: 0.137, G_A: 0.826, cycle_A: 0.119, idt_A: 0.121, D_B: 0.061, G_B: 0.737, cycle_B: 0.229, idt_B: 0.097

learning rate 0.0000800 -> 0.0000800
End of epoch 330 / 500 	 Time Taken: 54 sec
[Rank 0] (epoch: 331, iters: 160, time: 0.122, data: 0.003) , D_A: 0.075, G_A: 0.501, cycle_A: 0.087, idt_A: 0.120, D_B: 0.118, G_B: 0.766, cycle_B: 0.247, idt_B: 0.065

[Rank 0] (epoch: 331, iters: 360, time: 0.030, data: 0.004) , D_A: 0.072, G_A: 0.400, cycle_A: 0.101, idt_A: 0.142, D_B: 0.057, G_B: 1.081, cycle_B: 0.247, idt_B: 0.081

[Rank 0] (epoch: 331, iters: 560, time: 0.098, data: 0.003) , D_A: 0.079, G_A: 0.560, cycle_A: 0.112, idt_A: 0.118, D_B: 0.010, G_B: 0.813, cycle_B: 0.200, idt_B: 0.078

[Rank 0] (epoch: 331, iters: 760, time: 0.030, data: 0.002) , D_A: 0.105, G_A: 0.438, cycle_A: 0.091, idt_A: 0.136, D_B: 0.004, G_B: 1.042, cycle_B: 0.269, idt_B: 0.071

[Rank 0] (epoch: 331, iters: 960, time: 0.029, data: 0.003) , D_A: 0.066, G_A: 0.542, cycle_A: 0.101, idt_A: 0.152, D_B: 0.006, G_B: 0.906, cycle_B: 0.233, idt_B: 0.076

[Rank 0] (epoch: 331, iters: 1160, time: 0.030, data: 0.002) , D_A: 0.054, G_A: 0.507, cycle_A: 0.085, idt_A: 0.123, D_B: 0.017, G_B: 1.006, cycle_B: 0.216, idt_B: 0.071

[Rank 0] (epoch: 331, iters: 1360, time: 0.030, data: 0.003) , D_A: 0.040, G_A: 1.074, cycle_A: 0.078, idt_A: 0.123, D_B: 0.003, G_B: 0.906, cycle_B: 0.239, idt_B: 0.065

[Rank 0] (epoch: 331, iters: 1560, time: 0.075, data: 0.003) , D_A: 0.088, G_A: 0.474, cycle_A: 0.087, idt_A: 0.111, D_B: 0.002, G_B: 0.913, cycle_B: 0.186, idt_B: 0.066

saving the latest model (epoch 331, total_iters 445000)
[Rank 0] (epoch: 331, iters: 1760, time: 0.030, data: 0.002) , D_A: 0.082, G_A: 0.480, cycle_A: 0.087, idt_A: 0.130, D_B: 0.004, G_B: 0.847, cycle_B: 0.236, idt_B: 0.060

learning rate 0.0000800 -> 0.0000800
End of epoch 331 / 500 	 Time Taken: 53 sec
[Rank 0] (epoch: 332, iters: 32, time: 0.131, data: 0.003) , D_A: 0.059, G_A: 0.527, cycle_A: 0.070, idt_A: 0.118, D_B: 0.003, G_B: 0.885, cycle_B: 0.217, idt_B: 0.046

[Rank 0] (epoch: 332, iters: 232, time: 0.029, data: 0.004) , D_A: 0.130, G_A: 0.397, cycle_A: 0.096, idt_A: 0.123, D_B: 0.006, G_B: 0.886, cycle_B: 0.211, idt_B: 0.072

[Rank 0] (epoch: 332, iters: 432, time: 0.030, data: 0.004) , D_A: 0.133, G_A: 0.434, cycle_A: 0.095, idt_A: 0.123, D_B: 0.001, G_B: 0.947, cycle_B: 0.197, idt_B: 0.070

[Rank 0] (epoch: 332, iters: 632, time: 0.108, data: 0.138) , D_A: 0.128, G_A: 0.498, cycle_A: 0.084, idt_A: 0.110, D_B: 0.010, G_B: 1.255, cycle_B: 0.237, idt_B: 0.065

[Rank 0] (epoch: 332, iters: 832, time: 0.030, data: 0.003) , D_A: 0.059, G_A: 0.667, cycle_A: 0.110, idt_A: 0.116, D_B: 0.007, G_B: 0.758, cycle_B: 0.211, idt_B: 0.083

[Rank 0] (epoch: 332, iters: 1032, time: 0.030, data: 0.003) , D_A: 0.114, G_A: 0.694, cycle_A: 0.088, idt_A: 0.122, D_B: 0.004, G_B: 0.920, cycle_B: 0.200, idt_B: 0.057

[Rank 0] (epoch: 332, iters: 1232, time: 0.029, data: 0.005) , D_A: 0.169, G_A: 0.797, cycle_A: 0.101, idt_A: 0.103, D_B: 0.011, G_B: 1.036, cycle_B: 0.194, idt_B: 0.075

[Rank 0] (epoch: 332, iters: 1432, time: 0.030, data: 0.002) , D_A: 0.057, G_A: 0.580, cycle_A: 0.085, idt_A: 0.156, D_B: 0.005, G_B: 0.857, cycle_B: 0.229, idt_B: 0.069

[Rank 0] (epoch: 332, iters: 1632, time: 0.089, data: 0.003) , D_A: 0.062, G_A: 0.723, cycle_A: 0.100, idt_A: 0.123, D_B: 0.028, G_B: 1.078, cycle_B: 0.228, idt_B: 0.074

[Rank 0] (epoch: 332, iters: 1832, time: 0.030, data: 0.002) , D_A: 0.062, G_A: 0.941, cycle_A: 0.096, idt_A: 0.117, D_B: 0.003, G_B: 0.965, cycle_B: 0.209, idt_B: 0.071

learning rate 0.0000800 -> 0.0000800
End of epoch 332 / 500 	 Time Taken: 53 sec
[Rank 0] (epoch: 333, iters: 104, time: 0.111, data: 0.003) , D_A: 0.075, G_A: 0.515, cycle_A: 0.078, idt_A: 0.130, D_B: 0.002, G_B: 0.963, cycle_B: 0.197, idt_B: 0.065

[Rank 0] (epoch: 333, iters: 304, time: 0.030, data: 0.003) , D_A: 0.057, G_A: 0.776, cycle_A: 0.099, idt_A: 0.137, D_B: 0.002, G_B: 0.970, cycle_B: 0.244, idt_B: 0.076

[Rank 0] (epoch: 333, iters: 504, time: 0.026, data: 0.007) , D_A: 0.206, G_A: 0.790, cycle_A: 0.078, idt_A: 0.133, D_B: 0.001, G_B: 0.971, cycle_B: 0.225, idt_B: 0.062

[Rank 0] (epoch: 333, iters: 704, time: 0.097, data: 0.002) , D_A: 0.073, G_A: 0.527, cycle_A: 0.083, idt_A: 0.110, D_B: 0.001, G_B: 0.961, cycle_B: 0.199, idt_B: 0.063

[Rank 0] (epoch: 333, iters: 904, time: 0.030, data: 0.002) , D_A: 0.150, G_A: 0.349, cycle_A: 0.084, idt_A: 0.131, D_B: 0.001, G_B: 1.004, cycle_B: 0.195, idt_B: 0.064

[Rank 0] (epoch: 333, iters: 1104, time: 0.030, data: 0.006) , D_A: 0.088, G_A: 0.361, cycle_A: 0.078, idt_A: 0.121, D_B: 0.001, G_B: 0.990, cycle_B: 0.210, idt_B: 0.063

[Rank 0] (epoch: 333, iters: 1304, time: 0.029, data: 0.004) , D_A: 0.224, G_A: 0.987, cycle_A: 0.087, idt_A: 0.121, D_B: 0.001, G_B: 0.984, cycle_B: 0.194, idt_B: 0.074

[Rank 0] (epoch: 333, iters: 1504, time: 0.029, data: 0.003) , D_A: 0.087, G_A: 0.595, cycle_A: 0.081, idt_A: 0.099, D_B: 0.001, G_B: 0.980, cycle_B: 0.173, idt_B: 0.064

[Rank 0] (epoch: 333, iters: 1704, time: 0.075, data: 0.003) , D_A: 0.099, G_A: 0.375, cycle_A: 0.092, idt_A: 0.110, D_B: 0.001, G_B: 0.951, cycle_B: 0.190, idt_B: 0.069

[Rank 0] (epoch: 333, iters: 1904, time: 0.030, data: 0.002) , D_A: 0.127, G_A: 0.733, cycle_A: 0.095, idt_A: 0.136, D_B: 0.003, G_B: 0.866, cycle_B: 0.238, idt_B: 0.079

learning rate 0.0000800 -> 0.0000800
End of epoch 333 / 500 	 Time Taken: 53 sec
[Rank 0] (epoch: 334, iters: 176, time: 0.109, data: 0.002) , D_A: 0.110, G_A: 0.641, cycle_A: 0.095, idt_A: 0.130, D_B: 0.009, G_B: 0.769, cycle_B: 0.211, idt_B: 0.076

[Rank 0] (epoch: 334, iters: 376, time: 0.030, data: 0.002) , D_A: 0.073, G_A: 0.635, cycle_A: 0.079, idt_A: 0.123, D_B: 0.008, G_B: 1.037, cycle_B: 0.218, idt_B: 0.061

[Rank 0] (epoch: 334, iters: 576, time: 0.030, data: 0.002) , D_A: 0.088, G_A: 0.556, cycle_A: 0.085, idt_A: 0.118, D_B: 0.002, G_B: 0.951, cycle_B: 0.200, idt_B: 0.067

[Rank 0] (epoch: 334, iters: 776, time: 0.089, data: 0.003) , D_A: 0.083, G_A: 0.733, cycle_A: 0.070, idt_A: 0.125, D_B: 0.002, G_B: 0.914, cycle_B: 0.194, idt_B: 0.053

saving the latest model (epoch 334, total_iters 450000)
[Rank 0] (epoch: 334, iters: 976, time: 0.030, data: 0.002) , D_A: 0.065, G_A: 0.863, cycle_A: 0.067, idt_A: 0.134, D_B: 0.002, G_B: 0.986, cycle_B: 0.212, idt_B: 0.050

[Rank 0] (epoch: 334, iters: 1176, time: 0.030, data: 0.015) , D_A: 0.041, G_A: 0.827, cycle_A: 0.072, idt_A: 0.127, D_B: 0.001, G_B: 0.980, cycle_B: 0.209, idt_B: 0.054

[Rank 0] (epoch: 334, iters: 1376, time: 0.030, data: 0.041) , D_A: 0.118, G_A: 0.397, cycle_A: 0.096, idt_A: 0.152, D_B: 0.001, G_B: 0.972, cycle_B: 0.215, idt_B: 0.073

[Rank 0] (epoch: 334, iters: 1576, time: 0.030, data: 0.005) , D_A: 0.096, G_A: 0.517, cycle_A: 0.056, idt_A: 0.118, D_B: 0.001, G_B: 1.081, cycle_B: 0.210, idt_B: 0.040

[Rank 0] (epoch: 334, iters: 1776, time: 0.082, data: 0.003) , D_A: 0.151, G_A: 0.299, cycle_A: 0.076, idt_A: 0.131, D_B: 0.001, G_B: 0.942, cycle_B: 0.180, idt_B: 0.061

learning rate 0.0000800 -> 0.0000800
End of epoch 334 / 500 	 Time Taken: 55 sec
[Rank 0] (epoch: 335, iters: 48, time: 0.107, data: 0.003) , D_A: 0.061, G_A: 0.614, cycle_A: 0.087, idt_A: 0.121, D_B: 0.003, G_B: 1.161, cycle_B: 0.224, idt_B: 0.069

[Rank 0] (epoch: 335, iters: 248, time: 0.030, data: 0.002) , D_A: 0.145, G_A: 0.701, cycle_A: 0.109, idt_A: 0.111, D_B: 0.002, G_B: 1.055, cycle_B: 0.208, idt_B: 0.080

[Rank 0] (epoch: 335, iters: 448, time: 0.031, data: 0.002) , D_A: 0.120, G_A: 0.544, cycle_A: 0.086, idt_A: 0.111, D_B: 0.002, G_B: 1.068, cycle_B: 0.210, idt_B: 0.064

[Rank 0] (epoch: 335, iters: 648, time: 0.030, data: 0.006) , D_A: 0.077, G_A: 0.529, cycle_A: 0.080, idt_A: 0.128, D_B: 0.002, G_B: 0.956, cycle_B: 0.236, idt_B: 0.061

[Rank 0] (epoch: 335, iters: 848, time: 0.086, data: 0.002) , D_A: 0.067, G_A: 0.352, cycle_A: 0.099, idt_A: 0.121, D_B: 0.003, G_B: 1.004, cycle_B: 0.251, idt_B: 0.073

[Rank 0] (epoch: 335, iters: 1048, time: 0.026, data: 0.006) , D_A: 0.097, G_A: 0.538, cycle_A: 0.100, idt_A: 0.132, D_B: 0.002, G_B: 0.974, cycle_B: 0.232, idt_B: 0.076

[Rank 0] (epoch: 335, iters: 1248, time: 0.030, data: 0.004) , D_A: 0.046, G_A: 1.087, cycle_A: 0.100, idt_A: 0.111, D_B: 0.002, G_B: 0.900, cycle_B: 0.193, idt_B: 0.071

[Rank 0] (epoch: 335, iters: 1448, time: 0.030, data: 0.002) , D_A: 0.052, G_A: 0.537, cycle_A: 0.099, idt_A: 0.121, D_B: 0.001, G_B: 0.940, cycle_B: 0.197, idt_B: 0.073

[Rank 0] (epoch: 335, iters: 1648, time: 0.030, data: 0.002) , D_A: 0.095, G_A: 0.445, cycle_A: 0.071, idt_A: 0.130, D_B: 0.001, G_B: 0.951, cycle_B: 0.215, idt_B: 0.056

[Rank 0] (epoch: 335, iters: 1848, time: 0.098, data: 0.011) , D_A: 0.057, G_A: 0.523, cycle_A: 0.087, idt_A: 0.118, D_B: 0.002, G_B: 0.998, cycle_B: 0.207, idt_B: 0.065

learning rate 0.0000800 -> 0.0000800
End of epoch 335 / 500 	 Time Taken: 55 sec
[Rank 0] (epoch: 336, iters: 120, time: 0.100, data: 0.003) , D_A: 0.050, G_A: 0.582, cycle_A: 0.058, idt_A: 0.202, D_B: 0.001, G_B: 0.930, cycle_B: 0.283, idt_B: 0.047

[Rank 0] (epoch: 336, iters: 320, time: 0.030, data: 0.002) , D_A: 0.077, G_A: 0.555, cycle_A: 0.091, idt_A: 0.118, D_B: 0.001, G_B: 0.977, cycle_B: 0.219, idt_B: 0.067

[Rank 0] (epoch: 336, iters: 520, time: 0.030, data: 0.003) , D_A: 0.143, G_A: 0.494, cycle_A: 0.088, idt_A: 0.114, D_B: 0.003, G_B: 1.019, cycle_B: 0.207, idt_B: 0.075

[Rank 0] (epoch: 336, iters: 720, time: 0.030, data: 0.003) , D_A: 0.091, G_A: 0.590, cycle_A: 0.068, idt_A: 0.112, D_B: 0.002, G_B: 0.974, cycle_B: 0.216, idt_B: 0.052

[Rank 0] (epoch: 336, iters: 920, time: 0.099, data: 0.003) , D_A: 0.097, G_A: 0.925, cycle_A: 0.082, idt_A: 0.137, D_B: 0.001, G_B: 0.983, cycle_B: 0.195, idt_B: 0.066

[Rank 0] (epoch: 336, iters: 1120, time: 0.030, data: 0.001) , D_A: 0.049, G_A: 0.635, cycle_A: 0.064, idt_A: 0.119, D_B: 0.004, G_B: 0.992, cycle_B: 0.224, idt_B: 0.052

[Rank 0] (epoch: 336, iters: 1320, time: 0.030, data: 0.004) , D_A: 0.061, G_A: 0.430, cycle_A: 0.090, idt_A: 0.130, D_B: 0.001, G_B: 0.986, cycle_B: 0.206, idt_B: 0.064

[Rank 0] (epoch: 336, iters: 1520, time: 0.029, data: 0.002) , D_A: 0.102, G_A: 0.406, cycle_A: 0.072, idt_A: 0.135, D_B: 0.002, G_B: 0.999, cycle_B: 0.209, idt_B: 0.060

[Rank 0] (epoch: 336, iters: 1720, time: 0.026, data: 0.061) , D_A: 0.086, G_A: 0.629, cycle_A: 0.058, idt_A: 0.126, D_B: 0.003, G_B: 0.946, cycle_B: 0.216, idt_B: 0.051

[Rank 0] (epoch: 336, iters: 1920, time: 0.076, data: 0.002) , D_A: 0.076, G_A: 0.452, cycle_A: 0.100, idt_A: 0.113, D_B: 0.001, G_B: 1.003, cycle_B: 0.198, idt_B: 0.074

saving the latest model (epoch 336, total_iters 455000)
learning rate 0.0000800 -> 0.0000800
End of epoch 336 / 500 	 Time Taken: 55 sec
[Rank 0] (epoch: 337, iters: 192, time: 0.137, data: 0.001) , D_A: 0.124, G_A: 0.832, cycle_A: 0.088, idt_A: 0.137, D_B: 0.002, G_B: 0.949, cycle_B: 0.227, idt_B: 0.065

[Rank 0] (epoch: 337, iters: 392, time: 0.030, data: 0.005) , D_A: 0.083, G_A: 0.651, cycle_A: 0.082, idt_A: 0.138, D_B: 0.003, G_B: 0.951, cycle_B: 0.247, idt_B: 0.063

[Rank 0] (epoch: 337, iters: 592, time: 0.030, data: 0.003) , D_A: 0.109, G_A: 0.525, cycle_A: 0.100, idt_A: 0.113, D_B: 0.002, G_B: 0.953, cycle_B: 0.188, idt_B: 0.068

[Rank 0] (epoch: 337, iters: 792, time: 0.030, data: 0.003) , D_A: 0.092, G_A: 0.442, cycle_A: 0.068, idt_A: 0.123, D_B: 0.001, G_B: 0.972, cycle_B: 0.209, idt_B: 0.057

[Rank 0] (epoch: 337, iters: 992, time: 0.100, data: 0.003) , D_A: 0.055, G_A: 0.569, cycle_A: 0.063, idt_A: 0.123, D_B: 0.001, G_B: 0.953, cycle_B: 0.210, idt_B: 0.046

[Rank 0] (epoch: 337, iters: 1192, time: 0.026, data: 0.003) , D_A: 0.045, G_A: 0.931, cycle_A: 0.078, idt_A: 0.129, D_B: 0.002, G_B: 0.972, cycle_B: 0.227, idt_B: 0.059

[Rank 0] (epoch: 337, iters: 1392, time: 0.030, data: 0.002) , D_A: 0.121, G_A: 0.499, cycle_A: 0.068, idt_A: 0.125, D_B: 0.001, G_B: 1.003, cycle_B: 0.214, idt_B: 0.055

[Rank 0] (epoch: 337, iters: 1592, time: 0.030, data: 0.002) , D_A: 0.105, G_A: 0.389, cycle_A: 0.082, idt_A: 0.135, D_B: 0.001, G_B: 0.975, cycle_B: 0.212, idt_B: 0.057

[Rank 0] (epoch: 337, iters: 1792, time: 0.030, data: 0.002) , D_A: 0.100, G_A: 0.436, cycle_A: 0.079, idt_A: 0.124, D_B: 0.001, G_B: 0.973, cycle_B: 0.231, idt_B: 0.059

learning rate 0.0000800 -> 0.0000800
End of epoch 337 / 500 	 Time Taken: 55 sec
[Rank 0] (epoch: 338, iters: 64, time: 0.101, data: 0.005) , D_A: 0.078, G_A: 0.667, cycle_A: 0.090, idt_A: 0.131, D_B: 0.001, G_B: 0.980, cycle_B: 0.212, idt_B: 0.066

[Rank 0] (epoch: 338, iters: 264, time: 0.030, data: 0.005) , D_A: 0.078, G_A: 0.565, cycle_A: 0.091, idt_A: 0.122, D_B: 0.001, G_B: 0.989, cycle_B: 0.207, idt_B: 0.069

[Rank 0] (epoch: 338, iters: 464, time: 0.030, data: 0.003) , D_A: 0.166, G_A: 0.263, cycle_A: 0.068, idt_A: 0.108, D_B: 0.001, G_B: 0.973, cycle_B: 0.180, idt_B: 0.050

[Rank 0] (epoch: 338, iters: 664, time: 0.027, data: 0.012) , D_A: 0.109, G_A: 0.445, cycle_A: 0.080, idt_A: 0.129, D_B: 0.001, G_B: 0.976, cycle_B: 0.207, idt_B: 0.054

[Rank 0] (epoch: 338, iters: 864, time: 0.030, data: 0.002) , D_A: 0.126, G_A: 0.776, cycle_A: 0.084, idt_A: 0.140, D_B: 0.001, G_B: 1.056, cycle_B: 0.214, idt_B: 0.063

[Rank 0] (epoch: 338, iters: 1064, time: 0.094, data: 0.003) , D_A: 0.059, G_A: 0.740, cycle_A: 0.074, idt_A: 0.119, D_B: 0.001, G_B: 0.958, cycle_B: 0.170, idt_B: 0.059

[Rank 0] (epoch: 338, iters: 1264, time: 0.029, data: 0.003) , D_A: 0.109, G_A: 0.339, cycle_A: 0.095, idt_A: 0.129, D_B: 0.002, G_B: 1.000, cycle_B: 0.220, idt_B: 0.069

[Rank 0] (epoch: 338, iters: 1464, time: 0.030, data: 0.010) , D_A: 0.120, G_A: 0.709, cycle_A: 0.100, idt_A: 0.111, D_B: 0.001, G_B: 0.968, cycle_B: 0.177, idt_B: 0.075

[Rank 0] (epoch: 338, iters: 1664, time: 0.030, data: 0.002) , D_A: 0.049, G_A: 0.444, cycle_A: 0.090, idt_A: 0.172, D_B: 0.002, G_B: 0.956, cycle_B: 0.229, idt_B: 0.071

[Rank 0] (epoch: 338, iters: 1864, time: 0.030, data: 0.003) , D_A: 0.126, G_A: 0.442, cycle_A: 0.081, idt_A: 0.113, D_B: 0.001, G_B: 0.994, cycle_B: 0.189, idt_B: 0.068

learning rate 0.0000800 -> 0.0000800
End of epoch 338 / 500 	 Time Taken: 53 sec
[Rank 0] (epoch: 339, iters: 136, time: 0.126, data: 0.003) , D_A: 0.099, G_A: 1.039, cycle_A: 0.072, idt_A: 0.123, D_B: 0.001, G_B: 0.978, cycle_B: 0.221, idt_B: 0.055

[Rank 0] (epoch: 339, iters: 336, time: 0.030, data: 0.002) , D_A: 0.099, G_A: 0.553, cycle_A: 0.070, idt_A: 0.099, D_B: 0.001, G_B: 0.992, cycle_B: 0.186, idt_B: 0.053

[Rank 0] (epoch: 339, iters: 536, time: 0.030, data: 0.002) , D_A: 0.096, G_A: 0.380, cycle_A: 0.060, idt_A: 0.111, D_B: 0.001, G_B: 0.997, cycle_B: 0.201, idt_B: 0.050

[Rank 0] (epoch: 339, iters: 736, time: 0.030, data: 0.002) , D_A: 0.091, G_A: 0.637, cycle_A: 0.074, idt_A: 0.116, D_B: 0.001, G_B: 0.966, cycle_B: 0.186, idt_B: 0.056

[Rank 0] (epoch: 339, iters: 936, time: 0.030, data: 0.002) , D_A: 0.054, G_A: 0.596, cycle_A: 0.084, idt_A: 0.134, D_B: 0.001, G_B: 0.956, cycle_B: 0.202, idt_B: 0.061

[Rank 0] (epoch: 339, iters: 1136, time: 0.086, data: 0.028) , D_A: 0.074, G_A: 0.568, cycle_A: 0.067, idt_A: 0.119, D_B: 0.002, G_B: 0.987, cycle_B: 0.178, idt_B: 0.053

saving the latest model (epoch 339, total_iters 460000)
[Rank 0] (epoch: 339, iters: 1336, time: 0.029, data: 0.002) , D_A: 0.151, G_A: 0.279, cycle_A: 0.060, idt_A: 0.145, D_B: 0.001, G_B: 0.993, cycle_B: 0.204, idt_B: 0.048

[Rank 0] (epoch: 339, iters: 1536, time: 0.030, data: 0.003) , D_A: 0.104, G_A: 0.965, cycle_A: 0.100, idt_A: 0.105, D_B: 0.002, G_B: 0.966, cycle_B: 0.175, idt_B: 0.069

[Rank 0] (epoch: 339, iters: 1736, time: 0.030, data: 0.004) , D_A: 0.049, G_A: 0.725, cycle_A: 0.084, idt_A: 0.128, D_B: 0.001, G_B: 0.975, cycle_B: 0.207, idt_B: 0.060

learning rate 0.0000800 -> 0.0000800
End of epoch 339 / 500 	 Time Taken: 54 sec
[Rank 0] (epoch: 340, iters: 8, time: 0.122, data: 0.004) , D_A: 0.067, G_A: 0.502, cycle_A: 0.102, idt_A: 0.107, D_B: 0.001, G_B: 1.003, cycle_B: 0.174, idt_B: 0.071

[Rank 0] (epoch: 340, iters: 208, time: 0.103, data: 0.003) , D_A: 0.121, G_A: 0.431, cycle_A: 0.092, idt_A: 0.118, D_B: 0.001, G_B: 1.032, cycle_B: 0.207, idt_B: 0.073

[Rank 0] (epoch: 340, iters: 408, time: 0.026, data: 0.004) , D_A: 0.191, G_A: 0.841, cycle_A: 0.086, idt_A: 0.109, D_B: 0.005, G_B: 1.065, cycle_B: 0.195, idt_B: 0.059

[Rank 0] (epoch: 340, iters: 608, time: 0.026, data: 0.003) , D_A: 0.102, G_A: 0.431, cycle_A: 0.084, idt_A: 0.126, D_B: 0.001, G_B: 0.965, cycle_B: 0.210, idt_B: 0.063

[Rank 0] (epoch: 340, iters: 808, time: 0.030, data: 0.002) , D_A: 0.039, G_A: 0.667, cycle_A: 0.076, idt_A: 0.103, D_B: 0.004, G_B: 0.992, cycle_B: 0.161, idt_B: 0.057

[Rank 0] (epoch: 340, iters: 1008, time: 0.030, data: 0.002) , D_A: 0.097, G_A: 0.414, cycle_A: 0.061, idt_A: 0.091, D_B: 0.000, G_B: 0.991, cycle_B: 0.188, idt_B: 0.046

[Rank 0] (epoch: 340, iters: 1208, time: 0.117, data: 0.008) , D_A: 0.163, G_A: 1.002, cycle_A: 0.065, idt_A: 0.114, D_B: 0.001, G_B: 0.981, cycle_B: 0.176, idt_B: 0.055

[Rank 0] (epoch: 340, iters: 1408, time: 0.030, data: 0.003) , D_A: 0.052, G_A: 0.897, cycle_A: 0.072, idt_A: 0.121, D_B: 0.001, G_B: 1.017, cycle_B: 0.192, idt_B: 0.056

[Rank 0] (epoch: 340, iters: 1608, time: 0.030, data: 0.003) , D_A: 0.051, G_A: 0.729, cycle_A: 0.080, idt_A: 0.128, D_B: 0.001, G_B: 0.973, cycle_B: 0.227, idt_B: 0.059

[Rank 0] (epoch: 340, iters: 1808, time: 0.030, data: 0.003) , D_A: 0.062, G_A: 0.774, cycle_A: 0.074, idt_A: 0.116, D_B: 0.002, G_B: 0.985, cycle_B: 0.203, idt_B: 0.055

learning rate 0.0000800 -> 0.0000800
saving the model at the end of epoch 340, iters 462720
End of epoch 340 / 500 	 Time Taken: 55 sec
[Rank 0] (epoch: 341, iters: 80, time: 0.102, data: 0.003) , D_A: 0.107, G_A: 0.494, cycle_A: 0.091, idt_A: 0.135, D_B: 0.001, G_B: 0.993, cycle_B: 0.194, idt_B: 0.068

[Rank 0] (epoch: 341, iters: 280, time: 0.125, data: 0.002) , D_A: 0.111, G_A: 0.656, cycle_A: 0.067, idt_A: 0.119, D_B: 0.001, G_B: 0.990, cycle_B: 0.219, idt_B: 0.051

[Rank 0] (epoch: 341, iters: 480, time: 0.029, data: 0.002) , D_A: 0.076, G_A: 0.460, cycle_A: 0.078, idt_A: 0.115, D_B: 0.003, G_B: 0.951, cycle_B: 0.197, idt_B: 0.062

[Rank 0] (epoch: 341, iters: 680, time: 0.030, data: 0.002) , D_A: 0.118, G_A: 0.351, cycle_A: 0.082, idt_A: 0.124, D_B: 0.001, G_B: 1.007, cycle_B: 0.212, idt_B: 0.063

[Rank 0] (epoch: 341, iters: 880, time: 0.028, data: 0.006) , D_A: 0.171, G_A: 1.053, cycle_A: 0.074, idt_A: 0.125, D_B: 0.002, G_B: 0.986, cycle_B: 0.214, idt_B: 0.060

[Rank 0] (epoch: 341, iters: 1080, time: 0.030, data: 0.006) , D_A: 0.068, G_A: 0.700, cycle_A: 0.075, idt_A: 0.115, D_B: 0.003, G_B: 0.952, cycle_B: 0.203, idt_B: 0.062

[Rank 0] (epoch: 341, iters: 1280, time: 0.124, data: 0.003) , D_A: 0.052, G_A: 0.889, cycle_A: 0.058, idt_A: 0.108, D_B: 0.000, G_B: 0.989, cycle_B: 0.162, idt_B: 0.045

[Rank 0] (epoch: 341, iters: 1480, time: 0.029, data: 0.003) , D_A: 0.101, G_A: 0.459, cycle_A: 0.055, idt_A: 0.117, D_B: 0.001, G_B: 0.987, cycle_B: 0.210, idt_B: 0.048

[Rank 0] (epoch: 341, iters: 1680, time: 0.030, data: 0.004) , D_A: 0.079, G_A: 0.520, cycle_A: 0.097, idt_A: 0.114, D_B: 0.002, G_B: 0.987, cycle_B: 0.188, idt_B: 0.070

[Rank 0] (epoch: 341, iters: 1880, time: 0.030, data: 0.002) , D_A: 0.143, G_A: 0.422, cycle_A: 0.076, idt_A: 0.134, D_B: 0.001, G_B: 0.995, cycle_B: 0.199, idt_B: 0.061

learning rate 0.0000800 -> 0.0000800
End of epoch 341 / 500 	 Time Taken: 55 sec
[Rank 0] (epoch: 342, iters: 152, time: 0.124, data: 0.003) , D_A: 0.094, G_A: 0.357, cycle_A: 0.072, idt_A: 0.111, D_B: 0.001, G_B: 0.976, cycle_B: 0.184, idt_B: 0.059

[Rank 0] (epoch: 342, iters: 352, time: 0.095, data: 0.004) , D_A: 0.056, G_A: 0.728, cycle_A: 0.075, idt_A: 0.148, D_B: 0.001, G_B: 0.980, cycle_B: 0.241, idt_B: 0.058

saving the latest model (epoch 342, total_iters 465000)
[Rank 0] (epoch: 342, iters: 552, time: 0.030, data: 0.003) , D_A: 0.137, G_A: 0.395, cycle_A: 0.071, idt_A: 0.121, D_B: 0.001, G_B: 0.989, cycle_B: 0.200, idt_B: 0.055

[Rank 0] (epoch: 342, iters: 752, time: 0.030, data: 0.003) , D_A: 0.035, G_A: 0.715, cycle_A: 0.086, idt_A: 0.121, D_B: 0.001, G_B: 0.986, cycle_B: 0.203, idt_B: 0.062

[Rank 0] (epoch: 342, iters: 952, time: 0.026, data: 0.079) , D_A: 0.184, G_A: 0.287, cycle_A: 0.068, idt_A: 0.124, D_B: 0.001, G_B: 0.959, cycle_B: 0.199, idt_B: 0.052

[Rank 0] (epoch: 342, iters: 1152, time: 0.030, data: 0.006) , D_A: 0.062, G_A: 0.443, cycle_A: 0.079, idt_A: 0.127, D_B: 0.002, G_B: 1.012, cycle_B: 0.201, idt_B: 0.057

[Rank 0] (epoch: 342, iters: 1352, time: 0.081, data: 0.002) , D_A: 0.057, G_A: 0.604, cycle_A: 0.068, idt_A: 0.120, D_B: 0.002, G_B: 0.982, cycle_B: 0.190, idt_B: 0.051

[Rank 0] (epoch: 342, iters: 1552, time: 0.030, data: 0.002) , D_A: 0.113, G_A: 0.798, cycle_A: 0.075, idt_A: 0.131, D_B: 0.002, G_B: 0.964, cycle_B: 0.203, idt_B: 0.059

[Rank 0] (epoch: 342, iters: 1752, time: 0.030, data: 0.005) , D_A: 0.077, G_A: 0.580, cycle_A: 0.091, idt_A: 0.114, D_B: 0.005, G_B: 0.974, cycle_B: 0.209, idt_B: 0.063

learning rate 0.0000800 -> 0.0000800
End of epoch 342 / 500 	 Time Taken: 55 sec
[Rank 0] (epoch: 343, iters: 24, time: 0.121, data: 0.024) , D_A: 0.047, G_A: 0.793, cycle_A: 0.068, idt_A: 0.121, D_B: 0.002, G_B: 0.973, cycle_B: 0.221, idt_B: 0.054

[Rank 0] (epoch: 343, iters: 224, time: 0.030, data: 0.002) , D_A: 0.085, G_A: 0.392, cycle_A: 0.074, idt_A: 0.139, D_B: 0.001, G_B: 1.012, cycle_B: 0.216, idt_B: 0.050

[Rank 0] (epoch: 343, iters: 424, time: 0.107, data: 0.003) , D_A: 0.102, G_A: 1.276, cycle_A: 0.084, idt_A: 0.115, D_B: 0.003, G_B: 1.043, cycle_B: 0.202, idt_B: 0.066

[Rank 0] (epoch: 343, iters: 624, time: 0.030, data: 0.003) , D_A: 0.048, G_A: 0.688, cycle_A: 0.084, idt_A: 0.117, D_B: 0.003, G_B: 0.952, cycle_B: 0.199, idt_B: 0.067

[Rank 0] (epoch: 343, iters: 824, time: 0.026, data: 0.004) , D_A: 0.089, G_A: 0.709, cycle_A: 0.087, idt_A: 0.127, D_B: 0.001, G_B: 0.966, cycle_B: 0.211, idt_B: 0.062

[Rank 0] (epoch: 343, iters: 1024, time: 0.029, data: 0.006) , D_A: 0.093, G_A: 0.678, cycle_A: 0.090, idt_A: 0.122, D_B: 0.002, G_B: 1.117, cycle_B: 0.203, idt_B: 0.068

[Rank 0] (epoch: 343, iters: 1224, time: 0.030, data: 0.004) , D_A: 0.197, G_A: 0.425, cycle_A: 0.085, idt_A: 0.120, D_B: 0.001, G_B: 0.964, cycle_B: 0.196, idt_B: 0.058

[Rank 0] (epoch: 343, iters: 1424, time: 0.105, data: 0.002) , D_A: 0.099, G_A: 0.623, cycle_A: 0.067, idt_A: 0.122, D_B: 0.004, G_B: 0.991, cycle_B: 0.208, idt_B: 0.056

[Rank 0] (epoch: 343, iters: 1624, time: 0.029, data: 0.004) , D_A: 0.153, G_A: 0.406, cycle_A: 0.078, idt_A: 0.132, D_B: 0.003, G_B: 0.960, cycle_B: 0.210, idt_B: 0.063

[Rank 0] (epoch: 343, iters: 1824, time: 0.026, data: 0.002) , D_A: 0.047, G_A: 0.780, cycle_A: 0.057, idt_A: 0.149, D_B: 0.003, G_B: 0.974, cycle_B: 0.245, idt_B: 0.044

learning rate 0.0000800 -> 0.0000800
End of epoch 343 / 500 	 Time Taken: 54 sec
[Rank 0] (epoch: 344, iters: 96, time: 0.104, data: 0.002) , D_A: 0.113, G_A: 0.659, cycle_A: 0.060, idt_A: 0.111, D_B: 0.001, G_B: 0.988, cycle_B: 0.169, idt_B: 0.045

[Rank 0] (epoch: 344, iters: 296, time: 0.030, data: 0.004) , D_A: 0.125, G_A: 0.549, cycle_A: 0.063, idt_A: 0.118, D_B: 0.003, G_B: 0.963, cycle_B: 0.230, idt_B: 0.049

[Rank 0] (epoch: 344, iters: 496, time: 0.101, data: 0.003) , D_A: 0.057, G_A: 0.749, cycle_A: 0.085, idt_A: 0.113, D_B: 0.001, G_B: 1.023, cycle_B: 0.205, idt_B: 0.066

[Rank 0] (epoch: 344, iters: 696, time: 0.030, data: 0.002) , D_A: 0.050, G_A: 0.863, cycle_A: 0.098, idt_A: 0.119, D_B: 0.000, G_B: 0.989, cycle_B: 0.224, idt_B: 0.076

[Rank 0] (epoch: 344, iters: 896, time: 0.030, data: 0.002) , D_A: 0.088, G_A: 0.452, cycle_A: 0.096, idt_A: 0.130, D_B: 0.001, G_B: 0.986, cycle_B: 0.226, idt_B: 0.072

[Rank 0] (epoch: 344, iters: 1096, time: 0.029, data: 0.031) , D_A: 0.045, G_A: 0.836, cycle_A: 0.090, idt_A: 0.130, D_B: 0.001, G_B: 0.995, cycle_B: 0.246, idt_B: 0.074

[Rank 0] (epoch: 344, iters: 1296, time: 0.030, data: 0.006) , D_A: 0.137, G_A: 0.239, cycle_A: 0.077, idt_A: 0.124, D_B: 0.000, G_B: 0.990, cycle_B: 0.207, idt_B: 0.067

[Rank 0] (epoch: 344, iters: 1496, time: 0.101, data: 0.003) , D_A: 0.133, G_A: 0.300, cycle_A: 0.086, idt_A: 0.117, D_B: 0.003, G_B: 0.987, cycle_B: 0.194, idt_B: 0.063

saving the latest model (epoch 344, total_iters 470000)
[Rank 0] (epoch: 344, iters: 1696, time: 0.030, data: 0.002) , D_A: 0.095, G_A: 0.649, cycle_A: 0.097, idt_A: 0.133, D_B: 0.001, G_B: 0.991, cycle_B: 0.211, idt_B: 0.075

[Rank 0] (epoch: 344, iters: 1896, time: 0.030, data: 0.008) , D_A: 0.107, G_A: 0.289, cycle_A: 0.072, idt_A: 0.123, D_B: 0.001, G_B: 1.003, cycle_B: 0.223, idt_B: 0.057

learning rate 0.0000800 -> 0.0000800
End of epoch 344 / 500 	 Time Taken: 55 sec
[Rank 0] (epoch: 345, iters: 168, time: 0.111, data: 0.001) , D_A: 0.067, G_A: 0.644, cycle_A: 0.086, idt_A: 0.127, D_B: 0.001, G_B: 1.015, cycle_B: 0.184, idt_B: 0.062

[Rank 0] (epoch: 345, iters: 368, time: 0.030, data: 0.005) , D_A: 0.053, G_A: 0.503, cycle_A: 0.084, idt_A: 0.130, D_B: 0.001, G_B: 0.984, cycle_B: 0.224, idt_B: 0.060

[Rank 0] (epoch: 345, iters: 568, time: 0.094, data: 0.002) , D_A: 0.040, G_A: 0.721, cycle_A: 0.110, idt_A: 0.125, D_B: 0.002, G_B: 1.016, cycle_B: 0.219, idt_B: 0.085

[Rank 0] (epoch: 345, iters: 768, time: 0.030, data: 0.002) , D_A: 0.136, G_A: 0.510, cycle_A: 0.080, idt_A: 0.099, D_B: 0.001, G_B: 1.029, cycle_B: 0.185, idt_B: 0.064

[Rank 0] (epoch: 345, iters: 968, time: 0.030, data: 0.007) , D_A: 0.085, G_A: 0.561, cycle_A: 0.091, idt_A: 0.121, D_B: 0.004, G_B: 0.949, cycle_B: 0.218, idt_B: 0.065

[Rank 0] (epoch: 345, iters: 1168, time: 0.029, data: 0.005) , D_A: 0.119, G_A: 0.621, cycle_A: 0.077, idt_A: 0.126, D_B: 0.005, G_B: 0.994, cycle_B: 0.205, idt_B: 0.060

[Rank 0] (epoch: 345, iters: 1368, time: 0.030, data: 0.002) , D_A: 0.038, G_A: 0.976, cycle_A: 0.074, idt_A: 0.113, D_B: 0.001, G_B: 0.970, cycle_B: 0.175, idt_B: 0.064

[Rank 0] (epoch: 345, iters: 1568, time: 0.109, data: 0.008) , D_A: 0.087, G_A: 0.554, cycle_A: 0.076, idt_A: 0.118, D_B: 0.001, G_B: 0.939, cycle_B: 0.179, idt_B: 0.058

[Rank 0] (epoch: 345, iters: 1768, time: 0.030, data: 0.003) , D_A: 0.079, G_A: 0.626, cycle_A: 0.090, idt_A: 0.125, D_B: 0.001, G_B: 1.020, cycle_B: 0.238, idt_B: 0.068

learning rate 0.0000800 -> 0.0000800
End of epoch 345 / 500 	 Time Taken: 54 sec
[Rank 0] (epoch: 346, iters: 40, time: 0.118, data: 0.179) , D_A: 0.110, G_A: 0.416, cycle_A: 0.088, idt_A: 0.146, D_B: 0.001, G_B: 0.970, cycle_B: 0.218, idt_B: 0.058

[Rank 0] (epoch: 346, iters: 240, time: 0.030, data: 0.002) , D_A: 0.063, G_A: 0.541, cycle_A: 0.089, idt_A: 0.102, D_B: 0.002, G_B: 0.927, cycle_B: 0.178, idt_B: 0.074

[Rank 0] (epoch: 346, iters: 440, time: 0.029, data: 0.005) , D_A: 0.049, G_A: 0.575, cycle_A: 0.061, idt_A: 0.113, D_B: 0.002, G_B: 1.009, cycle_B: 0.222, idt_B: 0.046

[Rank 0] (epoch: 346, iters: 640, time: 0.105, data: 0.005) , D_A: 0.069, G_A: 0.516, cycle_A: 0.064, idt_A: 0.095, D_B: 0.002, G_B: 1.014, cycle_B: 0.169, idt_B: 0.050

[Rank 0] (epoch: 346, iters: 840, time: 0.030, data: 0.003) , D_A: 0.156, G_A: 0.420, cycle_A: 0.130, idt_A: 0.213, D_B: 0.002, G_B: 0.987, cycle_B: 0.270, idt_B: 0.071

[Rank 0] (epoch: 346, iters: 1040, time: 0.030, data: 0.002) , D_A: 0.161, G_A: 0.322, cycle_A: 0.110, idt_A: 0.131, D_B: 0.001, G_B: 0.986, cycle_B: 0.195, idt_B: 0.074

[Rank 0] (epoch: 346, iters: 1240, time: 0.029, data: 0.008) , D_A: 0.189, G_A: 0.228, cycle_A: 0.084, idt_A: 0.177, D_B: 0.001, G_B: 1.020, cycle_B: 0.266, idt_B: 0.065

[Rank 0] (epoch: 346, iters: 1440, time: 0.030, data: 0.002) , D_A: 0.238, G_A: 0.254, cycle_A: 0.099, idt_A: 0.126, D_B: 0.003, G_B: 1.007, cycle_B: 0.206, idt_B: 0.077

[Rank 0] (epoch: 346, iters: 1640, time: 0.080, data: 0.002) , D_A: 0.216, G_A: 0.220, cycle_A: 0.071, idt_A: 0.126, D_B: 0.001, G_B: 0.980, cycle_B: 0.197, idt_B: 0.055

[Rank 0] (epoch: 346, iters: 1840, time: 0.030, data: 0.003) , D_A: 0.202, G_A: 0.288, cycle_A: 0.077, idt_A: 0.123, D_B: 0.001, G_B: 1.031, cycle_B: 0.204, idt_B: 0.062

learning rate 0.0000800 -> 0.0000800
End of epoch 346 / 500 	 Time Taken: 53 sec
[Rank 0] (epoch: 347, iters: 112, time: 0.097, data: 0.004) , D_A: 0.196, G_A: 0.302, cycle_A: 0.071, idt_A: 0.131, D_B: 0.000, G_B: 1.013, cycle_B: 0.208, idt_B: 0.054

[Rank 0] (epoch: 347, iters: 312, time: 0.029, data: 0.002) , D_A: 0.205, G_A: 0.264, cycle_A: 0.073, idt_A: 0.123, D_B: 0.001, G_B: 0.967, cycle_B: 0.215, idt_B: 0.056

[Rank 0] (epoch: 347, iters: 512, time: 0.026, data: 0.035) , D_A: 0.189, G_A: 0.218, cycle_A: 0.079, idt_A: 0.130, D_B: 0.001, G_B: 0.995, cycle_B: 0.212, idt_B: 0.063

[Rank 0] (epoch: 347, iters: 712, time: 0.098, data: 0.002) , D_A: 0.219, G_A: 0.316, cycle_A: 0.061, idt_A: 0.097, D_B: 0.000, G_B: 1.002, cycle_B: 0.168, idt_B: 0.049

saving the latest model (epoch 347, total_iters 475000)
[Rank 0] (epoch: 347, iters: 912, time: 0.030, data: 0.002) , D_A: 0.243, G_A: 0.238, cycle_A: 0.070, idt_A: 0.110, D_B: 0.002, G_B: 0.992, cycle_B: 0.201, idt_B: 0.060

[Rank 0] (epoch: 347, iters: 1112, time: 0.030, data: 0.002) , D_A: 0.225, G_A: 0.276, cycle_A: 0.052, idt_A: 0.111, D_B: 0.001, G_B: 1.015, cycle_B: 0.192, idt_B: 0.045

[Rank 0] (epoch: 347, iters: 1312, time: 0.026, data: 0.033) , D_A: 0.267, G_A: 0.273, cycle_A: 0.056, idt_A: 0.123, D_B: 0.004, G_B: 0.943, cycle_B: 0.199, idt_B: 0.046

[Rank 0] (epoch: 347, iters: 1512, time: 0.029, data: 0.020) , D_A: 0.238, G_A: 0.409, cycle_A: 0.092, idt_A: 0.122, D_B: 0.002, G_B: 0.979, cycle_B: 0.220, idt_B: 0.065

[Rank 0] (epoch: 347, iters: 1712, time: 0.090, data: 0.002) , D_A: 0.211, G_A: 0.315, cycle_A: 0.066, idt_A: 0.111, D_B: 0.001, G_B: 0.941, cycle_B: 0.194, idt_B: 0.056

[Rank 0] (epoch: 347, iters: 1912, time: 0.030, data: 0.002) , D_A: 0.174, G_A: 0.411, cycle_A: 0.081, idt_A: 0.110, D_B: 0.001, G_B: 0.955, cycle_B: 0.190, idt_B: 0.062

learning rate 0.0000800 -> 0.0000800
End of epoch 347 / 500 	 Time Taken: 54 sec
[Rank 0] (epoch: 348, iters: 184, time: 0.113, data: 0.001) , D_A: 0.227, G_A: 0.265, cycle_A: 0.074, idt_A: 0.129, D_B: 0.001, G_B: 1.030, cycle_B: 0.222, idt_B: 0.068

[Rank 0] (epoch: 348, iters: 384, time: 0.029, data: 0.007) , D_A: 0.189, G_A: 0.270, cycle_A: 0.063, idt_A: 0.117, D_B: 0.001, G_B: 1.016, cycle_B: 0.198, idt_B: 0.051

[Rank 0] (epoch: 348, iters: 584, time: 0.030, data: 0.008) , D_A: 0.206, G_A: 0.240, cycle_A: 0.063, idt_A: 0.105, D_B: 0.002, G_B: 1.028, cycle_B: 0.195, idt_B: 0.056

[Rank 0] (epoch: 348, iters: 784, time: 0.080, data: 0.007) , D_A: 0.186, G_A: 0.354, cycle_A: 0.080, idt_A: 0.096, D_B: 0.002, G_B: 0.967, cycle_B: 0.181, idt_B: 0.063

[Rank 0] (epoch: 348, iters: 984, time: 0.030, data: 0.004) , D_A: 0.184, G_A: 0.366, cycle_A: 0.070, idt_A: 0.113, D_B: 0.002, G_B: 0.965, cycle_B: 0.193, idt_B: 0.056

[Rank 0] (epoch: 348, iters: 1184, time: 0.029, data: 0.002) , D_A: 0.169, G_A: 0.417, cycle_A: 0.053, idt_A: 0.112, D_B: 0.001, G_B: 0.940, cycle_B: 0.187, idt_B: 0.044

[Rank 0] (epoch: 348, iters: 1384, time: 0.030, data: 0.002) , D_A: 0.250, G_A: 0.363, cycle_A: 0.086, idt_A: 0.096, D_B: 0.002, G_B: 0.962, cycle_B: 0.161, idt_B: 0.071

[Rank 0] (epoch: 348, iters: 1584, time: 0.029, data: 0.012) , D_A: 0.191, G_A: 0.355, cycle_A: 0.079, idt_A: 0.110, D_B: 0.004, G_B: 0.989, cycle_B: 0.193, idt_B: 0.072

[Rank 0] (epoch: 348, iters: 1784, time: 0.099, data: 0.023) , D_A: 0.185, G_A: 0.328, cycle_A: 0.067, idt_A: 0.124, D_B: 0.001, G_B: 0.984, cycle_B: 0.190, idt_B: 0.051

learning rate 0.0000800 -> 0.0000800
End of epoch 348 / 500 	 Time Taken: 53 sec
[Rank 0] (epoch: 349, iters: 56, time: 0.108, data: 0.003) , D_A: 0.195, G_A: 0.268, cycle_A: 0.056, idt_A: 0.127, D_B: 0.001, G_B: 0.964, cycle_B: 0.204, idt_B: 0.049

[Rank 0] (epoch: 349, iters: 256, time: 0.029, data: 0.002) , D_A: 0.174, G_A: 0.326, cycle_A: 0.086, idt_A: 0.101, D_B: 0.005, G_B: 0.937, cycle_B: 0.188, idt_B: 0.075

[Rank 0] (epoch: 349, iters: 456, time: 0.030, data: 0.003) , D_A: 0.119, G_A: 0.382, cycle_A: 0.086, idt_A: 0.119, D_B: 0.002, G_B: 0.981, cycle_B: 0.213, idt_B: 0.067

[Rank 0] (epoch: 349, iters: 656, time: 0.029, data: 0.005) , D_A: 0.130, G_A: 0.582, cycle_A: 0.079, idt_A: 0.113, D_B: 0.001, G_B: 0.968, cycle_B: 0.195, idt_B: 0.068

[Rank 0] (epoch: 349, iters: 856, time: 0.113, data: 0.003) , D_A: 0.143, G_A: 0.336, cycle_A: 0.082, idt_A: 0.175, D_B: 0.001, G_B: 1.048, cycle_B: 0.254, idt_B: 0.065

[Rank 0] (epoch: 349, iters: 1056, time: 0.030, data: 0.003) , D_A: 0.088, G_A: 0.532, cycle_A: 0.078, idt_A: 0.108, D_B: 0.003, G_B: 0.998, cycle_B: 0.184, idt_B: 0.060

[Rank 0] (epoch: 349, iters: 1256, time: 0.029, data: 0.004) , D_A: 0.132, G_A: 0.569, cycle_A: 0.095, idt_A: 0.133, D_B: 0.001, G_B: 0.965, cycle_B: 0.193, idt_B: 0.069

[Rank 0] (epoch: 349, iters: 1456, time: 0.030, data: 0.002) , D_A: 0.116, G_A: 0.564, cycle_A: 0.116, idt_A: 0.116, D_B: 0.001, G_B: 1.033, cycle_B: 0.185, idt_B: 0.068

[Rank 0] (epoch: 349, iters: 1656, time: 0.030, data: 0.002) , D_A: 0.202, G_A: 0.363, cycle_A: 0.074, idt_A: 0.130, D_B: 0.001, G_B: 1.020, cycle_B: 0.214, idt_B: 0.062

[Rank 0] (epoch: 349, iters: 1856, time: 0.111, data: 0.004) , D_A: 0.042, G_A: 0.888, cycle_A: 0.069, idt_A: 0.126, D_B: 0.001, G_B: 0.990, cycle_B: 0.197, idt_B: 0.052

saving the latest model (epoch 349, total_iters 480000)
learning rate 0.0000800 -> 0.0000800
End of epoch 349 / 500 	 Time Taken: 55 sec
[Rank 0] (epoch: 350, iters: 128, time: 0.129, data: 0.004) , D_A: 0.061, G_A: 0.504, cycle_A: 0.095, idt_A: 0.124, D_B: 0.002, G_B: 1.003, cycle_B: 0.211, idt_B: 0.082

[Rank 0] (epoch: 350, iters: 328, time: 0.029, data: 0.005) , D_A: 0.146, G_A: 0.562, cycle_A: 0.079, idt_A: 0.111, D_B: 0.001, G_B: 0.988, cycle_B: 0.184, idt_B: 0.053

[Rank 0] (epoch: 350, iters: 528, time: 0.031, data: 0.013) , D_A: 0.084, G_A: 0.312, cycle_A: 0.059, idt_A: 0.131, D_B: 0.000, G_B: 1.003, cycle_B: 0.194, idt_B: 0.047

[Rank 0] (epoch: 350, iters: 728, time: 0.026, data: 0.048) , D_A: 0.103, G_A: 0.558, cycle_A: 0.076, idt_A: 0.115, D_B: 0.002, G_B: 0.990, cycle_B: 0.198, idt_B: 0.053

[Rank 0] (epoch: 350, iters: 928, time: 0.104, data: 0.002) , D_A: 0.072, G_A: 0.482, cycle_A: 0.088, idt_A: 0.128, D_B: 0.001, G_B: 0.956, cycle_B: 0.211, idt_B: 0.072

[Rank 0] (epoch: 350, iters: 1128, time: 0.029, data: 0.002) , D_A: 0.061, G_A: 0.421, cycle_A: 0.095, idt_A: 0.143, D_B: 0.003, G_B: 1.020, cycle_B: 0.204, idt_B: 0.069

[Rank 0] (epoch: 350, iters: 1328, time: 0.029, data: 0.003) , D_A: 0.106, G_A: 0.724, cycle_A: 0.074, idt_A: 0.118, D_B: 0.001, G_B: 0.970, cycle_B: 0.191, idt_B: 0.053

[Rank 0] (epoch: 350, iters: 1528, time: 0.030, data: 0.002) , D_A: 0.293, G_A: 0.991, cycle_A: 0.073, idt_A: 0.106, D_B: 0.003, G_B: 1.082, cycle_B: 0.192, idt_B: 0.055

[Rank 0] (epoch: 350, iters: 1728, time: 0.029, data: 0.003) , D_A: 0.058, G_A: 0.805, cycle_A: 0.088, idt_A: 0.124, D_B: 0.002, G_B: 1.018, cycle_B: 0.216, idt_B: 0.064

[Rank 0] (epoch: 350, iters: 1928, time: 0.067, data: 0.002) , D_A: 0.068, G_A: 0.509, cycle_A: 0.064, idt_A: 0.113, D_B: 0.003, G_B: 1.045, cycle_B: 0.188, idt_B: 0.051

learning rate 0.0000800 -> 0.0000800
End of epoch 350 / 500 	 Time Taken: 54 sec
[Rank 0] (epoch: 351, iters: 200, time: 0.103, data: 1.114) , D_A: 0.033, G_A: 0.844, cycle_A: 0.059, idt_A: 0.121, D_B: 0.001, G_B: 0.970, cycle_B: 0.201, idt_B: 0.051

[Rank 0] (epoch: 351, iters: 400, time: 0.030, data: 0.003) , D_A: 0.088, G_A: 1.236, cycle_A: 0.076, idt_A: 0.118, D_B: 0.001, G_B: 0.991, cycle_B: 0.178, idt_B: 0.049

[Rank 0] (epoch: 351, iters: 600, time: 0.030, data: 0.005) , D_A: 0.092, G_A: 0.368, cycle_A: 0.092, idt_A: 0.104, D_B: 0.002, G_B: 1.019, cycle_B: 0.172, idt_B: 0.074

[Rank 0] (epoch: 351, iters: 800, time: 0.029, data: 0.002) , D_A: 0.073, G_A: 0.787, cycle_A: 0.064, idt_A: 0.112, D_B: 0.216, G_B: 0.642, cycle_B: 0.190, idt_B: 0.056

[Rank 0] (epoch: 351, iters: 1000, time: 0.114, data: 0.002) , D_A: 0.098, G_A: 0.757, cycle_A: 0.085, idt_A: 0.117, D_B: 0.129, G_B: 0.705, cycle_B: 0.265, idt_B: 0.075

[Rank 0] (epoch: 351, iters: 1200, time: 0.030, data: 0.004) , D_A: 0.064, G_A: 0.506, cycle_A: 0.084, idt_A: 0.121, D_B: 0.113, G_B: 0.751, cycle_B: 0.239, idt_B: 0.064

[Rank 0] (epoch: 351, iters: 1400, time: 0.029, data: 0.029) , D_A: 0.105, G_A: 0.264, cycle_A: 0.115, idt_A: 0.129, D_B: 0.211, G_B: 0.564, cycle_B: 0.247, idt_B: 0.090

[Rank 0] (epoch: 351, iters: 1600, time: 0.030, data: 0.002) , D_A: 0.107, G_A: 0.631, cycle_A: 0.104, idt_A: 0.109, D_B: 0.114, G_B: 0.350, cycle_B: 0.257, idt_B: 0.079

[Rank 0] (epoch: 351, iters: 1800, time: 0.030, data: 0.002) , D_A: 0.052, G_A: 0.718, cycle_A: 0.100, idt_A: 0.120, D_B: 0.129, G_B: 0.286, cycle_B: 0.256, idt_B: 0.066

learning rate 0.0000800 -> 0.0000800
End of epoch 351 / 500 	 Time Taken: 53 sec
[Rank 0] (epoch: 352, iters: 72, time: 0.116, data: 0.002) , D_A: 0.114, G_A: 0.677, cycle_A: 0.083, idt_A: 0.156, D_B: 0.190, G_B: 0.506, cycle_B: 0.268, idt_B: 0.055

[Rank 0] (epoch: 352, iters: 272, time: 0.030, data: 0.003) , D_A: 0.038, G_A: 0.782, cycle_A: 0.081, idt_A: 0.133, D_B: 0.199, G_B: 0.811, cycle_B: 0.264, idt_B: 0.076

[Rank 0] (epoch: 352, iters: 472, time: 0.029, data: 0.002) , D_A: 0.067, G_A: 0.520, cycle_A: 0.094, idt_A: 0.114, D_B: 0.137, G_B: 0.666, cycle_B: 0.219, idt_B: 0.073

[Rank 0] (epoch: 352, iters: 672, time: 0.030, data: 0.002) , D_A: 0.043, G_A: 0.814, cycle_A: 0.105, idt_A: 0.134, D_B: 0.078, G_B: 0.940, cycle_B: 0.262, idt_B: 0.096

[Rank 0] (epoch: 352, iters: 872, time: 0.029, data: 0.006) , D_A: 0.154, G_A: 0.254, cycle_A: 0.105, idt_A: 0.116, D_B: 0.154, G_B: 0.529, cycle_B: 0.255, idt_B: 0.085

[Rank 0] (epoch: 352, iters: 1072, time: 0.120, data: 0.003) , D_A: 0.082, G_A: 0.466, cycle_A: 0.106, idt_A: 0.144, D_B: 0.104, G_B: 0.505, cycle_B: 0.276, idt_B: 0.084

saving the latest model (epoch 352, total_iters 485000)
[Rank 0] (epoch: 352, iters: 1272, time: 0.030, data: 0.001) , D_A: 0.058, G_A: 0.820, cycle_A: 0.093, idt_A: 0.116, D_B: 0.132, G_B: 0.327, cycle_B: 0.239, idt_B: 0.073

[Rank 0] (epoch: 352, iters: 1472, time: 0.031, data: 0.002) , D_A: 0.109, G_A: 0.376, cycle_A: 0.114, idt_A: 0.135, D_B: 0.108, G_B: 0.918, cycle_B: 0.279, idt_B: 0.086

[Rank 0] (epoch: 352, iters: 1672, time: 0.026, data: 0.082) , D_A: 0.056, G_A: 0.792, cycle_A: 0.108, idt_A: 0.123, D_B: 0.240, G_B: 0.726, cycle_B: 0.285, idt_B: 0.081

[Rank 0] (epoch: 352, iters: 1872, time: 0.030, data: 0.006) , D_A: 0.125, G_A: 0.297, cycle_A: 0.104, idt_A: 0.118, D_B: 0.092, G_B: 0.288, cycle_B: 0.261, idt_B: 0.089

learning rate 0.0000800 -> 0.0000800
End of epoch 352 / 500 	 Time Taken: 55 sec
[Rank 0] (epoch: 353, iters: 144, time: 0.109, data: 0.002) , D_A: 0.096, G_A: 0.825, cycle_A: 0.087, idt_A: 0.125, D_B: 0.030, G_B: 0.956, cycle_B: 0.245, idt_B: 0.078

[Rank 0] (epoch: 353, iters: 344, time: 0.029, data: 0.002) , D_A: 0.154, G_A: 0.997, cycle_A: 0.105, idt_A: 0.133, D_B: 0.150, G_B: 0.131, cycle_B: 0.273, idt_B: 0.085

[Rank 0] (epoch: 353, iters: 544, time: 0.030, data: 0.003) , D_A: 0.205, G_A: 0.895, cycle_A: 0.100, idt_A: 0.128, D_B: 0.040, G_B: 1.254, cycle_B: 0.247, idt_B: 0.070

[Rank 0] (epoch: 353, iters: 744, time: 0.030, data: 0.003) , D_A: 0.080, G_A: 0.702, cycle_A: 0.111, idt_A: 0.120, D_B: 0.008, G_B: 0.868, cycle_B: 0.289, idt_B: 0.088

[Rank 0] (epoch: 353, iters: 944, time: 0.026, data: 0.004) , D_A: 0.090, G_A: 0.341, cycle_A: 0.098, idt_A: 0.117, D_B: 0.005, G_B: 1.056, cycle_B: 0.234, idt_B: 0.075

[Rank 0] (epoch: 353, iters: 1144, time: 0.087, data: 0.002) , D_A: 0.069, G_A: 0.489, cycle_A: 0.124, idt_A: 0.108, D_B: 0.011, G_B: 1.034, cycle_B: 0.198, idt_B: 0.122

[Rank 0] (epoch: 353, iters: 1344, time: 0.030, data: 0.003) , D_A: 0.055, G_A: 0.818, cycle_A: 0.089, idt_A: 0.131, D_B: 0.003, G_B: 0.947, cycle_B: 0.223, idt_B: 0.069

[Rank 0] (epoch: 353, iters: 1544, time: 0.029, data: 0.006) , D_A: 0.152, G_A: 0.260, cycle_A: 0.080, idt_A: 0.118, D_B: 0.005, G_B: 0.929, cycle_B: 0.204, idt_B: 0.063

[Rank 0] (epoch: 353, iters: 1744, time: 0.030, data: 0.007) , D_A: 0.091, G_A: 0.553, cycle_A: 0.104, idt_A: 0.122, D_B: 0.007, G_B: 0.980, cycle_B: 0.223, idt_B: 0.066

learning rate 0.0000800 -> 0.0000800
End of epoch 353 / 500 	 Time Taken: 53 sec
[Rank 0] (epoch: 354, iters: 16, time: 0.129, data: 0.007) , D_A: 0.057, G_A: 0.658, cycle_A: 0.080, idt_A: 0.096, D_B: 0.022, G_B: 0.384, cycle_B: 0.188, idt_B: 0.062

[Rank 0] (epoch: 354, iters: 216, time: 0.105, data: 0.003) , D_A: 0.116, G_A: 0.349, cycle_A: 0.077, idt_A: 0.124, D_B: 0.001, G_B: 0.939, cycle_B: 0.210, idt_B: 0.063

[Rank 0] (epoch: 354, iters: 416, time: 0.027, data: 0.004) , D_A: 0.092, G_A: 0.374, cycle_A: 0.086, idt_A: 0.116, D_B: 0.004, G_B: 0.983, cycle_B: 0.223, idt_B: 0.084

[Rank 0] (epoch: 354, iters: 616, time: 0.030, data: 0.002) , D_A: 0.196, G_A: 0.766, cycle_A: 0.075, idt_A: 0.120, D_B: 0.002, G_B: 0.980, cycle_B: 0.212, idt_B: 0.056

[Rank 0] (epoch: 354, iters: 816, time: 0.026, data: 0.004) , D_A: 0.082, G_A: 0.640, cycle_A: 0.094, idt_A: 0.138, D_B: 0.001, G_B: 0.958, cycle_B: 0.232, idt_B: 0.069

[Rank 0] (epoch: 354, iters: 1016, time: 0.031, data: 0.002) , D_A: 0.107, G_A: 0.392, cycle_A: 0.056, idt_A: 0.112, D_B: 0.001, G_B: 0.980, cycle_B: 0.222, idt_B: 0.042

[Rank 0] (epoch: 354, iters: 1216, time: 0.109, data: 0.002) , D_A: 0.058, G_A: 0.563, cycle_A: 0.088, idt_A: 0.145, D_B: 0.004, G_B: 0.972, cycle_B: 0.260, idt_B: 0.067

[Rank 0] (epoch: 354, iters: 1416, time: 0.030, data: 0.003) , D_A: 0.123, G_A: 0.436, cycle_A: 0.101, idt_A: 0.120, D_B: 0.017, G_B: 1.405, cycle_B: 0.323, idt_B: 0.076

[Rank 0] (epoch: 354, iters: 1616, time: 0.026, data: 0.003) , D_A: 0.063, G_A: 0.699, cycle_A: 0.092, idt_A: 0.126, D_B: 0.001, G_B: 0.959, cycle_B: 0.224, idt_B: 0.062

[Rank 0] (epoch: 354, iters: 1816, time: 0.030, data: 0.002) , D_A: 0.056, G_A: 0.519, cycle_A: 0.093, idt_A: 0.143, D_B: 0.001, G_B: 0.970, cycle_B: 0.247, idt_B: 0.066

learning rate 0.0000800 -> 0.0000800
End of epoch 354 / 500 	 Time Taken: 55 sec
[Rank 0] (epoch: 355, iters: 88, time: 0.129, data: 0.006) , D_A: 0.060, G_A: 0.627, cycle_A: 0.089, idt_A: 0.137, D_B: 0.001, G_B: 1.005, cycle_B: 0.216, idt_B: 0.063

[Rank 0] (epoch: 355, iters: 288, time: 0.085, data: 0.007) , D_A: 0.070, G_A: 0.557, cycle_A: 0.090, idt_A: 0.137, D_B: 0.001, G_B: 0.967, cycle_B: 0.219, idt_B: 0.066

saving the latest model (epoch 355, total_iters 490000)
[Rank 0] (epoch: 355, iters: 488, time: 0.026, data: 0.003) , D_A: 0.066, G_A: 0.619, cycle_A: 0.095, idt_A: 0.146, D_B: 0.002, G_B: 0.976, cycle_B: 0.238, idt_B: 0.074

[Rank 0] (epoch: 355, iters: 688, time: 0.030, data: 0.066) , D_A: 0.115, G_A: 0.763, cycle_A: 0.095, idt_A: 0.126, D_B: 0.007, G_B: 1.350, cycle_B: 0.261, idt_B: 0.081

[Rank 0] (epoch: 355, iters: 888, time: 0.030, data: 0.008) , D_A: 0.043, G_A: 0.904, cycle_A: 0.086, idt_A: 0.116, D_B: 0.004, G_B: 1.019, cycle_B: 0.191, idt_B: 0.066

[Rank 0] (epoch: 355, iters: 1088, time: 0.029, data: 0.008) , D_A: 0.078, G_A: 0.490, cycle_A: 0.071, idt_A: 0.119, D_B: 0.002, G_B: 0.941, cycle_B: 0.217, idt_B: 0.054

[Rank 0] (epoch: 355, iters: 1288, time: 0.081, data: 0.031) , D_A: 0.133, G_A: 0.247, cycle_A: 0.086, idt_A: 0.143, D_B: 0.002, G_B: 0.968, cycle_B: 0.241, idt_B: 0.062

[Rank 0] (epoch: 355, iters: 1488, time: 0.029, data: 0.002) , D_A: 0.114, G_A: 0.278, cycle_A: 0.082, idt_A: 0.139, D_B: 0.001, G_B: 0.988, cycle_B: 0.224, idt_B: 0.062

[Rank 0] (epoch: 355, iters: 1688, time: 0.030, data: 0.006) , D_A: 0.099, G_A: 0.387, cycle_A: 0.084, idt_A: 0.116, D_B: 0.002, G_B: 1.088, cycle_B: 0.212, idt_B: 0.070

[Rank 0] (epoch: 355, iters: 1888, time: 0.030, data: 0.003) , D_A: 0.079, G_A: 0.743, cycle_A: 0.079, idt_A: 0.159, D_B: 0.001, G_B: 1.001, cycle_B: 0.223, idt_B: 0.057

learning rate 0.0000800 -> 0.0000800
End of epoch 355 / 500 	 Time Taken: 54 sec
[Rank 0] (epoch: 356, iters: 160, time: 0.124, data: 0.002) , D_A: 0.088, G_A: 0.522, cycle_A: 0.096, idt_A: 0.123, D_B: 0.001, G_B: 0.937, cycle_B: 0.200, idt_B: 0.075

[Rank 0] (epoch: 356, iters: 360, time: 0.108, data: 0.004) , D_A: 0.071, G_A: 0.555, cycle_A: 0.085, idt_A: 0.136, D_B: 0.001, G_B: 0.975, cycle_B: 0.217, idt_B: 0.062

[Rank 0] (epoch: 356, iters: 560, time: 0.026, data: 0.002) , D_A: 0.082, G_A: 0.562, cycle_A: 0.084, idt_A: 0.110, D_B: 0.001, G_B: 0.990, cycle_B: 0.216, idt_B: 0.063

[Rank 0] (epoch: 356, iters: 760, time: 0.030, data: 0.132) , D_A: 0.142, G_A: 0.335, cycle_A: 0.075, idt_A: 0.128, D_B: 0.001, G_B: 0.967, cycle_B: 0.225, idt_B: 0.055

[Rank 0] (epoch: 356, iters: 960, time: 0.030, data: 0.141) , D_A: 0.138, G_A: 0.324, cycle_A: 0.087, idt_A: 0.141, D_B: 0.001, G_B: 1.053, cycle_B: 0.233, idt_B: 0.070

[Rank 0] (epoch: 356, iters: 1160, time: 0.030, data: 0.007) , D_A: 0.035, G_A: 0.989, cycle_A: 0.067, idt_A: 0.138, D_B: 0.001, G_B: 1.006, cycle_B: 0.241, idt_B: 0.046

[Rank 0] (epoch: 356, iters: 1360, time: 0.112, data: 0.004) , D_A: 0.148, G_A: 0.365, cycle_A: 0.107, idt_A: 0.191, D_B: 0.002, G_B: 1.003, cycle_B: 0.281, idt_B: 0.084

[Rank 0] (epoch: 356, iters: 1560, time: 0.029, data: 0.003) , D_A: 0.117, G_A: 0.293, cycle_A: 0.094, idt_A: 0.122, D_B: 0.003, G_B: 0.984, cycle_B: 0.219, idt_B: 0.073

[Rank 0] (epoch: 356, iters: 1760, time: 0.030, data: 0.002) , D_A: 0.171, G_A: 0.320, cycle_A: 0.070, idt_A: 0.114, D_B: 0.001, G_B: 1.005, cycle_B: 0.210, idt_B: 0.057

learning rate 0.0000800 -> 0.0000800
End of epoch 356 / 500 	 Time Taken: 55 sec
[Rank 0] (epoch: 357, iters: 32, time: 0.139, data: 0.005) , D_A: 0.216, G_A: 0.254, cycle_A: 0.072, idt_A: 0.143, D_B: 0.001, G_B: 0.936, cycle_B: 0.223, idt_B: 0.061

[Rank 0] (epoch: 357, iters: 232, time: 0.030, data: 0.003) , D_A: 0.195, G_A: 0.273, cycle_A: 0.067, idt_A: 0.120, D_B: 0.002, G_B: 0.987, cycle_B: 0.227, idt_B: 0.058

[Rank 0] (epoch: 357, iters: 432, time: 0.091, data: 0.004) , D_A: 0.199, G_A: 0.258, cycle_A: 0.119, idt_A: 0.120, D_B: 0.001, G_B: 0.963, cycle_B: 0.243, idt_B: 0.108

[Rank 0] (epoch: 357, iters: 632, time: 0.029, data: 0.001) , D_A: 0.196, G_A: 0.355, cycle_A: 0.082, idt_A: 0.129, D_B: 0.001, G_B: 0.974, cycle_B: 0.236, idt_B: 0.066

[Rank 0] (epoch: 357, iters: 832, time: 0.030, data: 0.002) , D_A: 0.174, G_A: 0.329, cycle_A: 0.081, idt_A: 0.136, D_B: 0.001, G_B: 0.963, cycle_B: 0.228, idt_B: 0.065

[Rank 0] (epoch: 357, iters: 1032, time: 0.029, data: 0.002) , D_A: 0.141, G_A: 0.439, cycle_A: 0.083, idt_A: 0.149, D_B: 0.001, G_B: 0.979, cycle_B: 0.243, idt_B: 0.065

[Rank 0] (epoch: 357, iters: 1232, time: 0.026, data: 0.071) , D_A: 0.075, G_A: 0.757, cycle_A: 0.094, idt_A: 0.128, D_B: 0.002, G_B: 0.982, cycle_B: 0.210, idt_B: 0.071

[Rank 0] (epoch: 357, iters: 1432, time: 0.084, data: 0.002) , D_A: 0.088, G_A: 0.484, cycle_A: 0.075, idt_A: 0.097, D_B: 0.001, G_B: 0.967, cycle_B: 0.180, idt_B: 0.068

saving the latest model (epoch 357, total_iters 495000)
[Rank 0] (epoch: 357, iters: 1632, time: 0.030, data: 0.003) , D_A: 0.050, G_A: 0.499, cycle_A: 0.098, idt_A: 0.118, D_B: 0.001, G_B: 0.963, cycle_B: 0.213, idt_B: 0.071

[Rank 0] (epoch: 357, iters: 1832, time: 0.029, data: 0.007) , D_A: 0.108, G_A: 0.383, cycle_A: 0.092, idt_A: 0.145, D_B: 0.002, G_B: 0.987, cycle_B: 0.243, idt_B: 0.076

learning rate 0.0000800 -> 0.0000800
End of epoch 357 / 500 	 Time Taken: 56 sec
[Rank 0] (epoch: 358, iters: 104, time: 0.134, data: 0.057) , D_A: 0.098, G_A: 0.819, cycle_A: 0.075, idt_A: 0.127, D_B: 0.003, G_B: 1.144, cycle_B: 0.240, idt_B: 0.061

[Rank 0] (epoch: 358, iters: 304, time: 0.030, data: 0.004) , D_A: 0.093, G_A: 0.329, cycle_A: 0.062, idt_A: 0.132, D_B: 0.002, G_B: 0.873, cycle_B: 0.231, idt_B: 0.049

[Rank 0] (epoch: 358, iters: 504, time: 0.113, data: 0.003) , D_A: 0.148, G_A: 0.354, cycle_A: 0.091, idt_A: 0.128, D_B: 0.001, G_B: 1.037, cycle_B: 0.206, idt_B: 0.080

[Rank 0] (epoch: 358, iters: 704, time: 0.030, data: 0.003) , D_A: 0.105, G_A: 0.496, cycle_A: 0.064, idt_A: 0.128, D_B: 0.001, G_B: 1.014, cycle_B: 0.213, idt_B: 0.052

[Rank 0] (epoch: 358, iters: 904, time: 0.030, data: 0.003) , D_A: 0.109, G_A: 0.432, cycle_A: 0.101, idt_A: 0.116, D_B: 0.001, G_B: 0.944, cycle_B: 0.205, idt_B: 0.072

[Rank 0] (epoch: 358, iters: 1104, time: 0.029, data: 0.010) , D_A: 0.066, G_A: 0.549, cycle_A: 0.087, idt_A: 0.123, D_B: 0.001, G_B: 0.985, cycle_B: 0.203, idt_B: 0.058

[Rank 0] (epoch: 358, iters: 1304, time: 0.030, data: 0.002) , D_A: 0.095, G_A: 0.535, cycle_A: 0.076, idt_A: 0.106, D_B: 0.001, G_B: 0.970, cycle_B: 0.189, idt_B: 0.056

[Rank 0] (epoch: 358, iters: 1504, time: 0.109, data: 0.002) , D_A: 0.051, G_A: 0.711, cycle_A: 0.089, idt_A: 0.115, D_B: 0.001, G_B: 1.050, cycle_B: 0.186, idt_B: 0.064

[Rank 0] (epoch: 358, iters: 1704, time: 0.030, data: 0.003) , D_A: 0.086, G_A: 0.483, cycle_A: 0.059, idt_A: 0.109, D_B: 0.001, G_B: 0.914, cycle_B: 0.201, idt_B: 0.052

[Rank 0] (epoch: 358, iters: 1904, time: 0.030, data: 0.002) , D_A: 0.104, G_A: 0.386, cycle_A: 0.097, idt_A: 0.123, D_B: 0.001, G_B: 0.999, cycle_B: 0.207, idt_B: 0.072

learning rate 0.0000800 -> 0.0000800
End of epoch 358 / 500 	 Time Taken: 53 sec
[Rank 0] (epoch: 359, iters: 176, time: 0.109, data: 0.002) , D_A: 0.131, G_A: 0.573, cycle_A: 0.088, idt_A: 0.130, D_B: 0.002, G_B: 0.863, cycle_B: 0.190, idt_B: 0.067

[Rank 0] (epoch: 359, iters: 376, time: 0.030, data: 0.002) , D_A: 0.096, G_A: 0.607, cycle_A: 0.072, idt_A: 0.122, D_B: 0.001, G_B: 0.946, cycle_B: 0.194, idt_B: 0.050

[Rank 0] (epoch: 359, iters: 576, time: 0.104, data: 0.007) , D_A: 0.133, G_A: 0.892, cycle_A: 0.092, idt_A: 0.112, D_B: 0.002, G_B: 1.046, cycle_B: 0.203, idt_B: 0.069

[Rank 0] (epoch: 359, iters: 776, time: 0.030, data: 0.003) , D_A: 0.135, G_A: 0.280, cycle_A: 0.092, idt_A: 0.123, D_B: 0.002, G_B: 0.922, cycle_B: 0.205, idt_B: 0.067

[Rank 0] (epoch: 359, iters: 976, time: 0.030, data: 0.002) , D_A: 0.102, G_A: 1.385, cycle_A: 0.078, idt_A: 0.117, D_B: 0.001, G_B: 0.922, cycle_B: 0.190, idt_B: 0.058

[Rank 0] (epoch: 359, iters: 1176, time: 0.030, data: 0.003) , D_A: 0.039, G_A: 0.879, cycle_A: 0.076, idt_A: 0.125, D_B: 0.003, G_B: 1.132, cycle_B: 0.223, idt_B: 0.061

[Rank 0] (epoch: 359, iters: 1376, time: 0.030, data: 0.002) , D_A: 0.088, G_A: 0.544, cycle_A: 0.078, idt_A: 0.116, D_B: 0.002, G_B: 0.986, cycle_B: 0.225, idt_B: 0.061

[Rank 0] (epoch: 359, iters: 1576, time: 0.082, data: 0.009) , D_A: 0.169, G_A: 0.764, cycle_A: 0.099, idt_A: 0.127, D_B: 0.002, G_B: 1.051, cycle_B: 0.234, idt_B: 0.075

[Rank 0] (epoch: 359, iters: 1776, time: 0.030, data: 0.003) , D_A: 0.039, G_A: 0.997, cycle_A: 0.090, idt_A: 0.101, D_B: 0.001, G_B: 0.968, cycle_B: 0.179, idt_B: 0.060

learning rate 0.0000800 -> 0.0000800
End of epoch 359 / 500 	 Time Taken: 54 sec
[Rank 0] (epoch: 360, iters: 48, time: 0.109, data: 0.003) , D_A: 0.128, G_A: 0.849, cycle_A: 0.065, idt_A: 0.128, D_B: 0.001, G_B: 0.972, cycle_B: 0.209, idt_B: 0.050

[Rank 0] (epoch: 360, iters: 248, time: 0.031, data: 0.002) , D_A: 0.061, G_A: 0.465, cycle_A: 0.085, idt_A: 0.156, D_B: 0.002, G_B: 0.983, cycle_B: 0.229, idt_B: 0.061

[Rank 0] (epoch: 360, iters: 448, time: 0.029, data: 0.003) , D_A: 0.051, G_A: 0.496, cycle_A: 0.062, idt_A: 0.120, D_B: 0.002, G_B: 0.951, cycle_B: 0.212, idt_B: 0.045

[Rank 0] (epoch: 360, iters: 648, time: 0.094, data: 0.002) , D_A: 0.099, G_A: 0.942, cycle_A: 0.071, idt_A: 0.123, D_B: 0.003, G_B: 0.969, cycle_B: 0.195, idt_B: 0.052

saving the latest model (epoch 360, total_iters 500000)
[Rank 0] (epoch: 360, iters: 848, time: 0.030, data: 0.004) , D_A: 0.113, G_A: 0.511, cycle_A: 0.068, idt_A: 0.098, D_B: 0.002, G_B: 1.030, cycle_B: 0.173, idt_B: 0.054

[Rank 0] (epoch: 360, iters: 1048, time: 0.029, data: 0.003) , D_A: 0.106, G_A: 0.695, cycle_A: 0.067, idt_A: 0.155, D_B: 0.002, G_B: 1.015, cycle_B: 0.212, idt_B: 0.048

[Rank 0] (epoch: 360, iters: 1248, time: 0.030, data: 0.002) , D_A: 0.126, G_A: 0.277, cycle_A: 0.052, idt_A: 0.108, D_B: 0.001, G_B: 0.961, cycle_B: 0.203, idt_B: 0.043

[Rank 0] (epoch: 360, iters: 1448, time: 0.030, data: 0.005) , D_A: 0.094, G_A: 0.391, cycle_A: 0.065, idt_A: 0.119, D_B: 0.001, G_B: 1.014, cycle_B: 0.201, idt_B: 0.051

[Rank 0] (epoch: 360, iters: 1648, time: 0.105, data: 0.003) , D_A: 0.056, G_A: 0.602, cycle_A: 0.090, idt_A: 0.127, D_B: 0.001, G_B: 0.934, cycle_B: 0.224, idt_B: 0.070

[Rank 0] (epoch: 360, iters: 1848, time: 0.030, data: 0.002) , D_A: 0.096, G_A: 0.566, cycle_A: 0.061, idt_A: 0.145, D_B: 0.001, G_B: 0.986, cycle_B: 0.229, idt_B: 0.048

learning rate 0.0000800 -> 0.0000800
saving the model at the end of epoch 360, iters 501280
End of epoch 360 / 500 	 Time Taken: 53 sec
[Rank 0] (epoch: 361, iters: 120, time: 0.125, data: 0.004) , D_A: 0.137, G_A: 0.684, cycle_A: 0.086, idt_A: 0.155, D_B: 0.001, G_B: 1.062, cycle_B: 0.219, idt_B: 0.062

[Rank 0] (epoch: 361, iters: 320, time: 0.030, data: 0.006) , D_A: 0.125, G_A: 0.388, cycle_A: 0.083, idt_A: 0.121, D_B: 0.002, G_B: 0.956, cycle_B: 0.187, idt_B: 0.054

[Rank 0] (epoch: 361, iters: 520, time: 0.029, data: 0.002) , D_A: 0.052, G_A: 0.628, cycle_A: 0.075, idt_A: 0.102, D_B: 0.001, G_B: 0.985, cycle_B: 0.178, idt_B: 0.061

[Rank 0] (epoch: 361, iters: 720, time: 0.116, data: 0.002) , D_A: 0.076, G_A: 0.447, cycle_A: 0.081, idt_A: 0.124, D_B: 0.001, G_B: 0.984, cycle_B: 0.236, idt_B: 0.054

[Rank 0] (epoch: 361, iters: 920, time: 0.030, data: 0.003) , D_A: 0.083, G_A: 0.384, cycle_A: 0.071, idt_A: 0.118, D_B: 0.001, G_B: 0.994, cycle_B: 0.206, idt_B: 0.059

[Rank 0] (epoch: 361, iters: 1120, time: 0.029, data: 0.002) , D_A: 0.075, G_A: 0.816, cycle_A: 0.092, idt_A: 0.145, D_B: 0.003, G_B: 0.998, cycle_B: 0.231, idt_B: 0.063

[Rank 0] (epoch: 361, iters: 1320, time: 0.029, data: 0.005) , D_A: 0.064, G_A: 0.574, cycle_A: 0.077, idt_A: 0.139, D_B: 0.002, G_B: 1.075, cycle_B: 0.240, idt_B: 0.061

[Rank 0] (epoch: 361, iters: 1520, time: 0.030, data: 0.002) , D_A: 0.136, G_A: 0.795, cycle_A: 0.075, idt_A: 0.128, D_B: 0.002, G_B: 1.059, cycle_B: 0.218, idt_B: 0.055

[Rank 0] (epoch: 361, iters: 1720, time: 0.114, data: 0.004) , D_A: 0.045, G_A: 1.159, cycle_A: 0.087, idt_A: 0.135, D_B: 0.001, G_B: 0.962, cycle_B: 0.210, idt_B: 0.064

[Rank 0] (epoch: 361, iters: 1920, time: 0.030, data: 0.003) , D_A: 0.117, G_A: 0.698, cycle_A: 0.083, idt_A: 0.113, D_B: 0.001, G_B: 0.945, cycle_B: 0.190, idt_B: 0.058

learning rate 0.0000800 -> 0.0000800
End of epoch 361 / 500 	 Time Taken: 55 sec
[Rank 0] (epoch: 362, iters: 192, time: 0.103, data: 0.002) , D_A: 0.081, G_A: 0.669, cycle_A: 0.073, idt_A: 0.115, D_B: 0.002, G_B: 0.999, cycle_B: 0.189, idt_B: 0.055

[Rank 0] (epoch: 362, iters: 392, time: 0.030, data: 0.005) , D_A: 0.126, G_A: 1.127, cycle_A: 0.071, idt_A: 0.109, D_B: 0.003, G_B: 0.940, cycle_B: 0.185, idt_B: 0.054

[Rank 0] (epoch: 362, iters: 592, time: 0.030, data: 0.006) , D_A: 0.131, G_A: 0.319, cycle_A: 0.094, idt_A: 0.119, D_B: 0.001, G_B: 0.979, cycle_B: 0.203, idt_B: 0.073

[Rank 0] (epoch: 362, iters: 792, time: 0.092, data: 0.006) , D_A: 0.135, G_A: 0.333, cycle_A: 0.072, idt_A: 0.111, D_B: 0.002, G_B: 0.959, cycle_B: 0.194, idt_B: 0.057

[Rank 0] (epoch: 362, iters: 992, time: 0.030, data: 0.002) , D_A: 0.093, G_A: 0.385, cycle_A: 0.078, idt_A: 0.103, D_B: 0.002, G_B: 1.021, cycle_B: 0.183, idt_B: 0.064

[Rank 0] (epoch: 362, iters: 1192, time: 0.026, data: 0.003) , D_A: 0.099, G_A: 0.473, cycle_A: 0.089, idt_A: 0.126, D_B: 0.001, G_B: 0.989, cycle_B: 0.227, idt_B: 0.057

[Rank 0] (epoch: 362, iters: 1392, time: 0.030, data: 0.002) , D_A: 0.059, G_A: 0.526, cycle_A: 0.087, idt_A: 0.108, D_B: 0.001, G_B: 1.018, cycle_B: 0.199, idt_B: 0.073

[Rank 0] (epoch: 362, iters: 1592, time: 0.026, data: 0.005) , D_A: 0.061, G_A: 0.477, cycle_A: 0.084, idt_A: 0.091, D_B: 0.001, G_B: 0.980, cycle_B: 0.189, idt_B: 0.072

[Rank 0] (epoch: 362, iters: 1792, time: 0.085, data: 0.002) , D_A: 0.053, G_A: 0.730, cycle_A: 0.076, idt_A: 0.123, D_B: 0.001, G_B: 0.987, cycle_B: 0.226, idt_B: 0.053

saving the latest model (epoch 362, total_iters 505000)
learning rate 0.0000800 -> 0.0000800
End of epoch 362 / 500 	 Time Taken: 55 sec
[Rank 0] (epoch: 363, iters: 64, time: 0.128, data: 0.003) , D_A: 0.044, G_A: 1.006, cycle_A: 0.088, idt_A: 0.103, D_B: 0.001, G_B: 1.069, cycle_B: 0.208, idt_B: 0.055

[Rank 0] (epoch: 363, iters: 264, time: 0.030, data: 0.004) , D_A: 0.087, G_A: 0.461, cycle_A: 0.092, idt_A: 0.104, D_B: 0.001, G_B: 1.001, cycle_B: 0.197, idt_B: 0.064

[Rank 0] (epoch: 363, iters: 464, time: 0.030, data: 0.003) , D_A: 0.071, G_A: 0.435, cycle_A: 0.084, idt_A: 0.120, D_B: 0.001, G_B: 0.967, cycle_B: 0.199, idt_B: 0.065

[Rank 0] (epoch: 363, iters: 664, time: 0.026, data: 0.036) , D_A: 0.054, G_A: 0.730, cycle_A: 0.107, idt_A: 0.123, D_B: 0.001, G_B: 0.973, cycle_B: 0.203, idt_B: 0.077

[Rank 0] (epoch: 363, iters: 864, time: 0.089, data: 0.002) , D_A: 0.055, G_A: 0.409, cycle_A: 0.065, idt_A: 0.136, D_B: 0.001, G_B: 1.026, cycle_B: 0.208, idt_B: 0.051

[Rank 0] (epoch: 363, iters: 1064, time: 0.030, data: 0.002) , D_A: 0.116, G_A: 0.634, cycle_A: 0.093, idt_A: 0.109, D_B: 0.003, G_B: 0.962, cycle_B: 0.203, idt_B: 0.075

[Rank 0] (epoch: 363, iters: 1264, time: 0.026, data: 0.003) , D_A: 0.033, G_A: 0.981, cycle_A: 0.096, idt_A: 0.108, D_B: 0.001, G_B: 1.055, cycle_B: 0.197, idt_B: 0.069

[Rank 0] (epoch: 363, iters: 1464, time: 0.030, data: 0.002) , D_A: 0.147, G_A: 0.438, cycle_A: 0.080, idt_A: 0.144, D_B: 0.001, G_B: 0.950, cycle_B: 0.233, idt_B: 0.059

[Rank 0] (epoch: 363, iters: 1664, time: 0.026, data: 0.002) , D_A: 0.089, G_A: 0.517, cycle_A: 0.074, idt_A: 0.094, D_B: 0.001, G_B: 0.961, cycle_B: 0.158, idt_B: 0.060

[Rank 0] (epoch: 363, iters: 1864, time: 0.103, data: 0.003) , D_A: 0.072, G_A: 0.810, cycle_A: 0.059, idt_A: 0.113, D_B: 0.001, G_B: 0.998, cycle_B: 0.169, idt_B: 0.042

learning rate 0.0000800 -> 0.0000800
End of epoch 363 / 500 	 Time Taken: 54 sec
[Rank 0] (epoch: 364, iters: 136, time: 0.106, data: 0.002) , D_A: 0.079, G_A: 0.517, cycle_A: 0.054, idt_A: 0.109, D_B: 0.001, G_B: 1.089, cycle_B: 0.200, idt_B: 0.043

[Rank 0] (epoch: 364, iters: 336, time: 0.029, data: 0.002) , D_A: 0.127, G_A: 0.517, cycle_A: 0.087, idt_A: 0.116, D_B: 0.001, G_B: 0.932, cycle_B: 0.204, idt_B: 0.067

[Rank 0] (epoch: 364, iters: 536, time: 0.030, data: 0.002) , D_A: 0.059, G_A: 0.845, cycle_A: 0.080, idt_A: 0.131, D_B: 0.002, G_B: 1.051, cycle_B: 0.216, idt_B: 0.064

[Rank 0] (epoch: 364, iters: 736, time: 0.026, data: 0.005) , D_A: 0.087, G_A: 0.710, cycle_A: 0.075, idt_A: 0.108, D_B: 0.003, G_B: 1.024, cycle_B: 0.211, idt_B: 0.058

[Rank 0] (epoch: 364, iters: 936, time: 0.098, data: 0.002) , D_A: 0.073, G_A: 0.687, cycle_A: 0.075, idt_A: 0.107, D_B: 0.001, G_B: 0.993, cycle_B: 0.206, idt_B: 0.052

[Rank 0] (epoch: 364, iters: 1136, time: 0.030, data: 0.002) , D_A: 0.062, G_A: 0.459, cycle_A: 0.071, idt_A: 0.103, D_B: 0.001, G_B: 1.019, cycle_B: 0.195, idt_B: 0.056

[Rank 0] (epoch: 364, iters: 1336, time: 0.030, data: 0.002) , D_A: 0.114, G_A: 0.303, cycle_A: 0.062, idt_A: 0.121, D_B: 0.004, G_B: 0.963, cycle_B: 0.217, idt_B: 0.049

[Rank 0] (epoch: 364, iters: 1536, time: 0.026, data: 0.072) , D_A: 0.061, G_A: 0.514, cycle_A: 0.089, idt_A: 0.109, D_B: 0.001, G_B: 0.992, cycle_B: 0.196, idt_B: 0.066

[Rank 0] (epoch: 364, iters: 1736, time: 0.030, data: 0.002) , D_A: 0.038, G_A: 0.907, cycle_A: 0.098, idt_A: 0.088, D_B: 0.001, G_B: 1.038, cycle_B: 0.168, idt_B: 0.069

learning rate 0.0000800 -> 0.0000800
End of epoch 364 / 500 	 Time Taken: 56 sec
[Rank 0] (epoch: 365, iters: 8, time: 0.115, data: 0.002) , D_A: 0.100, G_A: 0.685, cycle_A: 0.105, idt_A: 0.131, D_B: 0.003, G_B: 1.008, cycle_B: 0.211, idt_B: 0.082

[Rank 0] (epoch: 365, iters: 208, time: 0.030, data: 0.003) , D_A: 0.038, G_A: 1.046, cycle_A: 0.082, idt_A: 0.111, D_B: 0.001, G_B: 0.977, cycle_B: 0.196, idt_B: 0.060

[Rank 0] (epoch: 365, iters: 408, time: 0.030, data: 0.002) , D_A: 0.061, G_A: 0.569, cycle_A: 0.086, idt_A: 0.106, D_B: 0.002, G_B: 0.966, cycle_B: 0.200, idt_B: 0.067

[Rank 0] (epoch: 365, iters: 608, time: 0.030, data: 0.002) , D_A: 0.035, G_A: 0.690, cycle_A: 0.066, idt_A: 0.125, D_B: 0.001, G_B: 0.967, cycle_B: 0.200, idt_B: 0.051

[Rank 0] (epoch: 365, iters: 808, time: 0.026, data: 0.101) , D_A: 0.071, G_A: 0.428, cycle_A: 0.078, idt_A: 0.118, D_B: 0.001, G_B: 0.979, cycle_B: 0.186, idt_B: 0.054

[Rank 0] (epoch: 365, iters: 1008, time: 0.110, data: 0.002) , D_A: 0.042, G_A: 0.720, cycle_A: 0.084, idt_A: 0.104, D_B: 0.001, G_B: 0.972, cycle_B: 0.195, idt_B: 0.062

saving the latest model (epoch 365, total_iters 510000)
[Rank 0] (epoch: 365, iters: 1208, time: 0.030, data: 0.002) , D_A: 0.072, G_A: 0.652, cycle_A: 0.066, idt_A: 0.137, D_B: 0.001, G_B: 0.997, cycle_B: 0.218, idt_B: 0.054

[Rank 0] (epoch: 365, iters: 1408, time: 0.028, data: 0.058) , D_A: 0.063, G_A: 0.605, cycle_A: 0.072, idt_A: 0.133, D_B: 0.001, G_B: 0.981, cycle_B: 0.207, idt_B: 0.055

[Rank 0] (epoch: 365, iters: 1608, time: 0.030, data: 0.003) , D_A: 0.109, G_A: 0.548, cycle_A: 0.086, idt_A: 0.114, D_B: 0.001, G_B: 0.970, cycle_B: 0.201, idt_B: 0.065

[Rank 0] (epoch: 365, iters: 1808, time: 0.030, data: 0.002) , D_A: 0.058, G_A: 0.621, cycle_A: 0.107, idt_A: 0.118, D_B: 0.001, G_B: 0.998, cycle_B: 0.205, idt_B: 0.074

learning rate 0.0000800 -> 0.0000800
End of epoch 365 / 500 	 Time Taken: 55 sec
[Rank 0] (epoch: 366, iters: 80, time: 0.114, data: 0.040) , D_A: 0.114, G_A: 0.524, cycle_A: 0.100, idt_A: 0.113, D_B: 0.001, G_B: 0.949, cycle_B: 0.212, idt_B: 0.077

[Rank 0] (epoch: 366, iters: 280, time: 0.030, data: 0.002) , D_A: 0.073, G_A: 0.594, cycle_A: 0.087, idt_A: 0.124, D_B: 0.001, G_B: 1.002, cycle_B: 0.221, idt_B: 0.066

[Rank 0] (epoch: 366, iters: 480, time: 0.030, data: 0.002) , D_A: 0.042, G_A: 0.764, cycle_A: 0.096, idt_A: 0.126, D_B: 0.001, G_B: 0.989, cycle_B: 0.209, idt_B: 0.070

[Rank 0] (epoch: 366, iters: 680, time: 0.030, data: 0.002) , D_A: 0.059, G_A: 0.543, cycle_A: 0.070, idt_A: 0.120, D_B: 0.001, G_B: 1.002, cycle_B: 0.178, idt_B: 0.053

[Rank 0] (epoch: 366, iters: 880, time: 0.030, data: 0.004) , D_A: 0.072, G_A: 0.378, cycle_A: 0.071, idt_A: 0.115, D_B: 0.001, G_B: 0.998, cycle_B: 0.207, idt_B: 0.058

[Rank 0] (epoch: 366, iters: 1080, time: 0.107, data: 0.113) , D_A: 0.055, G_A: 0.628, cycle_A: 0.075, idt_A: 0.121, D_B: 0.001, G_B: 0.946, cycle_B: 0.230, idt_B: 0.054

[Rank 0] (epoch: 366, iters: 1280, time: 0.030, data: 0.002) , D_A: 0.088, G_A: 0.720, cycle_A: 0.067, idt_A: 0.126, D_B: 0.002, G_B: 1.023, cycle_B: 0.222, idt_B: 0.042

[Rank 0] (epoch: 366, iters: 1480, time: 0.030, data: 0.002) , D_A: 0.078, G_A: 0.888, cycle_A: 0.087, idt_A: 0.107, D_B: 0.003, G_B: 1.033, cycle_B: 0.205, idt_B: 0.068

[Rank 0] (epoch: 366, iters: 1680, time: 0.030, data: 0.002) , D_A: 0.084, G_A: 0.663, cycle_A: 0.062, idt_A: 0.101, D_B: 0.001, G_B: 0.986, cycle_B: 0.191, idt_B: 0.052

[Rank 0] (epoch: 366, iters: 1880, time: 0.026, data: 0.149) , D_A: 0.113, G_A: 0.381, cycle_A: 0.065, idt_A: 0.125, D_B: 0.003, G_B: 1.069, cycle_B: 0.217, idt_B: 0.051

learning rate 0.0000800 -> 0.0000800
End of epoch 366 / 500 	 Time Taken: 55 sec
[Rank 0] (epoch: 367, iters: 152, time: 0.120, data: 0.002) , D_A: 0.137, G_A: 1.031, cycle_A: 0.090, idt_A: 0.105, D_B: 0.001, G_B: 0.980, cycle_B: 0.202, idt_B: 0.068

[Rank 0] (epoch: 367, iters: 352, time: 0.030, data: 0.002) , D_A: 0.078, G_A: 0.727, cycle_A: 0.094, idt_A: 0.123, D_B: 0.004, G_B: 1.003, cycle_B: 0.207, idt_B: 0.064

[Rank 0] (epoch: 367, iters: 552, time: 0.030, data: 0.003) , D_A: 0.126, G_A: 0.329, cycle_A: 0.099, idt_A: 0.112, D_B: 0.002, G_B: 1.020, cycle_B: 0.203, idt_B: 0.081

[Rank 0] (epoch: 367, iters: 752, time: 0.030, data: 0.004) , D_A: 0.102, G_A: 0.352, cycle_A: 0.074, idt_A: 0.144, D_B: 0.001, G_B: 0.975, cycle_B: 0.229, idt_B: 0.056

[Rank 0] (epoch: 367, iters: 952, time: 0.030, data: 0.002) , D_A: 0.069, G_A: 0.582, cycle_A: 0.086, idt_A: 0.123, D_B: 0.001, G_B: 1.034, cycle_B: 0.230, idt_B: 0.061

[Rank 0] (epoch: 367, iters: 1152, time: 0.099, data: 0.002) , D_A: 0.090, G_A: 0.604, cycle_A: 0.089, idt_A: 0.138, D_B: 0.001, G_B: 0.969, cycle_B: 0.185, idt_B: 0.072

[Rank 0] (epoch: 367, iters: 1352, time: 0.029, data: 0.002) , D_A: 0.111, G_A: 0.420, cycle_A: 0.084, idt_A: 0.119, D_B: 0.001, G_B: 0.995, cycle_B: 0.242, idt_B: 0.060

[Rank 0] (epoch: 367, iters: 1552, time: 0.030, data: 0.004) , D_A: 0.104, G_A: 1.171, cycle_A: 0.093, idt_A: 0.122, D_B: 0.002, G_B: 0.965, cycle_B: 0.218, idt_B: 0.074

[Rank 0] (epoch: 367, iters: 1752, time: 0.030, data: 0.002) , D_A: 0.103, G_A: 0.916, cycle_A: 0.081, idt_A: 0.120, D_B: 0.003, G_B: 1.010, cycle_B: 0.202, idt_B: 0.067

learning rate 0.0000800 -> 0.0000800
End of epoch 367 / 500 	 Time Taken: 55 sec
[Rank 0] (epoch: 368, iters: 24, time: 0.118, data: 0.004) , D_A: 0.066, G_A: 0.641, cycle_A: 0.081, idt_A: 0.131, D_B: 0.008, G_B: 1.047, cycle_B: 0.227, idt_B: 0.064

[Rank 0] (epoch: 368, iters: 224, time: 0.104, data: 0.002) , D_A: 0.086, G_A: 0.334, cycle_A: 0.068, idt_A: 0.118, D_B: 0.001, G_B: 0.984, cycle_B: 0.215, idt_B: 0.055

saving the latest model (epoch 368, total_iters 515000)
[Rank 0] (epoch: 368, iters: 424, time: 0.029, data: 0.004) , D_A: 0.071, G_A: 0.508, cycle_A: 0.092, idt_A: 0.128, D_B: 0.001, G_B: 0.991, cycle_B: 0.196, idt_B: 0.065

[Rank 0] (epoch: 368, iters: 624, time: 0.027, data: 0.010) , D_A: 0.076, G_A: 0.621, cycle_A: 0.086, idt_A: 0.116, D_B: 0.001, G_B: 0.993, cycle_B: 0.202, idt_B: 0.071

[Rank 0] (epoch: 368, iters: 824, time: 0.029, data: 0.004) , D_A: 0.075, G_A: 0.464, cycle_A: 0.076, idt_A: 0.105, D_B: 0.001, G_B: 1.000, cycle_B: 0.189, idt_B: 0.060

[Rank 0] (epoch: 368, iters: 1024, time: 0.030, data: 0.003) , D_A: 0.088, G_A: 0.640, cycle_A: 0.092, idt_A: 0.119, D_B: 0.000, G_B: 0.980, cycle_B: 0.210, idt_B: 0.072

[Rank 0] (epoch: 368, iters: 1224, time: 0.091, data: 0.008) , D_A: 0.077, G_A: 0.490, cycle_A: 0.068, idt_A: 0.147, D_B: 0.000, G_B: 0.995, cycle_B: 0.220, idt_B: 0.054

[Rank 0] (epoch: 368, iters: 1424, time: 0.030, data: 0.002) , D_A: 0.057, G_A: 0.617, cycle_A: 0.072, idt_A: 0.131, D_B: 0.001, G_B: 1.025, cycle_B: 0.211, idt_B: 0.056

[Rank 0] (epoch: 368, iters: 1624, time: 0.030, data: 0.007) , D_A: 0.064, G_A: 0.795, cycle_A: 0.064, idt_A: 0.129, D_B: 0.002, G_B: 0.992, cycle_B: 0.233, idt_B: 0.051

[Rank 0] (epoch: 368, iters: 1824, time: 0.030, data: 0.006) , D_A: 0.096, G_A: 0.822, cycle_A: 0.096, idt_A: 0.102, D_B: 0.001, G_B: 1.009, cycle_B: 0.184, idt_B: 0.074

learning rate 0.0000800 -> 0.0000800
End of epoch 368 / 500 	 Time Taken: 55 sec
[Rank 0] (epoch: 369, iters: 96, time: 0.134, data: 0.006) , D_A: 0.043, G_A: 0.480, cycle_A: 0.085, idt_A: 0.115, D_B: 0.001, G_B: 0.990, cycle_B: 0.190, idt_B: 0.062

[Rank 0] (epoch: 369, iters: 296, time: 0.097, data: 0.005) , D_A: 0.081, G_A: 0.357, cycle_A: 0.059, idt_A: 0.120, D_B: 0.001, G_B: 0.986, cycle_B: 0.189, idt_B: 0.047

[Rank 0] (epoch: 369, iters: 496, time: 0.030, data: 0.003) , D_A: 0.061, G_A: 0.628, cycle_A: 0.205, idt_A: 0.156, D_B: 0.046, G_B: 0.708, cycle_B: 0.627, idt_B: 0.179

[Rank 0] (epoch: 369, iters: 696, time: 0.029, data: 0.003) , D_A: 0.037, G_A: 0.671, cycle_A: 0.161, idt_A: 0.135, D_B: 0.127, G_B: 0.120, cycle_B: 0.372, idt_B: 0.128

[Rank 0] (epoch: 369, iters: 896, time: 0.030, data: 0.007) , D_A: 0.051, G_A: 0.598, cycle_A: 0.113, idt_A: 0.118, D_B: 0.154, G_B: 0.315, cycle_B: 0.264, idt_B: 0.092

[Rank 0] (epoch: 369, iters: 1096, time: 0.030, data: 0.004) , D_A: 0.117, G_A: 0.358, cycle_A: 0.119, idt_A: 0.112, D_B: 0.151, G_B: 0.576, cycle_B: 0.270, idt_B: 0.108

[Rank 0] (epoch: 369, iters: 1296, time: 0.095, data: 0.034) , D_A: 0.058, G_A: 0.523, cycle_A: 0.110, idt_A: 0.108, D_B: 0.167, G_B: 0.529, cycle_B: 0.266, idt_B: 0.087

[Rank 0] (epoch: 369, iters: 1496, time: 0.030, data: 0.001) , D_A: 0.096, G_A: 0.583, cycle_A: 0.121, idt_A: 0.109, D_B: 0.062, G_B: 0.607, cycle_B: 0.238, idt_B: 0.100

[Rank 0] (epoch: 369, iters: 1696, time: 0.030, data: 0.003) , D_A: 0.083, G_A: 0.690, cycle_A: 0.105, idt_A: 0.109, D_B: 0.142, G_B: 0.423, cycle_B: 0.248, idt_B: 0.087

[Rank 0] (epoch: 369, iters: 1896, time: 0.029, data: 0.008) , D_A: 0.049, G_A: 0.682, cycle_A: 0.101, idt_A: 0.142, D_B: 0.198, G_B: 0.191, cycle_B: 0.223, idt_B: 0.092

learning rate 0.0000800 -> 0.0000800
End of epoch 369 / 500 	 Time Taken: 54 sec
[Rank 0] (epoch: 370, iters: 168, time: 0.121, data: 0.002) , D_A: 0.049, G_A: 0.784, cycle_A: 0.113, idt_A: 0.130, D_B: 0.011, G_B: 0.805, cycle_B: 0.295, idt_B: 0.094

[Rank 0] (epoch: 370, iters: 368, time: 0.102, data: 0.002) , D_A: 0.061, G_A: 0.657, cycle_A: 0.148, idt_A: 0.118, D_B: 0.342, G_B: 1.415, cycle_B: 0.227, idt_B: 0.137

[Rank 0] (epoch: 370, iters: 568, time: 0.030, data: 0.002) , D_A: 0.081, G_A: 0.584, cycle_A: 0.128, idt_A: 0.113, D_B: 0.032, G_B: 0.617, cycle_B: 0.255, idt_B: 0.122

[Rank 0] (epoch: 370, iters: 768, time: 0.030, data: 0.003) , D_A: 0.093, G_A: 0.697, cycle_A: 0.113, idt_A: 0.118, D_B: 0.015, G_B: 1.100, cycle_B: 0.246, idt_B: 0.086

[Rank 0] (epoch: 370, iters: 968, time: 0.026, data: 0.043) , D_A: 0.049, G_A: 0.645, cycle_A: 0.087, idt_A: 0.115, D_B: 0.007, G_B: 0.982, cycle_B: 0.249, idt_B: 0.072

[Rank 0] (epoch: 370, iters: 1168, time: 0.030, data: 0.004) , D_A: 0.072, G_A: 0.396, cycle_A: 0.080, idt_A: 0.103, D_B: 0.009, G_B: 0.918, cycle_B: 0.222, idt_B: 0.072

[Rank 0] (epoch: 370, iters: 1368, time: 0.093, data: 0.002) , D_A: 0.069, G_A: 0.582, cycle_A: 0.072, idt_A: 0.108, D_B: 0.023, G_B: 0.583, cycle_B: 0.224, idt_B: 0.050

saving the latest model (epoch 370, total_iters 520000)
[Rank 0] (epoch: 370, iters: 1568, time: 0.030, data: 0.003) , D_A: 0.073, G_A: 0.750, cycle_A: 0.096, idt_A: 0.128, D_B: 0.008, G_B: 0.956, cycle_B: 0.241, idt_B: 0.079

[Rank 0] (epoch: 370, iters: 1768, time: 0.030, data: 0.003) , D_A: 0.059, G_A: 0.547, cycle_A: 0.109, idt_A: 0.120, D_B: 0.283, G_B: 0.798, cycle_B: 0.217, idt_B: 0.089

learning rate 0.0000800 -> 0.0000800
End of epoch 370 / 500 	 Time Taken: 54 sec
[Rank 0] (epoch: 371, iters: 40, time: 0.143, data: 0.003) , D_A: 0.088, G_A: 0.426, cycle_A: 0.090, idt_A: 0.117, D_B: 0.089, G_B: 0.321, cycle_B: 0.226, idt_B: 0.065

[Rank 0] (epoch: 371, iters: 240, time: 0.030, data: 0.003) , D_A: 0.170, G_A: 0.455, cycle_A: 0.107, idt_A: 0.150, D_B: 0.099, G_B: 0.345, cycle_B: 0.266, idt_B: 0.072

[Rank 0] (epoch: 371, iters: 440, time: 0.117, data: 0.002) , D_A: 0.052, G_A: 0.623, cycle_A: 0.100, idt_A: 0.124, D_B: 0.084, G_B: 0.637, cycle_B: 0.271, idt_B: 0.074

[Rank 0] (epoch: 371, iters: 640, time: 0.030, data: 0.004) , D_A: 0.115, G_A: 0.351, cycle_A: 0.114, idt_A: 0.104, D_B: 0.093, G_B: 0.726, cycle_B: 0.255, idt_B: 0.092

[Rank 0] (epoch: 371, iters: 840, time: 0.026, data: 0.004) , D_A: 0.125, G_A: 0.458, cycle_A: 0.091, idt_A: 0.107, D_B: 0.020, G_B: 0.639, cycle_B: 0.191, idt_B: 0.079

[Rank 0] (epoch: 371, iters: 1040, time: 0.030, data: 0.002) , D_A: 0.076, G_A: 0.451, cycle_A: 0.108, idt_A: 0.140, D_B: 0.006, G_B: 0.962, cycle_B: 0.263, idt_B: 0.080

[Rank 0] (epoch: 371, iters: 1240, time: 0.030, data: 0.007) , D_A: 0.097, G_A: 0.575, cycle_A: 0.099, idt_A: 0.137, D_B: 0.004, G_B: 0.947, cycle_B: 0.255, idt_B: 0.076

[Rank 0] (epoch: 371, iters: 1440, time: 0.117, data: 0.004) , D_A: 0.094, G_A: 0.474, cycle_A: 0.100, idt_A: 0.108, D_B: 0.006, G_B: 0.906, cycle_B: 0.211, idt_B: 0.071

[Rank 0] (epoch: 371, iters: 1640, time: 0.030, data: 0.002) , D_A: 0.202, G_A: 0.725, cycle_A: 0.111, idt_A: 0.140, D_B: 0.004, G_B: 0.912, cycle_B: 0.244, idt_B: 0.090

[Rank 0] (epoch: 371, iters: 1840, time: 0.030, data: 0.002) , D_A: 0.146, G_A: 0.563, cycle_A: 0.089, idt_A: 0.126, D_B: 0.003, G_B: 0.903, cycle_B: 0.262, idt_B: 0.069

learning rate 0.0000800 -> 0.0000800
End of epoch 371 / 500 	 Time Taken: 54 sec
[Rank 0] (epoch: 372, iters: 112, time: 0.131, data: 0.003) , D_A: 0.073, G_A: 0.491, cycle_A: 0.078, idt_A: 0.164, D_B: 0.004, G_B: 0.876, cycle_B: 0.237, idt_B: 0.057

[Rank 0] (epoch: 372, iters: 312, time: 0.030, data: 0.002) , D_A: 0.066, G_A: 0.451, cycle_A: 0.089, idt_A: 0.118, D_B: 0.002, G_B: 0.959, cycle_B: 0.233, idt_B: 0.067

[Rank 0] (epoch: 372, iters: 512, time: 0.085, data: 0.010) , D_A: 0.047, G_A: 0.434, cycle_A: 0.108, idt_A: 0.118, D_B: 0.002, G_B: 0.969, cycle_B: 0.230, idt_B: 0.079

[Rank 0] (epoch: 372, iters: 712, time: 0.030, data: 0.003) , D_A: 0.133, G_A: 0.389, cycle_A: 0.097, idt_A: 0.116, D_B: 0.002, G_B: 0.991, cycle_B: 0.221, idt_B: 0.071

[Rank 0] (epoch: 372, iters: 912, time: 0.030, data: 0.005) , D_A: 0.178, G_A: 0.490, cycle_A: 0.100, idt_A: 0.108, D_B: 0.003, G_B: 0.880, cycle_B: 0.193, idt_B: 0.073

[Rank 0] (epoch: 372, iters: 1112, time: 0.030, data: 0.001) , D_A: 0.129, G_A: 0.487, cycle_A: 0.111, idt_A: 0.252, D_B: 0.004, G_B: 0.845, cycle_B: 0.334, idt_B: 0.065

[Rank 0] (epoch: 372, iters: 1312, time: 0.030, data: 0.002) , D_A: 0.154, G_A: 0.410, cycle_A: 0.102, idt_A: 0.184, D_B: 0.002, G_B: 1.030, cycle_B: 0.281, idt_B: 0.078

[Rank 0] (epoch: 372, iters: 1512, time: 0.087, data: 0.003) , D_A: 0.212, G_A: 0.273, cycle_A: 0.082, idt_A: 0.156, D_B: 0.001, G_B: 0.988, cycle_B: 0.224, idt_B: 0.065

[Rank 0] (epoch: 372, iters: 1712, time: 0.030, data: 0.003) , D_A: 0.209, G_A: 0.268, cycle_A: 0.069, idt_A: 0.116, D_B: 0.002, G_B: 1.037, cycle_B: 0.206, idt_B: 0.058

[Rank 0] (epoch: 372, iters: 1912, time: 0.030, data: 0.003) , D_A: 0.216, G_A: 0.248, cycle_A: 0.073, idt_A: 0.139, D_B: 0.001, G_B: 0.963, cycle_B: 0.242, idt_B: 0.063

learning rate 0.0000800 -> 0.0000800
End of epoch 372 / 500 	 Time Taken: 53 sec
[Rank 0] (epoch: 373, iters: 184, time: 0.097, data: 0.003) , D_A: 0.200, G_A: 0.242, cycle_A: 0.067, idt_A: 0.137, D_B: 0.001, G_B: 0.946, cycle_B: 0.195, idt_B: 0.055

[Rank 0] (epoch: 373, iters: 384, time: 0.030, data: 0.006) , D_A: 0.267, G_A: 0.231, cycle_A: 0.074, idt_A: 0.126, D_B: 0.001, G_B: 0.965, cycle_B: 0.208, idt_B: 0.053

[Rank 0] (epoch: 373, iters: 584, time: 0.085, data: 0.006) , D_A: 0.200, G_A: 0.269, cycle_A: 0.062, idt_A: 0.113, D_B: 0.001, G_B: 0.988, cycle_B: 0.202, idt_B: 0.055

saving the latest model (epoch 373, total_iters 525000)
[Rank 0] (epoch: 373, iters: 784, time: 0.030, data: 0.001) , D_A: 0.211, G_A: 0.236, cycle_A: 0.083, idt_A: 0.107, D_B: 0.001, G_B: 0.982, cycle_B: 0.194, idt_B: 0.071

[Rank 0] (epoch: 373, iters: 984, time: 0.030, data: 0.003) , D_A: 0.199, G_A: 0.257, cycle_A: 0.062, idt_A: 0.142, D_B: 0.002, G_B: 0.969, cycle_B: 0.243, idt_B: 0.048

[Rank 0] (epoch: 373, iters: 1184, time: 0.029, data: 0.004) , D_A: 0.116, G_A: 0.482, cycle_A: 0.094, idt_A: 0.119, D_B: 0.018, G_B: 1.064, cycle_B: 0.230, idt_B: 0.073

[Rank 0] (epoch: 373, iters: 1384, time: 0.030, data: 0.002) , D_A: 0.131, G_A: 0.372, cycle_A: 0.090, idt_A: 0.119, D_B: 0.002, G_B: 0.968, cycle_B: 0.236, idt_B: 0.076

[Rank 0] (epoch: 373, iters: 1584, time: 0.081, data: 0.004) , D_A: 0.127, G_A: 0.342, cycle_A: 0.078, idt_A: 0.116, D_B: 0.001, G_B: 0.989, cycle_B: 0.196, idt_B: 0.067

[Rank 0] (epoch: 373, iters: 1784, time: 0.030, data: 0.003) , D_A: 0.067, G_A: 0.609, cycle_A: 0.058, idt_A: 0.117, D_B: 0.002, G_B: 0.911, cycle_B: 0.222, idt_B: 0.049

learning rate 0.0000800 -> 0.0000800
End of epoch 373 / 500 	 Time Taken: 53 sec
[Rank 0] (epoch: 374, iters: 56, time: 0.142, data: 0.004) , D_A: 0.140, G_A: 0.486, cycle_A: 0.107, idt_A: 0.119, D_B: 0.002, G_B: 0.941, cycle_B: 0.223, idt_B: 0.082

[Rank 0] (epoch: 374, iters: 256, time: 0.030, data: 0.004) , D_A: 0.138, G_A: 0.444, cycle_A: 0.078, idt_A: 0.113, D_B: 0.002, G_B: 1.036, cycle_B: 0.223, idt_B: 0.064

[Rank 0] (epoch: 374, iters: 456, time: 0.029, data: 0.006) , D_A: 0.139, G_A: 0.290, cycle_A: 0.084, idt_A: 0.115, D_B: 0.003, G_B: 0.951, cycle_B: 0.230, idt_B: 0.062

[Rank 0] (epoch: 374, iters: 656, time: 0.112, data: 0.003) , D_A: 0.112, G_A: 1.040, cycle_A: 0.099, idt_A: 0.121, D_B: 0.003, G_B: 1.066, cycle_B: 0.230, idt_B: 0.071

[Rank 0] (epoch: 374, iters: 856, time: 0.030, data: 0.003) , D_A: 0.061, G_A: 0.603, cycle_A: 0.084, idt_A: 0.113, D_B: 0.001, G_B: 1.005, cycle_B: 0.199, idt_B: 0.070

[Rank 0] (epoch: 374, iters: 1056, time: 0.030, data: 0.003) , D_A: 0.110, G_A: 0.621, cycle_A: 0.071, idt_A: 0.117, D_B: 0.001, G_B: 0.956, cycle_B: 0.217, idt_B: 0.056

[Rank 0] (epoch: 374, iters: 1256, time: 0.026, data: 0.007) , D_A: 0.077, G_A: 0.661, cycle_A: 0.083, idt_A: 0.113, D_B: 0.001, G_B: 0.979, cycle_B: 0.189, idt_B: 0.064

[Rank 0] (epoch: 374, iters: 1456, time: 0.030, data: 0.002) , D_A: 0.143, G_A: 0.229, cycle_A: 0.087, idt_A: 0.119, D_B: 0.001, G_B: 0.977, cycle_B: 0.210, idt_B: 0.070

[Rank 0] (epoch: 374, iters: 1656, time: 0.104, data: 0.002) , D_A: 0.087, G_A: 0.877, cycle_A: 0.074, idt_A: 0.110, D_B: 0.001, G_B: 0.981, cycle_B: 0.190, idt_B: 0.060

[Rank 0] (epoch: 374, iters: 1856, time: 0.030, data: 0.006) , D_A: 0.037, G_A: 0.850, cycle_A: 0.070, idt_A: 0.118, D_B: 0.001, G_B: 0.959, cycle_B: 0.189, idt_B: 0.056

learning rate 0.0000800 -> 0.0000800
End of epoch 374 / 500 	 Time Taken: 54 sec
[Rank 0] (epoch: 375, iters: 128, time: 0.124, data: 0.002) , D_A: 0.048, G_A: 0.591, cycle_A: 0.061, idt_A: 0.117, D_B: 0.001, G_B: 0.986, cycle_B: 0.209, idt_B: 0.047

[Rank 0] (epoch: 375, iters: 328, time: 0.030, data: 0.005) , D_A: 0.085, G_A: 0.422, cycle_A: 0.090, idt_A: 0.116, D_B: 0.001, G_B: 0.961, cycle_B: 0.209, idt_B: 0.070

[Rank 0] (epoch: 375, iters: 528, time: 0.026, data: 0.003) , D_A: 0.051, G_A: 0.605, cycle_A: 0.074, idt_A: 0.120, D_B: 0.001, G_B: 0.985, cycle_B: 0.211, idt_B: 0.056

[Rank 0] (epoch: 375, iters: 728, time: 0.126, data: 0.002) , D_A: 0.062, G_A: 0.583, cycle_A: 0.077, idt_A: 0.135, D_B: 0.001, G_B: 0.972, cycle_B: 0.199, idt_B: 0.054

[Rank 0] (epoch: 375, iters: 928, time: 0.030, data: 0.003) , D_A: 0.054, G_A: 0.709, cycle_A: 0.063, idt_A: 0.096, D_B: 0.001, G_B: 1.030, cycle_B: 0.166, idt_B: 0.044

[Rank 0] (epoch: 375, iters: 1128, time: 0.030, data: 0.002) , D_A: 0.061, G_A: 0.520, cycle_A: 0.097, idt_A: 0.110, D_B: 0.002, G_B: 0.963, cycle_B: 0.206, idt_B: 0.069

[Rank 0] (epoch: 375, iters: 1328, time: 0.029, data: 0.003) , D_A: 0.074, G_A: 0.563, cycle_A: 0.077, idt_A: 0.143, D_B: 0.002, G_B: 1.098, cycle_B: 0.239, idt_B: 0.055

[Rank 0] (epoch: 375, iters: 1528, time: 0.026, data: 0.054) , D_A: 0.118, G_A: 0.284, cycle_A: 0.075, idt_A: 0.127, D_B: 0.002, G_B: 0.933, cycle_B: 0.232, idt_B: 0.053

[Rank 0] (epoch: 375, iters: 1728, time: 0.084, data: 0.002) , D_A: 0.079, G_A: 0.376, cycle_A: 0.095, idt_A: 0.110, D_B: 0.002, G_B: 0.991, cycle_B: 0.194, idt_B: 0.071

saving the latest model (epoch 375, total_iters 530000)
[Rank 0] (epoch: 375, iters: 1928, time: 0.024, data: 0.002) , D_A: 0.055, G_A: 0.798, cycle_A: 0.090, idt_A: 0.105, D_B: 0.002, G_B: 0.955, cycle_B: 0.216, idt_B: 0.063

learning rate 0.0000800 -> 0.0000800
End of epoch 375 / 500 	 Time Taken: 54 sec
[Rank 0] (epoch: 376, iters: 200, time: 0.107, data: 1.282) , D_A: 0.113, G_A: 0.594, cycle_A: 0.094, idt_A: 0.125, D_B: 0.004, G_B: 0.975, cycle_B: 0.219, idt_B: 0.063

[Rank 0] (epoch: 376, iters: 400, time: 0.030, data: 0.002) , D_A: 0.091, G_A: 0.646, cycle_A: 0.068, idt_A: 0.103, D_B: 0.002, G_B: 0.948, cycle_B: 0.199, idt_B: 0.055

[Rank 0] (epoch: 376, iters: 600, time: 0.030, data: 0.004) , D_A: 0.110, G_A: 0.573, cycle_A: 0.087, idt_A: 0.118, D_B: 0.002, G_B: 0.967, cycle_B: 0.218, idt_B: 0.063

[Rank 0] (epoch: 376, iters: 800, time: 0.114, data: 0.005) , D_A: 0.097, G_A: 0.647, cycle_A: 0.073, idt_A: 0.104, D_B: 0.001, G_B: 0.955, cycle_B: 0.207, idt_B: 0.052

[Rank 0] (epoch: 376, iters: 1000, time: 0.030, data: 0.003) , D_A: 0.068, G_A: 0.715, cycle_A: 0.089, idt_A: 0.137, D_B: 0.001, G_B: 0.951, cycle_B: 0.209, idt_B: 0.069

[Rank 0] (epoch: 376, iters: 1200, time: 0.030, data: 0.002) , D_A: 0.091, G_A: 0.468, cycle_A: 0.091, idt_A: 0.114, D_B: 0.001, G_B: 0.994, cycle_B: 0.208, idt_B: 0.069

[Rank 0] (epoch: 376, iters: 1400, time: 0.030, data: 0.002) , D_A: 0.162, G_A: 0.555, cycle_A: 0.076, idt_A: 0.109, D_B: 0.002, G_B: 1.077, cycle_B: 0.193, idt_B: 0.061

[Rank 0] (epoch: 376, iters: 1600, time: 0.030, data: 0.002) , D_A: 0.061, G_A: 0.620, cycle_A: 0.068, idt_A: 0.128, D_B: 0.001, G_B: 1.082, cycle_B: 0.221, idt_B: 0.047

[Rank 0] (epoch: 376, iters: 1800, time: 0.120, data: 0.005) , D_A: 0.117, G_A: 0.510, cycle_A: 0.092, idt_A: 0.099, D_B: 0.001, G_B: 0.964, cycle_B: 0.178, idt_B: 0.070

learning rate 0.0000800 -> 0.0000800
End of epoch 376 / 500 	 Time Taken: 54 sec
[Rank 0] (epoch: 377, iters: 72, time: 0.110, data: 0.002) , D_A: 0.070, G_A: 0.645, cycle_A: 0.072, idt_A: 0.096, D_B: 0.001, G_B: 1.058, cycle_B: 0.188, idt_B: 0.056

[Rank 0] (epoch: 377, iters: 272, time: 0.030, data: 0.002) , D_A: 0.110, G_A: 0.456, cycle_A: 0.072, idt_A: 0.114, D_B: 0.001, G_B: 1.008, cycle_B: 0.214, idt_B: 0.052

[Rank 0] (epoch: 377, iters: 472, time: 0.026, data: 0.003) , D_A: 0.090, G_A: 0.509, cycle_A: 0.088, idt_A: 0.127, D_B: 0.001, G_B: 1.015, cycle_B: 0.241, idt_B: 0.063

[Rank 0] (epoch: 377, iters: 672, time: 0.030, data: 0.003) , D_A: 0.062, G_A: 0.546, cycle_A: 0.091, idt_A: 0.135, D_B: 0.001, G_B: 1.006, cycle_B: 0.225, idt_B: 0.066

[Rank 0] (epoch: 377, iters: 872, time: 0.112, data: 0.002) , D_A: 0.055, G_A: 0.585, cycle_A: 0.085, idt_A: 0.137, D_B: 0.001, G_B: 0.961, cycle_B: 0.216, idt_B: 0.067

[Rank 0] (epoch: 377, iters: 1072, time: 0.030, data: 0.005) , D_A: 0.094, G_A: 0.585, cycle_A: 0.068, idt_A: 0.118, D_B: 0.001, G_B: 0.972, cycle_B: 0.206, idt_B: 0.049

[Rank 0] (epoch: 377, iters: 1272, time: 0.030, data: 0.003) , D_A: 0.078, G_A: 0.509, cycle_A: 0.087, idt_A: 0.108, D_B: 0.001, G_B: 0.976, cycle_B: 0.214, idt_B: 0.071

[Rank 0] (epoch: 377, iters: 1472, time: 0.029, data: 0.003) , D_A: 0.269, G_A: 1.161, cycle_A: 0.095, idt_A: 0.116, D_B: 0.001, G_B: 0.980, cycle_B: 0.202, idt_B: 0.075

[Rank 0] (epoch: 377, iters: 1672, time: 0.030, data: 0.005) , D_A: 0.071, G_A: 0.498, cycle_A: 0.106, idt_A: 0.122, D_B: 0.001, G_B: 0.976, cycle_B: 0.218, idt_B: 0.084

[Rank 0] (epoch: 377, iters: 1872, time: 0.113, data: 0.005) , D_A: 0.034, G_A: 0.883, cycle_A: 0.065, idt_A: 0.110, D_B: 0.001, G_B: 0.977, cycle_B: 0.222, idt_B: 0.047

learning rate 0.0000800 -> 0.0000800
End of epoch 377 / 500 	 Time Taken: 54 sec
[Rank 0] (epoch: 378, iters: 144, time: 0.132, data: 0.004) , D_A: 0.137, G_A: 0.825, cycle_A: 0.076, idt_A: 0.136, D_B: 0.001, G_B: 0.975, cycle_B: 0.238, idt_B: 0.052

[Rank 0] (epoch: 378, iters: 344, time: 0.030, data: 0.004) , D_A: 0.101, G_A: 0.703, cycle_A: 0.060, idt_A: 0.164, D_B: 0.001, G_B: 0.979, cycle_B: 0.216, idt_B: 0.051

[Rank 0] (epoch: 378, iters: 544, time: 0.030, data: 0.003) , D_A: 0.126, G_A: 0.385, cycle_A: 0.072, idt_A: 0.105, D_B: 0.001, G_B: 0.975, cycle_B: 0.181, idt_B: 0.057

[Rank 0] (epoch: 378, iters: 744, time: 0.030, data: 0.002) , D_A: 0.143, G_A: 0.283, cycle_A: 0.074, idt_A: 0.119, D_B: 0.001, G_B: 1.009, cycle_B: 0.211, idt_B: 0.057

[Rank 0] (epoch: 378, iters: 944, time: 0.100, data: 0.045) , D_A: 0.105, G_A: 0.384, cycle_A: 0.087, idt_A: 0.117, D_B: 0.001, G_B: 0.995, cycle_B: 0.214, idt_B: 0.069

saving the latest model (epoch 378, total_iters 535000)
[Rank 0] (epoch: 378, iters: 1144, time: 0.030, data: 0.001) , D_A: 0.078, G_A: 0.552, cycle_A: 0.084, idt_A: 0.128, D_B: 0.002, G_B: 1.050, cycle_B: 0.202, idt_B: 0.059

[Rank 0] (epoch: 378, iters: 1344, time: 0.029, data: 0.009) , D_A: 0.124, G_A: 0.439, cycle_A: 0.060, idt_A: 0.115, D_B: 0.001, G_B: 0.997, cycle_B: 0.185, idt_B: 0.047

[Rank 0] (epoch: 378, iters: 1544, time: 0.030, data: 0.006) , D_A: 0.095, G_A: 0.537, cycle_A: 0.087, idt_A: 0.114, D_B: 0.001, G_B: 1.000, cycle_B: 0.221, idt_B: 0.057

[Rank 0] (epoch: 378, iters: 1744, time: 0.029, data: 0.004) , D_A: 0.073, G_A: 0.506, cycle_A: 0.076, idt_A: 0.117, D_B: 0.002, G_B: 0.984, cycle_B: 0.213, idt_B: 0.061

learning rate 0.0000800 -> 0.0000800
End of epoch 378 / 500 	 Time Taken: 54 sec
[Rank 0] (epoch: 379, iters: 16, time: 0.143, data: 0.002) , D_A: 0.087, G_A: 0.483, cycle_A: 0.080, idt_A: 0.131, D_B: 0.001, G_B: 1.003, cycle_B: 0.216, idt_B: 0.064

[Rank 0] (epoch: 379, iters: 216, time: 0.029, data: 0.002) , D_A: 0.065, G_A: 0.575, cycle_A: 0.068, idt_A: 0.117, D_B: 0.002, G_B: 1.029, cycle_B: 0.195, idt_B: 0.049

[Rank 0] (epoch: 379, iters: 416, time: 0.030, data: 0.002) , D_A: 0.056, G_A: 0.474, cycle_A: 0.080, idt_A: 0.128, D_B: 0.001, G_B: 1.030, cycle_B: 0.222, idt_B: 0.063

[Rank 0] (epoch: 379, iters: 616, time: 0.030, data: 0.002) , D_A: 0.059, G_A: 0.746, cycle_A: 0.068, idt_A: 0.116, D_B: 0.001, G_B: 0.945, cycle_B: 0.211, idt_B: 0.054

[Rank 0] (epoch: 379, iters: 816, time: 0.030, data: 0.003) , D_A: 0.058, G_A: 0.944, cycle_A: 0.090, idt_A: 0.117, D_B: 0.001, G_B: 1.036, cycle_B: 0.205, idt_B: 0.064

[Rank 0] (epoch: 379, iters: 1016, time: 0.100, data: 0.004) , D_A: 0.110, G_A: 0.740, cycle_A: 0.062, idt_A: 0.112, D_B: 0.002, G_B: 0.965, cycle_B: 0.195, idt_B: 0.050

[Rank 0] (epoch: 379, iters: 1216, time: 0.030, data: 0.002) , D_A: 0.074, G_A: 0.950, cycle_A: 0.082, idt_A: 0.107, D_B: 0.001, G_B: 0.962, cycle_B: 0.197, idt_B: 0.059

[Rank 0] (epoch: 379, iters: 1416, time: 0.030, data: 0.003) , D_A: 0.142, G_A: 0.288, cycle_A: 0.070, idt_A: 0.102, D_B: 0.001, G_B: 1.005, cycle_B: 0.181, idt_B: 0.053

[Rank 0] (epoch: 379, iters: 1616, time: 0.030, data: 0.002) , D_A: 0.094, G_A: 0.790, cycle_A: 0.082, idt_A: 0.108, D_B: 0.001, G_B: 0.944, cycle_B: 0.199, idt_B: 0.064

[Rank 0] (epoch: 379, iters: 1816, time: 0.030, data: 0.003) , D_A: 0.049, G_A: 0.704, cycle_A: 0.060, idt_A: 0.116, D_B: 0.000, G_B: 0.992, cycle_B: 0.200, idt_B: 0.047

learning rate 0.0000800 -> 0.0000800
End of epoch 379 / 500 	 Time Taken: 53 sec
[Rank 0] (epoch: 380, iters: 88, time: 0.132, data: 0.004) , D_A: 0.091, G_A: 0.821, cycle_A: 0.099, idt_A: 0.140, D_B: 0.001, G_B: 0.985, cycle_B: 0.212, idt_B: 0.075

[Rank 0] (epoch: 380, iters: 288, time: 0.030, data: 0.002) , D_A: 0.055, G_A: 0.647, cycle_A: 0.099, idt_A: 0.118, D_B: 0.003, G_B: 0.994, cycle_B: 0.233, idt_B: 0.076

[Rank 0] (epoch: 380, iters: 488, time: 0.030, data: 0.002) , D_A: 0.075, G_A: 0.580, cycle_A: 0.074, idt_A: 0.118, D_B: 0.001, G_B: 0.977, cycle_B: 0.216, idt_B: 0.060

[Rank 0] (epoch: 380, iters: 688, time: 0.030, data: 0.002) , D_A: 0.124, G_A: 0.663, cycle_A: 0.086, idt_A: 0.130, D_B: 0.000, G_B: 1.003, cycle_B: 0.205, idt_B: 0.058

[Rank 0] (epoch: 380, iters: 888, time: 0.027, data: 0.005) , D_A: 0.059, G_A: 0.581, cycle_A: 0.090, idt_A: 0.116, D_B: 0.000, G_B: 0.991, cycle_B: 0.228, idt_B: 0.068

[Rank 0] (epoch: 380, iters: 1088, time: 0.102, data: 0.002) , D_A: 0.137, G_A: 1.055, cycle_A: 0.088, idt_A: 0.116, D_B: 0.001, G_B: 1.009, cycle_B: 0.196, idt_B: 0.063

[Rank 0] (epoch: 380, iters: 1288, time: 0.030, data: 0.002) , D_A: 0.045, G_A: 0.674, cycle_A: 0.084, idt_A: 0.118, D_B: 0.001, G_B: 0.968, cycle_B: 0.196, idt_B: 0.060

[Rank 0] (epoch: 380, iters: 1488, time: 0.030, data: 0.004) , D_A: 0.084, G_A: 0.679, cycle_A: 0.068, idt_A: 0.108, D_B: 0.001, G_B: 0.994, cycle_B: 0.209, idt_B: 0.049

[Rank 0] (epoch: 380, iters: 1688, time: 0.030, data: 0.003) , D_A: 0.113, G_A: 0.356, cycle_A: 0.066, idt_A: 0.107, D_B: 0.001, G_B: 0.994, cycle_B: 0.198, idt_B: 0.044

[Rank 0] (epoch: 380, iters: 1888, time: 0.029, data: 0.005) , D_A: 0.051, G_A: 0.742, cycle_A: 0.093, idt_A: 0.115, D_B: 0.002, G_B: 0.978, cycle_B: 0.216, idt_B: 0.070

learning rate 0.0000800 -> 0.0000800
saving the model at the end of epoch 380, iters 539840
End of epoch 380 / 500 	 Time Taken: 54 sec
[Rank 0] (epoch: 381, iters: 160, time: 0.139, data: 0.001) , D_A: 0.074, G_A: 0.854, cycle_A: 0.150, idt_A: 0.229, D_B: 0.104, G_B: 0.532, cycle_B: 0.407, idt_B: 0.102

saving the latest model (epoch 381, total_iters 540000)
[Rank 0] (epoch: 381, iters: 360, time: 0.030, data: 0.003) , D_A: 0.046, G_A: 0.621, cycle_A: 0.148, idt_A: 0.174, D_B: 0.304, G_B: 0.312, cycle_B: 0.321, idt_B: 0.105

[Rank 0] (epoch: 381, iters: 560, time: 0.030, data: 0.003) , D_A: 0.023, G_A: 0.869, cycle_A: 0.131, idt_A: 0.180, D_B: 0.127, G_B: 0.348, cycle_B: 0.353, idt_B: 0.109

[Rank 0] (epoch: 381, iters: 760, time: 0.027, data: 0.115) , D_A: 0.056, G_A: 0.770, cycle_A: 0.200, idt_A: 0.175, D_B: 0.113, G_B: 0.502, cycle_B: 0.305, idt_B: 0.109

[Rank 0] (epoch: 381, iters: 960, time: 0.029, data: 0.002) , D_A: 0.051, G_A: 0.941, cycle_A: 0.098, idt_A: 0.144, D_B: 0.109, G_B: 0.475, cycle_B: 0.266, idt_B: 0.071

[Rank 0] (epoch: 381, iters: 1160, time: 0.129, data: 0.002) , D_A: 0.048, G_A: 0.896, cycle_A: 0.287, idt_A: 0.174, D_B: 0.112, G_B: 0.378, cycle_B: 0.315, idt_B: 0.123

[Rank 0] (epoch: 381, iters: 1360, time: 0.026, data: 0.004) , D_A: 0.027, G_A: 0.949, cycle_A: 0.121, idt_A: 0.196, D_B: 0.089, G_B: 0.785, cycle_B: 0.317, idt_B: 0.083

[Rank 0] (epoch: 381, iters: 1560, time: 0.030, data: 0.002) , D_A: 0.033, G_A: 0.718, cycle_A: 0.124, idt_A: 0.143, D_B: 0.168, G_B: 0.617, cycle_B: 0.293, idt_B: 0.085

[Rank 0] (epoch: 381, iters: 1760, time: 0.030, data: 0.002) , D_A: 0.029, G_A: 0.708, cycle_A: 0.125, idt_A: 0.172, D_B: 0.080, G_B: 0.417, cycle_B: 0.278, idt_B: 0.092

learning rate 0.0000800 -> 0.0000800
End of epoch 381 / 500 	 Time Taken: 55 sec
[Rank 0] (epoch: 382, iters: 32, time: 0.126, data: 0.002) , D_A: 0.031, G_A: 0.879, cycle_A: 0.136, idt_A: 0.126, D_B: 0.024, G_B: 0.632, cycle_B: 0.235, idt_B: 0.108

[Rank 0] (epoch: 382, iters: 232, time: 0.114, data: 0.004) , D_A: 0.026, G_A: 0.992, cycle_A: 0.124, idt_A: 0.147, D_B: 0.036, G_B: 0.692, cycle_B: 0.306, idt_B: 0.081

[Rank 0] (epoch: 382, iters: 432, time: 0.030, data: 0.002) , D_A: 0.019, G_A: 0.876, cycle_A: 0.126, idt_A: 0.155, D_B: 0.006, G_B: 0.943, cycle_B: 0.217, idt_B: 0.082

[Rank 0] (epoch: 382, iters: 632, time: 0.030, data: 0.006) , D_A: 0.021, G_A: 0.927, cycle_A: 0.113, idt_A: 0.161, D_B: 0.005, G_B: 0.847, cycle_B: 0.256, idt_B: 0.077

[Rank 0] (epoch: 382, iters: 832, time: 0.030, data: 0.005) , D_A: 0.020, G_A: 0.710, cycle_A: 0.111, idt_A: 0.146, D_B: 0.006, G_B: 0.793, cycle_B: 0.245, idt_B: 0.086

[Rank 0] (epoch: 382, iters: 1032, time: 0.026, data: 0.046) , D_A: 0.018, G_A: 0.875, cycle_A: 0.110, idt_A: 0.142, D_B: 0.010, G_B: 0.799, cycle_B: 0.260, idt_B: 0.074

[Rank 0] (epoch: 382, iters: 1232, time: 0.109, data: 0.002) , D_A: 0.022, G_A: 0.771, cycle_A: 0.106, idt_A: 0.137, D_B: 0.007, G_B: 0.859, cycle_B: 0.231, idt_B: 0.071

[Rank 0] (epoch: 382, iters: 1432, time: 0.030, data: 0.001) , D_A: 0.016, G_A: 0.849, cycle_A: 0.099, idt_A: 0.129, D_B: 0.006, G_B: 0.983, cycle_B: 0.243, idt_B: 0.066

[Rank 0] (epoch: 382, iters: 1632, time: 0.029, data: 0.004) , D_A: 0.020, G_A: 0.797, cycle_A: 0.128, idt_A: 0.142, D_B: 0.003, G_B: 0.931, cycle_B: 0.254, idt_B: 0.086

[Rank 0] (epoch: 382, iters: 1832, time: 0.030, data: 0.002) , D_A: 0.016, G_A: 0.776, cycle_A: 0.105, idt_A: 0.123, D_B: 0.008, G_B: 0.826, cycle_B: 0.205, idt_B: 0.083

learning rate 0.0000800 -> 0.0000800
End of epoch 382 / 500 	 Time Taken: 54 sec
[Rank 0] (epoch: 383, iters: 104, time: 0.136, data: 0.002) , D_A: 0.049, G_A: 0.567, cycle_A: 0.116, idt_A: 0.133, D_B: 0.008, G_B: 0.772, cycle_B: 0.216, idt_B: 0.084

[Rank 0] (epoch: 383, iters: 304, time: 0.104, data: 0.004) , D_A: 0.019, G_A: 0.795, cycle_A: 0.146, idt_A: 0.156, D_B: 0.123, G_B: 1.320, cycle_B: 0.273, idt_B: 0.133

[Rank 0] (epoch: 383, iters: 504, time: 0.030, data: 0.002) , D_A: 0.022, G_A: 0.983, cycle_A: 0.111, idt_A: 0.139, D_B: 0.015, G_B: 0.937, cycle_B: 0.247, idt_B: 0.092

[Rank 0] (epoch: 383, iters: 704, time: 0.026, data: 0.003) , D_A: 0.049, G_A: 0.511, cycle_A: 0.117, idt_A: 0.113, D_B: 0.006, G_B: 0.881, cycle_B: 0.196, idt_B: 0.097

[Rank 0] (epoch: 383, iters: 904, time: 0.026, data: 0.002) , D_A: 0.072, G_A: 0.424, cycle_A: 0.096, idt_A: 0.133, D_B: 0.054, G_B: 0.408, cycle_B: 0.244, idt_B: 0.079

[Rank 0] (epoch: 383, iters: 1104, time: 0.030, data: 0.002) , D_A: 0.028, G_A: 0.706, cycle_A: 0.073, idt_A: 0.157, D_B: 0.035, G_B: 0.998, cycle_B: 0.277, idt_B: 0.063

[Rank 0] (epoch: 383, iters: 1304, time: 0.109, data: 0.004) , D_A: 0.125, G_A: 0.876, cycle_A: 0.124, idt_A: 0.145, D_B: 0.006, G_B: 0.906, cycle_B: 0.245, idt_B: 0.091

saving the latest model (epoch 383, total_iters 545000)
[Rank 0] (epoch: 383, iters: 1504, time: 0.027, data: 0.002) , D_A: 0.041, G_A: 0.624, cycle_A: 0.092, idt_A: 0.131, D_B: 0.010, G_B: 0.968, cycle_B: 0.239, idt_B: 0.083

[Rank 0] (epoch: 383, iters: 1704, time: 0.030, data: 0.002) , D_A: 0.038, G_A: 0.677, cycle_A: 0.106, idt_A: 0.123, D_B: 0.010, G_B: 0.801, cycle_B: 0.231, idt_B: 0.080

[Rank 0] (epoch: 383, iters: 1904, time: 0.030, data: 0.002) , D_A: 0.040, G_A: 0.713, cycle_A: 0.091, idt_A: 0.118, D_B: 0.022, G_B: 0.893, cycle_B: 0.238, idt_B: 0.067

learning rate 0.0000800 -> 0.0000800
End of epoch 383 / 500 	 Time Taken: 56 sec
[Rank 0] (epoch: 384, iters: 176, time: 0.124, data: 0.002) , D_A: 0.046, G_A: 0.699, cycle_A: 0.082, idt_A: 0.126, D_B: 0.041, G_B: 1.316, cycle_B: 0.251, idt_B: 0.069

[Rank 0] (epoch: 384, iters: 376, time: 0.100, data: 0.002) , D_A: 0.076, G_A: 0.706, cycle_A: 0.074, idt_A: 0.125, D_B: 0.015, G_B: 0.718, cycle_B: 0.223, idt_B: 0.054

[Rank 0] (epoch: 384, iters: 576, time: 0.029, data: 0.003) , D_A: 0.047, G_A: 0.589, cycle_A: 0.091, idt_A: 0.119, D_B: 0.024, G_B: 1.004, cycle_B: 0.215, idt_B: 0.072

[Rank 0] (epoch: 384, iters: 776, time: 0.030, data: 0.002) , D_A: 0.049, G_A: 0.670, cycle_A: 0.083, idt_A: 0.119, D_B: 0.003, G_B: 0.948, cycle_B: 0.205, idt_B: 0.064

[Rank 0] (epoch: 384, iters: 976, time: 0.030, data: 0.004) , D_A: 0.034, G_A: 0.889, cycle_A: 0.113, idt_A: 0.134, D_B: 0.004, G_B: 0.941, cycle_B: 0.250, idt_B: 0.103

[Rank 0] (epoch: 384, iters: 1176, time: 0.026, data: 0.219) , D_A: 0.068, G_A: 0.526, cycle_A: 0.105, idt_A: 0.127, D_B: 0.005, G_B: 0.939, cycle_B: 0.246, idt_B: 0.086

[Rank 0] (epoch: 384, iters: 1376, time: 0.113, data: 0.002) , D_A: 0.189, G_A: 0.991, cycle_A: 0.105, idt_A: 0.115, D_B: 0.002, G_B: 0.905, cycle_B: 0.227, idt_B: 0.084

[Rank 0] (epoch: 384, iters: 1576, time: 0.029, data: 0.003) , D_A: 0.124, G_A: 0.449, cycle_A: 0.084, idt_A: 0.137, D_B: 0.006, G_B: 1.110, cycle_B: 0.270, idt_B: 0.060

[Rank 0] (epoch: 384, iters: 1776, time: 0.030, data: 0.002) , D_A: 0.103, G_A: 0.306, cycle_A: 0.092, idt_A: 0.117, D_B: 0.003, G_B: 0.924, cycle_B: 0.206, idt_B: 0.069

learning rate 0.0000800 -> 0.0000800
End of epoch 384 / 500 	 Time Taken: 56 sec
[Rank 0] (epoch: 385, iters: 48, time: 0.121, data: 0.002) , D_A: 0.113, G_A: 0.687, cycle_A: 0.084, idt_A: 0.098, D_B: 0.002, G_B: 0.986, cycle_B: 0.179, idt_B: 0.068

[Rank 0] (epoch: 385, iters: 248, time: 0.030, data: 0.002) , D_A: 0.040, G_A: 0.726, cycle_A: 0.090, idt_A: 0.127, D_B: 0.001, G_B: 0.975, cycle_B: 0.212, idt_B: 0.069

[Rank 0] (epoch: 385, iters: 448, time: 0.087, data: 0.002) , D_A: 0.084, G_A: 0.658, cycle_A: 0.114, idt_A: 0.125, D_B: 0.004, G_B: 1.054, cycle_B: 0.233, idt_B: 0.091

[Rank 0] (epoch: 385, iters: 648, time: 0.029, data: 0.007) , D_A: 0.141, G_A: 0.219, cycle_A: 0.080, idt_A: 0.101, D_B: 0.001, G_B: 0.912, cycle_B: 0.188, idt_B: 0.065

[Rank 0] (epoch: 385, iters: 848, time: 0.030, data: 0.002) , D_A: 0.049, G_A: 0.608, cycle_A: 0.092, idt_A: 0.132, D_B: 0.002, G_B: 1.020, cycle_B: 0.214, idt_B: 0.070

[Rank 0] (epoch: 385, iters: 1048, time: 0.029, data: 0.003) , D_A: 0.052, G_A: 0.690, cycle_A: 0.082, idt_A: 0.113, D_B: 0.002, G_B: 0.952, cycle_B: 0.215, idt_B: 0.070

[Rank 0] (epoch: 385, iters: 1248, time: 0.030, data: 0.004) , D_A: 0.168, G_A: 0.983, cycle_A: 0.074, idt_A: 0.137, D_B: 0.013, G_B: 0.963, cycle_B: 0.210, idt_B: 0.060

[Rank 0] (epoch: 385, iters: 1448, time: 0.096, data: 0.004) , D_A: 0.113, G_A: 0.936, cycle_A: 0.063, idt_A: 0.130, D_B: 0.003, G_B: 0.933, cycle_B: 0.199, idt_B: 0.050

[Rank 0] (epoch: 385, iters: 1648, time: 0.030, data: 0.002) , D_A: 0.049, G_A: 0.658, cycle_A: 0.107, idt_A: 0.132, D_B: 0.003, G_B: 0.934, cycle_B: 0.224, idt_B: 0.089

[Rank 0] (epoch: 385, iters: 1848, time: 0.026, data: 0.004) , D_A: 0.075, G_A: 0.454, cycle_A: 0.102, idt_A: 0.126, D_B: 0.005, G_B: 0.856, cycle_B: 0.216, idt_B: 0.067

learning rate 0.0000800 -> 0.0000800
End of epoch 385 / 500 	 Time Taken: 53 sec
[Rank 0] (epoch: 386, iters: 120, time: 0.156, data: 0.002) , D_A: 0.064, G_A: 0.500, cycle_A: 0.097, idt_A: 0.121, D_B: 0.002, G_B: 1.004, cycle_B: 0.212, idt_B: 0.080

[Rank 0] (epoch: 386, iters: 320, time: 0.029, data: 0.002) , D_A: 0.068, G_A: 0.783, cycle_A: 0.074, idt_A: 0.116, D_B: 0.002, G_B: 0.933, cycle_B: 0.199, idt_B: 0.057

[Rank 0] (epoch: 386, iters: 520, time: 0.120, data: 0.003) , D_A: 0.102, G_A: 0.375, cycle_A: 0.065, idt_A: 0.120, D_B: 0.001, G_B: 0.942, cycle_B: 0.227, idt_B: 0.046

saving the latest model (epoch 386, total_iters 550000)
[Rank 0] (epoch: 386, iters: 720, time: 0.029, data: 0.004) , D_A: 0.054, G_A: 0.753, cycle_A: 0.121, idt_A: 0.129, D_B: 0.004, G_B: 1.001, cycle_B: 0.205, idt_B: 0.120

[Rank 0] (epoch: 386, iters: 920, time: 0.030, data: 0.008) , D_A: 0.122, G_A: 0.246, cycle_A: 0.082, idt_A: 0.121, D_B: 0.013, G_B: 0.735, cycle_B: 0.220, idt_B: 0.063

[Rank 0] (epoch: 386, iters: 1120, time: 0.030, data: 0.002) , D_A: 0.064, G_A: 0.363, cycle_A: 0.067, idt_A: 0.136, D_B: 0.037, G_B: 0.369, cycle_B: 0.229, idt_B: 0.056

[Rank 0] (epoch: 386, iters: 1320, time: 0.029, data: 0.003) , D_A: 0.033, G_A: 0.949, cycle_A: 0.075, idt_A: 0.133, D_B: 0.034, G_B: 0.508, cycle_B: 0.277, idt_B: 0.056

[Rank 0] (epoch: 386, iters: 1520, time: 0.097, data: 0.002) , D_A: 0.103, G_A: 0.648, cycle_A: 0.091, idt_A: 0.125, D_B: 0.011, G_B: 0.939, cycle_B: 0.217, idt_B: 0.075

[Rank 0] (epoch: 386, iters: 1720, time: 0.029, data: 0.004) , D_A: 0.117, G_A: 0.933, cycle_A: 0.079, idt_A: 0.120, D_B: 0.001, G_B: 0.989, cycle_B: 0.207, idt_B: 0.056

[Rank 0] (epoch: 386, iters: 1920, time: 0.030, data: 0.007) , D_A: 0.104, G_A: 0.431, cycle_A: 0.086, idt_A: 0.129, D_B: 0.003, G_B: 0.885, cycle_B: 0.196, idt_B: 0.061

learning rate 0.0000800 -> 0.0000800
End of epoch 386 / 500 	 Time Taken: 55 sec
[Rank 0] (epoch: 387, iters: 192, time: 0.109, data: 0.001) , D_A: 0.057, G_A: 0.493, cycle_A: 0.070, idt_A: 0.115, D_B: 0.002, G_B: 0.955, cycle_B: 0.192, idt_B: 0.056

[Rank 0] (epoch: 387, iters: 392, time: 0.030, data: 0.004) , D_A: 0.140, G_A: 0.747, cycle_A: 0.107, idt_A: 0.133, D_B: 0.001, G_B: 0.966, cycle_B: 0.232, idt_B: 0.081

[Rank 0] (epoch: 387, iters: 592, time: 0.119, data: 0.002) , D_A: 0.108, G_A: 0.788, cycle_A: 0.092, idt_A: 0.112, D_B: 0.253, G_B: 1.266, cycle_B: 0.211, idt_B: 0.074

[Rank 0] (epoch: 387, iters: 792, time: 0.030, data: 0.004) , D_A: 0.051, G_A: 0.726, cycle_A: 0.081, idt_A: 0.144, D_B: 0.008, G_B: 0.953, cycle_B: 0.224, idt_B: 0.061

[Rank 0] (epoch: 387, iters: 992, time: 0.030, data: 0.004) , D_A: 0.121, G_A: 0.556, cycle_A: 0.104, idt_A: 0.122, D_B: 0.002, G_B: 0.952, cycle_B: 0.210, idt_B: 0.087

[Rank 0] (epoch: 387, iters: 1192, time: 0.030, data: 0.005) , D_A: 0.094, G_A: 0.420, cycle_A: 0.071, idt_A: 0.128, D_B: 0.001, G_B: 0.985, cycle_B: 0.205, idt_B: 0.047

[Rank 0] (epoch: 387, iters: 1392, time: 0.026, data: 0.083) , D_A: 0.082, G_A: 0.782, cycle_A: 0.078, idt_A: 0.118, D_B: 0.001, G_B: 0.990, cycle_B: 0.211, idt_B: 0.057

[Rank 0] (epoch: 387, iters: 1592, time: 0.102, data: 0.002) , D_A: 0.058, G_A: 0.625, cycle_A: 0.068, idt_A: 0.123, D_B: 0.001, G_B: 0.989, cycle_B: 0.204, idt_B: 0.051

[Rank 0] (epoch: 387, iters: 1792, time: 0.030, data: 0.002) , D_A: 0.059, G_A: 0.672, cycle_A: 0.069, idt_A: 0.137, D_B: 0.001, G_B: 0.988, cycle_B: 0.211, idt_B: 0.050

learning rate 0.0000800 -> 0.0000800
End of epoch 387 / 500 	 Time Taken: 54 sec
[Rank 0] (epoch: 388, iters: 64, time: 0.149, data: 0.003) , D_A: 0.076, G_A: 0.441, cycle_A: 0.102, idt_A: 0.118, D_B: 0.001, G_B: 0.974, cycle_B: 0.204, idt_B: 0.081

[Rank 0] (epoch: 388, iters: 264, time: 0.030, data: 0.003) , D_A: 0.125, G_A: 0.700, cycle_A: 0.087, idt_A: 0.116, D_B: 0.002, G_B: 0.899, cycle_B: 0.219, idt_B: 0.068

[Rank 0] (epoch: 388, iters: 464, time: 0.029, data: 0.004) , D_A: 0.066, G_A: 0.682, cycle_A: 0.087, idt_A: 0.155, D_B: 0.002, G_B: 0.945, cycle_B: 0.272, idt_B: 0.064

[Rank 0] (epoch: 388, iters: 664, time: 0.094, data: 0.003) , D_A: 0.091, G_A: 0.429, cycle_A: 0.079, idt_A: 0.116, D_B: 0.003, G_B: 0.958, cycle_B: 0.215, idt_B: 0.060

[Rank 0] (epoch: 388, iters: 864, time: 0.030, data: 0.002) , D_A: 0.054, G_A: 0.624, cycle_A: 0.087, idt_A: 0.104, D_B: 0.008, G_B: 0.780, cycle_B: 0.195, idt_B: 0.066

[Rank 0] (epoch: 388, iters: 1064, time: 0.029, data: 0.004) , D_A: 0.066, G_A: 0.507, cycle_A: 0.083, idt_A: 0.117, D_B: 0.001, G_B: 0.967, cycle_B: 0.188, idt_B: 0.059

[Rank 0] (epoch: 388, iters: 1264, time: 0.026, data: 0.040) , D_A: 0.069, G_A: 0.503, cycle_A: 0.084, idt_A: 0.140, D_B: 0.001, G_B: 0.992, cycle_B: 0.211, idt_B: 0.059

[Rank 0] (epoch: 388, iters: 1464, time: 0.030, data: 0.008) , D_A: 0.073, G_A: 0.476, cycle_A: 0.100, idt_A: 0.115, D_B: 0.002, G_B: 0.921, cycle_B: 0.202, idt_B: 0.070

[Rank 0] (epoch: 388, iters: 1664, time: 0.087, data: 0.002) , D_A: 2.083, G_A: 1.013, cycle_A: 0.081, idt_A: 0.150, D_B: 0.001, G_B: 0.987, cycle_B: 0.226, idt_B: 0.054

saving the latest model (epoch 388, total_iters 555000)
[Rank 0] (epoch: 388, iters: 1864, time: 0.029, data: 0.003) , D_A: 0.233, G_A: 0.237, cycle_A: 0.115, idt_A: 0.143, D_B: 0.002, G_B: 0.989, cycle_B: 0.206, idt_B: 0.082

learning rate 0.0000800 -> 0.0000800
End of epoch 388 / 500 	 Time Taken: 54 sec
[Rank 0] (epoch: 389, iters: 136, time: 0.112, data: 0.002) , D_A: 0.229, G_A: 0.217, cycle_A: 0.086, idt_A: 0.132, D_B: 0.001, G_B: 0.987, cycle_B: 0.208, idt_B: 0.076

[Rank 0] (epoch: 389, iters: 336, time: 0.030, data: 0.001) , D_A: 0.255, G_A: 0.233, cycle_A: 0.072, idt_A: 0.114, D_B: 0.001, G_B: 0.964, cycle_B: 0.203, idt_B: 0.067

[Rank 0] (epoch: 389, iters: 536, time: 0.030, data: 0.002) , D_A: 0.217, G_A: 0.293, cycle_A: 0.080, idt_A: 0.116, D_B: 0.000, G_B: 0.990, cycle_B: 0.188, idt_B: 0.079

[Rank 0] (epoch: 389, iters: 736, time: 0.111, data: 0.002) , D_A: 0.230, G_A: 0.232, cycle_A: 0.084, idt_A: 0.132, D_B: 0.000, G_B: 1.000, cycle_B: 0.212, idt_B: 0.067

[Rank 0] (epoch: 389, iters: 936, time: 0.030, data: 0.006) , D_A: 0.165, G_A: 0.371, cycle_A: 0.055, idt_A: 0.130, D_B: 0.001, G_B: 0.978, cycle_B: 0.200, idt_B: 0.048

[Rank 0] (epoch: 389, iters: 1136, time: 0.026, data: 0.007) , D_A: 0.151, G_A: 0.377, cycle_A: 0.083, idt_A: 0.136, D_B: 0.001, G_B: 0.981, cycle_B: 0.199, idt_B: 0.068

[Rank 0] (epoch: 389, iters: 1336, time: 0.030, data: 0.002) , D_A: 0.054, G_A: 0.737, cycle_A: 0.063, idt_A: 0.126, D_B: 0.001, G_B: 0.979, cycle_B: 0.199, idt_B: 0.049

[Rank 0] (epoch: 389, iters: 1536, time: 0.026, data: 0.039) , D_A: 0.085, G_A: 0.398, cycle_A: 0.071, idt_A: 0.110, D_B: 0.000, G_B: 0.991, cycle_B: 0.183, idt_B: 0.057

[Rank 0] (epoch: 389, iters: 1736, time: 0.105, data: 0.002) , D_A: 0.038, G_A: 0.812, cycle_A: 0.081, idt_A: 0.106, D_B: 0.000, G_B: 0.995, cycle_B: 0.166, idt_B: 0.064

learning rate 0.0000800 -> 0.0000800
End of epoch 389 / 500 	 Time Taken: 55 sec
[Rank 0] (epoch: 390, iters: 8, time: 0.090, data: 0.003) , D_A: 0.064, G_A: 0.580, cycle_A: 0.083, idt_A: 0.118, D_B: 0.001, G_B: 0.986, cycle_B: 0.215, idt_B: 0.065

[Rank 0] (epoch: 390, iters: 208, time: 0.030, data: 0.001) , D_A: 0.045, G_A: 0.784, cycle_A: 0.077, idt_A: 0.109, D_B: 0.001, G_B: 0.977, cycle_B: 0.187, idt_B: 0.061

[Rank 0] (epoch: 390, iters: 408, time: 0.030, data: 0.002) , D_A: 0.091, G_A: 0.408, cycle_A: 0.094, idt_A: 0.128, D_B: 0.001, G_B: 1.007, cycle_B: 0.236, idt_B: 0.072

[Rank 0] (epoch: 390, iters: 608, time: 0.030, data: 0.002) , D_A: 0.045, G_A: 0.597, cycle_A: 0.080, idt_A: 0.129, D_B: 0.001, G_B: 1.006, cycle_B: 0.221, idt_B: 0.066

[Rank 0] (epoch: 390, iters: 808, time: 0.091, data: 0.004) , D_A: 0.090, G_A: 0.613, cycle_A: 0.077, idt_A: 0.097, D_B: 0.001, G_B: 1.007, cycle_B: 0.176, idt_B: 0.057

[Rank 0] (epoch: 390, iters: 1008, time: 0.029, data: 0.003) , D_A: 0.032, G_A: 0.845, cycle_A: 0.079, idt_A: 0.111, D_B: 0.001, G_B: 1.043, cycle_B: 0.175, idt_B: 0.054

[Rank 0] (epoch: 390, iters: 1208, time: 0.030, data: 0.002) , D_A: 0.080, G_A: 0.591, cycle_A: 0.075, idt_A: 0.114, D_B: 0.001, G_B: 0.977, cycle_B: 0.212, idt_B: 0.059

[Rank 0] (epoch: 390, iters: 1408, time: 0.030, data: 0.002) , D_A: 0.094, G_A: 0.414, cycle_A: 0.090, idt_A: 0.114, D_B: 0.001, G_B: 0.916, cycle_B: 0.217, idt_B: 0.075

[Rank 0] (epoch: 390, iters: 1608, time: 0.029, data: 0.004) , D_A: 0.073, G_A: 0.428, cycle_A: 0.065, idt_A: 0.103, D_B: 0.002, G_B: 0.883, cycle_B: 0.205, idt_B: 0.055

[Rank 0] (epoch: 390, iters: 1808, time: 0.101, data: 0.005) , D_A: 0.085, G_A: 0.424, cycle_A: 0.081, idt_A: 0.144, D_B: 0.003, G_B: 0.932, cycle_B: 0.248, idt_B: 0.059

learning rate 0.0000800 -> 0.0000800
End of epoch 390 / 500 	 Time Taken: 52 sec
[Rank 0] (epoch: 391, iters: 80, time: 0.090, data: 0.002) , D_A: 0.066, G_A: 0.697, cycle_A: 0.094, idt_A: 0.142, D_B: 0.004, G_B: 1.016, cycle_B: 0.269, idt_B: 0.073

[Rank 0] (epoch: 391, iters: 280, time: 0.030, data: 0.004) , D_A: 0.053, G_A: 1.023, cycle_A: 0.070, idt_A: 0.122, D_B: 0.003, G_B: 0.876, cycle_B: 0.217, idt_B: 0.051

[Rank 0] (epoch: 391, iters: 480, time: 0.030, data: 0.003) , D_A: 0.097, G_A: 0.358, cycle_A: 0.113, idt_A: 0.142, D_B: 0.004, G_B: 0.870, cycle_B: 0.221, idt_B: 0.086

[Rank 0] (epoch: 391, iters: 680, time: 0.030, data: 0.002) , D_A: 0.072, G_A: 0.527, cycle_A: 0.071, idt_A: 0.114, D_B: 0.002, G_B: 0.949, cycle_B: 0.200, idt_B: 0.060

[Rank 0] (epoch: 391, iters: 880, time: 0.085, data: 0.004) , D_A: 0.046, G_A: 0.722, cycle_A: 0.083, idt_A: 0.125, D_B: 0.012, G_B: 0.691, cycle_B: 0.227, idt_B: 0.052

saving the latest model (epoch 391, total_iters 560000)
[Rank 0] (epoch: 391, iters: 1080, time: 0.029, data: 0.003) , D_A: 0.052, G_A: 0.741, cycle_A: 0.080, idt_A: 0.120, D_B: 0.004, G_B: 1.138, cycle_B: 0.220, idt_B: 0.064

[Rank 0] (epoch: 391, iters: 1280, time: 0.030, data: 0.003) , D_A: 0.065, G_A: 0.527, cycle_A: 0.090, idt_A: 0.119, D_B: 0.002, G_B: 0.996, cycle_B: 0.230, idt_B: 0.063

[Rank 0] (epoch: 391, iters: 1480, time: 0.030, data: 0.002) , D_A: 0.195, G_A: 0.901, cycle_A: 0.062, idt_A: 0.109, D_B: 0.002, G_B: 1.040, cycle_B: 0.194, idt_B: 0.045

[Rank 0] (epoch: 391, iters: 1680, time: 0.029, data: 0.005) , D_A: 0.100, G_A: 0.269, cycle_A: 0.072, idt_A: 0.103, D_B: 0.001, G_B: 1.022, cycle_B: 0.194, idt_B: 0.055

[Rank 0] (epoch: 391, iters: 1880, time: 0.088, data: 0.003) , D_A: 0.043, G_A: 0.776, cycle_A: 0.092, idt_A: 0.159, D_B: 0.001, G_B: 0.994, cycle_B: 0.216, idt_B: 0.065

learning rate 0.0000800 -> 0.0000800
End of epoch 391 / 500 	 Time Taken: 53 sec
[Rank 0] (epoch: 392, iters: 152, time: 0.087, data: 0.002) , D_A: 0.082, G_A: 0.626, cycle_A: 0.083, idt_A: 0.119, D_B: 0.001, G_B: 1.006, cycle_B: 0.203, idt_B: 0.054

[Rank 0] (epoch: 392, iters: 352, time: 0.030, data: 0.003) , D_A: 0.081, G_A: 0.493, cycle_A: 0.081, idt_A: 0.121, D_B: 0.001, G_B: 0.955, cycle_B: 0.210, idt_B: 0.056

[Rank 0] (epoch: 392, iters: 552, time: 0.029, data: 0.004) , D_A: 0.065, G_A: 0.691, cycle_A: 0.085, idt_A: 0.118, D_B: 0.001, G_B: 0.979, cycle_B: 0.185, idt_B: 0.067

[Rank 0] (epoch: 392, iters: 752, time: 0.030, data: 0.002) , D_A: 0.074, G_A: 0.418, cycle_A: 0.083, idt_A: 0.124, D_B: 0.001, G_B: 0.982, cycle_B: 0.214, idt_B: 0.062

[Rank 0] (epoch: 392, iters: 952, time: 0.082, data: 0.003) , D_A: 0.111, G_A: 0.414, cycle_A: 0.064, idt_A: 0.112, D_B: 0.001, G_B: 0.998, cycle_B: 0.195, idt_B: 0.052

[Rank 0] (epoch: 392, iters: 1152, time: 0.029, data: 0.004) , D_A: 0.065, G_A: 0.482, cycle_A: 0.082, idt_A: 0.121, D_B: 0.001, G_B: 1.022, cycle_B: 0.186, idt_B: 0.060

[Rank 0] (epoch: 392, iters: 1352, time: 0.029, data: 0.004) , D_A: 0.082, G_A: 0.484, cycle_A: 0.069, idt_A: 0.104, D_B: 0.001, G_B: 0.987, cycle_B: 0.181, idt_B: 0.050

[Rank 0] (epoch: 392, iters: 1552, time: 0.030, data: 0.002) , D_A: 0.060, G_A: 0.666, cycle_A: 0.089, idt_A: 0.121, D_B: 0.003, G_B: 0.982, cycle_B: 0.217, idt_B: 0.080

[Rank 0] (epoch: 392, iters: 1752, time: 0.030, data: 0.002) , D_A: 0.038, G_A: 1.032, cycle_A: 0.090, idt_A: 0.112, D_B: 0.001, G_B: 0.997, cycle_B: 0.196, idt_B: 0.071

learning rate 0.0000800 -> 0.0000800
End of epoch 392 / 500 	 Time Taken: 52 sec
[Rank 0] (epoch: 393, iters: 24, time: 0.114, data: 0.005) , D_A: 0.056, G_A: 0.601, cycle_A: 0.066, idt_A: 0.121, D_B: 0.001, G_B: 0.994, cycle_B: 0.225, idt_B: 0.048

[Rank 0] (epoch: 393, iters: 224, time: 0.030, data: 0.003) , D_A: 0.040, G_A: 0.957, cycle_A: 0.085, idt_A: 0.118, D_B: 0.002, G_B: 0.995, cycle_B: 0.196, idt_B: 0.059

[Rank 0] (epoch: 393, iters: 424, time: 0.030, data: 0.006) , D_A: 0.058, G_A: 0.637, cycle_A: 0.099, idt_A: 0.104, D_B: 0.001, G_B: 0.975, cycle_B: 0.188, idt_B: 0.081

[Rank 0] (epoch: 393, iters: 624, time: 0.031, data: 0.002) , D_A: 0.118, G_A: 0.492, cycle_A: 0.061, idt_A: 0.124, D_B: 0.002, G_B: 0.997, cycle_B: 0.209, idt_B: 0.048

[Rank 0] (epoch: 393, iters: 824, time: 0.027, data: 0.048) , D_A: 0.077, G_A: 0.683, cycle_A: 0.061, idt_A: 0.115, D_B: 0.000, G_B: 0.997, cycle_B: 0.192, idt_B: 0.043

[Rank 0] (epoch: 393, iters: 1024, time: 0.093, data: 0.002) , D_A: 0.033, G_A: 0.650, cycle_A: 0.082, idt_A: 0.133, D_B: 0.002, G_B: 0.996, cycle_B: 0.186, idt_B: 0.062

[Rank 0] (epoch: 393, iters: 1224, time: 0.030, data: 0.003) , D_A: 0.137, G_A: 0.312, cycle_A: 0.055, idt_A: 0.099, D_B: 0.000, G_B: 0.994, cycle_B: 0.189, idt_B: 0.047

[Rank 0] (epoch: 393, iters: 1424, time: 0.030, data: 0.002) , D_A: 0.036, G_A: 0.742, cycle_A: 0.103, idt_A: 0.116, D_B: 0.001, G_B: 0.991, cycle_B: 0.205, idt_B: 0.076

[Rank 0] (epoch: 393, iters: 1624, time: 0.026, data: 0.006) , D_A: 0.038, G_A: 0.730, cycle_A: 0.088, idt_A: 0.111, D_B: 0.003, G_B: 0.998, cycle_B: 0.174, idt_B: 0.068

[Rank 0] (epoch: 393, iters: 1824, time: 0.031, data: 0.002) , D_A: 0.069, G_A: 0.391, cycle_A: 0.085, idt_A: 0.126, D_B: 0.000, G_B: 1.001, cycle_B: 0.212, idt_B: 0.063

learning rate 0.0000800 -> 0.0000800
End of epoch 393 / 500 	 Time Taken: 54 sec
[Rank 0] (epoch: 394, iters: 96, time: 0.105, data: 0.005) , D_A: 0.092, G_A: 0.405, cycle_A: 0.081, idt_A: 0.137, D_B: 0.000, G_B: 0.995, cycle_B: 0.208, idt_B: 0.058

saving the latest model (epoch 394, total_iters 565000)
[Rank 0] (epoch: 394, iters: 296, time: 0.030, data: 0.005) , D_A: 0.068, G_A: 0.435, cycle_A: 0.064, idt_A: 0.113, D_B: 0.001, G_B: 0.987, cycle_B: 0.218, idt_B: 0.047

[Rank 0] (epoch: 394, iters: 496, time: 0.030, data: 0.003) , D_A: 0.088, G_A: 0.437, cycle_A: 0.078, idt_A: 0.121, D_B: 0.002, G_B: 0.996, cycle_B: 0.216, idt_B: 0.056

[Rank 0] (epoch: 394, iters: 696, time: 0.030, data: 0.003) , D_A: 0.056, G_A: 0.606, cycle_A: 0.082, idt_A: 0.105, D_B: 0.000, G_B: 0.985, cycle_B: 0.186, idt_B: 0.061

[Rank 0] (epoch: 394, iters: 896, time: 0.030, data: 0.003) , D_A: 0.046, G_A: 0.556, cycle_A: 0.093, idt_A: 0.130, D_B: 0.001, G_B: 1.005, cycle_B: 0.205, idt_B: 0.074

[Rank 0] (epoch: 394, iters: 1096, time: 0.089, data: 0.004) , D_A: 0.083, G_A: 0.659, cycle_A: 0.095, idt_A: 0.106, D_B: 0.002, G_B: 0.990, cycle_B: 0.192, idt_B: 0.070

[Rank 0] (epoch: 394, iters: 1296, time: 0.030, data: 0.003) , D_A: 0.114, G_A: 0.788, cycle_A: 0.083, idt_A: 0.130, D_B: 0.001, G_B: 0.987, cycle_B: 0.208, idt_B: 0.069

[Rank 0] (epoch: 394, iters: 1496, time: 0.030, data: 0.003) , D_A: 0.035, G_A: 0.943, cycle_A: 0.078, idt_A: 0.113, D_B: 0.001, G_B: 0.974, cycle_B: 0.193, idt_B: 0.060

[Rank 0] (epoch: 394, iters: 1696, time: 0.030, data: 0.004) , D_A: 0.036, G_A: 0.743, cycle_A: 0.087, idt_A: 0.124, D_B: 0.001, G_B: 0.989, cycle_B: 0.201, idt_B: 0.070

[Rank 0] (epoch: 394, iters: 1896, time: 0.030, data: 0.007) , D_A: 0.059, G_A: 0.401, cycle_A: 0.077, idt_A: 0.115, D_B: 0.002, G_B: 0.990, cycle_B: 0.202, idt_B: 0.056

learning rate 0.0000800 -> 0.0000800
End of epoch 394 / 500 	 Time Taken: 52 sec
[Rank 0] (epoch: 395, iters: 168, time: 0.134, data: 0.003) , D_A: 0.066, G_A: 0.791, cycle_A: 0.085, idt_A: 0.159, D_B: 0.002, G_B: 0.993, cycle_B: 0.238, idt_B: 0.067

[Rank 0] (epoch: 395, iters: 368, time: 0.030, data: 0.002) , D_A: 0.058, G_A: 0.518, cycle_A: 0.080, idt_A: 0.111, D_B: 0.002, G_B: 0.977, cycle_B: 0.196, idt_B: 0.062

[Rank 0] (epoch: 395, iters: 568, time: 0.030, data: 0.002) , D_A: 0.109, G_A: 0.747, cycle_A: 0.092, idt_A: 0.117, D_B: 0.000, G_B: 1.006, cycle_B: 0.211, idt_B: 0.072

[Rank 0] (epoch: 395, iters: 768, time: 0.030, data: 0.003) , D_A: 0.026, G_A: 0.985, cycle_A: 0.071, idt_A: 0.102, D_B: 0.001, G_B: 0.983, cycle_B: 0.175, idt_B: 0.056

[Rank 0] (epoch: 395, iters: 968, time: 0.026, data: 0.090) , D_A: 0.078, G_A: 0.600, cycle_A: 0.075, idt_A: 0.131, D_B: 0.001, G_B: 0.981, cycle_B: 0.257, idt_B: 0.054

[Rank 0] (epoch: 395, iters: 1168, time: 0.113, data: 0.002) , D_A: 0.090, G_A: 0.698, cycle_A: 0.095, idt_A: 0.137, D_B: 0.002, G_B: 0.993, cycle_B: 0.216, idt_B: 0.063

[Rank 0] (epoch: 395, iters: 1368, time: 0.029, data: 0.002) , D_A: 0.076, G_A: 0.534, cycle_A: 0.065, idt_A: 0.125, D_B: 0.001, G_B: 0.980, cycle_B: 0.195, idt_B: 0.044

[Rank 0] (epoch: 395, iters: 1568, time: 0.030, data: 0.002) , D_A: 0.060, G_A: 0.741, cycle_A: 0.068, idt_A: 0.126, D_B: 0.001, G_B: 0.971, cycle_B: 0.198, idt_B: 0.053

[Rank 0] (epoch: 395, iters: 1768, time: 0.029, data: 0.005) , D_A: 0.064, G_A: 0.380, cycle_A: 0.100, idt_A: 0.139, D_B: 0.001, G_B: 0.996, cycle_B: 0.262, idt_B: 0.072

learning rate 0.0000800 -> 0.0000800
End of epoch 395 / 500 	 Time Taken: 54 sec
[Rank 0] (epoch: 396, iters: 40, time: 0.098, data: 0.002) , D_A: 0.087, G_A: 0.390, cycle_A: 0.093, idt_A: 0.101, D_B: 0.001, G_B: 1.005, cycle_B: 0.179, idt_B: 0.068

[Rank 0] (epoch: 396, iters: 240, time: 0.109, data: 0.002) , D_A: 0.034, G_A: 0.773, cycle_A: 0.080, idt_A: 0.119, D_B: 0.001, G_B: 1.024, cycle_B: 0.207, idt_B: 0.062

[Rank 0] (epoch: 396, iters: 440, time: 0.030, data: 0.002) , D_A: 0.042, G_A: 0.672, cycle_A: 0.080, idt_A: 0.100, D_B: 0.001, G_B: 0.991, cycle_B: 0.184, idt_B: 0.060

[Rank 0] (epoch: 396, iters: 640, time: 0.030, data: 0.004) , D_A: 0.040, G_A: 0.727, cycle_A: 0.081, idt_A: 0.123, D_B: 0.001, G_B: 1.009, cycle_B: 0.226, idt_B: 0.065

[Rank 0] (epoch: 396, iters: 840, time: 0.030, data: 0.003) , D_A: 0.059, G_A: 0.543, cycle_A: 0.096, idt_A: 0.108, D_B: 0.001, G_B: 0.999, cycle_B: 0.188, idt_B: 0.079

[Rank 0] (epoch: 396, iters: 1040, time: 0.029, data: 0.036) , D_A: 0.080, G_A: 0.949, cycle_A: 0.063, idt_A: 0.130, D_B: 0.003, G_B: 0.983, cycle_B: 0.212, idt_B: 0.049

[Rank 0] (epoch: 396, iters: 1240, time: 0.120, data: 0.002) , D_A: 0.048, G_A: 0.570, cycle_A: 0.089, idt_A: 0.097, D_B: 0.001, G_B: 0.976, cycle_B: 0.169, idt_B: 0.067

saving the latest model (epoch 396, total_iters 570000)
[Rank 0] (epoch: 396, iters: 1440, time: 0.030, data: 0.003) , D_A: 0.131, G_A: 0.484, cycle_A: 0.062, idt_A: 0.126, D_B: 0.001, G_B: 0.990, cycle_B: 0.212, idt_B: 0.048

[Rank 0] (epoch: 396, iters: 1640, time: 0.029, data: 0.083) , D_A: 0.067, G_A: 0.630, cycle_A: 0.087, idt_A: 0.125, D_B: 0.002, G_B: 0.994, cycle_B: 0.216, idt_B: 0.060

[Rank 0] (epoch: 396, iters: 1840, time: 0.030, data: 0.002) , D_A: 0.061, G_A: 0.656, cycle_A: 0.072, idt_A: 0.118, D_B: 0.002, G_B: 1.012, cycle_B: 0.202, idt_B: 0.052

learning rate 0.0000800 -> 0.0000800
End of epoch 396 / 500 	 Time Taken: 55 sec
[Rank 0] (epoch: 397, iters: 112, time: 0.123, data: 0.008) , D_A: 0.158, G_A: 0.792, cycle_A: 0.080, idt_A: 0.128, D_B: 0.001, G_B: 0.997, cycle_B: 0.214, idt_B: 0.062

[Rank 0] (epoch: 397, iters: 312, time: 0.112, data: 0.002) , D_A: 0.057, G_A: 0.588, cycle_A: 0.092, idt_A: 0.124, D_B: 0.003, G_B: 1.014, cycle_B: 0.194, idt_B: 0.067

[Rank 0] (epoch: 397, iters: 512, time: 0.030, data: 0.003) , D_A: 0.035, G_A: 0.864, cycle_A: 0.072, idt_A: 0.115, D_B: 0.002, G_B: 1.017, cycle_B: 0.189, idt_B: 0.057

[Rank 0] (epoch: 397, iters: 712, time: 0.030, data: 0.002) , D_A: 0.100, G_A: 0.683, cycle_A: 0.099, idt_A: 0.106, D_B: 0.002, G_B: 1.003, cycle_B: 0.192, idt_B: 0.071

[Rank 0] (epoch: 397, iters: 912, time: 0.026, data: 0.003) , D_A: 0.069, G_A: 0.497, cycle_A: 0.063, idt_A: 0.111, D_B: 0.001, G_B: 0.975, cycle_B: 0.184, idt_B: 0.051

[Rank 0] (epoch: 397, iters: 1112, time: 0.026, data: 0.027) , D_A: 0.030, G_A: 0.871, cycle_A: 0.083, idt_A: 0.127, D_B: 0.001, G_B: 0.984, cycle_B: 0.209, idt_B: 0.064

[Rank 0] (epoch: 397, iters: 1312, time: 0.103, data: 0.002) , D_A: 0.129, G_A: 0.473, cycle_A: 0.058, idt_A: 0.105, D_B: 0.001, G_B: 1.003, cycle_B: 0.190, idt_B: 0.047

[Rank 0] (epoch: 397, iters: 1512, time: 0.029, data: 0.006) , D_A: 0.078, G_A: 0.378, cycle_A: 0.087, idt_A: 0.103, D_B: 0.004, G_B: 0.991, cycle_B: 0.205, idt_B: 0.071

[Rank 0] (epoch: 397, iters: 1712, time: 0.030, data: 0.005) , D_A: 0.056, G_A: 0.789, cycle_A: 0.087, idt_A: 0.101, D_B: 0.000, G_B: 0.984, cycle_B: 0.188, idt_B: 0.065

[Rank 0] (epoch: 397, iters: 1912, time: 0.029, data: 0.008) , D_A: 0.076, G_A: 0.786, cycle_A: 0.091, idt_A: 0.118, D_B: 0.001, G_B: 0.978, cycle_B: 0.200, idt_B: 0.066

learning rate 0.0000800 -> 0.0000800
End of epoch 397 / 500 	 Time Taken: 54 sec
[Rank 0] (epoch: 398, iters: 184, time: 0.120, data: 0.001) , D_A: 0.056, G_A: 0.624, cycle_A: 0.082, idt_A: 0.142, D_B: 0.001, G_B: 0.971, cycle_B: 0.227, idt_B: 0.056

[Rank 0] (epoch: 398, iters: 384, time: 0.099, data: 0.002) , D_A: 0.065, G_A: 0.503, cycle_A: 0.064, idt_A: 0.108, D_B: 0.001, G_B: 1.009, cycle_B: 0.185, idt_B: 0.047

[Rank 0] (epoch: 398, iters: 584, time: 0.030, data: 0.002) , D_A: 0.051, G_A: 0.594, cycle_A: 0.075, idt_A: 0.133, D_B: 0.001, G_B: 0.941, cycle_B: 0.194, idt_B: 0.058

[Rank 0] (epoch: 398, iters: 784, time: 0.030, data: 0.003) , D_A: 0.031, G_A: 0.865, cycle_A: 0.066, idt_A: 0.118, D_B: 0.001, G_B: 0.992, cycle_B: 0.201, idt_B: 0.046

[Rank 0] (epoch: 398, iters: 984, time: 0.030, data: 0.007) , D_A: 0.059, G_A: 0.464, cycle_A: 0.075, idt_A: 0.118, D_B: 0.001, G_B: 0.999, cycle_B: 0.205, idt_B: 0.061

[Rank 0] (epoch: 398, iters: 1184, time: 0.030, data: 0.011) , D_A: 0.106, G_A: 0.448, cycle_A: 0.067, idt_A: 0.117, D_B: 0.000, G_B: 0.987, cycle_B: 0.203, idt_B: 0.052

[Rank 0] (epoch: 398, iters: 1384, time: 0.084, data: 0.008) , D_A: 0.088, G_A: 0.364, cycle_A: 0.067, idt_A: 0.106, D_B: 0.001, G_B: 0.975, cycle_B: 0.194, idt_B: 0.057

[Rank 0] (epoch: 398, iters: 1584, time: 0.026, data: 0.003) , D_A: 0.122, G_A: 0.433, cycle_A: 0.089, idt_A: 0.120, D_B: 0.000, G_B: 1.002, cycle_B: 0.183, idt_B: 0.069

[Rank 0] (epoch: 398, iters: 1784, time: 0.030, data: 0.002) , D_A: 0.043, G_A: 1.037, cycle_A: 0.094, idt_A: 0.120, D_B: 0.002, G_B: 0.988, cycle_B: 0.190, idt_B: 0.064

learning rate 0.0000800 -> 0.0000800
End of epoch 398 / 500 	 Time Taken: 54 sec
[Rank 0] (epoch: 399, iters: 56, time: 0.101, data: 0.002) , D_A: 0.144, G_A: 0.480, cycle_A: 0.085, idt_A: 0.142, D_B: 0.001, G_B: 0.996, cycle_B: 0.212, idt_B: 0.068

[Rank 0] (epoch: 399, iters: 256, time: 0.030, data: 0.003) , D_A: 0.106, G_A: 0.395, cycle_A: 0.067, idt_A: 0.106, D_B: 0.001, G_B: 0.986, cycle_B: 0.184, idt_B: 0.053

[Rank 0] (epoch: 399, iters: 456, time: 0.097, data: 0.004) , D_A: 0.068, G_A: 0.580, cycle_A: 0.071, idt_A: 0.118, D_B: 0.001, G_B: 0.979, cycle_B: 0.206, idt_B: 0.058

saving the latest model (epoch 399, total_iters 575000)
[Rank 0] (epoch: 399, iters: 656, time: 0.030, data: 0.002) , D_A: 0.164, G_A: 0.822, cycle_A: 0.071, idt_A: 0.131, D_B: 0.001, G_B: 0.971, cycle_B: 0.227, idt_B: 0.045

[Rank 0] (epoch: 399, iters: 856, time: 0.029, data: 0.004) , D_A: 0.069, G_A: 0.518, cycle_A: 0.081, idt_A: 0.121, D_B: 0.001, G_B: 0.960, cycle_B: 0.200, idt_B: 0.066

[Rank 0] (epoch: 399, iters: 1056, time: 0.029, data: 0.004) , D_A: 0.087, G_A: 0.404, cycle_A: 0.091, idt_A: 0.124, D_B: 0.001, G_B: 0.978, cycle_B: 0.217, idt_B: 0.074

[Rank 0] (epoch: 399, iters: 1256, time: 0.030, data: 0.003) , D_A: 0.105, G_A: 0.486, cycle_A: 0.096, idt_A: 0.127, D_B: 0.002, G_B: 0.995, cycle_B: 0.203, idt_B: 0.071

[Rank 0] (epoch: 399, iters: 1456, time: 0.082, data: 0.003) , D_A: 0.133, G_A: 0.353, cycle_A: 0.071, idt_A: 0.145, D_B: 0.000, G_B: 1.008, cycle_B: 0.258, idt_B: 0.055

[Rank 0] (epoch: 399, iters: 1656, time: 0.029, data: 0.003) , D_A: 0.086, G_A: 0.735, cycle_A: 0.092, idt_A: 0.100, D_B: 0.001, G_B: 0.994, cycle_B: 0.164, idt_B: 0.074

[Rank 0] (epoch: 399, iters: 1856, time: 0.030, data: 0.004) , D_A: 0.049, G_A: 1.012, cycle_A: 0.078, idt_A: 0.129, D_B: 0.002, G_B: 1.013, cycle_B: 0.215, idt_B: 0.063

learning rate 0.0000800 -> 0.0000800
End of epoch 399 / 500 	 Time Taken: 53 sec
[Rank 0] (epoch: 400, iters: 128, time: 0.106, data: 0.004) , D_A: 0.042, G_A: 0.706, cycle_A: 0.083, idt_A: 0.115, D_B: 0.002, G_B: 1.008, cycle_B: 0.198, idt_B: 0.058

[Rank 0] (epoch: 400, iters: 328, time: 0.029, data: 0.006) , D_A: 0.121, G_A: 0.378, cycle_A: 0.077, idt_A: 0.121, D_B: 0.002, G_B: 1.053, cycle_B: 0.199, idt_B: 0.056

[Rank 0] (epoch: 400, iters: 528, time: 0.095, data: 0.004) , D_A: 0.080, G_A: 0.636, cycle_A: 0.086, idt_A: 0.114, D_B: 0.001, G_B: 0.982, cycle_B: 0.203, idt_B: 0.058

[Rank 0] (epoch: 400, iters: 728, time: 0.030, data: 0.003) , D_A: 0.052, G_A: 0.560, cycle_A: 0.072, idt_A: 0.123, D_B: 0.002, G_B: 1.040, cycle_B: 0.197, idt_B: 0.054

[Rank 0] (epoch: 400, iters: 928, time: 0.030, data: 0.002) , D_A: 0.075, G_A: 0.824, cycle_A: 0.070, idt_A: 0.118, D_B: 0.001, G_B: 0.989, cycle_B: 0.212, idt_B: 0.056

[Rank 0] (epoch: 400, iters: 1128, time: 0.029, data: 0.004) , D_A: 0.123, G_A: 0.530, cycle_A: 0.062, idt_A: 0.128, D_B: 0.001, G_B: 1.009, cycle_B: 0.169, idt_B: 0.053

[Rank 0] (epoch: 400, iters: 1328, time: 0.030, data: 0.002) , D_A: 0.105, G_A: 0.579, cycle_A: 0.067, idt_A: 0.124, D_B: 0.000, G_B: 1.002, cycle_B: 0.205, idt_B: 0.051

[Rank 0] (epoch: 400, iters: 1528, time: 0.104, data: 0.005) , D_A: 0.071, G_A: 0.911, cycle_A: 0.069, idt_A: 0.142, D_B: 0.000, G_B: 1.007, cycle_B: 0.237, idt_B: 0.055

[Rank 0] (epoch: 400, iters: 1728, time: 0.030, data: 0.002) , D_A: 0.032, G_A: 0.851, cycle_A: 0.073, idt_A: 0.111, D_B: 0.001, G_B: 0.960, cycle_B: 0.204, idt_B: 0.049

[Rank 0] (epoch: 400, iters: 1928, time: 0.024, data: 0.004) , D_A: 0.077, G_A: 0.394, cycle_A: 0.095, idt_A: 0.119, D_B: 0.003, G_B: 0.979, cycle_B: 0.204, idt_B: 0.072

learning rate 0.0000800 -> 0.0000792
saving the model at the end of epoch 400, iters 578400
End of epoch 400 / 500 	 Time Taken: 53 sec
[Rank 0] (epoch: 401, iters: 200, time: 0.092, data: 1.210) , D_A: 0.051, G_A: 0.375, cycle_A: 0.079, idt_A: 0.189, D_B: 0.000, G_B: 0.992, cycle_B: 0.259, idt_B: 0.056

[Rank 0] (epoch: 401, iters: 400, time: 0.030, data: 0.002) , D_A: 0.056, G_A: 0.546, cycle_A: 0.078, idt_A: 0.124, D_B: 0.001, G_B: 0.998, cycle_B: 0.223, idt_B: 0.063

[Rank 0] (epoch: 401, iters: 600, time: 0.088, data: 0.003) , D_A: 0.110, G_A: 0.753, cycle_A: 0.107, idt_A: 0.131, D_B: 0.001, G_B: 0.967, cycle_B: 0.213, idt_B: 0.087

[Rank 0] (epoch: 401, iters: 800, time: 0.029, data: 0.005) , D_A: 0.069, G_A: 0.670, cycle_A: 0.082, idt_A: 0.117, D_B: 0.001, G_B: 1.012, cycle_B: 0.211, idt_B: 0.066

[Rank 0] (epoch: 401, iters: 1000, time: 0.030, data: 0.003) , D_A: 0.043, G_A: 0.653, cycle_A: 0.079, idt_A: 0.115, D_B: 0.002, G_B: 1.001, cycle_B: 0.198, idt_B: 0.058

[Rank 0] (epoch: 401, iters: 1200, time: 0.030, data: 0.004) , D_A: 0.081, G_A: 0.250, cycle_A: 0.069, idt_A: 0.101, D_B: 0.001, G_B: 0.996, cycle_B: 0.174, idt_B: 0.059

[Rank 0] (epoch: 401, iters: 1400, time: 0.030, data: 0.002) , D_A: 0.079, G_A: 0.737, cycle_A: 0.065, idt_A: 0.122, D_B: 0.000, G_B: 0.986, cycle_B: 0.193, idt_B: 0.057

[Rank 0] (epoch: 401, iters: 1600, time: 0.104, data: 0.004) , D_A: 0.099, G_A: 0.571, cycle_A: 0.076, idt_A: 0.123, D_B: 0.000, G_B: 1.010, cycle_B: 0.189, idt_B: 0.059

saving the latest model (epoch 401, total_iters 580000)
[Rank 0] (epoch: 401, iters: 1800, time: 0.030, data: 0.004) , D_A: 0.042, G_A: 0.751, cycle_A: 0.072, idt_A: 0.109, D_B: 0.000, G_B: 0.998, cycle_B: 0.186, idt_B: 0.053

learning rate 0.0000792 -> 0.0000784
End of epoch 401 / 500 	 Time Taken: 53 sec
[Rank 0] (epoch: 402, iters: 72, time: 0.126, data: 0.005) , D_A: 0.050, G_A: 0.525, cycle_A: 0.081, idt_A: 0.108, D_B: 0.002, G_B: 1.023, cycle_B: 0.173, idt_B: 0.060

[Rank 0] (epoch: 402, iters: 272, time: 0.030, data: 0.002) , D_A: 0.113, G_A: 0.797, cycle_A: 0.073, idt_A: 0.124, D_B: 0.001, G_B: 1.004, cycle_B: 0.203, idt_B: 0.053

[Rank 0] (epoch: 402, iters: 472, time: 0.030, data: 0.004) , D_A: 0.038, G_A: 0.899, cycle_A: 0.170, idt_A: 0.123, D_B: 0.227, G_B: 0.184, cycle_B: 0.297, idt_B: 0.112

[Rank 0] (epoch: 402, iters: 672, time: 0.115, data: 0.002) , D_A: 0.023, G_A: 0.969, cycle_A: 0.129, idt_A: 0.133, D_B: 0.118, G_B: 0.399, cycle_B: 0.327, idt_B: 0.111

[Rank 0] (epoch: 402, iters: 872, time: 0.030, data: 0.003) , D_A: 0.047, G_A: 0.610, cycle_A: 0.117, idt_A: 0.108, D_B: 0.005, G_B: 0.933, cycle_B: 0.214, idt_B: 0.098

[Rank 0] (epoch: 402, iters: 1072, time: 0.030, data: 0.003) , D_A: 0.030, G_A: 0.684, cycle_A: 0.128, idt_A: 0.114, D_B: 0.002, G_B: 1.007, cycle_B: 0.230, idt_B: 0.086

[Rank 0] (epoch: 402, iters: 1272, time: 0.030, data: 0.004) , D_A: 0.016, G_A: 0.935, cycle_A: 0.152, idt_A: 0.104, D_B: 0.165, G_B: 0.471, cycle_B: 0.210, idt_B: 0.153

[Rank 0] (epoch: 402, iters: 1472, time: 0.030, data: 0.005) , D_A: 0.104, G_A: 0.531, cycle_A: 0.083, idt_A: 0.105, D_B: 0.175, G_B: 0.362, cycle_B: 0.214, idt_B: 0.063

[Rank 0] (epoch: 402, iters: 1672, time: 0.105, data: 0.008) , D_A: 0.056, G_A: 0.597, cycle_A: 0.065, idt_A: 0.123, D_B: 0.156, G_B: 0.204, cycle_B: 0.227, idt_B: 0.046

[Rank 0] (epoch: 402, iters: 1872, time: 0.030, data: 0.003) , D_A: 0.068, G_A: 0.688, cycle_A: 0.100, idt_A: 0.118, D_B: 0.236, G_B: 0.161, cycle_B: 0.226, idt_B: 0.081

learning rate 0.0000784 -> 0.0000776
End of epoch 402 / 500 	 Time Taken: 54 sec
[Rank 0] (epoch: 403, iters: 144, time: 0.133, data: 0.003) , D_A: 0.050, G_A: 0.555, cycle_A: 0.070, idt_A: 0.124, D_B: 0.103, G_B: 0.248, cycle_B: 0.235, idt_B: 0.054

[Rank 0] (epoch: 403, iters: 344, time: 0.029, data: 0.004) , D_A: 0.048, G_A: 0.895, cycle_A: 0.109, idt_A: 0.099, D_B: 0.017, G_B: 0.700, cycle_B: 0.218, idt_B: 0.084

[Rank 0] (epoch: 403, iters: 544, time: 0.030, data: 0.002) , D_A: 0.047, G_A: 0.564, cycle_A: 0.128, idt_A: 0.136, D_B: 0.018, G_B: 0.750, cycle_B: 0.254, idt_B: 0.113

[Rank 0] (epoch: 403, iters: 744, time: 0.128, data: 0.080) , D_A: 0.043, G_A: 0.661, cycle_A: 0.151, idt_A: 0.128, D_B: 0.099, G_B: 0.429, cycle_B: 0.298, idt_B: 0.106

[Rank 0] (epoch: 403, iters: 944, time: 0.030, data: 0.003) , D_A: 0.049, G_A: 0.676, cycle_A: 0.144, idt_A: 0.104, D_B: 0.067, G_B: 0.485, cycle_B: 0.206, idt_B: 0.106

[Rank 0] (epoch: 403, iters: 1144, time: 0.030, data: 0.002) , D_A: 0.083, G_A: 1.137, cycle_A: 0.084, idt_A: 0.127, D_B: 0.088, G_B: 0.427, cycle_B: 0.251, idt_B: 0.066

[Rank 0] (epoch: 403, iters: 1344, time: 0.026, data: 0.078) , D_A: 0.090, G_A: 0.379, cycle_A: 0.082, idt_A: 0.110, D_B: 0.056, G_B: 0.515, cycle_B: 0.245, idt_B: 0.061

[Rank 0] (epoch: 403, iters: 1544, time: 0.030, data: 0.002) , D_A: 0.036, G_A: 0.636, cycle_A: 0.076, idt_A: 0.113, D_B: 0.016, G_B: 0.785, cycle_B: 0.251, idt_B: 0.061

[Rank 0] (epoch: 403, iters: 1744, time: 0.117, data: 0.006) , D_A: 0.079, G_A: 0.549, cycle_A: 0.091, idt_A: 0.111, D_B: 0.003, G_B: 0.976, cycle_B: 0.232, idt_B: 0.058

learning rate 0.0000776 -> 0.0000768
End of epoch 403 / 500 	 Time Taken: 55 sec
[Rank 0] (epoch: 404, iters: 16, time: 0.113, data: 0.004) , D_A: 0.104, G_A: 0.316, cycle_A: 0.060, idt_A: 0.101, D_B: 0.009, G_B: 0.858, cycle_B: 0.207, idt_B: 0.044

[Rank 0] (epoch: 404, iters: 216, time: 0.030, data: 0.004) , D_A: 0.072, G_A: 0.629, cycle_A: 0.097, idt_A: 0.122, D_B: 0.003, G_B: 0.889, cycle_B: 0.236, idt_B: 0.074

[Rank 0] (epoch: 404, iters: 416, time: 0.030, data: 0.003) , D_A: 0.057, G_A: 0.597, cycle_A: 0.078, idt_A: 0.129, D_B: 0.010, G_B: 0.925, cycle_B: 0.240, idt_B: 0.052

[Rank 0] (epoch: 404, iters: 616, time: 0.029, data: 0.003) , D_A: 0.056, G_A: 0.767, cycle_A: 0.108, idt_A: 0.122, D_B: 0.018, G_B: 0.828, cycle_B: 0.220, idt_B: 0.093

[Rank 0] (epoch: 404, iters: 816, time: 0.088, data: 0.003) , D_A: 0.059, G_A: 0.777, cycle_A: 0.111, idt_A: 0.116, D_B: 0.080, G_B: 0.870, cycle_B: 0.218, idt_B: 0.091

saving the latest model (epoch 404, total_iters 585000)
[Rank 0] (epoch: 404, iters: 1016, time: 0.029, data: 0.005) , D_A: 0.057, G_A: 0.650, cycle_A: 0.118, idt_A: 0.098, D_B: 0.144, G_B: 0.310, cycle_B: 0.196, idt_B: 0.102

[Rank 0] (epoch: 404, iters: 1216, time: 0.029, data: 0.003) , D_A: 0.124, G_A: 0.836, cycle_A: 0.095, idt_A: 0.118, D_B: 0.061, G_B: 0.288, cycle_B: 0.219, idt_B: 0.075

[Rank 0] (epoch: 404, iters: 1416, time: 0.030, data: 0.003) , D_A: 0.148, G_A: 0.916, cycle_A: 0.089, idt_A: 0.113, D_B: 0.008, G_B: 0.924, cycle_B: 0.223, idt_B: 0.074

[Rank 0] (epoch: 404, iters: 1616, time: 0.030, data: 0.003) , D_A: 0.130, G_A: 0.741, cycle_A: 0.109, idt_A: 0.103, D_B: 0.005, G_B: 0.892, cycle_B: 0.225, idt_B: 0.087

[Rank 0] (epoch: 404, iters: 1816, time: 0.090, data: 0.005) , D_A: 0.134, G_A: 0.807, cycle_A: 0.087, idt_A: 0.134, D_B: 0.118, G_B: 0.609, cycle_B: 0.229, idt_B: 0.069

learning rate 0.0000768 -> 0.0000760
End of epoch 404 / 500 	 Time Taken: 52 sec
[Rank 0] (epoch: 405, iters: 88, time: 0.091, data: 0.004) , D_A: 0.058, G_A: 1.316, cycle_A: 0.111, idt_A: 0.114, D_B: 0.137, G_B: 0.295, cycle_B: 0.235, idt_B: 0.088

[Rank 0] (epoch: 405, iters: 288, time: 0.030, data: 0.004) , D_A: 0.209, G_A: 1.130, cycle_A: 0.064, idt_A: 0.109, D_B: 0.309, G_B: 0.733, cycle_B: 0.239, idt_B: 0.054

[Rank 0] (epoch: 405, iters: 488, time: 0.029, data: 0.005) , D_A: 0.029, G_A: 0.800, cycle_A: 0.084, idt_A: 0.120, D_B: 0.058, G_B: 0.652, cycle_B: 0.260, idt_B: 0.066

[Rank 0] (epoch: 405, iters: 688, time: 0.030, data: 0.003) , D_A: 0.058, G_A: 0.568, cycle_A: 0.087, idt_A: 0.118, D_B: 0.070, G_B: 0.487, cycle_B: 0.244, idt_B: 0.067

[Rank 0] (epoch: 405, iters: 888, time: 0.094, data: 0.002) , D_A: 0.143, G_A: 0.807, cycle_A: 0.084, idt_A: 0.111, D_B: 0.081, G_B: 0.453, cycle_B: 0.212, idt_B: 0.064

[Rank 0] (epoch: 405, iters: 1088, time: 0.029, data: 0.002) , D_A: 0.073, G_A: 0.418, cycle_A: 0.096, idt_A: 0.106, D_B: 0.107, G_B: 0.844, cycle_B: 0.223, idt_B: 0.074

[Rank 0] (epoch: 405, iters: 1288, time: 0.030, data: 0.004) , D_A: 0.049, G_A: 0.673, cycle_A: 0.102, idt_A: 0.102, D_B: 0.027, G_B: 0.632, cycle_B: 0.241, idt_B: 0.068

[Rank 0] (epoch: 405, iters: 1488, time: 0.029, data: 0.004) , D_A: 0.168, G_A: 0.925, cycle_A: 0.088, idt_A: 0.099, D_B: 0.050, G_B: 0.485, cycle_B: 0.216, idt_B: 0.066

[Rank 0] (epoch: 405, iters: 1688, time: 0.030, data: 0.002) , D_A: 0.046, G_A: 0.679, cycle_A: 0.124, idt_A: 0.109, D_B: 0.133, G_B: 0.664, cycle_B: 0.226, idt_B: 0.084

[Rank 0] (epoch: 405, iters: 1888, time: 0.090, data: 0.003) , D_A: 0.075, G_A: 0.607, cycle_A: 0.088, idt_A: 0.109, D_B: 0.210, G_B: 0.601, cycle_B: 0.237, idt_B: 0.068

learning rate 0.0000760 -> 0.0000752
End of epoch 405 / 500 	 Time Taken: 53 sec
[Rank 0] (epoch: 406, iters: 160, time: 0.111, data: 0.001) , D_A: 0.074, G_A: 0.691, cycle_A: 0.094, idt_A: 0.110, D_B: 0.150, G_B: 0.445, cycle_B: 0.252, idt_B: 0.071

[Rank 0] (epoch: 406, iters: 360, time: 0.030, data: 0.002) , D_A: 0.057, G_A: 0.586, cycle_A: 0.096, idt_A: 0.144, D_B: 0.090, G_B: 0.686, cycle_B: 0.233, idt_B: 0.073

[Rank 0] (epoch: 406, iters: 560, time: 0.030, data: 0.002) , D_A: 0.064, G_A: 0.652, cycle_A: 0.085, idt_A: 0.115, D_B: 0.118, G_B: 0.408, cycle_B: 0.222, idt_B: 0.064

[Rank 0] (epoch: 406, iters: 760, time: 0.029, data: 0.005) , D_A: 0.051, G_A: 0.714, cycle_A: 0.091, idt_A: 0.132, D_B: 0.055, G_B: 0.603, cycle_B: 0.242, idt_B: 0.066

[Rank 0] (epoch: 406, iters: 960, time: 0.080, data: 0.002) , D_A: 0.057, G_A: 0.741, cycle_A: 0.085, idt_A: 0.123, D_B: 0.012, G_B: 0.943, cycle_B: 0.224, idt_B: 0.072

[Rank 0] (epoch: 406, iters: 1160, time: 0.030, data: 0.002) , D_A: 0.066, G_A: 0.476, cycle_A: 0.106, idt_A: 0.120, D_B: 0.012, G_B: 0.933, cycle_B: 0.229, idt_B: 0.089

[Rank 0] (epoch: 406, iters: 1360, time: 0.030, data: 0.003) , D_A: 0.083, G_A: 0.484, cycle_A: 0.122, idt_A: 0.130, D_B: 0.021, G_B: 0.699, cycle_B: 0.251, idt_B: 0.092

[Rank 0] (epoch: 406, iters: 1560, time: 0.027, data: 0.006) , D_A: 0.050, G_A: 0.577, cycle_A: 0.077, idt_A: 0.115, D_B: 0.126, G_B: 0.821, cycle_B: 0.251, idt_B: 0.060

[Rank 0] (epoch: 406, iters: 1760, time: 0.029, data: 0.003) , D_A: 0.092, G_A: 0.872, cycle_A: 0.071, idt_A: 0.107, D_B: 0.129, G_B: 0.456, cycle_B: 0.222, idt_B: 0.054

learning rate 0.0000752 -> 0.0000745
End of epoch 406 / 500 	 Time Taken: 52 sec
[Rank 0] (epoch: 407, iters: 32, time: 0.116, data: 0.002) , D_A: 0.051, G_A: 0.853, cycle_A: 0.088, idt_A: 0.122, D_B: 0.094, G_B: 0.644, cycle_B: 0.268, idt_B: 0.056

saving the latest model (epoch 407, total_iters 590000)
[Rank 0] (epoch: 407, iters: 232, time: 0.029, data: 0.006) , D_A: 0.106, G_A: 0.543, cycle_A: 0.082, idt_A: 0.125, D_B: 0.074, G_B: 0.490, cycle_B: 0.276, idt_B: 0.057

[Rank 0] (epoch: 407, iters: 432, time: 0.030, data: 0.004) , D_A: 0.047, G_A: 0.775, cycle_A: 0.096, idt_A: 0.125, D_B: 0.006, G_B: 0.929, cycle_B: 0.238, idt_B: 0.068

[Rank 0] (epoch: 407, iters: 632, time: 0.030, data: 0.002) , D_A: 0.103, G_A: 0.371, cycle_A: 0.100, idt_A: 0.107, D_B: 0.028, G_B: 0.568, cycle_B: 0.214, idt_B: 0.064

[Rank 0] (epoch: 407, iters: 832, time: 0.027, data: 0.079) , D_A: 0.054, G_A: 0.578, cycle_A: 0.068, idt_A: 0.115, D_B: 0.007, G_B: 0.951, cycle_B: 0.222, idt_B: 0.055

[Rank 0] (epoch: 407, iters: 1032, time: 0.122, data: 0.002) , D_A: 0.085, G_A: 0.697, cycle_A: 0.088, idt_A: 0.130, D_B: 0.011, G_B: 0.951, cycle_B: 0.218, idt_B: 0.066

[Rank 0] (epoch: 407, iters: 1232, time: 0.029, data: 0.003) , D_A: 0.074, G_A: 0.546, cycle_A: 0.098, idt_A: 0.115, D_B: 0.008, G_B: 0.955, cycle_B: 0.210, idt_B: 0.075

[Rank 0] (epoch: 407, iters: 1432, time: 0.030, data: 0.003) , D_A: 0.168, G_A: 0.927, cycle_A: 0.092, idt_A: 0.140, D_B: 0.004, G_B: 0.950, cycle_B: 0.228, idt_B: 0.069

[Rank 0] (epoch: 407, iters: 1632, time: 0.031, data: 0.003) , D_A: 0.077, G_A: 0.585, cycle_A: 0.073, idt_A: 0.125, D_B: 0.016, G_B: 0.557, cycle_B: 0.248, idt_B: 0.054

[Rank 0] (epoch: 407, iters: 1832, time: 0.029, data: 0.004) , D_A: 0.033, G_A: 0.885, cycle_A: 0.069, idt_A: 0.116, D_B: 0.004, G_B: 0.962, cycle_B: 0.200, idt_B: 0.052

learning rate 0.0000745 -> 0.0000737
End of epoch 407 / 500 	 Time Taken: 54 sec
[Rank 0] (epoch: 408, iters: 104, time: 0.124, data: 0.054) , D_A: 0.078, G_A: 0.897, cycle_A: 0.104, idt_A: 0.113, D_B: 0.003, G_B: 0.960, cycle_B: 0.205, idt_B: 0.070

[Rank 0] (epoch: 408, iters: 304, time: 0.030, data: 0.002) , D_A: 0.077, G_A: 0.840, cycle_A: 0.086, idt_A: 0.116, D_B: 0.002, G_B: 0.972, cycle_B: 0.198, idt_B: 0.067

[Rank 0] (epoch: 408, iters: 504, time: 0.029, data: 0.006) , D_A: 0.058, G_A: 1.154, cycle_A: 0.093, idt_A: 0.131, D_B: 0.005, G_B: 0.836, cycle_B: 0.234, idt_B: 0.067

[Rank 0] (epoch: 408, iters: 704, time: 0.030, data: 0.004) , D_A: 0.067, G_A: 0.553, cycle_A: 0.087, idt_A: 0.105, D_B: 0.008, G_B: 0.763, cycle_B: 0.192, idt_B: 0.070

[Rank 0] (epoch: 408, iters: 904, time: 0.030, data: 0.002) , D_A: 0.086, G_A: 0.483, cycle_A: 0.101, idt_A: 0.109, D_B: 0.003, G_B: 0.915, cycle_B: 0.201, idt_B: 0.072

[Rank 0] (epoch: 408, iters: 1104, time: 0.096, data: 0.002) , D_A: 0.144, G_A: 0.769, cycle_A: 0.064, idt_A: 0.113, D_B: 0.002, G_B: 0.970, cycle_B: 0.212, idt_B: 0.044

[Rank 0] (epoch: 408, iters: 1304, time: 0.029, data: 0.004) , D_A: 0.096, G_A: 0.446, cycle_A: 0.075, idt_A: 0.114, D_B: 0.003, G_B: 0.987, cycle_B: 0.185, idt_B: 0.056

[Rank 0] (epoch: 408, iters: 1504, time: 0.030, data: 0.005) , D_A: 0.078, G_A: 0.611, cycle_A: 0.094, idt_A: 0.112, D_B: 0.009, G_B: 0.763, cycle_B: 0.203, idt_B: 0.075

[Rank 0] (epoch: 408, iters: 1704, time: 0.030, data: 0.002) , D_A: 0.142, G_A: 0.811, cycle_A: 0.066, idt_A: 0.102, D_B: 0.008, G_B: 0.953, cycle_B: 0.214, idt_B: 0.046

[Rank 0] (epoch: 408, iters: 1904, time: 0.030, data: 0.003) , D_A: 0.069, G_A: 0.877, cycle_A: 0.084, idt_A: 0.121, D_B: 0.003, G_B: 0.926, cycle_B: 0.201, idt_B: 0.064

learning rate 0.0000737 -> 0.0000729
End of epoch 408 / 500 	 Time Taken: 52 sec
[Rank 0] (epoch: 409, iters: 176, time: 0.131, data: 0.035) , D_A: 0.089, G_A: 0.347, cycle_A: 0.108, idt_A: 0.114, D_B: 0.006, G_B: 1.033, cycle_B: 0.236, idt_B: 0.092

[Rank 0] (epoch: 409, iters: 376, time: 0.029, data: 0.003) , D_A: 0.051, G_A: 0.452, cycle_A: 0.074, idt_A: 0.132, D_B: 0.005, G_B: 0.862, cycle_B: 0.237, idt_B: 0.055

[Rank 0] (epoch: 409, iters: 576, time: 0.030, data: 0.002) , D_A: 0.113, G_A: 0.342, cycle_A: 0.065, idt_A: 0.104, D_B: 0.003, G_B: 1.097, cycle_B: 0.212, idt_B: 0.051

[Rank 0] (epoch: 409, iters: 776, time: 0.030, data: 0.007) , D_A: 0.071, G_A: 0.478, cycle_A: 0.072, idt_A: 0.108, D_B: 0.001, G_B: 0.973, cycle_B: 0.207, idt_B: 0.055

[Rank 0] (epoch: 409, iters: 976, time: 0.030, data: 0.019) , D_A: 0.057, G_A: 0.627, cycle_A: 0.085, idt_A: 0.105, D_B: 0.006, G_B: 0.891, cycle_B: 0.216, idt_B: 0.065

[Rank 0] (epoch: 409, iters: 1176, time: 0.138, data: 0.002) , D_A: 0.081, G_A: 0.828, cycle_A: 0.073, idt_A: 0.122, D_B: 0.002, G_B: 0.943, cycle_B: 0.200, idt_B: 0.051

saving the latest model (epoch 409, total_iters 595000)
[Rank 0] (epoch: 409, iters: 1376, time: 0.030, data: 0.003) , D_A: 0.087, G_A: 0.782, cycle_A: 0.088, idt_A: 0.101, D_B: 0.011, G_B: 0.904, cycle_B: 0.193, idt_B: 0.072

[Rank 0] (epoch: 409, iters: 1576, time: 0.029, data: 0.013) , D_A: 0.091, G_A: 0.411, cycle_A: 0.112, idt_A: 0.123, D_B: 0.010, G_B: 0.911, cycle_B: 0.254, idt_B: 0.093

[Rank 0] (epoch: 409, iters: 1776, time: 0.030, data: 0.002) , D_A: 0.083, G_A: 0.934, cycle_A: 0.088, idt_A: 0.115, D_B: 0.033, G_B: 0.957, cycle_B: 0.245, idt_B: 0.063

learning rate 0.0000729 -> 0.0000721
End of epoch 409 / 500 	 Time Taken: 54 sec
[Rank 0] (epoch: 410, iters: 48, time: 0.121, data: 0.003) , D_A: 0.074, G_A: 0.292, cycle_A: 0.109, idt_A: 0.118, D_B: 0.073, G_B: 0.525, cycle_B: 0.219, idt_B: 0.083

[Rank 0] (epoch: 410, iters: 248, time: 0.121, data: 0.002) , D_A: 0.081, G_A: 0.483, cycle_A: 0.082, idt_A: 0.104, D_B: 0.006, G_B: 0.997, cycle_B: 0.180, idt_B: 0.061

[Rank 0] (epoch: 410, iters: 448, time: 0.030, data: 0.004) , D_A: 0.057, G_A: 0.595, cycle_A: 0.109, idt_A: 0.122, D_B: 0.003, G_B: 0.968, cycle_B: 0.194, idt_B: 0.085

[Rank 0] (epoch: 410, iters: 648, time: 0.026, data: 0.004) , D_A: 0.037, G_A: 0.696, cycle_A: 0.093, idt_A: 0.111, D_B: 0.002, G_B: 1.033, cycle_B: 0.205, idt_B: 0.075

[Rank 0] (epoch: 410, iters: 848, time: 0.030, data: 0.002) , D_A: 0.088, G_A: 0.663, cycle_A: 0.084, idt_A: 0.119, D_B: 0.002, G_B: 1.007, cycle_B: 0.195, idt_B: 0.060

[Rank 0] (epoch: 410, iters: 1048, time: 0.030, data: 0.005) , D_A: 0.094, G_A: 0.478, cycle_A: 0.079, idt_A: 0.100, D_B: 0.002, G_B: 0.921, cycle_B: 0.194, idt_B: 0.063

[Rank 0] (epoch: 410, iters: 1248, time: 0.095, data: 0.002) , D_A: 0.058, G_A: 0.507, cycle_A: 0.076, idt_A: 0.131, D_B: 0.001, G_B: 1.007, cycle_B: 0.207, idt_B: 0.058

[Rank 0] (epoch: 410, iters: 1448, time: 0.029, data: 0.005) , D_A: 0.117, G_A: 0.944, cycle_A: 0.066, idt_A: 0.118, D_B: 0.002, G_B: 0.963, cycle_B: 0.199, idt_B: 0.047

[Rank 0] (epoch: 410, iters: 1648, time: 0.030, data: 0.003) , D_A: 0.056, G_A: 0.707, cycle_A: 0.054, idt_A: 0.100, D_B: 0.001, G_B: 0.964, cycle_B: 0.174, idt_B: 0.036

[Rank 0] (epoch: 410, iters: 1848, time: 0.030, data: 0.003) , D_A: 0.112, G_A: 0.348, cycle_A: 0.094, idt_A: 0.099, D_B: 0.001, G_B: 0.999, cycle_B: 0.175, idt_B: 0.066

learning rate 0.0000721 -> 0.0000713
End of epoch 410 / 500 	 Time Taken: 55 sec
[Rank 0] (epoch: 411, iters: 120, time: 0.094, data: 0.003) , D_A: 0.048, G_A: 0.592, cycle_A: 0.092, idt_A: 0.120, D_B: 0.001, G_B: 0.995, cycle_B: 0.224, idt_B: 0.069

[Rank 0] (epoch: 411, iters: 320, time: 0.094, data: 0.004) , D_A: 0.076, G_A: 0.661, cycle_A: 0.108, idt_A: 0.124, D_B: 0.002, G_B: 0.958, cycle_B: 0.221, idt_B: 0.083

[Rank 0] (epoch: 411, iters: 520, time: 0.029, data: 0.003) , D_A: 0.081, G_A: 0.379, cycle_A: 0.066, idt_A: 0.136, D_B: 0.001, G_B: 0.961, cycle_B: 0.220, idt_B: 0.046

[Rank 0] (epoch: 411, iters: 720, time: 0.030, data: 0.003) , D_A: 0.090, G_A: 0.678, cycle_A: 0.080, idt_A: 0.098, D_B: 0.001, G_B: 0.976, cycle_B: 0.178, idt_B: 0.057

[Rank 0] (epoch: 411, iters: 920, time: 0.030, data: 0.002) , D_A: 0.172, G_A: 0.466, cycle_A: 0.069, idt_A: 0.103, D_B: 0.002, G_B: 0.979, cycle_B: 0.185, idt_B: 0.057

[Rank 0] (epoch: 411, iters: 1120, time: 0.029, data: 0.004) , D_A: 0.106, G_A: 0.646, cycle_A: 0.085, idt_A: 0.110, D_B: 0.001, G_B: 0.984, cycle_B: 0.192, idt_B: 0.060

[Rank 0] (epoch: 411, iters: 1320, time: 0.092, data: 0.004) , D_A: 0.100, G_A: 0.319, cycle_A: 0.071, idt_A: 0.113, D_B: 0.001, G_B: 0.991, cycle_B: 0.201, idt_B: 0.057

[Rank 0] (epoch: 411, iters: 1520, time: 0.030, data: 0.002) , D_A: 0.047, G_A: 0.704, cycle_A: 0.100, idt_A: 0.118, D_B: 0.001, G_B: 1.005, cycle_B: 0.208, idt_B: 0.064

[Rank 0] (epoch: 411, iters: 1720, time: 0.030, data: 0.003) , D_A: 0.094, G_A: 0.453, cycle_A: 0.072, idt_A: 0.096, D_B: 0.001, G_B: 0.981, cycle_B: 0.173, idt_B: 0.056

[Rank 0] (epoch: 411, iters: 1920, time: 0.030, data: 0.003) , D_A: 0.046, G_A: 0.627, cycle_A: 0.061, idt_A: 0.104, D_B: 0.002, G_B: 0.945, cycle_B: 0.204, idt_B: 0.042

learning rate 0.0000713 -> 0.0000705
End of epoch 411 / 500 	 Time Taken: 52 sec
[Rank 0] (epoch: 412, iters: 192, time: 0.108, data: 0.003) , D_A: 0.056, G_A: 0.624, cycle_A: 0.094, idt_A: 0.104, D_B: 0.001, G_B: 0.988, cycle_B: 0.188, idt_B: 0.066

[Rank 0] (epoch: 412, iters: 392, time: 0.090, data: 0.003) , D_A: 0.060, G_A: 0.509, cycle_A: 0.101, idt_A: 0.105, D_B: 0.001, G_B: 0.948, cycle_B: 0.207, idt_B: 0.073

saving the latest model (epoch 412, total_iters 600000)
[Rank 0] (epoch: 412, iters: 592, time: 0.030, data: 0.002) , D_A: 0.076, G_A: 0.535, cycle_A: 0.080, idt_A: 0.120, D_B: 0.001, G_B: 0.978, cycle_B: 0.203, idt_B: 0.067

[Rank 0] (epoch: 412, iters: 792, time: 0.029, data: 0.004) , D_A: 0.111, G_A: 0.680, cycle_A: 0.090, idt_A: 0.114, D_B: 0.001, G_B: 0.987, cycle_B: 0.209, idt_B: 0.070

[Rank 0] (epoch: 412, iters: 992, time: 0.029, data: 0.002) , D_A: 0.066, G_A: 0.563, cycle_A: 0.066, idt_A: 0.107, D_B: 0.001, G_B: 1.012, cycle_B: 0.209, idt_B: 0.052

[Rank 0] (epoch: 412, iters: 1192, time: 0.030, data: 0.002) , D_A: 0.050, G_A: 0.788, cycle_A: 0.061, idt_A: 0.115, D_B: 0.001, G_B: 1.000, cycle_B: 0.215, idt_B: 0.047

[Rank 0] (epoch: 412, iters: 1392, time: 0.098, data: 0.003) , D_A: 0.051, G_A: 1.034, cycle_A: 0.079, idt_A: 0.138, D_B: 0.001, G_B: 0.978, cycle_B: 0.207, idt_B: 0.057

[Rank 0] (epoch: 412, iters: 1592, time: 0.029, data: 0.004) , D_A: 0.041, G_A: 0.891, cycle_A: 0.057, idt_A: 0.118, D_B: 0.002, G_B: 0.943, cycle_B: 0.208, idt_B: 0.037

[Rank 0] (epoch: 412, iters: 1792, time: 0.030, data: 0.003) , D_A: 0.062, G_A: 0.551, cycle_A: 0.064, idt_A: 0.088, D_B: 0.002, G_B: 0.956, cycle_B: 0.159, idt_B: 0.049

learning rate 0.0000705 -> 0.0000697
End of epoch 412 / 500 	 Time Taken: 52 sec
[Rank 0] (epoch: 413, iters: 64, time: 0.141, data: 0.003) , D_A: 0.121, G_A: 0.830, cycle_A: 0.082, idt_A: 0.124, D_B: 0.003, G_B: 0.882, cycle_B: 0.218, idt_B: 0.054

[Rank 0] (epoch: 413, iters: 264, time: 0.030, data: 0.005) , D_A: 0.058, G_A: 0.706, cycle_A: 0.086, idt_A: 0.092, D_B: 0.001, G_B: 0.970, cycle_B: 0.170, idt_B: 0.067

[Rank 0] (epoch: 413, iters: 464, time: 0.110, data: 0.004) , D_A: 0.113, G_A: 0.277, cycle_A: 0.091, idt_A: 0.108, D_B: 0.001, G_B: 0.999, cycle_B: 0.194, idt_B: 0.064

[Rank 0] (epoch: 413, iters: 664, time: 0.030, data: 0.002) , D_A: 0.070, G_A: 0.638, cycle_A: 0.069, idt_A: 0.110, D_B: 0.001, G_B: 1.014, cycle_B: 0.188, idt_B: 0.059

[Rank 0] (epoch: 413, iters: 864, time: 0.030, data: 0.003) , D_A: 0.061, G_A: 0.584, cycle_A: 0.090, idt_A: 0.096, D_B: 0.001, G_B: 0.932, cycle_B: 0.177, idt_B: 0.064

[Rank 0] (epoch: 413, iters: 1064, time: 0.029, data: 0.003) , D_A: 0.050, G_A: 0.737, cycle_A: 0.073, idt_A: 0.095, D_B: 0.001, G_B: 0.988, cycle_B: 0.173, idt_B: 0.057

[Rank 0] (epoch: 413, iters: 1264, time: 0.031, data: 0.003) , D_A: 0.052, G_A: 0.696, cycle_A: 0.073, idt_A: 0.109, D_B: 0.001, G_B: 0.968, cycle_B: 0.215, idt_B: 0.054

[Rank 0] (epoch: 413, iters: 1464, time: 0.124, data: 0.003) , D_A: 0.044, G_A: 0.939, cycle_A: 0.062, idt_A: 0.115, D_B: 0.001, G_B: 1.002, cycle_B: 0.200, idt_B: 0.043

[Rank 0] (epoch: 413, iters: 1664, time: 0.027, data: 0.005) , D_A: 0.085, G_A: 0.662, cycle_A: 0.074, idt_A: 0.104, D_B: 0.001, G_B: 0.979, cycle_B: 0.192, idt_B: 0.056

[Rank 0] (epoch: 413, iters: 1864, time: 0.030, data: 0.002) , D_A: 0.047, G_A: 0.777, cycle_A: 0.074, idt_A: 0.112, D_B: 0.001, G_B: 0.971, cycle_B: 0.205, idt_B: 0.059

learning rate 0.0000697 -> 0.0000689
End of epoch 413 / 500 	 Time Taken: 55 sec
[Rank 0] (epoch: 414, iters: 136, time: 0.093, data: 0.003) , D_A: 0.069, G_A: 0.591, cycle_A: 0.076, idt_A: 0.125, D_B: 0.001, G_B: 1.047, cycle_B: 0.233, idt_B: 0.055

[Rank 0] (epoch: 414, iters: 336, time: 0.030, data: 0.002) , D_A: 0.068, G_A: 0.541, cycle_A: 0.081, idt_A: 0.117, D_B: 0.005, G_B: 1.184, cycle_B: 0.249, idt_B: 0.057

[Rank 0] (epoch: 414, iters: 536, time: 0.095, data: 0.004) , D_A: 0.108, G_A: 0.275, cycle_A: 0.077, idt_A: 0.117, D_B: 0.001, G_B: 0.962, cycle_B: 0.205, idt_B: 0.055

[Rank 0] (epoch: 414, iters: 736, time: 0.030, data: 0.002) , D_A: 0.048, G_A: 0.814, cycle_A: 0.081, idt_A: 0.129, D_B: 0.001, G_B: 0.972, cycle_B: 0.221, idt_B: 0.056

[Rank 0] (epoch: 414, iters: 936, time: 0.029, data: 0.003) , D_A: 0.126, G_A: 0.694, cycle_A: 0.100, idt_A: 0.125, D_B: 0.001, G_B: 0.967, cycle_B: 0.234, idt_B: 0.072

[Rank 0] (epoch: 414, iters: 1136, time: 0.030, data: 0.004) , D_A: 0.054, G_A: 1.082, cycle_A: 0.098, idt_A: 0.117, D_B: 0.001, G_B: 0.982, cycle_B: 0.218, idt_B: 0.069

[Rank 0] (epoch: 414, iters: 1336, time: 0.030, data: 0.002) , D_A: 0.070, G_A: 0.532, cycle_A: 0.052, idt_A: 0.111, D_B: 0.002, G_B: 0.929, cycle_B: 0.232, idt_B: 0.039

[Rank 0] (epoch: 414, iters: 1536, time: 0.102, data: 0.002) , D_A: 0.066, G_A: 0.662, cycle_A: 0.085, idt_A: 0.131, D_B: 0.001, G_B: 0.993, cycle_B: 0.237, idt_B: 0.065

saving the latest model (epoch 414, total_iters 605000)
[Rank 0] (epoch: 414, iters: 1736, time: 0.029, data: 0.004) , D_A: 0.067, G_A: 0.336, cycle_A: 0.107, idt_A: 0.105, D_B: 0.001, G_B: 0.968, cycle_B: 0.212, idt_B: 0.072

learning rate 0.0000689 -> 0.0000681
End of epoch 414 / 500 	 Time Taken: 52 sec
[Rank 0] (epoch: 415, iters: 8, time: 0.109, data: 0.004) , D_A: 0.037, G_A: 0.918, cycle_A: 0.100, idt_A: 0.102, D_B: 0.006, G_B: 1.104, cycle_B: 0.231, idt_B: 0.076

[Rank 0] (epoch: 415, iters: 208, time: 0.029, data: 0.004) , D_A: 0.043, G_A: 0.811, cycle_A: 0.093, idt_A: 0.099, D_B: 0.001, G_B: 0.993, cycle_B: 0.195, idt_B: 0.063

[Rank 0] (epoch: 415, iters: 408, time: 0.030, data: 0.003) , D_A: 0.065, G_A: 0.644, cycle_A: 0.094, idt_A: 0.116, D_B: 0.001, G_B: 0.972, cycle_B: 0.199, idt_B: 0.066

[Rank 0] (epoch: 415, iters: 608, time: 0.098, data: 0.003) , D_A: 0.108, G_A: 0.348, cycle_A: 0.083, idt_A: 0.107, D_B: 0.001, G_B: 0.991, cycle_B: 0.187, idt_B: 0.065

[Rank 0] (epoch: 415, iters: 808, time: 0.029, data: 0.003) , D_A: 0.092, G_A: 0.694, cycle_A: 0.082, idt_A: 0.098, D_B: 0.001, G_B: 0.995, cycle_B: 0.186, idt_B: 0.062

[Rank 0] (epoch: 415, iters: 1008, time: 0.030, data: 0.003) , D_A: 0.035, G_A: 0.867, cycle_A: 0.078, idt_A: 0.107, D_B: 0.001, G_B: 0.974, cycle_B: 0.203, idt_B: 0.058

[Rank 0] (epoch: 415, iters: 1208, time: 0.029, data: 0.003) , D_A: 0.041, G_A: 1.020, cycle_A: 0.089, idt_A: 0.119, D_B: 0.001, G_B: 0.976, cycle_B: 0.202, idt_B: 0.062

[Rank 0] (epoch: 415, iters: 1408, time: 0.030, data: 0.002) , D_A: 0.110, G_A: 0.337, cycle_A: 0.082, idt_A: 0.105, D_B: 0.001, G_B: 0.983, cycle_B: 0.197, idt_B: 0.061

[Rank 0] (epoch: 415, iters: 1608, time: 0.099, data: 0.003) , D_A: 0.075, G_A: 0.506, cycle_A: 0.076, idt_A: 0.133, D_B: 0.001, G_B: 1.006, cycle_B: 0.257, idt_B: 0.050

[Rank 0] (epoch: 415, iters: 1808, time: 0.030, data: 0.002) , D_A: 0.077, G_A: 0.528, cycle_A: 0.090, idt_A: 0.126, D_B: 0.001, G_B: 0.973, cycle_B: 0.219, idt_B: 0.062

learning rate 0.0000681 -> 0.0000673
End of epoch 415 / 500 	 Time Taken: 52 sec
[Rank 0] (epoch: 416, iters: 80, time: 0.103, data: 0.004) , D_A: 0.090, G_A: 0.347, cycle_A: 0.085, idt_A: 0.130, D_B: 0.001, G_B: 0.955, cycle_B: 0.240, idt_B: 0.065

[Rank 0] (epoch: 416, iters: 280, time: 0.030, data: 0.006) , D_A: 0.061, G_A: 0.386, cycle_A: 0.077, idt_A: 0.125, D_B: 0.002, G_B: 0.886, cycle_B: 0.238, idt_B: 0.057

[Rank 0] (epoch: 416, iters: 480, time: 0.030, data: 0.003) , D_A: 0.077, G_A: 0.632, cycle_A: 0.090, idt_A: 0.111, D_B: 0.003, G_B: 0.978, cycle_B: 0.204, idt_B: 0.066

[Rank 0] (epoch: 416, iters: 680, time: 0.098, data: 0.150) , D_A: 0.077, G_A: 0.634, cycle_A: 0.083, idt_A: 0.120, D_B: 0.002, G_B: 0.958, cycle_B: 0.222, idt_B: 0.063

[Rank 0] (epoch: 416, iters: 880, time: 0.030, data: 0.002) , D_A: 0.077, G_A: 0.500, cycle_A: 0.105, idt_A: 0.107, D_B: 0.002, G_B: 0.968, cycle_B: 0.217, idt_B: 0.070

[Rank 0] (epoch: 416, iters: 1080, time: 0.030, data: 0.003) , D_A: 0.107, G_A: 0.533, cycle_A: 0.088, idt_A: 0.127, D_B: 0.002, G_B: 0.986, cycle_B: 0.218, idt_B: 0.061

[Rank 0] (epoch: 416, iters: 1280, time: 0.030, data: 0.003) , D_A: 0.068, G_A: 0.484, cycle_A: 0.102, idt_A: 0.132, D_B: 0.001, G_B: 0.950, cycle_B: 0.256, idt_B: 0.071

[Rank 0] (epoch: 416, iters: 1480, time: 0.029, data: 0.004) , D_A: 0.063, G_A: 0.888, cycle_A: 0.084, idt_A: 0.106, D_B: 0.001, G_B: 0.994, cycle_B: 0.202, idt_B: 0.064

[Rank 0] (epoch: 416, iters: 1680, time: 0.088, data: 0.002) , D_A: 0.057, G_A: 0.521, cycle_A: 0.072, idt_A: 0.134, D_B: 0.003, G_B: 0.976, cycle_B: 0.230, idt_B: 0.054

[Rank 0] (epoch: 416, iters: 1880, time: 0.030, data: 0.003) , D_A: 0.055, G_A: 0.619, cycle_A: 0.066, idt_A: 0.111, D_B: 0.002, G_B: 0.908, cycle_B: 0.190, idt_B: 0.052

learning rate 0.0000673 -> 0.0000665
End of epoch 416 / 500 	 Time Taken: 53 sec
[Rank 0] (epoch: 417, iters: 152, time: 0.090, data: 0.003) , D_A: 0.046, G_A: 0.860, cycle_A: 0.071, idt_A: 0.099, D_B: 0.001, G_B: 0.946, cycle_B: 0.196, idt_B: 0.049

[Rank 0] (epoch: 417, iters: 352, time: 0.030, data: 0.001) , D_A: 0.059, G_A: 0.605, cycle_A: 0.066, idt_A: 0.097, D_B: 0.001, G_B: 0.949, cycle_B: 0.181, idt_B: 0.050

[Rank 0] (epoch: 417, iters: 552, time: 0.030, data: 0.003) , D_A: 0.166, G_A: 0.343, cycle_A: 0.068, idt_A: 0.120, D_B: 0.001, G_B: 0.932, cycle_B: 0.202, idt_B: 0.044

[Rank 0] (epoch: 417, iters: 752, time: 0.078, data: 0.003) , D_A: 0.104, G_A: 0.916, cycle_A: 0.071, idt_A: 0.119, D_B: 0.001, G_B: 0.989, cycle_B: 0.220, idt_B: 0.051

saving the latest model (epoch 417, total_iters 610000)
[Rank 0] (epoch: 417, iters: 952, time: 0.030, data: 0.003) , D_A: 0.108, G_A: 0.353, cycle_A: 0.104, idt_A: 0.100, D_B: 0.001, G_B: 0.988, cycle_B: 0.189, idt_B: 0.072

[Rank 0] (epoch: 417, iters: 1152, time: 0.030, data: 0.002) , D_A: 0.054, G_A: 0.632, cycle_A: 0.081, idt_A: 0.104, D_B: 0.001, G_B: 1.002, cycle_B: 0.196, idt_B: 0.057

[Rank 0] (epoch: 417, iters: 1352, time: 0.030, data: 0.004) , D_A: 0.094, G_A: 0.531, cycle_A: 0.074, idt_A: 0.125, D_B: 0.002, G_B: 0.921, cycle_B: 0.228, idt_B: 0.057

[Rank 0] (epoch: 417, iters: 1552, time: 0.030, data: 0.003) , D_A: 0.062, G_A: 0.416, cycle_A: 0.083, idt_A: 0.107, D_B: 0.002, G_B: 0.985, cycle_B: 0.211, idt_B: 0.055

[Rank 0] (epoch: 417, iters: 1752, time: 0.102, data: 0.003) , D_A: 0.065, G_A: 0.635, cycle_A: 0.084, idt_A: 0.137, D_B: 0.002, G_B: 1.040, cycle_B: 0.204, idt_B: 0.052

learning rate 0.0000665 -> 0.0000657
End of epoch 417 / 500 	 Time Taken: 52 sec
[Rank 0] (epoch: 418, iters: 24, time: 0.119, data: 0.003) , D_A: 0.104, G_A: 0.463, cycle_A: 0.089, idt_A: 0.109, D_B: 0.001, G_B: 0.971, cycle_B: 0.197, idt_B: 0.061

[Rank 0] (epoch: 418, iters: 224, time: 0.029, data: 0.002) , D_A: 0.054, G_A: 0.462, cycle_A: 0.072, idt_A: 0.120, D_B: 0.002, G_B: 0.999, cycle_B: 0.204, idt_B: 0.055

[Rank 0] (epoch: 418, iters: 424, time: 0.030, data: 0.003) , D_A: 0.038, G_A: 0.983, cycle_A: 0.063, idt_A: 0.127, D_B: 0.001, G_B: 0.975, cycle_B: 0.221, idt_B: 0.045

[Rank 0] (epoch: 418, iters: 624, time: 0.030, data: 0.003) , D_A: 0.061, G_A: 0.394, cycle_A: 0.051, idt_A: 0.112, D_B: 0.002, G_B: 0.913, cycle_B: 0.211, idt_B: 0.039

[Rank 0] (epoch: 418, iters: 824, time: 0.096, data: 0.003) , D_A: 0.161, G_A: 0.999, cycle_A: 0.093, idt_A: 0.107, D_B: 0.003, G_B: 0.995, cycle_B: 0.209, idt_B: 0.063

[Rank 0] (epoch: 418, iters: 1024, time: 0.029, data: 0.003) , D_A: 0.107, G_A: 0.949, cycle_A: 0.066, idt_A: 0.112, D_B: 0.004, G_B: 0.874, cycle_B: 0.205, idt_B: 0.048

[Rank 0] (epoch: 418, iters: 1224, time: 0.030, data: 0.003) , D_A: 0.113, G_A: 0.456, cycle_A: 0.063, idt_A: 0.097, D_B: 0.002, G_B: 0.918, cycle_B: 0.180, idt_B: 0.044

[Rank 0] (epoch: 418, iters: 1424, time: 0.030, data: 0.004) , D_A: 0.121, G_A: 0.550, cycle_A: 0.072, idt_A: 0.124, D_B: 0.002, G_B: 1.139, cycle_B: 0.199, idt_B: 0.048

[Rank 0] (epoch: 418, iters: 1624, time: 0.029, data: 0.004) , D_A: 0.046, G_A: 0.815, cycle_A: 0.086, idt_A: 0.138, D_B: 0.002, G_B: 0.928, cycle_B: 0.208, idt_B: 0.049

[Rank 0] (epoch: 418, iters: 1824, time: 0.095, data: 0.003) , D_A: 0.040, G_A: 1.240, cycle_A: 0.091, idt_A: 0.109, D_B: 0.002, G_B: 1.041, cycle_B: 0.206, idt_B: 0.063

learning rate 0.0000657 -> 0.0000650
End of epoch 418 / 500 	 Time Taken: 53 sec
[Rank 0] (epoch: 419, iters: 96, time: 0.109, data: 0.003) , D_A: 0.107, G_A: 0.450, cycle_A: 0.075, idt_A: 0.135, D_B: 0.001, G_B: 1.029, cycle_B: 0.216, idt_B: 0.054

[Rank 0] (epoch: 419, iters: 296, time: 0.029, data: 0.003) , D_A: 0.089, G_A: 0.480, cycle_A: 0.086, idt_A: 0.115, D_B: 0.002, G_B: 1.061, cycle_B: 0.231, idt_B: 0.062

[Rank 0] (epoch: 419, iters: 496, time: 0.030, data: 0.002) , D_A: 0.058, G_A: 0.585, cycle_A: 0.098, idt_A: 0.106, D_B: 0.001, G_B: 0.963, cycle_B: 0.194, idt_B: 0.075

[Rank 0] (epoch: 419, iters: 696, time: 0.029, data: 0.005) , D_A: 0.104, G_A: 0.642, cycle_A: 0.074, idt_A: 0.107, D_B: 0.004, G_B: 1.018, cycle_B: 0.185, idt_B: 0.050

[Rank 0] (epoch: 419, iters: 896, time: 0.100, data: 0.002) , D_A: 0.124, G_A: 0.360, cycle_A: 0.087, idt_A: 0.114, D_B: 0.001, G_B: 0.997, cycle_B: 0.205, idt_B: 0.064

[Rank 0] (epoch: 419, iters: 1096, time: 0.030, data: 0.003) , D_A: 0.075, G_A: 0.703, cycle_A: 0.066, idt_A: 0.118, D_B: 0.001, G_B: 0.964, cycle_B: 0.217, idt_B: 0.049

[Rank 0] (epoch: 419, iters: 1296, time: 0.030, data: 0.003) , D_A: 0.098, G_A: 1.148, cycle_A: 0.071, idt_A: 0.117, D_B: 0.001, G_B: 1.088, cycle_B: 0.205, idt_B: 0.056

[Rank 0] (epoch: 419, iters: 1496, time: 0.029, data: 0.004) , D_A: 0.067, G_A: 0.598, cycle_A: 0.094, idt_A: 0.109, D_B: 0.001, G_B: 0.965, cycle_B: 0.215, idt_B: 0.057

[Rank 0] (epoch: 419, iters: 1696, time: 0.029, data: 0.004) , D_A: 0.082, G_A: 0.436, cycle_A: 0.080, idt_A: 0.116, D_B: 0.001, G_B: 0.988, cycle_B: 0.205, idt_B: 0.059

[Rank 0] (epoch: 419, iters: 1896, time: 0.085, data: 0.004) , D_A: 0.060, G_A: 0.530, cycle_A: 0.074, idt_A: 0.112, D_B: 0.001, G_B: 0.978, cycle_B: 0.199, idt_B: 0.049

saving the latest model (epoch 419, total_iters 615000)
learning rate 0.0000650 -> 0.0000642
End of epoch 419 / 500 	 Time Taken: 52 sec
[Rank 0] (epoch: 420, iters: 168, time: 0.091, data: 0.001) , D_A: 0.084, G_A: 0.578, cycle_A: 0.082, idt_A: 0.114, D_B: 0.002, G_B: 0.964, cycle_B: 0.212, idt_B: 0.055

[Rank 0] (epoch: 420, iters: 368, time: 0.030, data: 0.002) , D_A: 0.086, G_A: 0.445, cycle_A: 0.097, idt_A: 0.128, D_B: 0.002, G_B: 1.007, cycle_B: 0.218, idt_B: 0.066

[Rank 0] (epoch: 420, iters: 568, time: 0.030, data: 0.003) , D_A: 0.044, G_A: 0.687, cycle_A: 0.086, idt_A: 0.100, D_B: 0.001, G_B: 0.973, cycle_B: 0.178, idt_B: 0.061

[Rank 0] (epoch: 420, iters: 768, time: 0.030, data: 0.002) , D_A: 0.081, G_A: 0.545, cycle_A: 0.092, idt_A: 0.112, D_B: 0.001, G_B: 1.034, cycle_B: 0.218, idt_B: 0.063

[Rank 0] (epoch: 420, iters: 968, time: 0.133, data: 0.006) , D_A: 0.081, G_A: 0.451, cycle_A: 0.077, idt_A: 0.094, D_B: 0.001, G_B: 0.984, cycle_B: 0.175, idt_B: 0.058

[Rank 0] (epoch: 420, iters: 1168, time: 0.030, data: 0.002) , D_A: 0.095, G_A: 1.150, cycle_A: 0.088, idt_A: 0.110, D_B: 0.001, G_B: 1.018, cycle_B: 0.203, idt_B: 0.066

[Rank 0] (epoch: 420, iters: 1368, time: 0.030, data: 0.003) , D_A: 0.032, G_A: 0.743, cycle_A: 0.093, idt_A: 0.117, D_B: 0.001, G_B: 0.964, cycle_B: 0.189, idt_B: 0.064

[Rank 0] (epoch: 420, iters: 1568, time: 0.026, data: 0.008) , D_A: 0.090, G_A: 0.427, cycle_A: 0.083, idt_A: 0.100, D_B: 0.006, G_B: 0.967, cycle_B: 0.191, idt_B: 0.060

[Rank 0] (epoch: 420, iters: 1768, time: 0.030, data: 0.002) , D_A: 0.134, G_A: 0.833, cycle_A: 0.074, idt_A: 0.111, D_B: 0.001, G_B: 0.986, cycle_B: 0.173, idt_B: 0.052

learning rate 0.0000642 -> 0.0000634
saving the model at the end of epoch 420, iters 616960
End of epoch 420 / 500 	 Time Taken: 53 sec
[Rank 0] (epoch: 421, iters: 40, time: 0.088, data: 0.003) , D_A: 0.107, G_A: 0.436, cycle_A: 0.096, idt_A: 0.118, D_B: 0.001, G_B: 0.968, cycle_B: 0.195, idt_B: 0.077

[Rank 0] (epoch: 421, iters: 240, time: 0.030, data: 0.002) , D_A: 0.079, G_A: 0.475, cycle_A: 0.064, idt_A: 0.098, D_B: 0.001, G_B: 1.018, cycle_B: 0.187, idt_B: 0.049

[Rank 0] (epoch: 421, iters: 440, time: 0.030, data: 0.003) , D_A: 0.089, G_A: 0.501, cycle_A: 0.077, idt_A: 0.098, D_B: 0.001, G_B: 1.032, cycle_B: 0.171, idt_B: 0.050

[Rank 0] (epoch: 421, iters: 640, time: 0.030, data: 0.003) , D_A: 0.066, G_A: 0.503, cycle_A: 0.067, idt_A: 0.114, D_B: 0.000, G_B: 0.976, cycle_B: 0.200, idt_B: 0.049

[Rank 0] (epoch: 421, iters: 840, time: 0.029, data: 0.005) , D_A: 0.042, G_A: 0.700, cycle_A: 0.089, idt_A: 0.118, D_B: 0.001, G_B: 0.995, cycle_B: 0.203, idt_B: 0.059

[Rank 0] (epoch: 421, iters: 1040, time: 0.083, data: 0.002) , D_A: 0.085, G_A: 0.473, cycle_A: 0.082, idt_A: 0.116, D_B: 0.001, G_B: 0.952, cycle_B: 0.185, idt_B: 0.057

[Rank 0] (epoch: 421, iters: 1240, time: 0.030, data: 0.002) , D_A: 0.080, G_A: 0.439, cycle_A: 0.076, idt_A: 0.117, D_B: 0.000, G_B: 0.994, cycle_B: 0.201, idt_B: 0.056

[Rank 0] (epoch: 421, iters: 1440, time: 0.030, data: 0.002) , D_A: 0.094, G_A: 0.431, cycle_A: 0.100, idt_A: 0.116, D_B: 0.001, G_B: 0.987, cycle_B: 0.181, idt_B: 0.070

[Rank 0] (epoch: 421, iters: 1640, time: 0.029, data: 0.005) , D_A: 0.030, G_A: 1.028, cycle_A: 0.055, idt_A: 0.108, D_B: 0.001, G_B: 0.990, cycle_B: 0.187, idt_B: 0.036

[Rank 0] (epoch: 421, iters: 1840, time: 0.030, data: 0.002) , D_A: 0.053, G_A: 0.637, cycle_A: 0.065, idt_A: 0.113, D_B: 0.001, G_B: 0.958, cycle_B: 0.197, idt_B: 0.055

learning rate 0.0000634 -> 0.0000626
End of epoch 421 / 500 	 Time Taken: 52 sec
[Rank 0] (epoch: 422, iters: 112, time: 0.110, data: 0.002) , D_A: 0.075, G_A: 0.592, cycle_A: 0.073, idt_A: 0.103, D_B: 0.001, G_B: 0.957, cycle_B: 0.176, idt_B: 0.048

[Rank 0] (epoch: 422, iters: 312, time: 0.029, data: 0.003) , D_A: 0.065, G_A: 0.546, cycle_A: 0.073, idt_A: 0.109, D_B: 0.000, G_B: 1.006, cycle_B: 0.198, idt_B: 0.060

[Rank 0] (epoch: 422, iters: 512, time: 0.030, data: 0.003) , D_A: 0.056, G_A: 0.566, cycle_A: 0.074, idt_A: 0.106, D_B: 0.001, G_B: 0.992, cycle_B: 0.202, idt_B: 0.052

[Rank 0] (epoch: 422, iters: 712, time: 0.029, data: 0.004) , D_A: 0.087, G_A: 0.759, cycle_A: 0.061, idt_A: 0.090, D_B: 0.002, G_B: 1.006, cycle_B: 0.156, idt_B: 0.044

[Rank 0] (epoch: 422, iters: 912, time: 0.030, data: 0.003) , D_A: 0.048, G_A: 0.569, cycle_A: 0.057, idt_A: 0.101, D_B: 0.001, G_B: 0.999, cycle_B: 0.177, idt_B: 0.039

[Rank 0] (epoch: 422, iters: 1112, time: 0.104, data: 0.004) , D_A: 0.065, G_A: 0.651, cycle_A: 0.074, idt_A: 0.105, D_B: 0.001, G_B: 0.959, cycle_B: 0.191, idt_B: 0.054

saving the latest model (epoch 422, total_iters 620000)
[Rank 0] (epoch: 422, iters: 1312, time: 0.030, data: 0.002) , D_A: 0.105, G_A: 0.611, cycle_A: 0.077, idt_A: 0.104, D_B: 0.001, G_B: 1.049, cycle_B: 0.184, idt_B: 0.059

[Rank 0] (epoch: 422, iters: 1512, time: 0.030, data: 0.004) , D_A: 0.061, G_A: 0.679, cycle_A: 0.090, idt_A: 0.098, D_B: 0.003, G_B: 0.994, cycle_B: 0.171, idt_B: 0.063

[Rank 0] (epoch: 422, iters: 1712, time: 0.030, data: 0.005) , D_A: 0.067, G_A: 0.996, cycle_A: 0.085, idt_A: 0.112, D_B: 0.001, G_B: 1.007, cycle_B: 0.180, idt_B: 0.056

[Rank 0] (epoch: 422, iters: 1912, time: 0.030, data: 0.002) , D_A: 0.082, G_A: 0.432, cycle_A: 0.089, idt_A: 0.111, D_B: 0.001, G_B: 0.962, cycle_B: 0.193, idt_B: 0.065

learning rate 0.0000626 -> 0.0000618
End of epoch 422 / 500 	 Time Taken: 52 sec
[Rank 0] (epoch: 423, iters: 184, time: 0.097, data: 0.003) , D_A: 0.054, G_A: 0.388, cycle_A: 0.062, idt_A: 0.119, D_B: 0.001, G_B: 0.993, cycle_B: 0.214, idt_B: 0.044

[Rank 0] (epoch: 423, iters: 384, time: 0.029, data: 0.003) , D_A: 0.067, G_A: 0.475, cycle_A: 0.086, idt_A: 0.117, D_B: 0.001, G_B: 0.986, cycle_B: 0.201, idt_B: 0.061

[Rank 0] (epoch: 423, iters: 584, time: 0.030, data: 0.003) , D_A: 0.096, G_A: 0.432, cycle_A: 0.095, idt_A: 0.122, D_B: 0.001, G_B: 1.023, cycle_B: 0.222, idt_B: 0.063

[Rank 0] (epoch: 423, iters: 784, time: 0.029, data: 0.004) , D_A: 0.031, G_A: 0.970, cycle_A: 0.079, idt_A: 0.108, D_B: 0.000, G_B: 1.028, cycle_B: 0.190, idt_B: 0.060

[Rank 0] (epoch: 423, iters: 984, time: 0.030, data: 0.002) , D_A: 0.100, G_A: 0.469, cycle_A: 0.084, idt_A: 0.125, D_B: 0.001, G_B: 0.969, cycle_B: 0.217, idt_B: 0.065

[Rank 0] (epoch: 423, iters: 1184, time: 0.110, data: 0.004) , D_A: 0.026, G_A: 1.064, cycle_A: 0.062, idt_A: 0.112, D_B: 0.001, G_B: 0.977, cycle_B: 0.194, idt_B: 0.045

[Rank 0] (epoch: 423, iters: 1384, time: 0.030, data: 0.003) , D_A: 0.069, G_A: 0.460, cycle_A: 0.060, idt_A: 0.099, D_B: 0.000, G_B: 1.013, cycle_B: 0.174, idt_B: 0.045

[Rank 0] (epoch: 423, iters: 1584, time: 0.029, data: 0.004) , D_A: 0.054, G_A: 0.565, cycle_A: 0.082, idt_A: 0.103, D_B: 0.000, G_B: 0.994, cycle_B: 0.196, idt_B: 0.056

[Rank 0] (epoch: 423, iters: 1784, time: 0.030, data: 0.002) , D_A: 0.044, G_A: 0.859, cycle_A: 0.090, idt_A: 0.111, D_B: 0.001, G_B: 1.075, cycle_B: 0.208, idt_B: 0.056

learning rate 0.0000618 -> 0.0000610
End of epoch 423 / 500 	 Time Taken: 52 sec
[Rank 0] (epoch: 424, iters: 56, time: 0.116, data: 0.004) , D_A: 0.102, G_A: 0.558, cycle_A: 0.073, idt_A: 0.128, D_B: 0.001, G_B: 0.968, cycle_B: 0.225, idt_B: 0.054

[Rank 0] (epoch: 424, iters: 256, time: 0.086, data: 0.004) , D_A: 0.126, G_A: 0.948, cycle_A: 0.103, idt_A: 0.108, D_B: 0.001, G_B: 0.962, cycle_B: 0.194, idt_B: 0.078

[Rank 0] (epoch: 424, iters: 456, time: 0.030, data: 0.003) , D_A: 0.076, G_A: 0.787, cycle_A: 0.078, idt_A: 0.103, D_B: 0.000, G_B: 0.983, cycle_B: 0.177, idt_B: 0.053

[Rank 0] (epoch: 424, iters: 656, time: 0.030, data: 0.005) , D_A: 0.042, G_A: 0.678, cycle_A: 0.098, idt_A: 0.107, D_B: 0.000, G_B: 0.978, cycle_B: 0.184, idt_B: 0.074

[Rank 0] (epoch: 424, iters: 856, time: 0.030, data: 0.002) , D_A: 0.052, G_A: 0.694, cycle_A: 0.080, idt_A: 0.128, D_B: 0.004, G_B: 1.012, cycle_B: 0.201, idt_B: 0.056

[Rank 0] (epoch: 424, iters: 1056, time: 0.030, data: 0.003) , D_A: 0.124, G_A: 1.232, cycle_A: 0.079, idt_A: 0.116, D_B: 0.000, G_B: 1.015, cycle_B: 0.205, idt_B: 0.056

[Rank 0] (epoch: 424, iters: 1256, time: 0.091, data: 0.004) , D_A: 0.077, G_A: 0.521, cycle_A: 0.065, idt_A: 0.093, D_B: 0.001, G_B: 0.991, cycle_B: 0.162, idt_B: 0.049

[Rank 0] (epoch: 424, iters: 1456, time: 0.030, data: 0.003) , D_A: 0.070, G_A: 0.376, cycle_A: 0.086, idt_A: 0.102, D_B: 0.001, G_B: 0.995, cycle_B: 0.163, idt_B: 0.059

[Rank 0] (epoch: 424, iters: 1656, time: 0.030, data: 0.003) , D_A: 0.079, G_A: 0.444, cycle_A: 0.085, idt_A: 0.099, D_B: 0.001, G_B: 0.980, cycle_B: 0.186, idt_B: 0.060

[Rank 0] (epoch: 424, iters: 1856, time: 0.030, data: 0.003) , D_A: 0.083, G_A: 0.643, cycle_A: 0.084, idt_A: 0.097, D_B: 0.001, G_B: 0.992, cycle_B: 0.175, idt_B: 0.058

learning rate 0.0000610 -> 0.0000602
End of epoch 424 / 500 	 Time Taken: 52 sec
[Rank 0] (epoch: 425, iters: 128, time: 0.146, data: 0.004) , D_A: 0.092, G_A: 0.503, cycle_A: 0.081, idt_A: 0.102, D_B: 0.000, G_B: 1.027, cycle_B: 0.174, idt_B: 0.056

[Rank 0] (epoch: 425, iters: 328, time: 0.102, data: 0.004) , D_A: 0.079, G_A: 0.476, cycle_A: 0.054, idt_A: 0.115, D_B: 0.001, G_B: 0.955, cycle_B: 0.198, idt_B: 0.039

saving the latest model (epoch 425, total_iters 625000)
[Rank 0] (epoch: 425, iters: 528, time: 0.030, data: 0.002) , D_A: 0.091, G_A: 0.552, cycle_A: 0.068, idt_A: 0.103, D_B: 0.000, G_B: 0.999, cycle_B: 0.185, idt_B: 0.046

[Rank 0] (epoch: 425, iters: 728, time: 0.030, data: 0.004) , D_A: 0.087, G_A: 0.995, cycle_A: 0.099, idt_A: 0.124, D_B: 0.001, G_B: 1.027, cycle_B: 0.192, idt_B: 0.063

[Rank 0] (epoch: 425, iters: 928, time: 0.030, data: 0.002) , D_A: 0.083, G_A: 0.378, cycle_A: 0.096, idt_A: 0.105, D_B: 0.001, G_B: 1.003, cycle_B: 0.176, idt_B: 0.067

[Rank 0] (epoch: 425, iters: 1128, time: 0.030, data: 0.002) , D_A: 0.086, G_A: 0.497, cycle_A: 0.088, idt_A: 0.103, D_B: 0.004, G_B: 0.998, cycle_B: 0.169, idt_B: 0.054

[Rank 0] (epoch: 425, iters: 1328, time: 0.123, data: 0.004) , D_A: 0.065, G_A: 0.664, cycle_A: 0.075, idt_A: 0.125, D_B: 0.001, G_B: 1.018, cycle_B: 0.214, idt_B: 0.057

[Rank 0] (epoch: 425, iters: 1528, time: 0.029, data: 0.004) , D_A: 0.072, G_A: 0.386, cycle_A: 0.081, idt_A: 0.132, D_B: 0.000, G_B: 0.985, cycle_B: 0.179, idt_B: 0.058

[Rank 0] (epoch: 425, iters: 1728, time: 0.029, data: 0.002) , D_A: 0.084, G_A: 1.080, cycle_A: 0.066, idt_A: 0.091, D_B: 0.000, G_B: 0.998, cycle_B: 0.160, idt_B: 0.047

[Rank 0] (epoch: 425, iters: 1928, time: 0.024, data: 0.009) , D_A: 0.096, G_A: 0.372, cycle_A: 0.066, idt_A: 0.107, D_B: 0.000, G_B: 0.993, cycle_B: 0.179, idt_B: 0.043

learning rate 0.0000602 -> 0.0000594
End of epoch 425 / 500 	 Time Taken: 55 sec
[Rank 0] (epoch: 426, iters: 200, time: 0.097, data: 1.190) , D_A: 0.068, G_A: 0.774, cycle_A: 0.068, idt_A: 0.097, D_B: 0.001, G_B: 0.962, cycle_B: 0.175, idt_B: 0.043

[Rank 0] (epoch: 426, iters: 400, time: 0.124, data: 0.002) , D_A: 0.079, G_A: 0.471, cycle_A: 0.063, idt_A: 0.112, D_B: 0.000, G_B: 1.013, cycle_B: 0.198, idt_B: 0.041

[Rank 0] (epoch: 426, iters: 600, time: 0.030, data: 0.002) , D_A: 0.104, G_A: 0.405, cycle_A: 0.091, idt_A: 0.111, D_B: 0.001, G_B: 0.991, cycle_B: 0.195, idt_B: 0.064

[Rank 0] (epoch: 426, iters: 800, time: 0.030, data: 0.004) , D_A: 0.195, G_A: 0.926, cycle_A: 0.099, idt_A: 0.106, D_B: 0.003, G_B: 0.974, cycle_B: 0.187, idt_B: 0.066

[Rank 0] (epoch: 426, iters: 1000, time: 0.026, data: 0.090) , D_A: 0.064, G_A: 0.475, cycle_A: 0.081, idt_A: 0.098, D_B: 0.001, G_B: 0.990, cycle_B: 0.166, idt_B: 0.057

[Rank 0] (epoch: 426, iters: 1200, time: 0.030, data: 0.003) , D_A: 0.068, G_A: 0.530, cycle_A: 0.067, idt_A: 0.109, D_B: 0.001, G_B: 0.973, cycle_B: 0.198, idt_B: 0.049

[Rank 0] (epoch: 426, iters: 1400, time: 0.091, data: 0.002) , D_A: 0.077, G_A: 0.611, cycle_A: 0.077, idt_A: 0.107, D_B: 0.001, G_B: 0.989, cycle_B: 0.180, idt_B: 0.062

[Rank 0] (epoch: 426, iters: 1600, time: 0.029, data: 0.003) , D_A: 0.112, G_A: 0.316, cycle_A: 0.069, idt_A: 0.113, D_B: 0.000, G_B: 1.008, cycle_B: 0.190, idt_B: 0.045

[Rank 0] (epoch: 426, iters: 1800, time: 0.029, data: 0.004) , D_A: 0.128, G_A: 0.295, cycle_A: 0.072, idt_A: 0.118, D_B: 0.001, G_B: 0.975, cycle_B: 0.197, idt_B: 0.054

learning rate 0.0000594 -> 0.0000586
End of epoch 426 / 500 	 Time Taken: 54 sec
[Rank 0] (epoch: 427, iters: 72, time: 0.125, data: 0.007) , D_A: 0.063, G_A: 0.698, cycle_A: 0.068, idt_A: 0.115, D_B: 0.001, G_B: 1.000, cycle_B: 0.184, idt_B: 0.050

[Rank 0] (epoch: 427, iters: 272, time: 0.030, data: 0.002) , D_A: 0.139, G_A: 0.538, cycle_A: 0.090, idt_A: 0.107, D_B: 0.001, G_B: 0.990, cycle_B: 0.210, idt_B: 0.070

[Rank 0] (epoch: 427, iters: 472, time: 0.107, data: 0.003) , D_A: 0.075, G_A: 0.654, cycle_A: 0.058, idt_A: 0.107, D_B: 0.000, G_B: 0.970, cycle_B: 0.184, idt_B: 0.044

[Rank 0] (epoch: 427, iters: 672, time: 0.030, data: 0.003) , D_A: 0.063, G_A: 0.696, cycle_A: 0.095, idt_A: 0.111, D_B: 0.000, G_B: 0.994, cycle_B: 0.176, idt_B: 0.066

[Rank 0] (epoch: 427, iters: 872, time: 0.030, data: 0.003) , D_A: 0.051, G_A: 0.729, cycle_A: 0.073, idt_A: 0.115, D_B: 0.001, G_B: 1.016, cycle_B: 0.177, idt_B: 0.054

[Rank 0] (epoch: 427, iters: 1072, time: 0.030, data: 0.007) , D_A: 0.110, G_A: 0.714, cycle_A: 0.069, idt_A: 0.092, D_B: 0.001, G_B: 0.986, cycle_B: 0.162, idt_B: 0.050

[Rank 0] (epoch: 427, iters: 1272, time: 0.029, data: 0.003) , D_A: 0.125, G_A: 0.316, cycle_A: 0.076, idt_A: 0.112, D_B: 0.002, G_B: 0.991, cycle_B: 0.210, idt_B: 0.057

[Rank 0] (epoch: 427, iters: 1472, time: 0.082, data: 0.003) , D_A: 0.085, G_A: 0.448, cycle_A: 0.069, idt_A: 0.109, D_B: 0.001, G_B: 1.063, cycle_B: 0.217, idt_B: 0.049

saving the latest model (epoch 427, total_iters 630000)
[Rank 0] (epoch: 427, iters: 1672, time: 0.030, data: 0.002) , D_A: 0.057, G_A: 0.543, cycle_A: 0.091, idt_A: 0.105, D_B: 0.000, G_B: 0.986, cycle_B: 0.176, idt_B: 0.071

[Rank 0] (epoch: 427, iters: 1872, time: 0.029, data: 0.003) , D_A: 0.048, G_A: 0.915, cycle_A: 0.088, idt_A: 0.103, D_B: 0.001, G_B: 0.982, cycle_B: 0.174, idt_B: 0.061

learning rate 0.0000586 -> 0.0000578
End of epoch 427 / 500 	 Time Taken: 53 sec
[Rank 0] (epoch: 428, iters: 144, time: 0.095, data: 0.003) , D_A: 0.219, G_A: 0.950, cycle_A: 0.082, idt_A: 0.113, D_B: 0.001, G_B: 1.002, cycle_B: 0.186, idt_B: 0.061

[Rank 0] (epoch: 428, iters: 344, time: 0.030, data: 0.002) , D_A: 0.068, G_A: 0.429, cycle_A: 0.076, idt_A: 0.098, D_B: 0.000, G_B: 0.978, cycle_B: 0.170, idt_B: 0.053

[Rank 0] (epoch: 428, iters: 544, time: 0.107, data: 0.004) , D_A: 0.076, G_A: 0.771, cycle_A: 0.057, idt_A: 0.099, D_B: 0.000, G_B: 1.024, cycle_B: 0.157, idt_B: 0.039

[Rank 0] (epoch: 428, iters: 744, time: 0.029, data: 0.004) , D_A: 0.143, G_A: 0.747, cycle_A: 0.080, idt_A: 0.105, D_B: 0.002, G_B: 0.976, cycle_B: 0.189, idt_B: 0.055

[Rank 0] (epoch: 428, iters: 944, time: 0.029, data: 0.003) , D_A: 0.067, G_A: 0.645, cycle_A: 0.071, idt_A: 0.105, D_B: 0.001, G_B: 1.006, cycle_B: 0.179, idt_B: 0.048

[Rank 0] (epoch: 428, iters: 1144, time: 0.030, data: 0.002) , D_A: 0.041, G_A: 0.800, cycle_A: 0.069, idt_A: 0.105, D_B: 0.001, G_B: 1.005, cycle_B: 0.182, idt_B: 0.047

[Rank 0] (epoch: 428, iters: 1344, time: 0.030, data: 0.003) , D_A: 0.096, G_A: 0.769, cycle_A: 0.077, idt_A: 0.082, D_B: 0.001, G_B: 1.013, cycle_B: 0.146, idt_B: 0.057

[Rank 0] (epoch: 428, iters: 1544, time: 0.108, data: 0.004) , D_A: 0.057, G_A: 0.732, cycle_A: 0.065, idt_A: 0.099, D_B: 0.000, G_B: 0.982, cycle_B: 0.160, idt_B: 0.044

[Rank 0] (epoch: 428, iters: 1744, time: 0.030, data: 0.003) , D_A: 0.152, G_A: 0.850, cycle_A: 0.080, idt_A: 0.111, D_B: 0.000, G_B: 0.976, cycle_B: 0.199, idt_B: 0.060

learning rate 0.0000578 -> 0.0000570
End of epoch 428 / 500 	 Time Taken: 53 sec
[Rank 0] (epoch: 429, iters: 16, time: 0.105, data: 0.002) , D_A: 0.077, G_A: 0.507, cycle_A: 0.072, idt_A: 0.108, D_B: 0.001, G_B: 1.001, cycle_B: 0.169, idt_B: 0.055

[Rank 0] (epoch: 429, iters: 216, time: 0.030, data: 0.002) , D_A: 0.077, G_A: 0.752, cycle_A: 0.078, idt_A: 0.099, D_B: 0.001, G_B: 0.994, cycle_B: 0.154, idt_B: 0.054

[Rank 0] (epoch: 429, iters: 416, time: 0.030, data: 0.002) , D_A: 0.046, G_A: 1.197, cycle_A: 0.083, idt_A: 0.120, D_B: 0.000, G_B: 1.001, cycle_B: 0.209, idt_B: 0.060

[Rank 0] (epoch: 429, iters: 616, time: 0.108, data: 0.003) , D_A: 0.053, G_A: 0.579, cycle_A: 0.091, idt_A: 0.107, D_B: 0.000, G_B: 0.998, cycle_B: 0.188, idt_B: 0.064

[Rank 0] (epoch: 429, iters: 816, time: 0.030, data: 0.002) , D_A: 0.044, G_A: 0.883, cycle_A: 0.085, idt_A: 0.094, D_B: 0.001, G_B: 1.044, cycle_B: 0.168, idt_B: 0.058

[Rank 0] (epoch: 429, iters: 1016, time: 0.030, data: 0.002) , D_A: 0.067, G_A: 0.678, cycle_A: 0.067, idt_A: 0.100, D_B: 0.001, G_B: 0.967, cycle_B: 0.173, idt_B: 0.047

[Rank 0] (epoch: 429, iters: 1216, time: 0.026, data: 0.004) , D_A: 0.051, G_A: 1.264, cycle_A: 0.064, idt_A: 0.100, D_B: 0.001, G_B: 0.977, cycle_B: 0.170, idt_B: 0.052

[Rank 0] (epoch: 429, iters: 1416, time: 0.030, data: 0.006) , D_A: 0.039, G_A: 0.768, cycle_A: 0.075, idt_A: 0.103, D_B: 0.001, G_B: 0.972, cycle_B: 0.172, idt_B: 0.053

[Rank 0] (epoch: 429, iters: 1616, time: 0.127, data: 0.002) , D_A: 0.101, G_A: 0.537, cycle_A: 0.074, idt_A: 0.099, D_B: 0.001, G_B: 1.061, cycle_B: 0.164, idt_B: 0.052

[Rank 0] (epoch: 429, iters: 1816, time: 0.030, data: 0.003) , D_A: 0.090, G_A: 0.849, cycle_A: 0.068, idt_A: 0.111, D_B: 0.002, G_B: 1.046, cycle_B: 0.176, idt_B: 0.051

learning rate 0.0000570 -> 0.0000562
End of epoch 429 / 500 	 Time Taken: 56 sec
[Rank 0] (epoch: 430, iters: 88, time: 0.111, data: 0.003) , D_A: 0.171, G_A: 1.063, cycle_A: 0.074, idt_A: 0.110, D_B: 0.001, G_B: 1.004, cycle_B: 0.195, idt_B: 0.051

[Rank 0] (epoch: 430, iters: 288, time: 0.029, data: 0.004) , D_A: 0.038, G_A: 0.882, cycle_A: 0.056, idt_A: 0.109, D_B: 0.001, G_B: 1.007, cycle_B: 0.187, idt_B: 0.038

[Rank 0] (epoch: 430, iters: 488, time: 0.030, data: 0.003) , D_A: 0.038, G_A: 0.750, cycle_A: 0.055, idt_A: 0.118, D_B: 0.000, G_B: 0.981, cycle_B: 0.199, idt_B: 0.039

[Rank 0] (epoch: 430, iters: 688, time: 0.104, data: 0.003) , D_A: 0.098, G_A: 0.684, cycle_A: 0.081, idt_A: 0.122, D_B: 0.001, G_B: 0.985, cycle_B: 0.187, idt_B: 0.057

saving the latest model (epoch 430, total_iters 635000)
[Rank 0] (epoch: 430, iters: 888, time: 0.030, data: 0.001) , D_A: 0.055, G_A: 0.518, cycle_A: 0.099, idt_A: 0.108, D_B: 0.001, G_B: 0.977, cycle_B: 0.189, idt_B: 0.071

[Rank 0] (epoch: 430, iters: 1088, time: 0.030, data: 0.003) , D_A: 0.199, G_A: 0.713, cycle_A: 0.064, idt_A: 0.109, D_B: 0.001, G_B: 0.993, cycle_B: 0.171, idt_B: 0.052

[Rank 0] (epoch: 430, iters: 1288, time: 0.030, data: 0.005) , D_A: 0.060, G_A: 0.509, cycle_A: 0.096, idt_A: 0.110, D_B: 0.001, G_B: 0.996, cycle_B: 0.188, idt_B: 0.066

[Rank 0] (epoch: 430, iters: 1488, time: 0.029, data: 0.003) , D_A: 0.086, G_A: 0.612, cycle_A: 0.081, idt_A: 0.106, D_B: 0.000, G_B: 0.998, cycle_B: 0.167, idt_B: 0.058

[Rank 0] (epoch: 430, iters: 1688, time: 0.086, data: 0.002) , D_A: 0.084, G_A: 0.473, cycle_A: 0.064, idt_A: 0.102, D_B: 0.000, G_B: 0.997, cycle_B: 0.173, idt_B: 0.047

[Rank 0] (epoch: 430, iters: 1888, time: 0.030, data: 0.003) , D_A: 0.087, G_A: 0.408, cycle_A: 0.076, idt_A: 0.111, D_B: 0.001, G_B: 1.011, cycle_B: 0.192, idt_B: 0.055

learning rate 0.0000562 -> 0.0000554
End of epoch 430 / 500 	 Time Taken: 53 sec
[Rank 0] (epoch: 431, iters: 160, time: 0.113, data: 0.002) , D_A: 0.088, G_A: 0.510, cycle_A: 0.081, idt_A: 0.110, D_B: 0.000, G_B: 1.009, cycle_B: 0.186, idt_B: 0.051

[Rank 0] (epoch: 431, iters: 360, time: 0.029, data: 0.003) , D_A: 0.040, G_A: 0.722, cycle_A: 0.087, idt_A: 0.126, D_B: 0.000, G_B: 1.004, cycle_B: 0.214, idt_B: 0.065

[Rank 0] (epoch: 431, iters: 560, time: 0.030, data: 0.003) , D_A: 0.044, G_A: 0.640, cycle_A: 0.083, idt_A: 0.096, D_B: 0.000, G_B: 0.990, cycle_B: 0.167, idt_B: 0.054

[Rank 0] (epoch: 431, iters: 760, time: 0.096, data: 0.004) , D_A: 0.056, G_A: 0.779, cycle_A: 0.101, idt_A: 0.118, D_B: 0.002, G_B: 1.007, cycle_B: 0.197, idt_B: 0.065

[Rank 0] (epoch: 431, iters: 960, time: 0.030, data: 0.002) , D_A: 0.050, G_A: 0.914, cycle_A: 0.082, idt_A: 0.095, D_B: 0.001, G_B: 0.984, cycle_B: 0.170, idt_B: 0.056

[Rank 0] (epoch: 431, iters: 1160, time: 0.030, data: 0.003) , D_A: 0.070, G_A: 0.705, cycle_A: 0.099, idt_A: 0.118, D_B: 0.000, G_B: 1.006, cycle_B: 0.181, idt_B: 0.070

[Rank 0] (epoch: 431, iters: 1360, time: 0.030, data: 0.003) , D_A: 0.085, G_A: 0.473, cycle_A: 0.086, idt_A: 0.106, D_B: 0.000, G_B: 1.008, cycle_B: 0.182, idt_B: 0.058

[Rank 0] (epoch: 431, iters: 1560, time: 0.030, data: 0.002) , D_A: 0.034, G_A: 0.818, cycle_A: 0.078, idt_A: 0.112, D_B: 0.001, G_B: 0.993, cycle_B: 0.163, idt_B: 0.059

[Rank 0] (epoch: 431, iters: 1760, time: 0.098, data: 0.004) , D_A: 0.062, G_A: 0.591, cycle_A: 0.056, idt_A: 0.105, D_B: 0.001, G_B: 0.993, cycle_B: 0.177, idt_B: 0.044

learning rate 0.0000554 -> 0.0000547
End of epoch 431 / 500 	 Time Taken: 52 sec
[Rank 0] (epoch: 432, iters: 32, time: 0.152, data: 0.003) , D_A: 0.044, G_A: 0.634, cycle_A: 0.078, idt_A: 0.114, D_B: 0.000, G_B: 0.983, cycle_B: 0.212, idt_B: 0.051

[Rank 0] (epoch: 432, iters: 232, time: 0.030, data: 0.004) , D_A: 0.073, G_A: 0.470, cycle_A: 0.105, idt_A: 0.104, D_B: 0.000, G_B: 0.996, cycle_B: 0.185, idt_B: 0.072

[Rank 0] (epoch: 432, iters: 432, time: 0.030, data: 0.004) , D_A: 0.073, G_A: 0.640, cycle_A: 0.074, idt_A: 0.105, D_B: 0.000, G_B: 1.013, cycle_B: 0.180, idt_B: 0.054

[Rank 0] (epoch: 432, iters: 632, time: 0.030, data: 0.003) , D_A: 0.039, G_A: 0.933, cycle_A: 0.084, idt_A: 0.118, D_B: 0.001, G_B: 1.010, cycle_B: 0.179, idt_B: 0.062

[Rank 0] (epoch: 432, iters: 832, time: 0.131, data: 0.002) , D_A: 0.082, G_A: 0.695, cycle_A: 0.065, idt_A: 0.110, D_B: 0.001, G_B: 1.020, cycle_B: 0.173, idt_B: 0.047

[Rank 0] (epoch: 432, iters: 1032, time: 0.026, data: 0.003) , D_A: 0.045, G_A: 0.737, cycle_A: 0.070, idt_A: 0.100, D_B: 0.000, G_B: 0.988, cycle_B: 0.174, idt_B: 0.049

[Rank 0] (epoch: 432, iters: 1232, time: 0.030, data: 0.003) , D_A: 0.100, G_A: 0.297, cycle_A: 0.077, idt_A: 0.100, D_B: 0.000, G_B: 1.008, cycle_B: 0.179, idt_B: 0.053

[Rank 0] (epoch: 432, iters: 1432, time: 0.031, data: 0.153) , D_A: 0.065, G_A: 0.643, cycle_A: 0.075, idt_A: 0.105, D_B: 0.001, G_B: 1.008, cycle_B: 0.186, idt_B: 0.056

[Rank 0] (epoch: 432, iters: 1632, time: 0.029, data: 0.002) , D_A: 0.072, G_A: 0.691, cycle_A: 0.074, idt_A: 0.122, D_B: 0.001, G_B: 0.981, cycle_B: 0.178, idt_B: 0.053

[Rank 0] (epoch: 432, iters: 1832, time: 0.139, data: 0.003) , D_A: 0.043, G_A: 0.767, cycle_A: 0.065, idt_A: 0.102, D_B: 0.001, G_B: 0.997, cycle_B: 0.152, idt_B: 0.043

saving the latest model (epoch 432, total_iters 640000)
learning rate 0.0000547 -> 0.0000539
End of epoch 432 / 500 	 Time Taken: 55 sec
[Rank 0] (epoch: 433, iters: 104, time: 0.103, data: 0.003) , D_A: 0.096, G_A: 0.621, cycle_A: 0.070, idt_A: 0.105, D_B: 0.000, G_B: 1.003, cycle_B: 0.187, idt_B: 0.047

[Rank 0] (epoch: 433, iters: 304, time: 0.030, data: 0.001) , D_A: 0.119, G_A: 0.672, cycle_A: 0.070, idt_A: 0.114, D_B: 0.000, G_B: 0.977, cycle_B: 0.189, idt_B: 0.050

[Rank 0] (epoch: 433, iters: 504, time: 0.030, data: 0.003) , D_A: 0.061, G_A: 0.399, cycle_A: 0.074, idt_A: 0.103, D_B: 0.000, G_B: 0.991, cycle_B: 0.177, idt_B: 0.055

[Rank 0] (epoch: 433, iters: 704, time: 0.029, data: 0.004) , D_A: 0.049, G_A: 0.893, cycle_A: 0.093, idt_A: 0.104, D_B: 0.001, G_B: 0.967, cycle_B: 0.186, idt_B: 0.068

[Rank 0] (epoch: 433, iters: 904, time: 0.093, data: 0.003) , D_A: 0.137, G_A: 0.733, cycle_A: 0.087, idt_A: 0.109, D_B: 0.000, G_B: 0.994, cycle_B: 0.179, idt_B: 0.060

[Rank 0] (epoch: 433, iters: 1104, time: 0.030, data: 0.003) , D_A: 0.060, G_A: 0.470, cycle_A: 0.063, idt_A: 0.106, D_B: 0.000, G_B: 1.000, cycle_B: 0.184, idt_B: 0.048

[Rank 0] (epoch: 433, iters: 1304, time: 0.029, data: 0.003) , D_A: 0.052, G_A: 0.740, cycle_A: 0.063, idt_A: 0.094, D_B: 0.001, G_B: 0.969, cycle_B: 0.169, idt_B: 0.047

[Rank 0] (epoch: 433, iters: 1504, time: 0.030, data: 0.005) , D_A: 0.079, G_A: 0.589, cycle_A: 0.070, idt_A: 0.101, D_B: 0.001, G_B: 0.998, cycle_B: 0.186, idt_B: 0.054

[Rank 0] (epoch: 433, iters: 1704, time: 0.030, data: 0.003) , D_A: 0.049, G_A: 0.535, cycle_A: 0.067, idt_A: 0.111, D_B: 0.002, G_B: 1.032, cycle_B: 0.192, idt_B: 0.051

[Rank 0] (epoch: 433, iters: 1904, time: 0.092, data: 0.004) , D_A: 0.060, G_A: 0.743, cycle_A: 0.096, idt_A: 0.099, D_B: 0.000, G_B: 0.999, cycle_B: 0.176, idt_B: 0.072

learning rate 0.0000539 -> 0.0000531
End of epoch 433 / 500 	 Time Taken: 52 sec
[Rank 0] (epoch: 434, iters: 176, time: 0.103, data: 0.003) , D_A: 0.096, G_A: 0.539, cycle_A: 0.083, idt_A: 0.087, D_B: 0.000, G_B: 1.001, cycle_B: 0.155, idt_B: 0.062

[Rank 0] (epoch: 434, iters: 376, time: 0.030, data: 0.001) , D_A: 0.164, G_A: 0.832, cycle_A: 0.087, idt_A: 0.094, D_B: 0.001, G_B: 0.989, cycle_B: 0.168, idt_B: 0.057

[Rank 0] (epoch: 434, iters: 576, time: 0.026, data: 0.005) , D_A: 0.131, G_A: 0.334, cycle_A: 0.085, idt_A: 0.109, D_B: 0.000, G_B: 0.994, cycle_B: 0.183, idt_B: 0.062

[Rank 0] (epoch: 434, iters: 776, time: 0.030, data: 0.002) , D_A: 0.097, G_A: 0.495, cycle_A: 0.066, idt_A: 0.122, D_B: 0.001, G_B: 0.976, cycle_B: 0.204, idt_B: 0.048

[Rank 0] (epoch: 434, iters: 976, time: 0.131, data: 0.002) , D_A: 0.133, G_A: 0.471, cycle_A: 0.078, idt_A: 0.107, D_B: 0.000, G_B: 0.993, cycle_B: 0.169, idt_B: 0.054

[Rank 0] (epoch: 434, iters: 1176, time: 0.026, data: 0.002) , D_A: 0.078, G_A: 0.521, cycle_A: 0.066, idt_A: 0.112, D_B: 0.001, G_B: 0.990, cycle_B: 0.192, idt_B: 0.047

[Rank 0] (epoch: 434, iters: 1376, time: 0.030, data: 0.002) , D_A: 0.113, G_A: 0.369, cycle_A: 0.099, idt_A: 0.122, D_B: 0.001, G_B: 1.021, cycle_B: 0.210, idt_B: 0.064

[Rank 0] (epoch: 434, iters: 1576, time: 0.029, data: 0.003) , D_A: 0.051, G_A: 1.014, cycle_A: 0.056, idt_A: 0.104, D_B: 0.000, G_B: 0.988, cycle_B: 0.172, idt_B: 0.037

[Rank 0] (epoch: 434, iters: 1776, time: 0.030, data: 0.002) , D_A: 0.043, G_A: 0.811, cycle_A: 0.073, idt_A: 0.101, D_B: 0.001, G_B: 0.982, cycle_B: 0.181, idt_B: 0.057

learning rate 0.0000531 -> 0.0000523
End of epoch 434 / 500 	 Time Taken: 55 sec
[Rank 0] (epoch: 435, iters: 48, time: 0.114, data: 0.003) , D_A: 0.087, G_A: 0.443, cycle_A: 0.070, idt_A: 0.084, D_B: 0.000, G_B: 0.997, cycle_B: 0.142, idt_B: 0.052

[Rank 0] (epoch: 435, iters: 248, time: 0.030, data: 0.001) , D_A: 0.058, G_A: 0.747, cycle_A: 0.081, idt_A: 0.096, D_B: 0.000, G_B: 0.994, cycle_B: 0.169, idt_B: 0.060

[Rank 0] (epoch: 435, iters: 448, time: 0.030, data: 0.003) , D_A: 0.084, G_A: 0.914, cycle_A: 0.051, idt_A: 0.100, D_B: 0.001, G_B: 0.969, cycle_B: 0.168, idt_B: 0.040

[Rank 0] (epoch: 435, iters: 648, time: 0.029, data: 0.004) , D_A: 0.120, G_A: 0.424, cycle_A: 0.072, idt_A: 0.093, D_B: 0.001, G_B: 1.001, cycle_B: 0.164, idt_B: 0.052

[Rank 0] (epoch: 435, iters: 848, time: 0.026, data: 0.085) , D_A: 0.083, G_A: 0.554, cycle_A: 0.099, idt_A: 0.114, D_B: 0.000, G_B: 1.007, cycle_B: 0.213, idt_B: 0.070

[Rank 0] (epoch: 435, iters: 1048, time: 0.090, data: 0.003) , D_A: 0.135, G_A: 0.392, cycle_A: 0.085, idt_A: 0.121, D_B: 0.001, G_B: 0.998, cycle_B: 0.210, idt_B: 0.068

saving the latest model (epoch 435, total_iters 645000)
[Rank 0] (epoch: 435, iters: 1248, time: 0.030, data: 0.004) , D_A: 0.091, G_A: 0.702, cycle_A: 0.053, idt_A: 0.106, D_B: 0.001, G_B: 0.979, cycle_B: 0.204, idt_B: 0.041

[Rank 0] (epoch: 435, iters: 1448, time: 0.030, data: 0.003) , D_A: 0.096, G_A: 0.505, cycle_A: 0.063, idt_A: 0.122, D_B: 0.000, G_B: 0.982, cycle_B: 0.212, idt_B: 0.046

[Rank 0] (epoch: 435, iters: 1648, time: 0.030, data: 0.003) , D_A: 0.059, G_A: 0.871, cycle_A: 0.073, idt_A: 0.094, D_B: 0.001, G_B: 0.983, cycle_B: 0.169, idt_B: 0.059

[Rank 0] (epoch: 435, iters: 1848, time: 0.030, data: 0.003) , D_A: 0.079, G_A: 0.405, cycle_A: 0.069, idt_A: 0.094, D_B: 0.000, G_B: 0.994, cycle_B: 0.173, idt_B: 0.050

learning rate 0.0000523 -> 0.0000515
End of epoch 435 / 500 	 Time Taken: 53 sec
[Rank 0] (epoch: 436, iters: 120, time: 0.128, data: 0.002) , D_A: 0.073, G_A: 0.520, cycle_A: 0.073, idt_A: 0.109, D_B: 0.000, G_B: 1.000, cycle_B: 0.187, idt_B: 0.055

[Rank 0] (epoch: 436, iters: 320, time: 0.030, data: 0.006) , D_A: 0.092, G_A: 0.454, cycle_A: 0.063, idt_A: 0.094, D_B: 0.000, G_B: 0.988, cycle_B: 0.169, idt_B: 0.049

[Rank 0] (epoch: 436, iters: 520, time: 0.030, data: 0.002) , D_A: 0.061, G_A: 0.487, cycle_A: 0.057, idt_A: 0.101, D_B: 0.000, G_B: 1.011, cycle_B: 0.182, idt_B: 0.045

[Rank 0] (epoch: 436, iters: 720, time: 0.030, data: 0.008) , D_A: 0.144, G_A: 0.415, cycle_A: 0.060, idt_A: 0.119, D_B: 0.000, G_B: 1.011, cycle_B: 0.205, idt_B: 0.039

[Rank 0] (epoch: 436, iters: 920, time: 0.026, data: 0.018) , D_A: 0.069, G_A: 0.890, cycle_A: 0.067, idt_A: 0.118, D_B: 0.001, G_B: 0.998, cycle_B: 0.184, idt_B: 0.047

[Rank 0] (epoch: 436, iters: 1120, time: 0.106, data: 0.002) , D_A: 0.072, G_A: 0.864, cycle_A: 0.085, idt_A: 0.100, D_B: 0.000, G_B: 0.975, cycle_B: 0.171, idt_B: 0.064

[Rank 0] (epoch: 436, iters: 1320, time: 0.029, data: 0.002) , D_A: 0.051, G_A: 0.583, cycle_A: 0.057, idt_A: 0.119, D_B: 0.000, G_B: 1.016, cycle_B: 0.196, idt_B: 0.038

[Rank 0] (epoch: 436, iters: 1520, time: 0.026, data: 0.006) , D_A: 0.085, G_A: 0.819, cycle_A: 0.088, idt_A: 0.107, D_B: 0.000, G_B: 1.011, cycle_B: 0.182, idt_B: 0.064

[Rank 0] (epoch: 436, iters: 1720, time: 0.026, data: 0.011) , D_A: 0.087, G_A: 0.461, cycle_A: 0.083, idt_A: 0.098, D_B: 0.000, G_B: 0.998, cycle_B: 0.169, idt_B: 0.057

[Rank 0] (epoch: 436, iters: 1920, time: 0.030, data: 0.002) , D_A: 0.088, G_A: 0.584, cycle_A: 0.072, idt_A: 0.105, D_B: 0.003, G_B: 1.043, cycle_B: 0.188, idt_B: 0.051

learning rate 0.0000515 -> 0.0000507
End of epoch 436 / 500 	 Time Taken: 55 sec
[Rank 0] (epoch: 437, iters: 192, time: 0.119, data: 0.002) , D_A: 0.096, G_A: 0.812, cycle_A: 0.081, idt_A: 0.099, D_B: 0.000, G_B: 0.995, cycle_B: 0.181, idt_B: 0.054

[Rank 0] (epoch: 437, iters: 392, time: 0.030, data: 0.003) , D_A: 0.076, G_A: 0.277, cycle_A: 0.077, idt_A: 0.110, D_B: 0.000, G_B: 1.010, cycle_B: 0.192, idt_B: 0.054

[Rank 0] (epoch: 437, iters: 592, time: 0.030, data: 0.003) , D_A: 0.127, G_A: 0.654, cycle_A: 0.082, idt_A: 0.098, D_B: 0.000, G_B: 1.016, cycle_B: 0.178, idt_B: 0.055

[Rank 0] (epoch: 437, iters: 792, time: 0.030, data: 0.004) , D_A: 0.056, G_A: 0.606, cycle_A: 0.085, idt_A: 0.099, D_B: 0.001, G_B: 0.993, cycle_B: 0.181, idt_B: 0.053

[Rank 0] (epoch: 437, iters: 992, time: 0.029, data: 0.006) , D_A: 0.064, G_A: 0.621, cycle_A: 0.074, idt_A: 0.107, D_B: 0.001, G_B: 1.007, cycle_B: 0.192, idt_B: 0.052

[Rank 0] (epoch: 437, iters: 1192, time: 0.090, data: 0.002) , D_A: 0.062, G_A: 0.626, cycle_A: 0.070, idt_A: 0.119, D_B: 0.001, G_B: 1.037, cycle_B: 0.221, idt_B: 0.048

[Rank 0] (epoch: 437, iters: 1392, time: 0.030, data: 0.002) , D_A: 0.088, G_A: 0.380, cycle_A: 0.068, idt_A: 0.088, D_B: 0.001, G_B: 0.983, cycle_B: 0.164, idt_B: 0.046

[Rank 0] (epoch: 437, iters: 1592, time: 0.029, data: 0.004) , D_A: 0.108, G_A: 0.632, cycle_A: 0.069, idt_A: 0.133, D_B: 0.001, G_B: 1.008, cycle_B: 0.224, idt_B: 0.052

[Rank 0] (epoch: 437, iters: 1792, time: 0.030, data: 0.004) , D_A: 0.043, G_A: 0.713, cycle_A: 0.065, idt_A: 0.093, D_B: 0.000, G_B: 1.004, cycle_B: 0.164, idt_B: 0.046

learning rate 0.0000507 -> 0.0000499
End of epoch 437 / 500 	 Time Taken: 52 sec
[Rank 0] (epoch: 438, iters: 64, time: 0.137, data: 0.003) , D_A: 0.101, G_A: 0.817, cycle_A: 0.062, idt_A: 0.091, D_B: 0.000, G_B: 1.009, cycle_B: 0.157, idt_B: 0.046

[Rank 0] (epoch: 438, iters: 264, time: 0.093, data: 0.006) , D_A: 0.063, G_A: 0.595, cycle_A: 0.080, idt_A: 0.108, D_B: 0.001, G_B: 1.006, cycle_B: 0.198, idt_B: 0.056

saving the latest model (epoch 438, total_iters 650000)
[Rank 0] (epoch: 438, iters: 464, time: 0.030, data: 0.002) , D_A: 0.068, G_A: 0.592, cycle_A: 0.080, idt_A: 0.093, D_B: 0.001, G_B: 0.987, cycle_B: 0.175, idt_B: 0.059

[Rank 0] (epoch: 438, iters: 664, time: 0.029, data: 0.005) , D_A: 0.060, G_A: 0.772, cycle_A: 0.050, idt_A: 0.117, D_B: 0.000, G_B: 1.012, cycle_B: 0.179, idt_B: 0.033

[Rank 0] (epoch: 438, iters: 864, time: 0.026, data: 0.004) , D_A: 0.094, G_A: 0.567, cycle_A: 0.078, idt_A: 0.104, D_B: 0.000, G_B: 1.007, cycle_B: 0.182, idt_B: 0.051

[Rank 0] (epoch: 438, iters: 1064, time: 0.030, data: 0.002) , D_A: 0.088, G_A: 0.514, cycle_A: 0.081, idt_A: 0.097, D_B: 0.001, G_B: 1.015, cycle_B: 0.177, idt_B: 0.057

[Rank 0] (epoch: 438, iters: 1264, time: 0.127, data: 0.002) , D_A: 0.102, G_A: 0.426, cycle_A: 0.091, idt_A: 0.097, D_B: 0.000, G_B: 0.980, cycle_B: 0.176, idt_B: 0.065

[Rank 0] (epoch: 438, iters: 1464, time: 0.030, data: 0.002) , D_A: 0.089, G_A: 0.537, cycle_A: 0.098, idt_A: 0.099, D_B: 0.000, G_B: 1.000, cycle_B: 0.172, idt_B: 0.074

[Rank 0] (epoch: 438, iters: 1664, time: 0.030, data: 0.002) , D_A: 0.072, G_A: 0.620, cycle_A: 0.052, idt_A: 0.111, D_B: 0.000, G_B: 0.997, cycle_B: 0.192, idt_B: 0.033

[Rank 0] (epoch: 438, iters: 1864, time: 0.030, data: 0.004) , D_A: 0.065, G_A: 0.738, cycle_A: 0.083, idt_A: 0.111, D_B: 0.000, G_B: 0.988, cycle_B: 0.192, idt_B: 0.062

learning rate 0.0000499 -> 0.0000491
End of epoch 438 / 500 	 Time Taken: 55 sec
[Rank 0] (epoch: 439, iters: 136, time: 0.142, data: 0.063) , D_A: 0.080, G_A: 0.831, cycle_A: 0.071, idt_A: 0.085, D_B: 0.000, G_B: 0.994, cycle_B: 0.157, idt_B: 0.048

[Rank 0] (epoch: 439, iters: 336, time: 0.109, data: 0.002) , D_A: 0.114, G_A: 0.416, cycle_A: 0.105, idt_A: 0.105, D_B: 0.001, G_B: 0.994, cycle_B: 0.187, idt_B: 0.069

[Rank 0] (epoch: 439, iters: 536, time: 0.030, data: 0.004) , D_A: 0.050, G_A: 0.775, cycle_A: 0.067, idt_A: 0.104, D_B: 0.000, G_B: 1.013, cycle_B: 0.166, idt_B: 0.049

[Rank 0] (epoch: 439, iters: 736, time: 0.029, data: 0.007) , D_A: 0.085, G_A: 0.474, cycle_A: 0.080, idt_A: 0.109, D_B: 0.000, G_B: 1.009, cycle_B: 0.184, idt_B: 0.058

[Rank 0] (epoch: 439, iters: 936, time: 0.030, data: 0.002) , D_A: 0.093, G_A: 0.325, cycle_A: 0.077, idt_A: 0.100, D_B: 0.001, G_B: 0.975, cycle_B: 0.176, idt_B: 0.049

[Rank 0] (epoch: 439, iters: 1136, time: 0.030, data: 0.003) , D_A: 0.128, G_A: 0.452, cycle_A: 0.069, idt_A: 0.095, D_B: 0.000, G_B: 1.011, cycle_B: 0.176, idt_B: 0.050

[Rank 0] (epoch: 439, iters: 1336, time: 0.102, data: 0.004) , D_A: 0.116, G_A: 0.856, cycle_A: 0.064, idt_A: 0.124, D_B: 0.001, G_B: 0.982, cycle_B: 0.218, idt_B: 0.047

[Rank 0] (epoch: 439, iters: 1536, time: 0.030, data: 0.002) , D_A: 0.111, G_A: 0.628, cycle_A: 0.061, idt_A: 0.105, D_B: 0.001, G_B: 0.997, cycle_B: 0.187, idt_B: 0.045

[Rank 0] (epoch: 439, iters: 1736, time: 0.030, data: 0.004) , D_A: 0.055, G_A: 0.490, cycle_A: 0.080, idt_A: 0.112, D_B: 0.000, G_B: 1.003, cycle_B: 0.176, idt_B: 0.054

learning rate 0.0000491 -> 0.0000483
End of epoch 439 / 500 	 Time Taken: 54 sec
[Rank 0] (epoch: 440, iters: 8, time: 0.098, data: 0.005) , D_A: 0.082, G_A: 0.395, cycle_A: 0.061, idt_A: 0.110, D_B: 0.000, G_B: 1.007, cycle_B: 0.182, idt_B: 0.044

[Rank 0] (epoch: 440, iters: 208, time: 0.030, data: 0.002) , D_A: 0.047, G_A: 0.770, cycle_A: 0.076, idt_A: 0.112, D_B: 0.000, G_B: 1.015, cycle_B: 0.191, idt_B: 0.057

[Rank 0] (epoch: 440, iters: 408, time: 0.097, data: 0.003) , D_A: 0.067, G_A: 0.560, cycle_A: 0.060, idt_A: 0.122, D_B: 0.001, G_B: 0.992, cycle_B: 0.197, idt_B: 0.048

[Rank 0] (epoch: 440, iters: 608, time: 0.030, data: 0.003) , D_A: 0.119, G_A: 0.726, cycle_A: 0.087, idt_A: 0.112, D_B: 0.000, G_B: 1.017, cycle_B: 0.177, idt_B: 0.064

[Rank 0] (epoch: 440, iters: 808, time: 0.029, data: 0.003) , D_A: 0.081, G_A: 0.772, cycle_A: 0.085, idt_A: 0.103, D_B: 0.001, G_B: 0.994, cycle_B: 0.177, idt_B: 0.063

[Rank 0] (epoch: 440, iters: 1008, time: 0.030, data: 0.003) , D_A: 0.122, G_A: 0.455, cycle_A: 0.065, idt_A: 0.106, D_B: 0.000, G_B: 1.004, cycle_B: 0.201, idt_B: 0.044

[Rank 0] (epoch: 440, iters: 1208, time: 0.029, data: 0.005) , D_A: 0.060, G_A: 0.606, cycle_A: 0.083, idt_A: 0.116, D_B: 0.000, G_B: 1.000, cycle_B: 0.194, idt_B: 0.057

[Rank 0] (epoch: 440, iters: 1408, time: 0.107, data: 0.002) , D_A: 0.078, G_A: 0.523, cycle_A: 0.089, idt_A: 0.103, D_B: 0.000, G_B: 1.002, cycle_B: 0.188, idt_B: 0.059

saving the latest model (epoch 440, total_iters 655000)
[Rank 0] (epoch: 440, iters: 1608, time: 0.029, data: 0.002) , D_A: 0.095, G_A: 0.499, cycle_A: 0.063, idt_A: 0.112, D_B: 0.001, G_B: 1.019, cycle_B: 0.196, idt_B: 0.047

[Rank 0] (epoch: 440, iters: 1808, time: 0.029, data: 0.003) , D_A: 0.082, G_A: 0.456, cycle_A: 0.076, idt_A: 0.100, D_B: 0.001, G_B: 0.985, cycle_B: 0.178, idt_B: 0.051

learning rate 0.0000483 -> 0.0000475
saving the model at the end of epoch 440, iters 655520
End of epoch 440 / 500 	 Time Taken: 53 sec
[Rank 0] (epoch: 441, iters: 80, time: 0.106, data: 0.002) , D_A: 0.103, G_A: 0.454, cycle_A: 0.048, idt_A: 0.126, D_B: 0.000, G_B: 1.009, cycle_B: 0.199, idt_B: 0.037

[Rank 0] (epoch: 441, iters: 280, time: 0.029, data: 0.002) , D_A: 0.068, G_A: 0.634, cycle_A: 0.075, idt_A: 0.109, D_B: 0.000, G_B: 0.998, cycle_B: 0.194, idt_B: 0.054

[Rank 0] (epoch: 441, iters: 480, time: 0.095, data: 0.004) , D_A: 0.076, G_A: 0.657, cycle_A: 0.052, idt_A: 0.118, D_B: 0.000, G_B: 1.004, cycle_B: 0.180, idt_B: 0.037

[Rank 0] (epoch: 441, iters: 680, time: 0.030, data: 0.002) , D_A: 0.050, G_A: 0.580, cycle_A: 0.051, idt_A: 0.110, D_B: 0.001, G_B: 0.976, cycle_B: 0.204, idt_B: 0.040

[Rank 0] (epoch: 441, iters: 880, time: 0.028, data: 0.003) , D_A: 0.080, G_A: 0.534, cycle_A: 0.054, idt_A: 0.099, D_B: 0.001, G_B: 0.973, cycle_B: 0.176, idt_B: 0.043

[Rank 0] (epoch: 441, iters: 1080, time: 0.030, data: 0.006) , D_A: 0.051, G_A: 1.134, cycle_A: 0.082, idt_A: 0.109, D_B: 0.000, G_B: 1.010, cycle_B: 0.189, idt_B: 0.059

[Rank 0] (epoch: 441, iters: 1280, time: 0.026, data: 0.030) , D_A: 0.090, G_A: 0.813, cycle_A: 0.069, idt_A: 0.108, D_B: 0.002, G_B: 1.041, cycle_B: 0.178, idt_B: 0.050

[Rank 0] (epoch: 441, iters: 1480, time: 0.119, data: 0.002) , D_A: 0.074, G_A: 0.400, cycle_A: 0.076, idt_A: 0.128, D_B: 0.005, G_B: 0.816, cycle_B: 0.214, idt_B: 0.055

[Rank 0] (epoch: 441, iters: 1680, time: 0.029, data: 0.004) , D_A: 0.066, G_A: 0.810, cycle_A: 0.110, idt_A: 0.096, D_B: 0.078, G_B: 0.230, cycle_B: 0.234, idt_B: 0.073

[Rank 0] (epoch: 441, iters: 1880, time: 0.030, data: 0.002) , D_A: 0.097, G_A: 0.682, cycle_A: 0.102, idt_A: 0.103, D_B: 0.084, G_B: 0.748, cycle_B: 0.244, idt_B: 0.078

learning rate 0.0000475 -> 0.0000467
End of epoch 441 / 500 	 Time Taken: 54 sec
[Rank 0] (epoch: 442, iters: 152, time: 0.111, data: 0.003) , D_A: 0.042, G_A: 0.594, cycle_A: 0.074, idt_A: 0.092, D_B: 0.134, G_B: 0.079, cycle_B: 0.289, idt_B: 0.050

[Rank 0] (epoch: 442, iters: 352, time: 0.029, data: 0.002) , D_A: 0.073, G_A: 0.500, cycle_A: 0.124, idt_A: 0.100, D_B: 0.100, G_B: 0.625, cycle_B: 0.248, idt_B: 0.087

[Rank 0] (epoch: 442, iters: 552, time: 0.110, data: 0.003) , D_A: 0.154, G_A: 1.083, cycle_A: 0.087, idt_A: 0.097, D_B: 0.193, G_B: 0.266, cycle_B: 0.262, idt_B: 0.053

[Rank 0] (epoch: 442, iters: 752, time: 0.030, data: 0.003) , D_A: 0.103, G_A: 0.421, cycle_A: 0.075, idt_A: 0.106, D_B: 0.105, G_B: 0.467, cycle_B: 0.251, idt_B: 0.049

[Rank 0] (epoch: 442, iters: 952, time: 0.029, data: 0.004) , D_A: 0.076, G_A: 0.540, cycle_A: 0.086, idt_A: 0.097, D_B: 0.118, G_B: 0.348, cycle_B: 0.251, idt_B: 0.067

[Rank 0] (epoch: 442, iters: 1152, time: 0.030, data: 0.003) , D_A: 0.103, G_A: 0.591, cycle_A: 0.066, idt_A: 0.102, D_B: 0.122, G_B: 0.492, cycle_B: 0.255, idt_B: 0.048

[Rank 0] (epoch: 442, iters: 1352, time: 0.030, data: 0.003) , D_A: 0.081, G_A: 0.702, cycle_A: 0.107, idt_A: 0.088, D_B: 0.129, G_B: 0.290, cycle_B: 0.209, idt_B: 0.078

[Rank 0] (epoch: 442, iters: 1552, time: 0.106, data: 0.002) , D_A: 0.148, G_A: 0.467, cycle_A: 0.078, idt_A: 0.102, D_B: 0.126, G_B: 0.505, cycle_B: 0.269, idt_B: 0.063

[Rank 0] (epoch: 442, iters: 1752, time: 0.030, data: 0.005) , D_A: 0.059, G_A: 0.687, cycle_A: 0.089, idt_A: 0.105, D_B: 0.112, G_B: 0.408, cycle_B: 0.234, idt_B: 0.069

learning rate 0.0000467 -> 0.0000459
End of epoch 442 / 500 	 Time Taken: 53 sec
[Rank 0] (epoch: 443, iters: 24, time: 0.125, data: 0.003) , D_A: 0.084, G_A: 0.682, cycle_A: 0.096, idt_A: 0.095, D_B: 0.157, G_B: 0.743, cycle_B: 0.218, idt_B: 0.060

[Rank 0] (epoch: 443, iters: 224, time: 0.029, data: 0.002) , D_A: 0.070, G_A: 0.440, cycle_A: 0.105, idt_A: 0.101, D_B: 0.174, G_B: 0.339, cycle_B: 0.228, idt_B: 0.073

[Rank 0] (epoch: 443, iters: 424, time: 0.030, data: 0.003) , D_A: 0.093, G_A: 0.947, cycle_A: 0.095, idt_A: 0.105, D_B: 0.248, G_B: 0.588, cycle_B: 0.257, idt_B: 0.065

[Rank 0] (epoch: 443, iters: 624, time: 0.092, data: 0.002) , D_A: 0.042, G_A: 1.161, cycle_A: 0.091, idt_A: 0.092, D_B: 0.022, G_B: 0.894, cycle_B: 0.220, idt_B: 0.076

saving the latest model (epoch 443, total_iters 660000)
[Rank 0] (epoch: 443, iters: 824, time: 0.030, data: 0.002) , D_A: 0.116, G_A: 0.749, cycle_A: 0.077, idt_A: 0.102, D_B: 0.141, G_B: 0.603, cycle_B: 0.232, idt_B: 0.061

[Rank 0] (epoch: 443, iters: 1024, time: 0.030, data: 0.002) , D_A: 0.061, G_A: 0.642, cycle_A: 0.083, idt_A: 0.105, D_B: 0.076, G_B: 0.366, cycle_B: 0.241, idt_B: 0.058

[Rank 0] (epoch: 443, iters: 1224, time: 0.027, data: 0.027) , D_A: 0.046, G_A: 0.722, cycle_A: 0.095, idt_A: 0.098, D_B: 0.176, G_B: 0.375, cycle_B: 0.224, idt_B: 0.070

[Rank 0] (epoch: 443, iters: 1424, time: 0.030, data: 0.002) , D_A: 0.093, G_A: 0.565, cycle_A: 0.106, idt_A: 0.094, D_B: 0.099, G_B: 0.681, cycle_B: 0.212, idt_B: 0.074

[Rank 0] (epoch: 443, iters: 1624, time: 0.138, data: 0.007) , D_A: 0.077, G_A: 0.541, cycle_A: 0.083, idt_A: 0.104, D_B: 0.083, G_B: 0.621, cycle_B: 0.236, idt_B: 0.061

[Rank 0] (epoch: 443, iters: 1824, time: 0.029, data: 0.002) , D_A: 0.099, G_A: 0.722, cycle_A: 0.122, idt_A: 0.100, D_B: 0.097, G_B: 0.971, cycle_B: 0.222, idt_B: 0.101

learning rate 0.0000459 -> 0.0000451
End of epoch 443 / 500 	 Time Taken: 55 sec
[Rank 0] (epoch: 444, iters: 96, time: 0.090, data: 0.002) , D_A: 0.084, G_A: 0.713, cycle_A: 0.094, idt_A: 0.112, D_B: 0.070, G_B: 0.378, cycle_B: 0.253, idt_B: 0.070

[Rank 0] (epoch: 444, iters: 296, time: 0.029, data: 0.003) , D_A: 0.113, G_A: 0.378, cycle_A: 0.107, idt_A: 0.094, D_B: 0.018, G_B: 0.851, cycle_B: 0.217, idt_B: 0.087

[Rank 0] (epoch: 444, iters: 496, time: 0.030, data: 0.002) , D_A: 0.085, G_A: 1.028, cycle_A: 0.075, idt_A: 0.105, D_B: 0.006, G_B: 0.933, cycle_B: 0.228, idt_B: 0.054

[Rank 0] (epoch: 444, iters: 696, time: 0.113, data: 0.004) , D_A: 0.080, G_A: 0.529, cycle_A: 0.101, idt_A: 0.099, D_B: 0.026, G_B: 0.548, cycle_B: 0.220, idt_B: 0.077

[Rank 0] (epoch: 444, iters: 896, time: 0.030, data: 0.003) , D_A: 0.099, G_A: 0.705, cycle_A: 0.078, idt_A: 0.102, D_B: 0.081, G_B: 0.934, cycle_B: 0.233, idt_B: 0.060

[Rank 0] (epoch: 444, iters: 1096, time: 0.030, data: 0.004) , D_A: 0.061, G_A: 0.848, cycle_A: 0.061, idt_A: 0.095, D_B: 0.022, G_B: 1.115, cycle_B: 0.213, idt_B: 0.046

[Rank 0] (epoch: 444, iters: 1296, time: 0.030, data: 0.002) , D_A: 0.128, G_A: 1.083, cycle_A: 0.058, idt_A: 0.116, D_B: 0.004, G_B: 0.938, cycle_B: 0.237, idt_B: 0.047

[Rank 0] (epoch: 444, iters: 1496, time: 0.029, data: 0.005) , D_A: 0.106, G_A: 0.530, cycle_A: 0.074, idt_A: 0.092, D_B: 0.004, G_B: 0.932, cycle_B: 0.187, idt_B: 0.053

[Rank 0] (epoch: 444, iters: 1696, time: 0.088, data: 0.002) , D_A: 0.068, G_A: 0.459, cycle_A: 0.093, idt_A: 0.101, D_B: 0.004, G_B: 0.978, cycle_B: 0.213, idt_B: 0.068

[Rank 0] (epoch: 444, iters: 1896, time: 0.030, data: 0.003) , D_A: 0.129, G_A: 0.507, cycle_A: 0.080, idt_A: 0.102, D_B: 0.002, G_B: 0.975, cycle_B: 0.222, idt_B: 0.056

learning rate 0.0000451 -> 0.0000444
End of epoch 444 / 500 	 Time Taken: 53 sec
[Rank 0] (epoch: 445, iters: 168, time: 0.116, data: 0.001) , D_A: 0.079, G_A: 0.473, cycle_A: 0.081, idt_A: 0.110, D_B: 0.002, G_B: 0.969, cycle_B: 0.214, idt_B: 0.060

[Rank 0] (epoch: 445, iters: 368, time: 0.030, data: 0.001) , D_A: 0.078, G_A: 0.479, cycle_A: 0.108, idt_A: 0.086, D_B: 0.006, G_B: 0.944, cycle_B: 0.177, idt_B: 0.078

[Rank 0] (epoch: 445, iters: 568, time: 0.030, data: 0.003) , D_A: 0.065, G_A: 0.517, cycle_A: 0.069, idt_A: 0.086, D_B: 0.002, G_B: 0.980, cycle_B: 0.188, idt_B: 0.049

[Rank 0] (epoch: 445, iters: 768, time: 0.117, data: 0.002) , D_A: 0.074, G_A: 0.517, cycle_A: 0.098, idt_A: 0.104, D_B: 0.003, G_B: 1.043, cycle_B: 0.220, idt_B: 0.065

[Rank 0] (epoch: 445, iters: 968, time: 0.030, data: 0.003) , D_A: 0.150, G_A: 0.784, cycle_A: 0.118, idt_A: 0.094, D_B: 0.017, G_B: 0.854, cycle_B: 0.227, idt_B: 0.091

[Rank 0] (epoch: 445, iters: 1168, time: 0.026, data: 0.004) , D_A: 0.059, G_A: 0.734, cycle_A: 0.103, idt_A: 0.099, D_B: 0.042, G_B: 0.594, cycle_B: 0.221, idt_B: 0.079

[Rank 0] (epoch: 445, iters: 1368, time: 0.030, data: 0.002) , D_A: 0.087, G_A: 0.743, cycle_A: 0.091, idt_A: 0.092, D_B: 0.053, G_B: 0.606, cycle_B: 0.224, idt_B: 0.065

[Rank 0] (epoch: 445, iters: 1568, time: 0.030, data: 0.002) , D_A: 0.042, G_A: 0.644, cycle_A: 0.093, idt_A: 0.087, D_B: 0.155, G_B: 0.596, cycle_B: 0.213, idt_B: 0.069

[Rank 0] (epoch: 445, iters: 1768, time: 0.102, data: 0.003) , D_A: 0.066, G_A: 0.553, cycle_A: 0.080, idt_A: 0.109, D_B: 0.102, G_B: 0.454, cycle_B: 0.238, idt_B: 0.055

saving the latest model (epoch 445, total_iters 665000)
learning rate 0.0000444 -> 0.0000436
End of epoch 445 / 500 	 Time Taken: 54 sec
[Rank 0] (epoch: 446, iters: 40, time: 0.090, data: 0.004) , D_A: 0.072, G_A: 0.389, cycle_A: 0.106, idt_A: 0.109, D_B: 0.174, G_B: 0.208, cycle_B: 0.247, idt_B: 0.079

[Rank 0] (epoch: 446, iters: 240, time: 0.030, data: 0.002) , D_A: 0.087, G_A: 0.519, cycle_A: 0.089, idt_A: 0.092, D_B: 0.142, G_B: 0.757, cycle_B: 0.214, idt_B: 0.060

[Rank 0] (epoch: 446, iters: 440, time: 0.030, data: 0.003) , D_A: 0.084, G_A: 0.577, cycle_A: 0.091, idt_A: 0.121, D_B: 0.073, G_B: 0.452, cycle_B: 0.257, idt_B: 0.066

[Rank 0] (epoch: 446, iters: 640, time: 0.030, data: 0.002) , D_A: 0.082, G_A: 0.574, cycle_A: 0.069, idt_A: 0.095, D_B: 0.108, G_B: 0.418, cycle_B: 0.224, idt_B: 0.050

[Rank 0] (epoch: 446, iters: 840, time: 0.100, data: 0.005) , D_A: 0.063, G_A: 0.491, cycle_A: 0.113, idt_A: 0.116, D_B: 0.079, G_B: 0.527, cycle_B: 0.242, idt_B: 0.069

[Rank 0] (epoch: 446, iters: 1040, time: 0.030, data: 0.002) , D_A: 0.081, G_A: 0.583, cycle_A: 0.099, idt_A: 0.094, D_B: 0.034, G_B: 1.171, cycle_B: 0.200, idt_B: 0.074

[Rank 0] (epoch: 446, iters: 1240, time: 0.030, data: 0.002) , D_A: 0.100, G_A: 0.764, cycle_A: 0.110, idt_A: 0.101, D_B: 0.109, G_B: 0.382, cycle_B: 0.242, idt_B: 0.072

[Rank 0] (epoch: 446, iters: 1440, time: 0.030, data: 0.003) , D_A: 0.125, G_A: 0.811, cycle_A: 0.072, idt_A: 0.095, D_B: 0.057, G_B: 0.464, cycle_B: 0.216, idt_B: 0.047

[Rank 0] (epoch: 446, iters: 1640, time: 0.029, data: 0.004) , D_A: 0.056, G_A: 0.677, cycle_A: 0.090, idt_A: 0.106, D_B: 0.082, G_B: 0.395, cycle_B: 0.274, idt_B: 0.068

[Rank 0] (epoch: 446, iters: 1840, time: 0.102, data: 0.004) , D_A: 0.062, G_A: 0.645, cycle_A: 0.095, idt_A: 0.100, D_B: 0.101, G_B: 0.748, cycle_B: 0.234, idt_B: 0.067

learning rate 0.0000436 -> 0.0000428
End of epoch 446 / 500 	 Time Taken: 53 sec
[Rank 0] (epoch: 447, iters: 112, time: 0.102, data: 0.002) , D_A: 0.050, G_A: 0.854, cycle_A: 0.058, idt_A: 0.102, D_B: 0.119, G_B: 0.306, cycle_B: 0.221, idt_B: 0.042

[Rank 0] (epoch: 447, iters: 312, time: 0.029, data: 0.004) , D_A: 0.086, G_A: 0.446, cycle_A: 0.068, idt_A: 0.093, D_B: 0.034, G_B: 1.046, cycle_B: 0.223, idt_B: 0.048

[Rank 0] (epoch: 447, iters: 512, time: 0.030, data: 0.006) , D_A: 0.042, G_A: 0.877, cycle_A: 0.101, idt_A: 0.096, D_B: 0.042, G_B: 0.931, cycle_B: 0.237, idt_B: 0.075

[Rank 0] (epoch: 447, iters: 712, time: 0.026, data: 0.028) , D_A: 0.060, G_A: 0.645, cycle_A: 0.085, idt_A: 0.109, D_B: 0.008, G_B: 1.062, cycle_B: 0.250, idt_B: 0.073

[Rank 0] (epoch: 447, iters: 912, time: 0.128, data: 0.003) , D_A: 0.046, G_A: 0.649, cycle_A: 0.096, idt_A: 0.105, D_B: 0.062, G_B: 1.101, cycle_B: 0.209, idt_B: 0.068

[Rank 0] (epoch: 447, iters: 1112, time: 0.029, data: 0.004) , D_A: 0.064, G_A: 0.481, cycle_A: 0.078, idt_A: 0.104, D_B: 0.011, G_B: 1.194, cycle_B: 0.215, idt_B: 0.058

[Rank 0] (epoch: 447, iters: 1312, time: 0.031, data: 0.003) , D_A: 0.150, G_A: 0.892, cycle_A: 0.081, idt_A: 0.102, D_B: 0.040, G_B: 0.883, cycle_B: 0.212, idt_B: 0.060

[Rank 0] (epoch: 447, iters: 1512, time: 0.029, data: 0.004) , D_A: 0.061, G_A: 0.997, cycle_A: 0.090, idt_A: 0.100, D_B: 0.048, G_B: 0.459, cycle_B: 0.208, idt_B: 0.065

[Rank 0] (epoch: 447, iters: 1712, time: 0.030, data: 0.002) , D_A: 0.053, G_A: 0.682, cycle_A: 0.084, idt_A: 0.102, D_B: 0.006, G_B: 0.872, cycle_B: 0.214, idt_B: 0.060

[Rank 0] (epoch: 447, iters: 1912, time: 0.087, data: 0.039) , D_A: 0.073, G_A: 0.585, cycle_A: 0.068, idt_A: 0.090, D_B: 0.006, G_B: 0.956, cycle_B: 0.188, idt_B: 0.050

learning rate 0.0000428 -> 0.0000420
End of epoch 447 / 500 	 Time Taken: 55 sec
[Rank 0] (epoch: 448, iters: 184, time: 0.146, data: 0.001) , D_A: 0.073, G_A: 0.676, cycle_A: 0.060, idt_A: 0.109, D_B: 0.007, G_B: 1.013, cycle_B: 0.228, idt_B: 0.043

[Rank 0] (epoch: 448, iters: 384, time: 0.029, data: 0.003) , D_A: 0.046, G_A: 1.041, cycle_A: 0.082, idt_A: 0.106, D_B: 0.004, G_B: 0.991, cycle_B: 0.208, idt_B: 0.061

[Rank 0] (epoch: 448, iters: 584, time: 0.029, data: 0.004) , D_A: 0.048, G_A: 0.700, cycle_A: 0.073, idt_A: 0.101, D_B: 0.008, G_B: 0.760, cycle_B: 0.205, idt_B: 0.058

[Rank 0] (epoch: 448, iters: 784, time: 0.029, data: 0.002) , D_A: 0.067, G_A: 0.625, cycle_A: 0.075, idt_A: 0.102, D_B: 0.006, G_B: 1.100, cycle_B: 0.203, idt_B: 0.054

[Rank 0] (epoch: 448, iters: 984, time: 0.090, data: 0.002) , D_A: 0.061, G_A: 0.650, cycle_A: 0.063, idt_A: 0.102, D_B: 0.008, G_B: 1.046, cycle_B: 0.213, idt_B: 0.045

saving the latest model (epoch 448, total_iters 670000)
[Rank 0] (epoch: 448, iters: 1184, time: 0.029, data: 0.002) , D_A: 0.077, G_A: 0.621, cycle_A: 0.062, idt_A: 0.092, D_B: 0.011, G_B: 0.782, cycle_B: 0.191, idt_B: 0.047

[Rank 0] (epoch: 448, iters: 1384, time: 0.030, data: 0.006) , D_A: 0.046, G_A: 0.747, cycle_A: 0.091, idt_A: 0.115, D_B: 0.005, G_B: 0.983, cycle_B: 0.240, idt_B: 0.074

[Rank 0] (epoch: 448, iters: 1584, time: 0.029, data: 0.003) , D_A: 0.068, G_A: 0.483, cycle_A: 0.077, idt_A: 0.097, D_B: 0.006, G_B: 0.999, cycle_B: 0.188, idt_B: 0.052

[Rank 0] (epoch: 448, iters: 1784, time: 0.030, data: 0.003) , D_A: 0.243, G_A: 1.009, cycle_A: 0.083, idt_A: 0.101, D_B: 0.003, G_B: 0.981, cycle_B: 0.198, idt_B: 0.056

learning rate 0.0000420 -> 0.0000412
End of epoch 448 / 500 	 Time Taken: 53 sec
[Rank 0] (epoch: 449, iters: 56, time: 0.135, data: 0.003) , D_A: 0.092, G_A: 0.686, cycle_A: 0.084, idt_A: 0.103, D_B: 0.002, G_B: 1.010, cycle_B: 0.208, idt_B: 0.057

[Rank 0] (epoch: 449, iters: 256, time: 0.029, data: 0.003) , D_A: 0.094, G_A: 0.677, cycle_A: 0.102, idt_A: 0.110, D_B: 0.003, G_B: 1.001, cycle_B: 0.225, idt_B: 0.075

[Rank 0] (epoch: 449, iters: 456, time: 0.030, data: 0.003) , D_A: 0.043, G_A: 0.775, cycle_A: 0.102, idt_A: 0.105, D_B: 0.002, G_B: 0.980, cycle_B: 0.209, idt_B: 0.069

[Rank 0] (epoch: 449, iters: 656, time: 0.030, data: 0.006) , D_A: 0.045, G_A: 0.583, cycle_A: 0.066, idt_A: 0.114, D_B: 0.003, G_B: 0.988, cycle_B: 0.241, idt_B: 0.052

[Rank 0] (epoch: 449, iters: 856, time: 0.029, data: 0.134) , D_A: 0.069, G_A: 0.689, cycle_A: 0.097, idt_A: 0.097, D_B: 0.002, G_B: 0.962, cycle_B: 0.198, idt_B: 0.074

[Rank 0] (epoch: 449, iters: 1056, time: 0.112, data: 0.002) , D_A: 0.058, G_A: 0.542, cycle_A: 0.081, idt_A: 0.102, D_B: 0.003, G_B: 0.913, cycle_B: 0.211, idt_B: 0.053

[Rank 0] (epoch: 449, iters: 1256, time: 0.030, data: 0.002) , D_A: 0.077, G_A: 0.532, cycle_A: 0.089, idt_A: 0.103, D_B: 0.004, G_B: 0.875, cycle_B: 0.200, idt_B: 0.058

[Rank 0] (epoch: 449, iters: 1456, time: 0.030, data: 0.003) , D_A: 0.083, G_A: 0.634, cycle_A: 0.086, idt_A: 0.088, D_B: 0.004, G_B: 0.893, cycle_B: 0.192, idt_B: 0.054

[Rank 0] (epoch: 449, iters: 1656, time: 0.030, data: 0.002) , D_A: 0.056, G_A: 0.679, cycle_A: 0.095, idt_A: 0.107, D_B: 0.004, G_B: 1.009, cycle_B: 0.216, idt_B: 0.065

[Rank 0] (epoch: 449, iters: 1856, time: 0.029, data: 0.011) , D_A: 0.086, G_A: 0.732, cycle_A: 0.088, idt_A: 0.104, D_B: 0.002, G_B: 0.909, cycle_B: 0.214, idt_B: 0.063

learning rate 0.0000412 -> 0.0000404
End of epoch 449 / 500 	 Time Taken: 54 sec
[Rank 0] (epoch: 450, iters: 128, time: 0.119, data: 0.004) , D_A: 0.052, G_A: 0.498, cycle_A: 0.067, idt_A: 0.098, D_B: 0.003, G_B: 0.998, cycle_B: 0.212, idt_B: 0.043

[Rank 0] (epoch: 450, iters: 328, time: 0.030, data: 0.004) , D_A: 0.052, G_A: 0.512, cycle_A: 0.085, idt_A: 0.110, D_B: 0.003, G_B: 0.907, cycle_B: 0.234, idt_B: 0.059

[Rank 0] (epoch: 450, iters: 528, time: 0.029, data: 0.003) , D_A: 0.073, G_A: 0.561, cycle_A: 0.079, idt_A: 0.098, D_B: 0.002, G_B: 0.961, cycle_B: 0.209, idt_B: 0.056

[Rank 0] (epoch: 450, iters: 728, time: 0.028, data: 0.004) , D_A: 0.080, G_A: 0.496, cycle_A: 0.073, idt_A: 0.100, D_B: 0.002, G_B: 0.996, cycle_B: 0.214, idt_B: 0.052

[Rank 0] (epoch: 450, iters: 928, time: 0.030, data: 0.002) , D_A: 0.082, G_A: 0.481, cycle_A: 0.086, idt_A: 0.120, D_B: 0.003, G_B: 1.033, cycle_B: 0.255, idt_B: 0.058

[Rank 0] (epoch: 450, iters: 1128, time: 0.112, data: 0.002) , D_A: 0.096, G_A: 0.637, cycle_A: 0.086, idt_A: 0.099, D_B: 0.005, G_B: 1.169, cycle_B: 0.221, idt_B: 0.057

[Rank 0] (epoch: 450, iters: 1328, time: 0.030, data: 0.002) , D_A: 0.143, G_A: 0.791, cycle_A: 0.081, idt_A: 0.103, D_B: 0.001, G_B: 0.968, cycle_B: 0.213, idt_B: 0.055

[Rank 0] (epoch: 450, iters: 1528, time: 0.029, data: 0.006) , D_A: 0.052, G_A: 0.554, cycle_A: 0.094, idt_A: 0.113, D_B: 0.001, G_B: 0.990, cycle_B: 0.236, idt_B: 0.060

[Rank 0] (epoch: 450, iters: 1728, time: 0.030, data: 0.002) , D_A: 0.055, G_A: 0.834, cycle_A: 0.083, idt_A: 0.102, D_B: 0.001, G_B: 0.986, cycle_B: 0.208, idt_B: 0.059

[Rank 0] (epoch: 450, iters: 1928, time: 0.024, data: 0.002) , D_A: 0.109, G_A: 0.792, cycle_A: 0.066, idt_A: 0.098, D_B: 0.002, G_B: 1.000, cycle_B: 0.194, idt_B: 0.051

learning rate 0.0000404 -> 0.0000396
End of epoch 450 / 500 	 Time Taken: 53 sec
[Rank 0] (epoch: 451, iters: 200, time: 0.096, data: 1.190) , D_A: 0.065, G_A: 0.506, cycle_A: 0.089, idt_A: 0.118, D_B: 0.002, G_B: 0.970, cycle_B: 0.223, idt_B: 0.059

saving the latest model (epoch 451, total_iters 675000)
[Rank 0] (epoch: 451, iters: 400, time: 0.030, data: 0.003) , D_A: 0.079, G_A: 0.719, cycle_A: 0.073, idt_A: 0.097, D_B: 0.001, G_B: 0.939, cycle_B: 0.191, idt_B: 0.048

[Rank 0] (epoch: 451, iters: 600, time: 0.030, data: 0.003) , D_A: 0.080, G_A: 0.471, cycle_A: 0.060, idt_A: 0.105, D_B: 0.001, G_B: 0.981, cycle_B: 0.210, idt_B: 0.044

[Rank 0] (epoch: 451, iters: 800, time: 0.030, data: 0.002) , D_A: 0.076, G_A: 0.472, cycle_A: 0.079, idt_A: 0.093, D_B: 0.002, G_B: 0.965, cycle_B: 0.181, idt_B: 0.057

[Rank 0] (epoch: 451, iters: 1000, time: 0.029, data: 0.005) , D_A: 0.041, G_A: 0.804, cycle_A: 0.062, idt_A: 0.090, D_B: 0.001, G_B: 0.986, cycle_B: 0.176, idt_B: 0.041

[Rank 0] (epoch: 451, iters: 1200, time: 0.083, data: 0.003) , D_A: 0.058, G_A: 0.613, cycle_A: 0.074, idt_A: 0.100, D_B: 0.001, G_B: 0.989, cycle_B: 0.185, idt_B: 0.055

[Rank 0] (epoch: 451, iters: 1400, time: 0.030, data: 0.002) , D_A: 0.095, G_A: 0.565, cycle_A: 0.088, idt_A: 0.097, D_B: 0.001, G_B: 0.992, cycle_B: 0.200, idt_B: 0.062

[Rank 0] (epoch: 451, iters: 1600, time: 0.030, data: 0.002) , D_A: 0.074, G_A: 0.544, cycle_A: 0.079, idt_A: 0.096, D_B: 0.001, G_B: 0.989, cycle_B: 0.187, idt_B: 0.057

[Rank 0] (epoch: 451, iters: 1800, time: 0.029, data: 0.005) , D_A: 0.068, G_A: 0.648, cycle_A: 0.081, idt_A: 0.107, D_B: 0.001, G_B: 0.974, cycle_B: 0.206, idt_B: 0.061

learning rate 0.0000396 -> 0.0000388
End of epoch 451 / 500 	 Time Taken: 53 sec
[Rank 0] (epoch: 452, iters: 72, time: 0.095, data: 0.060) , D_A: 0.145, G_A: 1.100, cycle_A: 0.083, idt_A: 0.102, D_B: 0.001, G_B: 0.978, cycle_B: 0.225, idt_B: 0.057

[Rank 0] (epoch: 452, iters: 272, time: 0.083, data: 0.001) , D_A: 0.052, G_A: 0.599, cycle_A: 0.089, idt_A: 0.096, D_B: 0.002, G_B: 1.013, cycle_B: 0.216, idt_B: 0.064

[Rank 0] (epoch: 452, iters: 472, time: 0.030, data: 0.002) , D_A: 0.055, G_A: 0.587, cycle_A: 0.067, idt_A: 0.091, D_B: 0.002, G_B: 0.991, cycle_B: 0.197, idt_B: 0.049

[Rank 0] (epoch: 452, iters: 672, time: 0.030, data: 0.003) , D_A: 0.071, G_A: 0.569, cycle_A: 0.091, idt_A: 0.095, D_B: 0.003, G_B: 0.972, cycle_B: 0.211, idt_B: 0.062

[Rank 0] (epoch: 452, iters: 872, time: 0.029, data: 0.004) , D_A: 0.065, G_A: 0.778, cycle_A: 0.085, idt_A: 0.096, D_B: 0.002, G_B: 0.962, cycle_B: 0.208, idt_B: 0.065

[Rank 0] (epoch: 452, iters: 1072, time: 0.029, data: 0.002) , D_A: 0.072, G_A: 0.722, cycle_A: 0.063, idt_A: 0.118, D_B: 0.002, G_B: 0.978, cycle_B: 0.241, idt_B: 0.047

[Rank 0] (epoch: 452, iters: 1272, time: 0.111, data: 0.003) , D_A: 0.065, G_A: 0.583, cycle_A: 0.075, idt_A: 0.097, D_B: 0.003, G_B: 0.870, cycle_B: 0.212, idt_B: 0.059

[Rank 0] (epoch: 452, iters: 1472, time: 0.029, data: 0.003) , D_A: 0.060, G_A: 0.587, cycle_A: 0.068, idt_A: 0.100, D_B: 0.002, G_B: 0.966, cycle_B: 0.199, idt_B: 0.048

[Rank 0] (epoch: 452, iters: 1672, time: 0.030, data: 0.003) , D_A: 0.089, G_A: 0.688, cycle_A: 0.078, idt_A: 0.108, D_B: 0.001, G_B: 0.980, cycle_B: 0.221, idt_B: 0.052

[Rank 0] (epoch: 452, iters: 1872, time: 0.030, data: 0.002) , D_A: 0.069, G_A: 0.539, cycle_A: 0.068, idt_A: 0.103, D_B: 0.002, G_B: 0.926, cycle_B: 0.217, idt_B: 0.045

learning rate 0.0000388 -> 0.0000380
End of epoch 452 / 500 	 Time Taken: 53 sec
[Rank 0] (epoch: 453, iters: 144, time: 0.093, data: 0.004) , D_A: 0.057, G_A: 0.656, cycle_A: 0.079, idt_A: 0.098, D_B: 0.001, G_B: 0.995, cycle_B: 0.210, idt_B: 0.058

[Rank 0] (epoch: 453, iters: 344, time: 0.095, data: 0.003) , D_A: 0.080, G_A: 0.517, cycle_A: 0.052, idt_A: 0.097, D_B: 0.001, G_B: 0.993, cycle_B: 0.204, idt_B: 0.039

[Rank 0] (epoch: 453, iters: 544, time: 0.029, data: 0.002) , D_A: 0.059, G_A: 0.467, cycle_A: 0.093, idt_A: 0.094, D_B: 0.002, G_B: 0.967, cycle_B: 0.185, idt_B: 0.066

[Rank 0] (epoch: 453, iters: 744, time: 0.030, data: 0.003) , D_A: 0.056, G_A: 1.045, cycle_A: 0.075, idt_A: 0.101, D_B: 0.001, G_B: 1.036, cycle_B: 0.206, idt_B: 0.049

[Rank 0] (epoch: 453, iters: 944, time: 0.030, data: 0.002) , D_A: 0.111, G_A: 0.777, cycle_A: 0.073, idt_A: 0.106, D_B: 0.002, G_B: 0.960, cycle_B: 0.222, idt_B: 0.048

[Rank 0] (epoch: 453, iters: 1144, time: 0.029, data: 0.005) , D_A: 0.085, G_A: 0.694, cycle_A: 0.094, idt_A: 0.119, D_B: 0.002, G_B: 1.042, cycle_B: 0.243, idt_B: 0.068

[Rank 0] (epoch: 453, iters: 1344, time: 0.085, data: 0.003) , D_A: 0.069, G_A: 0.629, cycle_A: 0.073, idt_A: 0.103, D_B: 0.002, G_B: 0.976, cycle_B: 0.200, idt_B: 0.054

saving the latest model (epoch 453, total_iters 680000)
[Rank 0] (epoch: 453, iters: 1544, time: 0.030, data: 0.002) , D_A: 0.071, G_A: 0.558, cycle_A: 0.079, idt_A: 0.099, D_B: 0.001, G_B: 0.959, cycle_B: 0.213, idt_B: 0.054

[Rank 0] (epoch: 453, iters: 1744, time: 0.030, data: 0.002) , D_A: 0.081, G_A: 0.462, cycle_A: 0.058, idt_A: 0.113, D_B: 0.001, G_B: 1.055, cycle_B: 0.245, idt_B: 0.042

learning rate 0.0000380 -> 0.0000372
End of epoch 453 / 500 	 Time Taken: 52 sec
[Rank 0] (epoch: 454, iters: 16, time: 0.122, data: 0.004) , D_A: 0.066, G_A: 0.507, cycle_A: 0.090, idt_A: 0.092, D_B: 0.001, G_B: 0.955, cycle_B: 0.177, idt_B: 0.059

[Rank 0] (epoch: 454, iters: 216, time: 0.030, data: 0.002) , D_A: 0.053, G_A: 0.435, cycle_A: 0.067, idt_A: 0.096, D_B: 0.001, G_B: 0.954, cycle_B: 0.184, idt_B: 0.049

[Rank 0] (epoch: 454, iters: 416, time: 0.103, data: 0.003) , D_A: 0.085, G_A: 0.350, cycle_A: 0.068, idt_A: 0.094, D_B: 0.002, G_B: 0.919, cycle_B: 0.196, idt_B: 0.047

[Rank 0] (epoch: 454, iters: 616, time: 0.030, data: 0.003) , D_A: 0.089, G_A: 0.434, cycle_A: 0.067, idt_A: 0.098, D_B: 0.001, G_B: 0.988, cycle_B: 0.206, idt_B: 0.046

[Rank 0] (epoch: 454, iters: 816, time: 0.029, data: 0.004) , D_A: 0.073, G_A: 0.537, cycle_A: 0.067, idt_A: 0.103, D_B: 0.002, G_B: 0.934, cycle_B: 0.215, idt_B: 0.047

[Rank 0] (epoch: 454, iters: 1016, time: 0.030, data: 0.002) , D_A: 0.073, G_A: 0.502, cycle_A: 0.068, idt_A: 0.099, D_B: 0.002, G_B: 0.930, cycle_B: 0.196, idt_B: 0.050

[Rank 0] (epoch: 454, iters: 1216, time: 0.030, data: 0.005) , D_A: 0.067, G_A: 0.515, cycle_A: 0.096, idt_A: 0.104, D_B: 0.002, G_B: 1.077, cycle_B: 0.209, idt_B: 0.070

[Rank 0] (epoch: 454, iters: 1416, time: 0.103, data: 0.003) , D_A: 0.086, G_A: 0.565, cycle_A: 0.073, idt_A: 0.102, D_B: 0.002, G_B: 0.921, cycle_B: 0.209, idt_B: 0.050

[Rank 0] (epoch: 454, iters: 1616, time: 0.029, data: 0.004) , D_A: 0.042, G_A: 0.757, cycle_A: 0.071, idt_A: 0.116, D_B: 0.001, G_B: 0.974, cycle_B: 0.229, idt_B: 0.053

[Rank 0] (epoch: 454, iters: 1816, time: 0.030, data: 0.002) , D_A: 0.109, G_A: 0.882, cycle_A: 0.078, idt_A: 0.111, D_B: 0.001, G_B: 1.051, cycle_B: 0.213, idt_B: 0.057

learning rate 0.0000372 -> 0.0000364
End of epoch 454 / 500 	 Time Taken: 52 sec
[Rank 0] (epoch: 455, iters: 88, time: 0.122, data: 0.004) , D_A: 0.072, G_A: 0.664, cycle_A: 0.088, idt_A: 0.110, D_B: 0.001, G_B: 0.927, cycle_B: 0.210, idt_B: 0.061

[Rank 0] (epoch: 455, iters: 288, time: 0.030, data: 0.003) , D_A: 0.073, G_A: 0.504, cycle_A: 0.078, idt_A: 0.097, D_B: 0.002, G_B: 1.092, cycle_B: 0.200, idt_B: 0.055

[Rank 0] (epoch: 455, iters: 488, time: 0.102, data: 0.003) , D_A: 0.051, G_A: 0.453, cycle_A: 0.074, idt_A: 0.094, D_B: 0.001, G_B: 0.991, cycle_B: 0.192, idt_B: 0.054

[Rank 0] (epoch: 455, iters: 688, time: 0.029, data: 0.005) , D_A: 0.056, G_A: 0.769, cycle_A: 0.100, idt_A: 0.105, D_B: 0.002, G_B: 0.911, cycle_B: 0.205, idt_B: 0.066

[Rank 0] (epoch: 455, iters: 888, time: 0.029, data: 0.004) , D_A: 0.073, G_A: 0.560, cycle_A: 0.094, idt_A: 0.108, D_B: 0.001, G_B: 0.969, cycle_B: 0.215, idt_B: 0.065

[Rank 0] (epoch: 455, iters: 1088, time: 0.029, data: 0.003) , D_A: 0.068, G_A: 0.712, cycle_A: 0.056, idt_A: 0.105, D_B: 0.001, G_B: 1.047, cycle_B: 0.219, idt_B: 0.036

[Rank 0] (epoch: 455, iters: 1288, time: 0.030, data: 0.002) , D_A: 0.077, G_A: 0.590, cycle_A: 0.073, idt_A: 0.106, D_B: 0.001, G_B: 0.939, cycle_B: 0.205, idt_B: 0.054

[Rank 0] (epoch: 455, iters: 1488, time: 0.089, data: 0.004) , D_A: 0.096, G_A: 0.454, cycle_A: 0.077, idt_A: 0.098, D_B: 0.001, G_B: 0.966, cycle_B: 0.189, idt_B: 0.055

[Rank 0] (epoch: 455, iters: 1688, time: 0.030, data: 0.002) , D_A: 0.118, G_A: 0.369, cycle_A: 0.057, idt_A: 0.094, D_B: 0.001, G_B: 0.945, cycle_B: 0.187, idt_B: 0.040

[Rank 0] (epoch: 455, iters: 1888, time: 0.030, data: 0.003) , D_A: 0.051, G_A: 0.619, cycle_A: 0.058, idt_A: 0.109, D_B: 0.001, G_B: 1.007, cycle_B: 0.216, idt_B: 0.040

learning rate 0.0000364 -> 0.0000356
End of epoch 455 / 500 	 Time Taken: 53 sec
[Rank 0] (epoch: 456, iters: 160, time: 0.124, data: 0.002) , D_A: 0.054, G_A: 0.739, cycle_A: 0.061, idt_A: 0.110, D_B: 0.002, G_B: 1.099, cycle_B: 0.225, idt_B: 0.040

[Rank 0] (epoch: 456, iters: 360, time: 0.029, data: 0.004) , D_A: 0.076, G_A: 0.565, cycle_A: 0.056, idt_A: 0.092, D_B: 0.001, G_B: 1.042, cycle_B: 0.188, idt_B: 0.042

[Rank 0] (epoch: 456, iters: 560, time: 0.091, data: 0.002) , D_A: 0.083, G_A: 0.714, cycle_A: 0.094, idt_A: 0.094, D_B: 0.003, G_B: 1.130, cycle_B: 0.195, idt_B: 0.068

saving the latest model (epoch 456, total_iters 685000)
[Rank 0] (epoch: 456, iters: 760, time: 0.029, data: 0.003) , D_A: 0.079, G_A: 0.466, cycle_A: 0.092, idt_A: 0.102, D_B: 0.002, G_B: 1.105, cycle_B: 0.211, idt_B: 0.062

[Rank 0] (epoch: 456, iters: 960, time: 0.030, data: 0.002) , D_A: 0.073, G_A: 0.546, cycle_A: 0.067, idt_A: 0.090, D_B: 0.001, G_B: 0.955, cycle_B: 0.174, idt_B: 0.049

[Rank 0] (epoch: 456, iters: 1160, time: 0.030, data: 0.002) , D_A: 0.065, G_A: 0.618, cycle_A: 0.070, idt_A: 0.103, D_B: 0.001, G_B: 0.963, cycle_B: 0.205, idt_B: 0.045

[Rank 0] (epoch: 456, iters: 1360, time: 0.026, data: 0.022) , D_A: 0.092, G_A: 0.460, cycle_A: 0.070, idt_A: 0.110, D_B: 0.001, G_B: 1.015, cycle_B: 0.214, idt_B: 0.051

[Rank 0] (epoch: 456, iters: 1560, time: 0.099, data: 0.003) , D_A: 0.050, G_A: 0.642, cycle_A: 0.077, idt_A: 0.129, D_B: 0.001, G_B: 1.008, cycle_B: 0.225, idt_B: 0.055

[Rank 0] (epoch: 456, iters: 1760, time: 0.030, data: 0.002) , D_A: 0.089, G_A: 0.620, cycle_A: 0.069, idt_A: 0.108, D_B: 0.001, G_B: 0.969, cycle_B: 0.203, idt_B: 0.051

learning rate 0.0000356 -> 0.0000349
End of epoch 456 / 500 	 Time Taken: 53 sec
[Rank 0] (epoch: 457, iters: 32, time: 0.125, data: 0.003) , D_A: 0.081, G_A: 0.431, cycle_A: 0.051, idt_A: 0.104, D_B: 0.001, G_B: 0.990, cycle_B: 0.207, idt_B: 0.036

[Rank 0] (epoch: 457, iters: 232, time: 0.029, data: 0.004) , D_A: 0.043, G_A: 0.600, cycle_A: 0.068, idt_A: 0.103, D_B: 0.001, G_B: 1.003, cycle_B: 0.193, idt_B: 0.045

[Rank 0] (epoch: 457, iters: 432, time: 0.030, data: 0.003) , D_A: 0.076, G_A: 0.448, cycle_A: 0.097, idt_A: 0.098, D_B: 0.001, G_B: 1.022, cycle_B: 0.193, idt_B: 0.068

[Rank 0] (epoch: 457, iters: 632, time: 0.089, data: 0.004) , D_A: 0.067, G_A: 0.601, cycle_A: 0.094, idt_A: 0.097, D_B: 0.001, G_B: 0.955, cycle_B: 0.186, idt_B: 0.071

[Rank 0] (epoch: 457, iters: 832, time: 0.030, data: 0.001) , D_A: 0.049, G_A: 0.844, cycle_A: 0.058, idt_A: 0.117, D_B: 0.001, G_B: 1.000, cycle_B: 0.228, idt_B: 0.041

[Rank 0] (epoch: 457, iters: 1032, time: 0.030, data: 0.003) , D_A: 0.099, G_A: 0.657, cycle_A: 0.044, idt_A: 0.121, D_B: 0.000, G_B: 0.967, cycle_B: 0.211, idt_B: 0.031

[Rank 0] (epoch: 457, iters: 1232, time: 0.026, data: 0.010) , D_A: 0.077, G_A: 0.566, cycle_A: 0.093, idt_A: 0.085, D_B: 0.001, G_B: 0.988, cycle_B: 0.166, idt_B: 0.060

[Rank 0] (epoch: 457, iters: 1432, time: 0.030, data: 0.002) , D_A: 0.098, G_A: 0.865, cycle_A: 0.058, idt_A: 0.097, D_B: 0.001, G_B: 0.980, cycle_B: 0.198, idt_B: 0.035

[Rank 0] (epoch: 457, iters: 1632, time: 0.098, data: 0.002) , D_A: 0.052, G_A: 0.646, cycle_A: 0.071, idt_A: 0.104, D_B: 0.002, G_B: 1.074, cycle_B: 0.210, idt_B: 0.046

[Rank 0] (epoch: 457, iters: 1832, time: 0.030, data: 0.002) , D_A: 0.105, G_A: 0.697, cycle_A: 0.059, idt_A: 0.111, D_B: 0.001, G_B: 0.969, cycle_B: 0.209, idt_B: 0.040

learning rate 0.0000349 -> 0.0000341
End of epoch 457 / 500 	 Time Taken: 54 sec
[Rank 0] (epoch: 458, iters: 104, time: 0.130, data: 0.003) , D_A: 0.087, G_A: 0.691, cycle_A: 0.064, idt_A: 0.086, D_B: 0.000, G_B: 0.976, cycle_B: 0.170, idt_B: 0.044

[Rank 0] (epoch: 458, iters: 304, time: 0.029, data: 0.003) , D_A: 0.082, G_A: 0.613, cycle_A: 0.080, idt_A: 0.108, D_B: 0.001, G_B: 1.057, cycle_B: 0.218, idt_B: 0.057

[Rank 0] (epoch: 458, iters: 504, time: 0.030, data: 0.002) , D_A: 0.061, G_A: 0.694, cycle_A: 0.069, idt_A: 0.097, D_B: 0.001, G_B: 0.979, cycle_B: 0.179, idt_B: 0.051

[Rank 0] (epoch: 458, iters: 704, time: 0.118, data: 0.005) , D_A: 0.068, G_A: 0.740, cycle_A: 0.060, idt_A: 0.111, D_B: 0.001, G_B: 0.979, cycle_B: 0.198, idt_B: 0.043

[Rank 0] (epoch: 458, iters: 904, time: 0.029, data: 0.002) , D_A: 0.086, G_A: 0.658, cycle_A: 0.105, idt_A: 0.108, D_B: 0.001, G_B: 0.979, cycle_B: 0.198, idt_B: 0.070

[Rank 0] (epoch: 458, iters: 1104, time: 0.030, data: 0.014) , D_A: 0.104, G_A: 0.487, cycle_A: 0.080, idt_A: 0.107, D_B: 0.000, G_B: 1.016, cycle_B: 0.207, idt_B: 0.052

[Rank 0] (epoch: 458, iters: 1304, time: 0.029, data: 0.082) , D_A: 0.088, G_A: 0.712, cycle_A: 0.075, idt_A: 0.106, D_B: 0.001, G_B: 0.960, cycle_B: 0.198, idt_B: 0.052

[Rank 0] (epoch: 458, iters: 1504, time: 0.030, data: 0.006) , D_A: 0.118, G_A: 0.769, cycle_A: 0.090, idt_A: 0.103, D_B: 0.001, G_B: 0.967, cycle_B: 0.207, idt_B: 0.059

[Rank 0] (epoch: 458, iters: 1704, time: 0.117, data: 0.006) , D_A: 0.077, G_A: 0.605, cycle_A: 0.082, idt_A: 0.098, D_B: 0.001, G_B: 0.973, cycle_B: 0.192, idt_B: 0.057

saving the latest model (epoch 458, total_iters 690000)
[Rank 0] (epoch: 458, iters: 1904, time: 0.030, data: 0.002) , D_A: 0.062, G_A: 0.762, cycle_A: 0.069, idt_A: 0.102, D_B: 0.000, G_B: 0.992, cycle_B: 0.194, idt_B: 0.048

learning rate 0.0000341 -> 0.0000333
End of epoch 458 / 500 	 Time Taken: 55 sec
[Rank 0] (epoch: 459, iters: 176, time: 0.138, data: 0.002) , D_A: 0.056, G_A: 0.985, cycle_A: 0.067, idt_A: 0.131, D_B: 0.004, G_B: 1.065, cycle_B: 0.256, idt_B: 0.052

[Rank 0] (epoch: 459, iters: 376, time: 0.030, data: 0.003) , D_A: 0.049, G_A: 0.761, cycle_A: 0.095, idt_A: 0.097, D_B: 0.001, G_B: 0.986, cycle_B: 0.203, idt_B: 0.062

[Rank 0] (epoch: 459, iters: 576, time: 0.030, data: 0.004) , D_A: 0.057, G_A: 0.547, cycle_A: 0.075, idt_A: 0.103, D_B: 0.001, G_B: 0.990, cycle_B: 0.195, idt_B: 0.058

[Rank 0] (epoch: 459, iters: 776, time: 0.105, data: 0.003) , D_A: 0.075, G_A: 0.500, cycle_A: 0.079, idt_A: 0.108, D_B: 0.000, G_B: 0.991, cycle_B: 0.209, idt_B: 0.056

[Rank 0] (epoch: 459, iters: 976, time: 0.030, data: 0.004) , D_A: 0.093, G_A: 0.439, cycle_A: 0.076, idt_A: 0.087, D_B: 0.001, G_B: 0.984, cycle_B: 0.158, idt_B: 0.057

[Rank 0] (epoch: 459, iters: 1176, time: 0.030, data: 0.002) , D_A: 0.111, G_A: 0.502, cycle_A: 0.092, idt_A: 0.098, D_B: 0.001, G_B: 0.981, cycle_B: 0.188, idt_B: 0.067

[Rank 0] (epoch: 459, iters: 1376, time: 0.030, data: 0.004) , D_A: 0.070, G_A: 0.494, cycle_A: 0.077, idt_A: 0.092, D_B: 0.000, G_B: 0.983, cycle_B: 0.180, idt_B: 0.054

[Rank 0] (epoch: 459, iters: 1576, time: 0.029, data: 0.003) , D_A: 0.053, G_A: 0.444, cycle_A: 0.086, idt_A: 0.096, D_B: 0.001, G_B: 0.986, cycle_B: 0.175, idt_B: 0.057

[Rank 0] (epoch: 459, iters: 1776, time: 0.089, data: 0.003) , D_A: 0.079, G_A: 0.630, cycle_A: 0.073, idt_A: 0.114, D_B: 0.000, G_B: 0.988, cycle_B: 0.202, idt_B: 0.048

learning rate 0.0000333 -> 0.0000325
End of epoch 459 / 500 	 Time Taken: 53 sec
[Rank 0] (epoch: 460, iters: 48, time: 0.124, data: 0.002) , D_A: 0.103, G_A: 0.835, cycle_A: 0.084, idt_A: 0.121, D_B: 0.000, G_B: 0.989, cycle_B: 0.202, idt_B: 0.064

[Rank 0] (epoch: 460, iters: 248, time: 0.029, data: 0.003) , D_A: 0.094, G_A: 0.701, cycle_A: 0.070, idt_A: 0.103, D_B: 0.001, G_B: 1.042, cycle_B: 0.198, idt_B: 0.046

[Rank 0] (epoch: 460, iters: 448, time: 0.030, data: 0.003) , D_A: 0.089, G_A: 0.419, cycle_A: 0.078, idt_A: 0.105, D_B: 0.000, G_B: 0.997, cycle_B: 0.191, idt_B: 0.053

[Rank 0] (epoch: 460, iters: 648, time: 0.029, data: 0.004) , D_A: 0.087, G_A: 0.760, cycle_A: 0.068, idt_A: 0.097, D_B: 0.000, G_B: 0.993, cycle_B: 0.184, idt_B: 0.047

[Rank 0] (epoch: 460, iters: 848, time: 0.094, data: 0.003) , D_A: 0.063, G_A: 0.614, cycle_A: 0.093, idt_A: 0.096, D_B: 0.000, G_B: 0.988, cycle_B: 0.185, idt_B: 0.059

[Rank 0] (epoch: 460, iters: 1048, time: 0.030, data: 0.003) , D_A: 0.111, G_A: 0.422, cycle_A: 0.076, idt_A: 0.093, D_B: 0.000, G_B: 0.986, cycle_B: 0.176, idt_B: 0.051

[Rank 0] (epoch: 460, iters: 1248, time: 0.030, data: 0.002) , D_A: 0.067, G_A: 0.507, cycle_A: 0.078, idt_A: 0.100, D_B: 0.000, G_B: 0.997, cycle_B: 0.187, idt_B: 0.059

[Rank 0] (epoch: 460, iters: 1448, time: 0.029, data: 0.005) , D_A: 0.131, G_A: 0.770, cycle_A: 0.066, idt_A: 0.102, D_B: 0.001, G_B: 0.986, cycle_B: 0.185, idt_B: 0.046

[Rank 0] (epoch: 460, iters: 1648, time: 0.030, data: 0.004) , D_A: 0.138, G_A: 0.295, cycle_A: 0.072, idt_A: 0.100, D_B: 0.000, G_B: 0.999, cycle_B: 0.194, idt_B: 0.048

[Rank 0] (epoch: 460, iters: 1848, time: 0.108, data: 0.003) , D_A: 0.077, G_A: 0.522, cycle_A: 0.079, idt_A: 0.096, D_B: 0.000, G_B: 0.995, cycle_B: 0.187, idt_B: 0.058

learning rate 0.0000325 -> 0.0000317
saving the model at the end of epoch 460, iters 694080
End of epoch 460 / 500 	 Time Taken: 53 sec
[Rank 0] (epoch: 461, iters: 120, time: 0.136, data: 0.002) , D_A: 0.112, G_A: 0.307, cycle_A: 0.078, idt_A: 0.089, D_B: 0.000, G_B: 1.001, cycle_B: 0.165, idt_B: 0.055

[Rank 0] (epoch: 461, iters: 320, time: 0.030, data: 0.007) , D_A: 0.089, G_A: 0.554, cycle_A: 0.073, idt_A: 0.098, D_B: 0.000, G_B: 1.002, cycle_B: 0.179, idt_B: 0.047

[Rank 0] (epoch: 461, iters: 520, time: 0.030, data: 0.002) , D_A: 0.091, G_A: 0.519, cycle_A: 0.070, idt_A: 0.093, D_B: 0.000, G_B: 1.018, cycle_B: 0.174, idt_B: 0.046

[Rank 0] (epoch: 461, iters: 720, time: 0.030, data: 0.005) , D_A: 0.094, G_A: 0.473, cycle_A: 0.064, idt_A: 0.104, D_B: 0.000, G_B: 1.008, cycle_B: 0.197, idt_B: 0.047

[Rank 0] (epoch: 461, iters: 920, time: 0.097, data: 0.002) , D_A: 0.129, G_A: 0.836, cycle_A: 0.075, idt_A: 0.098, D_B: 0.000, G_B: 0.991, cycle_B: 0.180, idt_B: 0.051

saving the latest model (epoch 461, total_iters 695000)
[Rank 0] (epoch: 461, iters: 1120, time: 0.030, data: 0.002) , D_A: 0.068, G_A: 0.762, cycle_A: 0.072, idt_A: 0.088, D_B: 0.000, G_B: 0.998, cycle_B: 0.167, idt_B: 0.048

[Rank 0] (epoch: 461, iters: 1320, time: 0.030, data: 0.003) , D_A: 0.069, G_A: 0.469, cycle_A: 0.070, idt_A: 0.110, D_B: 0.000, G_B: 0.992, cycle_B: 0.205, idt_B: 0.052

[Rank 0] (epoch: 461, iters: 1520, time: 0.026, data: 0.065) , D_A: 0.067, G_A: 0.636, cycle_A: 0.079, idt_A: 0.100, D_B: 0.000, G_B: 0.991, cycle_B: 0.193, idt_B: 0.052

[Rank 0] (epoch: 461, iters: 1720, time: 0.030, data: 0.002) , D_A: 0.072, G_A: 0.520, cycle_A: 0.061, idt_A: 0.089, D_B: 0.000, G_B: 0.996, cycle_B: 0.163, idt_B: 0.044

[Rank 0] (epoch: 461, iters: 1920, time: 0.093, data: 0.003) , D_A: 0.045, G_A: 1.065, cycle_A: 0.068, idt_A: 0.096, D_B: 0.001, G_B: 1.007, cycle_B: 0.169, idt_B: 0.051

learning rate 0.0000317 -> 0.0000309
End of epoch 461 / 500 	 Time Taken: 55 sec
[Rank 0] (epoch: 462, iters: 192, time: 0.147, data: 0.002) , D_A: 0.073, G_A: 0.594, cycle_A: 0.064, idt_A: 0.100, D_B: 0.000, G_B: 0.979, cycle_B: 0.183, idt_B: 0.047

[Rank 0] (epoch: 462, iters: 392, time: 0.029, data: 0.004) , D_A: 0.051, G_A: 1.154, cycle_A: 0.084, idt_A: 0.097, D_B: 0.000, G_B: 1.001, cycle_B: 0.191, idt_B: 0.055

[Rank 0] (epoch: 462, iters: 592, time: 0.026, data: 0.225) , D_A: 0.068, G_A: 0.632, cycle_A: 0.095, idt_A: 0.104, D_B: 0.000, G_B: 0.999, cycle_B: 0.189, idt_B: 0.061

[Rank 0] (epoch: 462, iters: 792, time: 0.030, data: 0.002) , D_A: 0.067, G_A: 0.534, cycle_A: 0.069, idt_A: 0.100, D_B: 0.000, G_B: 0.985, cycle_B: 0.185, idt_B: 0.047

[Rank 0] (epoch: 462, iters: 992, time: 0.116, data: 0.004) , D_A: 0.099, G_A: 0.720, cycle_A: 0.071, idt_A: 0.094, D_B: 0.000, G_B: 0.995, cycle_B: 0.176, idt_B: 0.050

[Rank 0] (epoch: 462, iters: 1192, time: 0.030, data: 0.002) , D_A: 0.074, G_A: 0.647, cycle_A: 0.082, idt_A: 0.100, D_B: 0.001, G_B: 1.011, cycle_B: 0.191, idt_B: 0.057

[Rank 0] (epoch: 462, iters: 1392, time: 0.029, data: 0.007) , D_A: 0.074, G_A: 0.672, cycle_A: 0.080, idt_A: 0.100, D_B: 0.001, G_B: 0.992, cycle_B: 0.186, idt_B: 0.050

[Rank 0] (epoch: 462, iters: 1592, time: 0.026, data: 0.003) , D_A: 0.067, G_A: 0.764, cycle_A: 0.079, idt_A: 0.086, D_B: 0.001, G_B: 1.008, cycle_B: 0.160, idt_B: 0.057

[Rank 0] (epoch: 462, iters: 1792, time: 0.029, data: 0.006) , D_A: 0.068, G_A: 0.790, cycle_A: 0.074, idt_A: 0.101, D_B: 0.000, G_B: 0.989, cycle_B: 0.190, idt_B: 0.049

learning rate 0.0000309 -> 0.0000301
End of epoch 462 / 500 	 Time Taken: 55 sec
[Rank 0] (epoch: 463, iters: 64, time: 0.106, data: 0.105) , D_A: 0.066, G_A: 0.590, cycle_A: 0.070, idt_A: 0.105, D_B: 0.000, G_B: 1.020, cycle_B: 0.194, idt_B: 0.052

[Rank 0] (epoch: 463, iters: 264, time: 0.030, data: 0.003) , D_A: 0.071, G_A: 0.663, cycle_A: 0.096, idt_A: 0.102, D_B: 0.000, G_B: 0.993, cycle_B: 0.197, idt_B: 0.067

[Rank 0] (epoch: 463, iters: 464, time: 0.030, data: 0.003) , D_A: 0.063, G_A: 0.624, cycle_A: 0.061, idt_A: 0.097, D_B: 0.000, G_B: 0.988, cycle_B: 0.188, idt_B: 0.040

[Rank 0] (epoch: 463, iters: 664, time: 0.030, data: 0.003) , D_A: 0.054, G_A: 0.641, cycle_A: 0.084, idt_A: 0.103, D_B: 0.001, G_B: 0.994, cycle_B: 0.202, idt_B: 0.056

[Rank 0] (epoch: 463, iters: 864, time: 0.029, data: 0.003) , D_A: 0.056, G_A: 0.668, cycle_A: 0.064, idt_A: 0.114, D_B: 0.000, G_B: 0.991, cycle_B: 0.203, idt_B: 0.043

[Rank 0] (epoch: 463, iters: 1064, time: 0.097, data: 0.003) , D_A: 0.051, G_A: 0.709, cycle_A: 0.077, idt_A: 0.100, D_B: 0.001, G_B: 0.987, cycle_B: 0.204, idt_B: 0.050

[Rank 0] (epoch: 463, iters: 1264, time: 0.030, data: 0.002) , D_A: 0.094, G_A: 0.639, cycle_A: 0.079, idt_A: 0.096, D_B: 0.001, G_B: 0.985, cycle_B: 0.188, idt_B: 0.060

[Rank 0] (epoch: 463, iters: 1464, time: 0.030, data: 0.004) , D_A: 0.075, G_A: 0.747, cycle_A: 0.066, idt_A: 0.101, D_B: 0.001, G_B: 0.968, cycle_B: 0.196, idt_B: 0.044

[Rank 0] (epoch: 463, iters: 1664, time: 0.030, data: 0.003) , D_A: 0.083, G_A: 0.361, cycle_A: 0.083, idt_A: 0.101, D_B: 0.001, G_B: 0.994, cycle_B: 0.195, idt_B: 0.059

[Rank 0] (epoch: 463, iters: 1864, time: 0.029, data: 0.003) , D_A: 0.116, G_A: 0.405, cycle_A: 0.071, idt_A: 0.089, D_B: 0.001, G_B: 1.032, cycle_B: 0.178, idt_B: 0.050

learning rate 0.0000301 -> 0.0000293
End of epoch 463 / 500 	 Time Taken: 52 sec
[Rank 0] (epoch: 464, iters: 136, time: 0.090, data: 0.002) , D_A: 0.066, G_A: 0.650, cycle_A: 0.070, idt_A: 0.087, D_B: 0.001, G_B: 0.968, cycle_B: 0.172, idt_B: 0.050

saving the latest model (epoch 464, total_iters 700000)
[Rank 0] (epoch: 464, iters: 336, time: 0.030, data: 0.003) , D_A: 0.063, G_A: 0.739, cycle_A: 0.069, idt_A: 0.105, D_B: 0.001, G_B: 0.976, cycle_B: 0.211, idt_B: 0.046

[Rank 0] (epoch: 464, iters: 536, time: 0.030, data: 0.003) , D_A: 0.058, G_A: 0.743, cycle_A: 0.064, idt_A: 0.099, D_B: 0.001, G_B: 0.998, cycle_B: 0.195, idt_B: 0.047

[Rank 0] (epoch: 464, iters: 736, time: 0.030, data: 0.005) , D_A: 0.063, G_A: 0.563, cycle_A: 0.080, idt_A: 0.094, D_B: 0.001, G_B: 1.014, cycle_B: 0.179, idt_B: 0.052

[Rank 0] (epoch: 464, iters: 936, time: 0.030, data: 0.002) , D_A: 0.080, G_A: 0.608, cycle_A: 0.076, idt_A: 0.111, D_B: 0.001, G_B: 1.005, cycle_B: 0.229, idt_B: 0.051

[Rank 0] (epoch: 464, iters: 1136, time: 0.083, data: 0.083) , D_A: 0.069, G_A: 0.507, cycle_A: 0.084, idt_A: 0.097, D_B: 0.001, G_B: 1.030, cycle_B: 0.198, idt_B: 0.056

[Rank 0] (epoch: 464, iters: 1336, time: 0.030, data: 0.002) , D_A: 0.069, G_A: 0.508, cycle_A: 0.067, idt_A: 0.103, D_B: 0.001, G_B: 0.937, cycle_B: 0.210, idt_B: 0.049

[Rank 0] (epoch: 464, iters: 1536, time: 0.029, data: 0.002) , D_A: 0.060, G_A: 0.615, cycle_A: 0.065, idt_A: 0.101, D_B: 0.000, G_B: 1.001, cycle_B: 0.206, idt_B: 0.044

[Rank 0] (epoch: 464, iters: 1736, time: 0.030, data: 0.002) , D_A: 0.086, G_A: 0.612, cycle_A: 0.077, idt_A: 0.089, D_B: 0.001, G_B: 0.984, cycle_B: 0.173, idt_B: 0.051

learning rate 0.0000293 -> 0.0000285
End of epoch 464 / 500 	 Time Taken: 52 sec
[Rank 0] (epoch: 465, iters: 8, time: 0.132, data: 0.003) , D_A: 0.092, G_A: 0.434, cycle_A: 0.082, idt_A: 0.087, D_B: 0.000, G_B: 1.001, cycle_B: 0.168, idt_B: 0.057

[Rank 0] (epoch: 465, iters: 208, time: 0.130, data: 0.002) , D_A: 0.086, G_A: 0.480, cycle_A: 0.072, idt_A: 0.091, D_B: 0.000, G_B: 0.974, cycle_B: 0.180, idt_B: 0.049

[Rank 0] (epoch: 465, iters: 408, time: 0.029, data: 0.003) , D_A: 0.069, G_A: 0.455, cycle_A: 0.086, idt_A: 0.091, D_B: 0.000, G_B: 0.977, cycle_B: 0.182, idt_B: 0.058

[Rank 0] (epoch: 465, iters: 608, time: 0.027, data: 0.008) , D_A: 0.119, G_A: 0.384, cycle_A: 0.083, idt_A: 0.098, D_B: 0.000, G_B: 1.012, cycle_B: 0.188, idt_B: 0.058

[Rank 0] (epoch: 465, iters: 808, time: 0.030, data: 0.005) , D_A: 0.079, G_A: 0.663, cycle_A: 0.075, idt_A: 0.101, D_B: 0.001, G_B: 0.957, cycle_B: 0.190, idt_B: 0.053

[Rank 0] (epoch: 465, iters: 1008, time: 0.029, data: 0.003) , D_A: 0.048, G_A: 0.613, cycle_A: 0.057, idt_A: 0.094, D_B: 0.000, G_B: 0.980, cycle_B: 0.181, idt_B: 0.034

[Rank 0] (epoch: 465, iters: 1208, time: 0.117, data: 0.048) , D_A: 0.068, G_A: 0.407, cycle_A: 0.049, idt_A: 0.085, D_B: 0.001, G_B: 0.990, cycle_B: 0.168, idt_B: 0.036

[Rank 0] (epoch: 465, iters: 1408, time: 0.030, data: 0.004) , D_A: 0.064, G_A: 0.566, cycle_A: 0.105, idt_A: 0.090, D_B: 0.000, G_B: 0.990, cycle_B: 0.176, idt_B: 0.076

[Rank 0] (epoch: 465, iters: 1608, time: 0.030, data: 0.007) , D_A: 0.076, G_A: 0.686, cycle_A: 0.082, idt_A: 0.098, D_B: 0.002, G_B: 0.993, cycle_B: 0.201, idt_B: 0.051

[Rank 0] (epoch: 465, iters: 1808, time: 0.030, data: 0.003) , D_A: 0.069, G_A: 0.686, cycle_A: 0.064, idt_A: 0.094, D_B: 0.001, G_B: 0.977, cycle_B: 0.196, idt_B: 0.043

learning rate 0.0000285 -> 0.0000277
End of epoch 465 / 500 	 Time Taken: 55 sec
[Rank 0] (epoch: 466, iters: 80, time: 0.136, data: 0.005) , D_A: 0.119, G_A: 0.664, cycle_A: 0.057, idt_A: 0.098, D_B: 0.001, G_B: 0.982, cycle_B: 0.199, idt_B: 0.040

[Rank 0] (epoch: 466, iters: 280, time: 0.116, data: 0.002) , D_A: 0.088, G_A: 0.679, cycle_A: 0.087, idt_A: 0.090, D_B: 0.001, G_B: 0.927, cycle_B: 0.171, idt_B: 0.057

[Rank 0] (epoch: 466, iters: 480, time: 0.029, data: 0.004) , D_A: 0.069, G_A: 0.764, cycle_A: 0.070, idt_A: 0.094, D_B: 0.001, G_B: 0.989, cycle_B: 0.192, idt_B: 0.047

[Rank 0] (epoch: 466, iters: 680, time: 0.030, data: 0.002) , D_A: 0.069, G_A: 0.525, cycle_A: 0.086, idt_A: 0.084, D_B: 0.001, G_B: 0.931, cycle_B: 0.171, idt_B: 0.058

[Rank 0] (epoch: 466, iters: 880, time: 0.030, data: 0.003) , D_A: 0.051, G_A: 0.723, cycle_A: 0.069, idt_A: 0.098, D_B: 0.002, G_B: 0.955, cycle_B: 0.202, idt_B: 0.044

[Rank 0] (epoch: 466, iters: 1080, time: 0.029, data: 0.005) , D_A: 0.073, G_A: 0.650, cycle_A: 0.063, idt_A: 0.092, D_B: 0.001, G_B: 0.997, cycle_B: 0.190, idt_B: 0.049

[Rank 0] (epoch: 466, iters: 1280, time: 0.128, data: 0.056) , D_A: 0.058, G_A: 0.510, cycle_A: 0.085, idt_A: 0.089, D_B: 0.001, G_B: 0.975, cycle_B: 0.171, idt_B: 0.061

saving the latest model (epoch 466, total_iters 705000)
[Rank 0] (epoch: 466, iters: 1480, time: 0.029, data: 0.001) , D_A: 0.063, G_A: 0.677, cycle_A: 0.074, idt_A: 0.088, D_B: 0.001, G_B: 0.977, cycle_B: 0.184, idt_B: 0.055

[Rank 0] (epoch: 466, iters: 1680, time: 0.030, data: 0.006) , D_A: 0.054, G_A: 0.747, cycle_A: 0.071, idt_A: 0.107, D_B: 0.000, G_B: 1.008, cycle_B: 0.217, idt_B: 0.046

[Rank 0] (epoch: 466, iters: 1880, time: 0.030, data: 0.006) , D_A: 0.045, G_A: 0.710, cycle_A: 0.081, idt_A: 0.102, D_B: 0.001, G_B: 0.989, cycle_B: 0.199, idt_B: 0.061

learning rate 0.0000277 -> 0.0000269
End of epoch 466 / 500 	 Time Taken: 55 sec
[Rank 0] (epoch: 467, iters: 152, time: 0.124, data: 0.002) , D_A: 0.072, G_A: 0.600, cycle_A: 0.109, idt_A: 0.094, D_B: 0.001, G_B: 1.018, cycle_B: 0.199, idt_B: 0.053

[Rank 0] (epoch: 467, iters: 352, time: 0.145, data: 0.002) , D_A: 0.070, G_A: 0.626, cycle_A: 0.080, idt_A: 0.105, D_B: 0.001, G_B: 0.993, cycle_B: 0.208, idt_B: 0.050

[Rank 0] (epoch: 467, iters: 552, time: 0.030, data: 0.004) , D_A: 0.040, G_A: 0.750, cycle_A: 0.062, idt_A: 0.095, D_B: 0.000, G_B: 0.983, cycle_B: 0.187, idt_B: 0.043

[Rank 0] (epoch: 467, iters: 752, time: 0.030, data: 0.009) , D_A: 0.090, G_A: 0.617, cycle_A: 0.056, idt_A: 0.100, D_B: 0.001, G_B: 0.988, cycle_B: 0.194, idt_B: 0.041

[Rank 0] (epoch: 467, iters: 952, time: 0.030, data: 0.004) , D_A: 0.082, G_A: 0.521, cycle_A: 0.097, idt_A: 0.099, D_B: 0.000, G_B: 0.982, cycle_B: 0.198, idt_B: 0.072

[Rank 0] (epoch: 467, iters: 1152, time: 0.029, data: 0.004) , D_A: 0.053, G_A: 0.863, cycle_A: 0.073, idt_A: 0.103, D_B: 0.000, G_B: 1.010, cycle_B: 0.212, idt_B: 0.047

[Rank 0] (epoch: 467, iters: 1352, time: 0.115, data: 0.003) , D_A: 0.071, G_A: 0.575, cycle_A: 0.058, idt_A: 0.098, D_B: 0.001, G_B: 0.967, cycle_B: 0.189, idt_B: 0.038

[Rank 0] (epoch: 467, iters: 1552, time: 0.029, data: 0.006) , D_A: 0.156, G_A: 0.977, cycle_A: 0.085, idt_A: 0.094, D_B: 0.000, G_B: 0.982, cycle_B: 0.177, idt_B: 0.061

[Rank 0] (epoch: 467, iters: 1752, time: 0.030, data: 0.002) , D_A: 0.084, G_A: 0.503, cycle_A: 0.076, idt_A: 0.103, D_B: 0.000, G_B: 0.967, cycle_B: 0.205, idt_B: 0.049

learning rate 0.0000269 -> 0.0000261
End of epoch 467 / 500 	 Time Taken: 55 sec
[Rank 0] (epoch: 468, iters: 24, time: 0.135, data: 0.007) , D_A: 0.081, G_A: 0.693, cycle_A: 0.076, idt_A: 0.091, D_B: 0.000, G_B: 0.989, cycle_B: 0.179, idt_B: 0.052

[Rank 0] (epoch: 468, iters: 224, time: 0.029, data: 0.003) , D_A: 0.101, G_A: 0.652, cycle_A: 0.063, idt_A: 0.104, D_B: 0.000, G_B: 0.996, cycle_B: 0.198, idt_B: 0.042

[Rank 0] (epoch: 468, iters: 424, time: 0.144, data: 0.003) , D_A: 0.049, G_A: 0.778, cycle_A: 0.052, idt_A: 0.112, D_B: 0.000, G_B: 0.999, cycle_B: 0.207, idt_B: 0.037

[Rank 0] (epoch: 468, iters: 624, time: 0.026, data: 0.003) , D_A: 0.077, G_A: 0.682, cycle_A: 0.074, idt_A: 0.106, D_B: 0.000, G_B: 1.002, cycle_B: 0.201, idt_B: 0.050

[Rank 0] (epoch: 468, iters: 824, time: 0.030, data: 0.006) , D_A: 0.054, G_A: 0.772, cycle_A: 0.079, idt_A: 0.102, D_B: 0.000, G_B: 0.993, cycle_B: 0.202, idt_B: 0.052

[Rank 0] (epoch: 468, iters: 1024, time: 0.030, data: 0.002) , D_A: 0.062, G_A: 0.701, cycle_A: 0.053, idt_A: 0.093, D_B: 0.000, G_B: 1.027, cycle_B: 0.172, idt_B: 0.035

[Rank 0] (epoch: 468, iters: 1224, time: 0.030, data: 0.005) , D_A: 0.077, G_A: 0.510, cycle_A: 0.054, idt_A: 0.090, D_B: 0.000, G_B: 1.012, cycle_B: 0.169, idt_B: 0.038

[Rank 0] (epoch: 468, iters: 1424, time: 0.105, data: 0.022) , D_A: 0.085, G_A: 0.761, cycle_A: 0.085, idt_A: 0.095, D_B: 0.000, G_B: 1.038, cycle_B: 0.192, idt_B: 0.056

[Rank 0] (epoch: 468, iters: 1624, time: 0.030, data: 0.002) , D_A: 0.055, G_A: 0.570, cycle_A: 0.063, idt_A: 0.107, D_B: 0.000, G_B: 0.990, cycle_B: 0.210, idt_B: 0.043

[Rank 0] (epoch: 468, iters: 1824, time: 0.029, data: 0.005) , D_A: 0.074, G_A: 0.654, cycle_A: 0.074, idt_A: 0.102, D_B: 0.000, G_B: 1.001, cycle_B: 0.201, idt_B: 0.053

learning rate 0.0000261 -> 0.0000253
End of epoch 468 / 500 	 Time Taken: 55 sec
[Rank 0] (epoch: 469, iters: 96, time: 0.133, data: 0.003) , D_A: 0.063, G_A: 0.569, cycle_A: 0.098, idt_A: 0.086, D_B: 0.000, G_B: 1.027, cycle_B: 0.161, idt_B: 0.067

[Rank 0] (epoch: 469, iters: 296, time: 0.031, data: 0.003) , D_A: 0.064, G_A: 0.662, cycle_A: 0.060, idt_A: 0.094, D_B: 0.000, G_B: 0.983, cycle_B: 0.183, idt_B: 0.041

[Rank 0] (epoch: 469, iters: 496, time: 0.098, data: 0.010) , D_A: 0.075, G_A: 0.492, cycle_A: 0.065, idt_A: 0.096, D_B: 0.000, G_B: 1.029, cycle_B: 0.183, idt_B: 0.048

saving the latest model (epoch 469, total_iters 710000)
[Rank 0] (epoch: 469, iters: 696, time: 0.031, data: 0.002) , D_A: 0.069, G_A: 0.560, cycle_A: 0.089, idt_A: 0.079, D_B: 0.000, G_B: 0.993, cycle_B: 0.152, idt_B: 0.063

[Rank 0] (epoch: 469, iters: 896, time: 0.030, data: 0.003) , D_A: 0.062, G_A: 0.543, cycle_A: 0.073, idt_A: 0.093, D_B: 0.000, G_B: 1.007, cycle_B: 0.178, idt_B: 0.052

[Rank 0] (epoch: 469, iters: 1096, time: 0.027, data: 0.010) , D_A: 0.072, G_A: 0.621, cycle_A: 0.080, idt_A: 0.093, D_B: 0.001, G_B: 0.975, cycle_B: 0.177, idt_B: 0.058

[Rank 0] (epoch: 469, iters: 1296, time: 0.030, data: 0.002) , D_A: 0.063, G_A: 0.427, cycle_A: 0.075, idt_A: 0.104, D_B: 0.000, G_B: 0.990, cycle_B: 0.200, idt_B: 0.049

[Rank 0] (epoch: 469, iters: 1496, time: 0.130, data: 0.002) , D_A: 0.094, G_A: 0.605, cycle_A: 0.075, idt_A: 0.102, D_B: 0.000, G_B: 1.027, cycle_B: 0.195, idt_B: 0.055

[Rank 0] (epoch: 469, iters: 1696, time: 0.030, data: 0.002) , D_A: 0.109, G_A: 0.543, cycle_A: 0.070, idt_A: 0.097, D_B: 0.000, G_B: 1.005, cycle_B: 0.181, idt_B: 0.048

[Rank 0] (epoch: 469, iters: 1896, time: 0.026, data: 0.004) , D_A: 0.071, G_A: 0.650, cycle_A: 0.076, idt_A: 0.096, D_B: 0.000, G_B: 0.992, cycle_B: 0.187, idt_B: 0.050

learning rate 0.0000253 -> 0.0000246
End of epoch 469 / 500 	 Time Taken: 55 sec
[Rank 0] (epoch: 470, iters: 168, time: 0.120, data: 0.001) , D_A: 0.062, G_A: 0.810, cycle_A: 0.086, idt_A: 0.100, D_B: 0.000, G_B: 0.990, cycle_B: 0.185, idt_B: 0.057

[Rank 0] (epoch: 470, iters: 368, time: 0.030, data: 0.003) , D_A: 0.127, G_A: 0.775, cycle_A: 0.064, idt_A: 0.080, D_B: 0.000, G_B: 1.000, cycle_B: 0.143, idt_B: 0.042

[Rank 0] (epoch: 470, iters: 568, time: 0.108, data: 0.005) , D_A: 0.106, G_A: 0.553, cycle_A: 0.073, idt_A: 0.095, D_B: 0.000, G_B: 0.977, cycle_B: 0.176, idt_B: 0.050

[Rank 0] (epoch: 470, iters: 768, time: 0.030, data: 0.002) , D_A: 0.070, G_A: 0.552, cycle_A: 0.069, idt_A: 0.086, D_B: 0.000, G_B: 1.029, cycle_B: 0.157, idt_B: 0.052

[Rank 0] (epoch: 470, iters: 968, time: 0.029, data: 0.025) , D_A: 0.062, G_A: 0.540, cycle_A: 0.089, idt_A: 0.087, D_B: 0.000, G_B: 0.980, cycle_B: 0.165, idt_B: 0.062

[Rank 0] (epoch: 470, iters: 1168, time: 0.030, data: 0.005) , D_A: 0.095, G_A: 0.426, cycle_A: 0.060, idt_A: 0.098, D_B: 0.000, G_B: 1.000, cycle_B: 0.170, idt_B: 0.043

[Rank 0] (epoch: 470, iters: 1368, time: 0.030, data: 0.002) , D_A: 0.081, G_A: 0.657, cycle_A: 0.071, idt_A: 0.099, D_B: 0.000, G_B: 0.992, cycle_B: 0.182, idt_B: 0.042

[Rank 0] (epoch: 470, iters: 1568, time: 0.102, data: 0.002) , D_A: 0.057, G_A: 0.484, cycle_A: 0.073, idt_A: 0.102, D_B: 0.000, G_B: 1.022, cycle_B: 0.187, idt_B: 0.050

[Rank 0] (epoch: 470, iters: 1768, time: 0.030, data: 0.003) , D_A: 0.102, G_A: 0.391, cycle_A: 0.061, idt_A: 0.104, D_B: 0.000, G_B: 1.005, cycle_B: 0.196, idt_B: 0.042

learning rate 0.0000246 -> 0.0000238
End of epoch 470 / 500 	 Time Taken: 55 sec
[Rank 0] (epoch: 471, iters: 40, time: 0.138, data: 0.003) , D_A: 0.056, G_A: 0.554, cycle_A: 0.062, idt_A: 0.106, D_B: 0.000, G_B: 0.996, cycle_B: 0.202, idt_B: 0.042

[Rank 0] (epoch: 471, iters: 240, time: 0.030, data: 0.003) , D_A: 0.075, G_A: 0.696, cycle_A: 0.079, idt_A: 0.104, D_B: 0.001, G_B: 1.003, cycle_B: 0.195, idt_B: 0.059

[Rank 0] (epoch: 471, iters: 440, time: 0.030, data: 0.002) , D_A: 0.078, G_A: 0.786, cycle_A: 0.062, idt_A: 0.101, D_B: 0.000, G_B: 0.996, cycle_B: 0.197, idt_B: 0.040

[Rank 0] (epoch: 471, iters: 640, time: 0.125, data: 0.002) , D_A: 0.054, G_A: 0.801, cycle_A: 0.081, idt_A: 0.093, D_B: 0.000, G_B: 0.995, cycle_B: 0.171, idt_B: 0.055

[Rank 0] (epoch: 471, iters: 840, time: 0.029, data: 0.004) , D_A: 0.088, G_A: 0.504, cycle_A: 0.084, idt_A: 0.079, D_B: 0.000, G_B: 0.979, cycle_B: 0.149, idt_B: 0.058

[Rank 0] (epoch: 471, iters: 1040, time: 0.030, data: 0.006) , D_A: 0.075, G_A: 0.441, cycle_A: 0.080, idt_A: 0.094, D_B: 0.000, G_B: 0.975, cycle_B: 0.170, idt_B: 0.050

[Rank 0] (epoch: 471, iters: 1240, time: 0.029, data: 0.003) , D_A: 0.094, G_A: 0.567, cycle_A: 0.102, idt_A: 0.096, D_B: 0.000, G_B: 1.013, cycle_B: 0.184, idt_B: 0.066

[Rank 0] (epoch: 471, iters: 1440, time: 0.030, data: 0.003) , D_A: 0.109, G_A: 0.608, cycle_A: 0.070, idt_A: 0.087, D_B: 0.000, G_B: 0.997, cycle_B: 0.162, idt_B: 0.046

[Rank 0] (epoch: 471, iters: 1640, time: 0.108, data: 0.004) , D_A: 0.063, G_A: 0.775, cycle_A: 0.065, idt_A: 0.098, D_B: 0.000, G_B: 0.988, cycle_B: 0.175, idt_B: 0.044

saving the latest model (epoch 471, total_iters 715000)
[Rank 0] (epoch: 471, iters: 1840, time: 0.030, data: 0.002) , D_A: 0.079, G_A: 0.653, cycle_A: 0.069, idt_A: 0.094, D_B: 0.001, G_B: 1.023, cycle_B: 0.181, idt_B: 0.045

learning rate 0.0000238 -> 0.0000230
End of epoch 471 / 500 	 Time Taken: 54 sec
[Rank 0] (epoch: 472, iters: 112, time: 0.134, data: 0.003) , D_A: 0.087, G_A: 0.725, cycle_A: 0.070, idt_A: 0.094, D_B: 0.000, G_B: 1.008, cycle_B: 0.174, idt_B: 0.047

[Rank 0] (epoch: 472, iters: 312, time: 0.030, data: 0.002) , D_A: 0.081, G_A: 0.578, cycle_A: 0.084, idt_A: 0.092, D_B: 0.001, G_B: 1.042, cycle_B: 0.170, idt_B: 0.057

[Rank 0] (epoch: 472, iters: 512, time: 0.029, data: 0.003) , D_A: 0.067, G_A: 0.586, cycle_A: 0.066, idt_A: 0.098, D_B: 0.001, G_B: 1.025, cycle_B: 0.192, idt_B: 0.044

[Rank 0] (epoch: 472, iters: 712, time: 0.113, data: 0.007) , D_A: 0.061, G_A: 0.549, cycle_A: 0.067, idt_A: 0.101, D_B: 0.000, G_B: 0.968, cycle_B: 0.193, idt_B: 0.048

[Rank 0] (epoch: 472, iters: 912, time: 0.030, data: 0.002) , D_A: 0.054, G_A: 0.754, cycle_A: 0.074, idt_A: 0.084, D_B: 0.000, G_B: 1.001, cycle_B: 0.156, idt_B: 0.050

[Rank 0] (epoch: 472, iters: 1112, time: 0.029, data: 0.003) , D_A: 0.043, G_A: 0.864, cycle_A: 0.062, idt_A: 0.098, D_B: 0.000, G_B: 1.008, cycle_B: 0.181, idt_B: 0.041

[Rank 0] (epoch: 472, iters: 1312, time: 0.029, data: 0.007) , D_A: 0.073, G_A: 0.570, cycle_A: 0.068, idt_A: 0.089, D_B: 0.000, G_B: 0.977, cycle_B: 0.167, idt_B: 0.045

[Rank 0] (epoch: 472, iters: 1512, time: 0.026, data: 0.046) , D_A: 0.081, G_A: 0.485, cycle_A: 0.083, idt_A: 0.095, D_B: 0.000, G_B: 0.980, cycle_B: 0.180, idt_B: 0.058

[Rank 0] (epoch: 472, iters: 1712, time: 0.125, data: 0.002) , D_A: 0.061, G_A: 0.595, cycle_A: 0.076, idt_A: 0.099, D_B: 0.001, G_B: 1.004, cycle_B: 0.185, idt_B: 0.054

[Rank 0] (epoch: 472, iters: 1912, time: 0.030, data: 0.002) , D_A: 0.070, G_A: 0.684, cycle_A: 0.076, idt_A: 0.085, D_B: 0.000, G_B: 0.990, cycle_B: 0.156, idt_B: 0.055

learning rate 0.0000230 -> 0.0000222
End of epoch 472 / 500 	 Time Taken: 55 sec
[Rank 0] (epoch: 473, iters: 184, time: 0.134, data: 0.003) , D_A: 0.075, G_A: 0.749, cycle_A: 0.082, idt_A: 0.099, D_B: 0.000, G_B: 1.028, cycle_B: 0.195, idt_B: 0.058

[Rank 0] (epoch: 473, iters: 384, time: 0.026, data: 0.002) , D_A: 0.071, G_A: 0.664, cycle_A: 0.080, idt_A: 0.090, D_B: 0.000, G_B: 0.974, cycle_B: 0.178, idt_B: 0.054

[Rank 0] (epoch: 473, iters: 584, time: 0.030, data: 0.002) , D_A: 0.053, G_A: 0.607, cycle_A: 0.078, idt_A: 0.095, D_B: 0.000, G_B: 0.975, cycle_B: 0.174, idt_B: 0.050

[Rank 0] (epoch: 473, iters: 784, time: 0.110, data: 0.002) , D_A: 0.094, G_A: 0.668, cycle_A: 0.079, idt_A: 0.101, D_B: 0.000, G_B: 0.978, cycle_B: 0.183, idt_B: 0.052

[Rank 0] (epoch: 473, iters: 984, time: 0.029, data: 0.002) , D_A: 0.073, G_A: 0.646, cycle_A: 0.066, idt_A: 0.098, D_B: 0.000, G_B: 1.042, cycle_B: 0.183, idt_B: 0.045

[Rank 0] (epoch: 473, iters: 1184, time: 0.030, data: 0.003) , D_A: 0.065, G_A: 0.688, cycle_A: 0.092, idt_A: 0.093, D_B: 0.000, G_B: 0.983, cycle_B: 0.171, idt_B: 0.059

[Rank 0] (epoch: 473, iters: 1384, time: 0.030, data: 0.002) , D_A: 0.074, G_A: 0.495, cycle_A: 0.069, idt_A: 0.096, D_B: 0.000, G_B: 1.011, cycle_B: 0.183, idt_B: 0.046

[Rank 0] (epoch: 473, iters: 1584, time: 0.026, data: 0.041) , D_A: 0.065, G_A: 0.526, cycle_A: 0.095, idt_A: 0.098, D_B: 0.000, G_B: 0.994, cycle_B: 0.180, idt_B: 0.063

[Rank 0] (epoch: 473, iters: 1784, time: 0.124, data: 0.002) , D_A: 0.070, G_A: 0.668, cycle_A: 0.076, idt_A: 0.093, D_B: 0.000, G_B: 1.003, cycle_B: 0.172, idt_B: 0.056

learning rate 0.0000222 -> 0.0000214
End of epoch 473 / 500 	 Time Taken: 56 sec
[Rank 0] (epoch: 474, iters: 56, time: 0.125, data: 0.002) , D_A: 0.053, G_A: 0.645, cycle_A: 0.060, idt_A: 0.103, D_B: 0.000, G_B: 0.998, cycle_B: 0.190, idt_B: 0.044

[Rank 0] (epoch: 474, iters: 256, time: 0.029, data: 0.002) , D_A: 0.077, G_A: 0.695, cycle_A: 0.065, idt_A: 0.094, D_B: 0.000, G_B: 1.002, cycle_B: 0.178, idt_B: 0.044

[Rank 0] (epoch: 474, iters: 456, time: 0.029, data: 0.003) , D_A: 0.064, G_A: 0.641, cycle_A: 0.078, idt_A: 0.082, D_B: 0.000, G_B: 0.997, cycle_B: 0.154, idt_B: 0.047

[Rank 0] (epoch: 474, iters: 656, time: 0.026, data: 0.055) , D_A: 0.076, G_A: 0.517, cycle_A: 0.072, idt_A: 0.103, D_B: 0.000, G_B: 0.994, cycle_B: 0.192, idt_B: 0.055

[Rank 0] (epoch: 474, iters: 856, time: 0.123, data: 0.002) , D_A: 0.093, G_A: 0.575, cycle_A: 0.067, idt_A: 0.095, D_B: 0.000, G_B: 0.998, cycle_B: 0.175, idt_B: 0.049

saving the latest model (epoch 474, total_iters 720000)
[Rank 0] (epoch: 474, iters: 1056, time: 0.030, data: 0.003) , D_A: 0.074, G_A: 0.558, cycle_A: 0.075, idt_A: 0.092, D_B: 0.000, G_B: 0.978, cycle_B: 0.175, idt_B: 0.047

[Rank 0] (epoch: 474, iters: 1256, time: 0.026, data: 0.006) , D_A: 0.113, G_A: 0.390, cycle_A: 0.063, idt_A: 0.100, D_B: 0.000, G_B: 1.011, cycle_B: 0.194, idt_B: 0.044

[Rank 0] (epoch: 474, iters: 1456, time: 0.030, data: 0.002) , D_A: 0.106, G_A: 0.737, cycle_A: 0.084, idt_A: 0.087, D_B: 0.000, G_B: 0.982, cycle_B: 0.168, idt_B: 0.058

[Rank 0] (epoch: 474, iters: 1656, time: 0.030, data: 0.002) , D_A: 0.056, G_A: 0.778, cycle_A: 0.065, idt_A: 0.097, D_B: 0.000, G_B: 0.997, cycle_B: 0.181, idt_B: 0.045

[Rank 0] (epoch: 474, iters: 1856, time: 0.106, data: 0.003) , D_A: 0.081, G_A: 0.602, cycle_A: 0.056, idt_A: 0.098, D_B: 0.000, G_B: 1.007, cycle_B: 0.186, idt_B: 0.036

learning rate 0.0000214 -> 0.0000206
End of epoch 474 / 500 	 Time Taken: 57 sec
[Rank 0] (epoch: 475, iters: 128, time: 0.128, data: 0.005) , D_A: 0.115, G_A: 0.678, cycle_A: 0.061, idt_A: 0.089, D_B: 0.000, G_B: 1.005, cycle_B: 0.174, idt_B: 0.041

[Rank 0] (epoch: 475, iters: 328, time: 0.030, data: 0.005) , D_A: 0.116, G_A: 0.522, cycle_A: 0.075, idt_A: 0.083, D_B: 0.000, G_B: 0.979, cycle_B: 0.160, idt_B: 0.055

[Rank 0] (epoch: 475, iters: 528, time: 0.029, data: 0.003) , D_A: 0.068, G_A: 0.738, cycle_A: 0.067, idt_A: 0.096, D_B: 0.000, G_B: 1.005, cycle_B: 0.182, idt_B: 0.050

[Rank 0] (epoch: 475, iters: 728, time: 0.030, data: 0.002) , D_A: 0.064, G_A: 0.688, cycle_A: 0.084, idt_A: 0.097, D_B: 0.000, G_B: 0.991, cycle_B: 0.182, idt_B: 0.056

[Rank 0] (epoch: 475, iters: 928, time: 0.115, data: 0.002) , D_A: 0.080, G_A: 0.680, cycle_A: 0.098, idt_A: 0.092, D_B: 0.000, G_B: 0.999, cycle_B: 0.175, idt_B: 0.065

[Rank 0] (epoch: 475, iters: 1128, time: 0.030, data: 0.002) , D_A: 0.053, G_A: 0.751, cycle_A: 0.074, idt_A: 0.091, D_B: 0.000, G_B: 0.990, cycle_B: 0.169, idt_B: 0.050

[Rank 0] (epoch: 475, iters: 1328, time: 0.030, data: 0.002) , D_A: 0.055, G_A: 0.714, cycle_A: 0.080, idt_A: 0.103, D_B: 0.000, G_B: 0.992, cycle_B: 0.198, idt_B: 0.053

[Rank 0] (epoch: 475, iters: 1528, time: 0.029, data: 0.002) , D_A: 0.057, G_A: 0.733, cycle_A: 0.086, idt_A: 0.099, D_B: 0.000, G_B: 0.992, cycle_B: 0.182, idt_B: 0.054

[Rank 0] (epoch: 475, iters: 1728, time: 0.030, data: 0.006) , D_A: 0.044, G_A: 0.911, cycle_A: 0.095, idt_A: 0.087, D_B: 0.000, G_B: 0.995, cycle_B: 0.161, idt_B: 0.062

[Rank 0] (epoch: 475, iters: 1928, time: 0.090, data: 0.003) , D_A: 0.068, G_A: 0.546, cycle_A: 0.069, idt_A: 0.088, D_B: 0.000, G_B: 0.995, cycle_B: 0.170, idt_B: 0.046

learning rate 0.0000206 -> 0.0000198
End of epoch 475 / 500 	 Time Taken: 56 sec
[Rank 0] (epoch: 476, iters: 200, time: 0.089, data: 1.289) , D_A: 0.072, G_A: 0.569, cycle_A: 0.080, idt_A: 0.084, D_B: 0.000, G_B: 0.994, cycle_B: 0.164, idt_B: 0.049

[Rank 0] (epoch: 476, iters: 400, time: 0.030, data: 0.002) , D_A: 0.094, G_A: 0.451, cycle_A: 0.065, idt_A: 0.093, D_B: 0.000, G_B: 0.999, cycle_B: 0.176, idt_B: 0.043

[Rank 0] (epoch: 476, iters: 600, time: 0.030, data: 0.006) , D_A: 0.058, G_A: 0.544, cycle_A: 0.071, idt_A: 0.104, D_B: 0.000, G_B: 0.991, cycle_B: 0.200, idt_B: 0.047

[Rank 0] (epoch: 476, iters: 800, time: 0.030, data: 0.006) , D_A: 0.065, G_A: 0.789, cycle_A: 0.054, idt_A: 0.090, D_B: 0.000, G_B: 1.011, cycle_B: 0.169, idt_B: 0.033

[Rank 0] (epoch: 476, iters: 1000, time: 0.115, data: 0.004) , D_A: 0.051, G_A: 0.872, cycle_A: 0.104, idt_A: 0.094, D_B: 0.000, G_B: 0.992, cycle_B: 0.180, idt_B: 0.070

[Rank 0] (epoch: 476, iters: 1200, time: 0.029, data: 0.002) , D_A: 0.065, G_A: 0.664, cycle_A: 0.066, idt_A: 0.104, D_B: 0.000, G_B: 1.000, cycle_B: 0.191, idt_B: 0.046

[Rank 0] (epoch: 476, iters: 1400, time: 0.029, data: 0.006) , D_A: 0.073, G_A: 0.518, cycle_A: 0.076, idt_A: 0.086, D_B: 0.000, G_B: 0.993, cycle_B: 0.173, idt_B: 0.049

[Rank 0] (epoch: 476, iters: 1600, time: 0.026, data: 0.004) , D_A: 0.050, G_A: 0.751, cycle_A: 0.080, idt_A: 0.106, D_B: 0.000, G_B: 1.001, cycle_B: 0.220, idt_B: 0.053

[Rank 0] (epoch: 476, iters: 1800, time: 0.030, data: 0.002) , D_A: 0.050, G_A: 0.727, cycle_A: 0.065, idt_A: 0.087, D_B: 0.000, G_B: 0.987, cycle_B: 0.175, idt_B: 0.045

learning rate 0.0000198 -> 0.0000190
End of epoch 476 / 500 	 Time Taken: 54 sec
[Rank 0] (epoch: 477, iters: 72, time: 0.128, data: 0.004) , D_A: 0.076, G_A: 0.479, cycle_A: 0.073, idt_A: 0.099, D_B: 0.000, G_B: 1.016, cycle_B: 0.192, idt_B: 0.049

saving the latest model (epoch 477, total_iters 725000)
[Rank 0] (epoch: 477, iters: 272, time: 0.030, data: 0.002) , D_A: 0.071, G_A: 0.753, cycle_A: 0.087, idt_A: 0.107, D_B: 0.000, G_B: 1.010, cycle_B: 0.200, idt_B: 0.063

[Rank 0] (epoch: 477, iters: 472, time: 0.030, data: 0.006) , D_A: 0.083, G_A: 0.604, cycle_A: 0.059, idt_A: 0.101, D_B: 0.000, G_B: 1.000, cycle_B: 0.191, idt_B: 0.039

[Rank 0] (epoch: 477, iters: 672, time: 0.026, data: 0.058) , D_A: 0.080, G_A: 0.607, cycle_A: 0.054, idt_A: 0.096, D_B: 0.000, G_B: 0.996, cycle_B: 0.192, idt_B: 0.038

[Rank 0] (epoch: 477, iters: 872, time: 0.030, data: 0.002) , D_A: 0.086, G_A: 0.577, cycle_A: 0.067, idt_A: 0.092, D_B: 0.000, G_B: 1.002, cycle_B: 0.172, idt_B: 0.042

[Rank 0] (epoch: 477, iters: 1072, time: 0.105, data: 0.002) , D_A: 0.063, G_A: 0.734, cycle_A: 0.070, idt_A: 0.103, D_B: 0.000, G_B: 0.999, cycle_B: 0.188, idt_B: 0.050

[Rank 0] (epoch: 477, iters: 1272, time: 0.030, data: 0.001) , D_A: 0.084, G_A: 0.462, cycle_A: 0.062, idt_A: 0.092, D_B: 0.000, G_B: 0.992, cycle_B: 0.181, idt_B: 0.042

[Rank 0] (epoch: 477, iters: 1472, time: 0.030, data: 0.006) , D_A: 0.097, G_A: 0.736, cycle_A: 0.068, idt_A: 0.103, D_B: 0.000, G_B: 1.002, cycle_B: 0.201, idt_B: 0.044

[Rank 0] (epoch: 477, iters: 1672, time: 0.027, data: 0.008) , D_A: 0.042, G_A: 0.752, cycle_A: 0.080, idt_A: 0.099, D_B: 0.000, G_B: 1.001, cycle_B: 0.189, idt_B: 0.049

[Rank 0] (epoch: 477, iters: 1872, time: 0.026, data: 0.008) , D_A: 0.087, G_A: 0.495, cycle_A: 0.074, idt_A: 0.098, D_B: 0.000, G_B: 1.008, cycle_B: 0.181, idt_B: 0.052

learning rate 0.0000190 -> 0.0000182
End of epoch 477 / 500 	 Time Taken: 55 sec
[Rank 0] (epoch: 478, iters: 144, time: 0.114, data: 0.002) , D_A: 0.067, G_A: 0.671, cycle_A: 0.084, idt_A: 0.096, D_B: 0.000, G_B: 0.991, cycle_B: 0.180, idt_B: 0.056

[Rank 0] (epoch: 478, iters: 344, time: 0.029, data: 0.002) , D_A: 0.074, G_A: 0.627, cycle_A: 0.052, idt_A: 0.096, D_B: 0.000, G_B: 0.994, cycle_B: 0.183, idt_B: 0.041

[Rank 0] (epoch: 478, iters: 544, time: 0.026, data: 0.004) , D_A: 0.105, G_A: 0.790, cycle_A: 0.067, idt_A: 0.090, D_B: 0.000, G_B: 1.010, cycle_B: 0.179, idt_B: 0.047

[Rank 0] (epoch: 478, iters: 744, time: 0.029, data: 0.002) , D_A: 0.085, G_A: 0.500, cycle_A: 0.095, idt_A: 0.098, D_B: 0.000, G_B: 0.994, cycle_B: 0.183, idt_B: 0.069

[Rank 0] (epoch: 478, iters: 944, time: 0.029, data: 0.002) , D_A: 0.059, G_A: 0.805, cycle_A: 0.057, idt_A: 0.092, D_B: 0.000, G_B: 0.991, cycle_B: 0.167, idt_B: 0.035

[Rank 0] (epoch: 478, iters: 1144, time: 0.128, data: 0.002) , D_A: 0.086, G_A: 0.585, cycle_A: 0.060, idt_A: 0.095, D_B: 0.000, G_B: 0.989, cycle_B: 0.182, idt_B: 0.036

[Rank 0] (epoch: 478, iters: 1344, time: 0.030, data: 0.003) , D_A: 0.059, G_A: 0.805, cycle_A: 0.073, idt_A: 0.100, D_B: 0.000, G_B: 1.014, cycle_B: 0.197, idt_B: 0.049

[Rank 0] (epoch: 478, iters: 1544, time: 0.030, data: 0.003) , D_A: 0.091, G_A: 0.539, cycle_A: 0.085, idt_A: 0.087, D_B: 0.000, G_B: 0.994, cycle_B: 0.167, idt_B: 0.057

[Rank 0] (epoch: 478, iters: 1744, time: 0.030, data: 0.002) , D_A: 0.065, G_A: 0.692, cycle_A: 0.078, idt_A: 0.104, D_B: 0.000, G_B: 1.000, cycle_B: 0.202, idt_B: 0.051

learning rate 0.0000182 -> 0.0000174
End of epoch 478 / 500 	 Time Taken: 55 sec
[Rank 0] (epoch: 479, iters: 16, time: 0.134, data: 0.002) , D_A: 0.085, G_A: 0.695, cycle_A: 0.072, idt_A: 0.089, D_B: 0.000, G_B: 0.984, cycle_B: 0.172, idt_B: 0.049

[Rank 0] (epoch: 479, iters: 216, time: 0.138, data: 0.004) , D_A: 0.101, G_A: 0.651, cycle_A: 0.060, idt_A: 0.096, D_B: 0.000, G_B: 1.002, cycle_B: 0.184, idt_B: 0.045

[Rank 0] (epoch: 479, iters: 416, time: 0.030, data: 0.003) , D_A: 0.061, G_A: 0.631, cycle_A: 0.075, idt_A: 0.082, D_B: 0.000, G_B: 1.004, cycle_B: 0.152, idt_B: 0.048

[Rank 0] (epoch: 479, iters: 616, time: 0.029, data: 0.003) , D_A: 0.101, G_A: 0.526, cycle_A: 0.087, idt_A: 0.082, D_B: 0.000, G_B: 0.990, cycle_B: 0.161, idt_B: 0.054

[Rank 0] (epoch: 479, iters: 816, time: 0.030, data: 0.003) , D_A: 0.084, G_A: 0.780, cycle_A: 0.070, idt_A: 0.108, D_B: 0.000, G_B: 1.015, cycle_B: 0.211, idt_B: 0.046

[Rank 0] (epoch: 479, iters: 1016, time: 0.026, data: 0.053) , D_A: 0.091, G_A: 0.744, cycle_A: 0.069, idt_A: 0.082, D_B: 0.000, G_B: 0.985, cycle_B: 0.164, idt_B: 0.046

[Rank 0] (epoch: 479, iters: 1216, time: 0.108, data: 0.002) , D_A: 0.099, G_A: 0.644, cycle_A: 0.065, idt_A: 0.095, D_B: 0.000, G_B: 1.005, cycle_B: 0.178, idt_B: 0.039

saving the latest model (epoch 479, total_iters 730000)
[Rank 0] (epoch: 479, iters: 1416, time: 0.030, data: 0.004) , D_A: 0.064, G_A: 0.555, cycle_A: 0.075, idt_A: 0.097, D_B: 0.000, G_B: 0.978, cycle_B: 0.192, idt_B: 0.049

[Rank 0] (epoch: 479, iters: 1616, time: 0.029, data: 0.004) , D_A: 0.104, G_A: 0.606, cycle_A: 0.080, idt_A: 0.095, D_B: 0.000, G_B: 0.976, cycle_B: 0.181, idt_B: 0.058

[Rank 0] (epoch: 479, iters: 1816, time: 0.030, data: 0.002) , D_A: 0.096, G_A: 0.848, cycle_A: 0.075, idt_A: 0.109, D_B: 0.000, G_B: 1.008, cycle_B: 0.207, idt_B: 0.053

learning rate 0.0000174 -> 0.0000166
End of epoch 479 / 500 	 Time Taken: 55 sec
[Rank 0] (epoch: 480, iters: 88, time: 0.110, data: 0.006) , D_A: 0.076, G_A: 0.570, cycle_A: 0.088, idt_A: 0.091, D_B: 0.000, G_B: 1.003, cycle_B: 0.178, idt_B: 0.056

[Rank 0] (epoch: 480, iters: 288, time: 0.119, data: 0.002) , D_A: 0.073, G_A: 0.560, cycle_A: 0.065, idt_A: 0.097, D_B: 0.000, G_B: 0.991, cycle_B: 0.177, idt_B: 0.043

[Rank 0] (epoch: 480, iters: 488, time: 0.030, data: 0.003) , D_A: 0.055, G_A: 0.857, cycle_A: 0.072, idt_A: 0.082, D_B: 0.000, G_B: 0.994, cycle_B: 0.160, idt_B: 0.051

[Rank 0] (epoch: 480, iters: 688, time: 0.030, data: 0.003) , D_A: 0.065, G_A: 0.967, cycle_A: 0.074, idt_A: 0.085, D_B: 0.000, G_B: 0.988, cycle_B: 0.168, idt_B: 0.045

[Rank 0] (epoch: 480, iters: 888, time: 0.030, data: 0.002) , D_A: 0.106, G_A: 0.666, cycle_A: 0.054, idt_A: 0.080, D_B: 0.000, G_B: 0.993, cycle_B: 0.158, idt_B: 0.034

[Rank 0] (epoch: 480, iters: 1088, time: 0.030, data: 0.006) , D_A: 0.093, G_A: 0.603, cycle_A: 0.088, idt_A: 0.090, D_B: 0.000, G_B: 0.993, cycle_B: 0.176, idt_B: 0.063

[Rank 0] (epoch: 480, iters: 1288, time: 0.102, data: 0.002) , D_A: 0.101, G_A: 0.508, cycle_A: 0.066, idt_A: 0.091, D_B: 0.000, G_B: 0.977, cycle_B: 0.191, idt_B: 0.048

[Rank 0] (epoch: 480, iters: 1488, time: 0.030, data: 0.005) , D_A: 0.066, G_A: 0.571, cycle_A: 0.062, idt_A: 0.087, D_B: 0.000, G_B: 0.986, cycle_B: 0.174, idt_B: 0.043

[Rank 0] (epoch: 480, iters: 1688, time: 0.029, data: 0.216) , D_A: 0.065, G_A: 0.722, cycle_A: 0.082, idt_A: 0.091, D_B: 0.000, G_B: 0.984, cycle_B: 0.183, idt_B: 0.057

[Rank 0] (epoch: 480, iters: 1888, time: 0.030, data: 0.006) , D_A: 0.085, G_A: 0.661, cycle_A: 0.073, idt_A: 0.079, D_B: 0.000, G_B: 1.000, cycle_B: 0.156, idt_B: 0.052

learning rate 0.0000166 -> 0.0000158
saving the model at the end of epoch 480, iters 732640
End of epoch 480 / 500 	 Time Taken: 56 sec
[Rank 0] (epoch: 481, iters: 160, time: 0.110, data: 0.002) , D_A: 0.060, G_A: 0.641, cycle_A: 0.079, idt_A: 0.094, D_B: 0.000, G_B: 1.010, cycle_B: 0.182, idt_B: 0.056

[Rank 0] (epoch: 481, iters: 360, time: 0.133, data: 0.003) , D_A: 0.063, G_A: 0.569, cycle_A: 0.069, idt_A: 0.102, D_B: 0.000, G_B: 0.994, cycle_B: 0.200, idt_B: 0.045

[Rank 0] (epoch: 481, iters: 560, time: 0.030, data: 0.002) , D_A: 0.065, G_A: 0.621, cycle_A: 0.085, idt_A: 0.090, D_B: 0.000, G_B: 0.992, cycle_B: 0.176, idt_B: 0.061

[Rank 0] (epoch: 481, iters: 760, time: 0.030, data: 0.004) , D_A: 0.083, G_A: 0.552, cycle_A: 0.078, idt_A: 0.095, D_B: 0.000, G_B: 1.003, cycle_B: 0.194, idt_B: 0.050

[Rank 0] (epoch: 481, iters: 960, time: 0.030, data: 0.002) , D_A: 0.105, G_A: 0.560, cycle_A: 0.061, idt_A: 0.086, D_B: 0.000, G_B: 0.986, cycle_B: 0.168, idt_B: 0.045

[Rank 0] (epoch: 481, iters: 1160, time: 0.030, data: 0.004) , D_A: 0.063, G_A: 0.830, cycle_A: 0.074, idt_A: 0.096, D_B: 0.000, G_B: 0.995, cycle_B: 0.184, idt_B: 0.051

[Rank 0] (epoch: 481, iters: 1360, time: 0.110, data: 0.023) , D_A: 0.051, G_A: 0.717, cycle_A: 0.074, idt_A: 0.091, D_B: 0.000, G_B: 0.992, cycle_B: 0.186, idt_B: 0.051

[Rank 0] (epoch: 481, iters: 1560, time: 0.030, data: 0.002) , D_A: 0.073, G_A: 0.603, cycle_A: 0.082, idt_A: 0.088, D_B: 0.000, G_B: 0.989, cycle_B: 0.177, idt_B: 0.057

[Rank 0] (epoch: 481, iters: 1760, time: 0.030, data: 0.002) , D_A: 0.048, G_A: 0.824, cycle_A: 0.071, idt_A: 0.093, D_B: 0.000, G_B: 0.984, cycle_B: 0.181, idt_B: 0.045

learning rate 0.0000158 -> 0.0000150
End of epoch 481 / 500 	 Time Taken: 55 sec
[Rank 0] (epoch: 482, iters: 32, time: 0.158, data: 0.002) , D_A: 0.065, G_A: 0.754, cycle_A: 0.062, idt_A: 0.097, D_B: 0.000, G_B: 0.991, cycle_B: 0.187, idt_B: 0.042

[Rank 0] (epoch: 482, iters: 232, time: 0.030, data: 0.005) , D_A: 0.068, G_A: 0.615, cycle_A: 0.080, idt_A: 0.093, D_B: 0.000, G_B: 0.996, cycle_B: 0.171, idt_B: 0.055

[Rank 0] (epoch: 482, iters: 432, time: 0.129, data: 0.002) , D_A: 0.062, G_A: 0.536, cycle_A: 0.091, idt_A: 0.090, D_B: 0.000, G_B: 0.997, cycle_B: 0.169, idt_B: 0.057

saving the latest model (epoch 482, total_iters 735000)
[Rank 0] (epoch: 482, iters: 632, time: 0.030, data: 0.003) , D_A: 0.084, G_A: 0.772, cycle_A: 0.076, idt_A: 0.097, D_B: 0.000, G_B: 0.992, cycle_B: 0.188, idt_B: 0.052

[Rank 0] (epoch: 482, iters: 832, time: 0.026, data: 0.004) , D_A: 0.079, G_A: 0.814, cycle_A: 0.072, idt_A: 0.093, D_B: 0.000, G_B: 0.995, cycle_B: 0.184, idt_B: 0.044

[Rank 0] (epoch: 482, iters: 1032, time: 0.026, data: 0.003) , D_A: 0.066, G_A: 0.629, cycle_A: 0.095, idt_A: 0.091, D_B: 0.000, G_B: 1.009, cycle_B: 0.167, idt_B: 0.059

[Rank 0] (epoch: 482, iters: 1232, time: 0.030, data: 0.006) , D_A: 0.094, G_A: 0.568, cycle_A: 0.071, idt_A: 0.097, D_B: 0.000, G_B: 1.001, cycle_B: 0.190, idt_B: 0.048

[Rank 0] (epoch: 482, iters: 1432, time: 0.126, data: 0.002) , D_A: 0.072, G_A: 0.610, cycle_A: 0.087, idt_A: 0.088, D_B: 0.000, G_B: 0.999, cycle_B: 0.168, idt_B: 0.056

[Rank 0] (epoch: 482, iters: 1632, time: 0.029, data: 0.003) , D_A: 0.083, G_A: 0.635, cycle_A: 0.068, idt_A: 0.082, D_B: 0.000, G_B: 1.007, cycle_B: 0.155, idt_B: 0.047

[Rank 0] (epoch: 482, iters: 1832, time: 0.030, data: 0.002) , D_A: 0.072, G_A: 0.634, cycle_A: 0.081, idt_A: 0.103, D_B: 0.000, G_B: 1.009, cycle_B: 0.202, idt_B: 0.059

learning rate 0.0000150 -> 0.0000143
End of epoch 482 / 500 	 Time Taken: 56 sec
[Rank 0] (epoch: 483, iters: 104, time: 0.145, data: 0.003) , D_A: 0.074, G_A: 0.591, cycle_A: 0.085, idt_A: 0.102, D_B: 0.000, G_B: 1.005, cycle_B: 0.196, idt_B: 0.057

[Rank 0] (epoch: 483, iters: 304, time: 0.030, data: 0.002) , D_A: 0.088, G_A: 0.585, cycle_A: 0.074, idt_A: 0.102, D_B: 0.000, G_B: 1.004, cycle_B: 0.193, idt_B: 0.052

[Rank 0] (epoch: 483, iters: 504, time: 0.128, data: 0.003) , D_A: 0.058, G_A: 0.687, cycle_A: 0.074, idt_A: 0.101, D_B: 0.000, G_B: 0.999, cycle_B: 0.197, idt_B: 0.052

[Rank 0] (epoch: 483, iters: 704, time: 0.030, data: 0.003) , D_A: 0.101, G_A: 0.623, cycle_A: 0.065, idt_A: 0.091, D_B: 0.000, G_B: 0.998, cycle_B: 0.176, idt_B: 0.043

[Rank 0] (epoch: 483, iters: 904, time: 0.029, data: 0.007) , D_A: 0.072, G_A: 0.581, cycle_A: 0.068, idt_A: 0.094, D_B: 0.000, G_B: 0.998, cycle_B: 0.185, idt_B: 0.050

[Rank 0] (epoch: 483, iters: 1104, time: 0.030, data: 0.002) , D_A: 0.064, G_A: 0.683, cycle_A: 0.066, idt_A: 0.084, D_B: 0.000, G_B: 0.984, cycle_B: 0.158, idt_B: 0.043

[Rank 0] (epoch: 483, iters: 1304, time: 0.030, data: 0.004) , D_A: 0.059, G_A: 0.605, cycle_A: 0.062, idt_A: 0.098, D_B: 0.000, G_B: 1.003, cycle_B: 0.193, idt_B: 0.039

[Rank 0] (epoch: 483, iters: 1504, time: 0.130, data: 0.003) , D_A: 0.085, G_A: 0.810, cycle_A: 0.081, idt_A: 0.099, D_B: 0.000, G_B: 1.018, cycle_B: 0.185, idt_B: 0.051

[Rank 0] (epoch: 483, iters: 1704, time: 0.030, data: 0.003) , D_A: 0.072, G_A: 0.604, cycle_A: 0.076, idt_A: 0.096, D_B: 0.000, G_B: 0.989, cycle_B: 0.190, idt_B: 0.047

[Rank 0] (epoch: 483, iters: 1904, time: 0.030, data: 0.003) , D_A: 0.075, G_A: 0.592, cycle_A: 0.069, idt_A: 0.097, D_B: 0.000, G_B: 0.999, cycle_B: 0.196, idt_B: 0.048

learning rate 0.0000143 -> 0.0000135
End of epoch 483 / 500 	 Time Taken: 55 sec
[Rank 0] (epoch: 484, iters: 176, time: 0.135, data: 0.001) , D_A: 0.080, G_A: 0.616, cycle_A: 0.068, idt_A: 0.085, D_B: 0.000, G_B: 0.994, cycle_B: 0.162, idt_B: 0.045

[Rank 0] (epoch: 484, iters: 376, time: 0.029, data: 0.002) , D_A: 0.075, G_A: 0.534, cycle_A: 0.082, idt_A: 0.084, D_B: 0.000, G_B: 0.991, cycle_B: 0.162, idt_B: 0.051

[Rank 0] (epoch: 484, iters: 576, time: 0.123, data: 0.003) , D_A: 0.069, G_A: 0.609, cycle_A: 0.074, idt_A: 0.099, D_B: 0.000, G_B: 1.013, cycle_B: 0.190, idt_B: 0.045

[Rank 0] (epoch: 484, iters: 776, time: 0.027, data: 0.003) , D_A: 0.106, G_A: 0.583, cycle_A: 0.069, idt_A: 0.088, D_B: 0.000, G_B: 0.988, cycle_B: 0.172, idt_B: 0.042

[Rank 0] (epoch: 484, iters: 976, time: 0.030, data: 0.003) , D_A: 0.112, G_A: 0.469, cycle_A: 0.099, idt_A: 0.090, D_B: 0.000, G_B: 0.985, cycle_B: 0.170, idt_B: 0.062

[Rank 0] (epoch: 484, iters: 1176, time: 0.030, data: 0.002) , D_A: 0.074, G_A: 0.660, cycle_A: 0.080, idt_A: 0.084, D_B: 0.000, G_B: 0.988, cycle_B: 0.164, idt_B: 0.054

[Rank 0] (epoch: 484, iters: 1376, time: 0.030, data: 0.002) , D_A: 0.101, G_A: 0.552, cycle_A: 0.074, idt_A: 0.105, D_B: 0.000, G_B: 0.993, cycle_B: 0.206, idt_B: 0.046

[Rank 0] (epoch: 484, iters: 1576, time: 0.103, data: 0.036) , D_A: 0.058, G_A: 0.775, cycle_A: 0.064, idt_A: 0.097, D_B: 0.000, G_B: 0.998, cycle_B: 0.183, idt_B: 0.041

saving the latest model (epoch 484, total_iters 740000)
[Rank 0] (epoch: 484, iters: 1776, time: 0.030, data: 0.001) , D_A: 0.060, G_A: 0.588, cycle_A: 0.062, idt_A: 0.092, D_B: 0.000, G_B: 0.999, cycle_B: 0.182, idt_B: 0.040

learning rate 0.0000135 -> 0.0000127
End of epoch 484 / 500 	 Time Taken: 55 sec
[Rank 0] (epoch: 485, iters: 48, time: 0.134, data: 0.002) , D_A: 0.075, G_A: 0.650, cycle_A: 0.074, idt_A: 0.094, D_B: 0.000, G_B: 1.005, cycle_B: 0.183, idt_B: 0.047

[Rank 0] (epoch: 485, iters: 248, time: 0.030, data: 0.002) , D_A: 0.070, G_A: 0.654, cycle_A: 0.066, idt_A: 0.103, D_B: 0.000, G_B: 0.994, cycle_B: 0.197, idt_B: 0.045

[Rank 0] (epoch: 485, iters: 448, time: 0.026, data: 0.005) , D_A: 0.055, G_A: 0.644, cycle_A: 0.098, idt_A: 0.085, D_B: 0.000, G_B: 0.978, cycle_B: 0.166, idt_B: 0.067

[Rank 0] (epoch: 485, iters: 648, time: 0.097, data: 0.024) , D_A: 0.064, G_A: 0.785, cycle_A: 0.109, idt_A: 0.095, D_B: 0.000, G_B: 1.000, cycle_B: 0.180, idt_B: 0.074

[Rank 0] (epoch: 485, iters: 848, time: 0.029, data: 0.002) , D_A: 0.103, G_A: 0.809, cycle_A: 0.118, idt_A: 0.106, D_B: 0.000, G_B: 0.989, cycle_B: 0.206, idt_B: 0.076

[Rank 0] (epoch: 485, iters: 1048, time: 0.029, data: 0.003) , D_A: 0.063, G_A: 0.614, cycle_A: 0.041, idt_A: 0.084, D_B: 0.000, G_B: 0.989, cycle_B: 0.158, idt_B: 0.030

[Rank 0] (epoch: 485, iters: 1248, time: 0.030, data: 0.003) , D_A: 0.083, G_A: 0.556, cycle_A: 0.090, idt_A: 0.085, D_B: 0.000, G_B: 0.997, cycle_B: 0.161, idt_B: 0.060

[Rank 0] (epoch: 485, iters: 1448, time: 0.030, data: 0.005) , D_A: 0.086, G_A: 0.596, cycle_A: 0.086, idt_A: 0.099, D_B: 0.000, G_B: 0.989, cycle_B: 0.187, idt_B: 0.062

[Rank 0] (epoch: 485, iters: 1648, time: 0.107, data: 0.004) , D_A: 0.061, G_A: 0.635, cycle_A: 0.084, idt_A: 0.090, D_B: 0.000, G_B: 0.990, cycle_B: 0.168, idt_B: 0.052

[Rank 0] (epoch: 485, iters: 1848, time: 0.029, data: 0.002) , D_A: 0.080, G_A: 0.564, cycle_A: 0.080, idt_A: 0.087, D_B: 0.000, G_B: 0.992, cycle_B: 0.179, idt_B: 0.056

learning rate 0.0000127 -> 0.0000119
End of epoch 485 / 500 	 Time Taken: 54 sec
[Rank 0] (epoch: 486, iters: 120, time: 0.118, data: 0.006) , D_A: 0.086, G_A: 0.736, cycle_A: 0.071, idt_A: 0.080, D_B: 0.000, G_B: 0.988, cycle_B: 0.151, idt_B: 0.051

[Rank 0] (epoch: 486, iters: 320, time: 0.030, data: 0.002) , D_A: 0.085, G_A: 0.657, cycle_A: 0.075, idt_A: 0.088, D_B: 0.000, G_B: 0.991, cycle_B: 0.164, idt_B: 0.050

[Rank 0] (epoch: 486, iters: 520, time: 0.030, data: 0.003) , D_A: 0.066, G_A: 0.780, cycle_A: 0.038, idt_A: 0.093, D_B: 0.000, G_B: 1.006, cycle_B: 0.181, idt_B: 0.023

[Rank 0] (epoch: 486, iters: 720, time: 0.130, data: 0.091) , D_A: 0.086, G_A: 0.486, cycle_A: 0.088, idt_A: 0.090, D_B: 0.001, G_B: 0.995, cycle_B: 0.178, idt_B: 0.058

[Rank 0] (epoch: 486, iters: 920, time: 0.026, data: 0.003) , D_A: 0.070, G_A: 0.597, cycle_A: 0.054, idt_A: 0.083, D_B: 0.000, G_B: 0.977, cycle_B: 0.157, idt_B: 0.038

[Rank 0] (epoch: 486, iters: 1120, time: 0.029, data: 0.005) , D_A: 0.066, G_A: 0.650, cycle_A: 0.107, idt_A: 0.095, D_B: 0.000, G_B: 0.999, cycle_B: 0.180, idt_B: 0.070

[Rank 0] (epoch: 486, iters: 1320, time: 0.026, data: 0.204) , D_A: 0.072, G_A: 0.655, cycle_A: 0.069, idt_A: 0.095, D_B: 0.000, G_B: 0.998, cycle_B: 0.182, idt_B: 0.044

[Rank 0] (epoch: 486, iters: 1520, time: 0.030, data: 0.002) , D_A: 0.077, G_A: 0.566, cycle_A: 0.055, idt_A: 0.095, D_B: 0.000, G_B: 0.996, cycle_B: 0.186, idt_B: 0.033

[Rank 0] (epoch: 486, iters: 1720, time: 0.118, data: 0.002) , D_A: 0.084, G_A: 0.736, cycle_A: 0.073, idt_A: 0.102, D_B: 0.000, G_B: 1.002, cycle_B: 0.199, idt_B: 0.050

[Rank 0] (epoch: 486, iters: 1920, time: 0.030, data: 0.002) , D_A: 0.108, G_A: 0.638, cycle_A: 0.069, idt_A: 0.089, D_B: 0.000, G_B: 0.998, cycle_B: 0.170, idt_B: 0.046

learning rate 0.0000119 -> 0.0000111
End of epoch 486 / 500 	 Time Taken: 56 sec
[Rank 0] (epoch: 487, iters: 192, time: 0.145, data: 0.001) , D_A: 0.068, G_A: 0.785, cycle_A: 0.075, idt_A: 0.102, D_B: 0.000, G_B: 0.994, cycle_B: 0.192, idt_B: 0.052

[Rank 0] (epoch: 487, iters: 392, time: 0.030, data: 0.003) , D_A: 0.097, G_A: 0.712, cycle_A: 0.092, idt_A: 0.094, D_B: 0.000, G_B: 0.992, cycle_B: 0.185, idt_B: 0.059

[Rank 0] (epoch: 487, iters: 592, time: 0.028, data: 0.006) , D_A: 0.087, G_A: 0.576, cycle_A: 0.084, idt_A: 0.092, D_B: 0.000, G_B: 0.997, cycle_B: 0.176, idt_B: 0.058

[Rank 0] (epoch: 487, iters: 792, time: 0.131, data: 0.007) , D_A: 0.075, G_A: 0.538, cycle_A: 0.082, idt_A: 0.101, D_B: 0.000, G_B: 1.005, cycle_B: 0.192, idt_B: 0.050

saving the latest model (epoch 487, total_iters 745000)
[Rank 0] (epoch: 487, iters: 992, time: 0.026, data: 0.004) , D_A: 0.067, G_A: 0.617, cycle_A: 0.070, idt_A: 0.097, D_B: 0.000, G_B: 1.000, cycle_B: 0.187, idt_B: 0.049

[Rank 0] (epoch: 487, iters: 1192, time: 0.030, data: 0.002) , D_A: 0.085, G_A: 0.682, cycle_A: 0.053, idt_A: 0.096, D_B: 0.000, G_B: 1.009, cycle_B: 0.197, idt_B: 0.036

[Rank 0] (epoch: 487, iters: 1392, time: 0.030, data: 0.003) , D_A: 0.075, G_A: 0.472, cycle_A: 0.050, idt_A: 0.086, D_B: 0.000, G_B: 0.997, cycle_B: 0.166, idt_B: 0.032

[Rank 0] (epoch: 487, iters: 1592, time: 0.030, data: 0.003) , D_A: 0.090, G_A: 0.536, cycle_A: 0.066, idt_A: 0.087, D_B: 0.000, G_B: 0.994, cycle_B: 0.165, idt_B: 0.043

[Rank 0] (epoch: 487, iters: 1792, time: 0.115, data: 0.006) , D_A: 0.065, G_A: 0.773, cycle_A: 0.099, idt_A: 0.100, D_B: 0.000, G_B: 0.999, cycle_B: 0.195, idt_B: 0.070

learning rate 0.0000111 -> 0.0000103
End of epoch 487 / 500 	 Time Taken: 56 sec
[Rank 0] (epoch: 488, iters: 64, time: 0.159, data: 0.002) , D_A: 0.102, G_A: 0.568, cycle_A: 0.076, idt_A: 0.093, D_B: 0.000, G_B: 0.994, cycle_B: 0.186, idt_B: 0.047

[Rank 0] (epoch: 488, iters: 264, time: 0.030, data: 0.003) , D_A: 0.083, G_A: 0.614, cycle_A: 0.092, idt_A: 0.091, D_B: 0.000, G_B: 0.998, cycle_B: 0.178, idt_B: 0.064

[Rank 0] (epoch: 488, iters: 464, time: 0.029, data: 0.003) , D_A: 0.068, G_A: 0.691, cycle_A: 0.058, idt_A: 0.083, D_B: 0.000, G_B: 0.993, cycle_B: 0.159, idt_B: 0.042

[Rank 0] (epoch: 488, iters: 664, time: 0.026, data: 0.041) , D_A: 0.077, G_A: 0.559, cycle_A: 0.073, idt_A: 0.095, D_B: 0.000, G_B: 0.993, cycle_B: 0.181, idt_B: 0.051

[Rank 0] (epoch: 488, iters: 864, time: 0.113, data: 0.002) , D_A: 0.064, G_A: 0.572, cycle_A: 0.093, idt_A: 0.095, D_B: 0.000, G_B: 0.991, cycle_B: 0.186, idt_B: 0.068

[Rank 0] (epoch: 488, iters: 1064, time: 0.030, data: 0.003) , D_A: 0.068, G_A: 0.709, cycle_A: 0.059, idt_A: 0.104, D_B: 0.000, G_B: 1.004, cycle_B: 0.203, idt_B: 0.038

[Rank 0] (epoch: 488, iters: 1264, time: 0.030, data: 0.006) , D_A: 0.056, G_A: 0.796, cycle_A: 0.063, idt_A: 0.097, D_B: 0.000, G_B: 0.982, cycle_B: 0.183, idt_B: 0.036

[Rank 0] (epoch: 488, iters: 1464, time: 0.026, data: 0.004) , D_A: 0.103, G_A: 0.756, cycle_A: 0.066, idt_A: 0.086, D_B: 0.000, G_B: 1.001, cycle_B: 0.169, idt_B: 0.040

[Rank 0] (epoch: 488, iters: 1664, time: 0.030, data: 0.005) , D_A: 0.096, G_A: 0.529, cycle_A: 0.072, idt_A: 0.091, D_B: 0.000, G_B: 0.987, cycle_B: 0.172, idt_B: 0.049

[Rank 0] (epoch: 488, iters: 1864, time: 0.104, data: 0.002) , D_A: 0.072, G_A: 0.567, cycle_A: 0.065, idt_A: 0.091, D_B: 0.000, G_B: 0.993, cycle_B: 0.175, idt_B: 0.048

learning rate 0.0000103 -> 0.0000095
End of epoch 488 / 500 	 Time Taken: 56 sec
[Rank 0] (epoch: 489, iters: 136, time: 0.153, data: 0.004) , D_A: 0.090, G_A: 0.628, cycle_A: 0.080, idt_A: 0.091, D_B: 0.000, G_B: 1.006, cycle_B: 0.169, idt_B: 0.057

[Rank 0] (epoch: 489, iters: 336, time: 0.029, data: 0.005) , D_A: 0.072, G_A: 0.633, cycle_A: 0.077, idt_A: 0.082, D_B: 0.000, G_B: 1.002, cycle_B: 0.153, idt_B: 0.048

[Rank 0] (epoch: 489, iters: 536, time: 0.029, data: 0.003) , D_A: 0.069, G_A: 0.633, cycle_A: 0.076, idt_A: 0.087, D_B: 0.000, G_B: 0.995, cycle_B: 0.166, idt_B: 0.046

[Rank 0] (epoch: 489, iters: 736, time: 0.026, data: 0.020) , D_A: 0.069, G_A: 0.639, cycle_A: 0.077, idt_A: 0.081, D_B: 0.000, G_B: 1.004, cycle_B: 0.149, idt_B: 0.055

[Rank 0] (epoch: 489, iters: 936, time: 0.095, data: 0.002) , D_A: 0.079, G_A: 0.745, cycle_A: 0.076, idt_A: 0.098, D_B: 0.000, G_B: 1.000, cycle_B: 0.190, idt_B: 0.047

[Rank 0] (epoch: 489, iters: 1136, time: 0.030, data: 0.002) , D_A: 0.084, G_A: 0.682, cycle_A: 0.093, idt_A: 0.084, D_B: 0.000, G_B: 0.998, cycle_B: 0.171, idt_B: 0.058

[Rank 0] (epoch: 489, iters: 1336, time: 0.026, data: 0.003) , D_A: 0.053, G_A: 0.817, cycle_A: 0.070, idt_A: 0.088, D_B: 0.000, G_B: 0.996, cycle_B: 0.170, idt_B: 0.049

[Rank 0] (epoch: 489, iters: 1536, time: 0.026, data: 0.005) , D_A: 0.090, G_A: 0.689, cycle_A: 0.063, idt_A: 0.087, D_B: 0.000, G_B: 0.990, cycle_B: 0.160, idt_B: 0.047

[Rank 0] (epoch: 489, iters: 1736, time: 0.030, data: 0.002) , D_A: 0.072, G_A: 0.654, cycle_A: 0.095, idt_A: 0.112, D_B: 0.000, G_B: 0.989, cycle_B: 0.217, idt_B: 0.058

learning rate 0.0000095 -> 0.0000087
End of epoch 489 / 500 	 Time Taken: 56 sec
[Rank 0] (epoch: 490, iters: 8, time: 0.154, data: 0.002) , D_A: 0.129, G_A: 0.750, cycle_A: 0.081, idt_A: 0.093, D_B: 0.000, G_B: 0.996, cycle_B: 0.176, idt_B: 0.054

saving the latest model (epoch 490, total_iters 750000)
[Rank 0] (epoch: 490, iters: 208, time: 0.030, data: 0.004) , D_A: 0.082, G_A: 0.689, cycle_A: 0.089, idt_A: 0.100, D_B: 0.000, G_B: 0.997, cycle_B: 0.185, idt_B: 0.056

[Rank 0] (epoch: 490, iters: 408, time: 0.030, data: 0.007) , D_A: 0.068, G_A: 0.540, cycle_A: 0.063, idt_A: 0.091, D_B: 0.000, G_B: 0.993, cycle_B: 0.174, idt_B: 0.040

[Rank 0] (epoch: 490, iters: 608, time: 0.030, data: 0.006) , D_A: 0.082, G_A: 0.672, cycle_A: 0.065, idt_A: 0.089, D_B: 0.000, G_B: 0.993, cycle_B: 0.176, idt_B: 0.042

[Rank 0] (epoch: 490, iters: 808, time: 0.030, data: 0.006) , D_A: 0.069, G_A: 0.738, cycle_A: 0.086, idt_A: 0.101, D_B: 0.000, G_B: 1.002, cycle_B: 0.196, idt_B: 0.059

[Rank 0] (epoch: 490, iters: 1008, time: 0.117, data: 0.004) , D_A: 0.074, G_A: 0.620, cycle_A: 0.045, idt_A: 0.103, D_B: 0.000, G_B: 1.004, cycle_B: 0.203, idt_B: 0.031

[Rank 0] (epoch: 490, iters: 1208, time: 0.027, data: 0.002) , D_A: 0.076, G_A: 0.659, cycle_A: 0.089, idt_A: 0.109, D_B: 0.000, G_B: 1.004, cycle_B: 0.195, idt_B: 0.060

[Rank 0] (epoch: 490, iters: 1408, time: 0.030, data: 0.002) , D_A: 0.076, G_A: 0.794, cycle_A: 0.072, idt_A: 0.087, D_B: 0.000, G_B: 0.998, cycle_B: 0.168, idt_B: 0.046

[Rank 0] (epoch: 490, iters: 1608, time: 0.030, data: 0.002) , D_A: 0.090, G_A: 0.563, cycle_A: 0.083, idt_A: 0.092, D_B: 0.000, G_B: 0.995, cycle_B: 0.176, idt_B: 0.057

[Rank 0] (epoch: 490, iters: 1808, time: 0.030, data: 0.003) , D_A: 0.073, G_A: 0.607, cycle_A: 0.071, idt_A: 0.095, D_B: 0.000, G_B: 0.994, cycle_B: 0.186, idt_B: 0.052

learning rate 0.0000087 -> 0.0000079
End of epoch 490 / 500 	 Time Taken: 56 sec
[Rank 0] (epoch: 491, iters: 80, time: 0.143, data: 0.194) , D_A: 0.080, G_A: 0.664, cycle_A: 0.087, idt_A: 0.108, D_B: 0.000, G_B: 0.999, cycle_B: 0.208, idt_B: 0.059

[Rank 0] (epoch: 491, iters: 280, time: 0.030, data: 0.002) , D_A: 0.068, G_A: 0.579, cycle_A: 0.084, idt_A: 0.102, D_B: 0.000, G_B: 0.995, cycle_B: 0.200, idt_B: 0.054

[Rank 0] (epoch: 491, iters: 480, time: 0.029, data: 0.003) , D_A: 0.080, G_A: 0.630, cycle_A: 0.079, idt_A: 0.098, D_B: 0.000, G_B: 1.002, cycle_B: 0.193, idt_B: 0.055

[Rank 0] (epoch: 491, iters: 680, time: 0.030, data: 0.003) , D_A: 0.078, G_A: 0.613, cycle_A: 0.066, idt_A: 0.098, D_B: 0.000, G_B: 1.002, cycle_B: 0.201, idt_B: 0.047

[Rank 0] (epoch: 491, iters: 880, time: 0.029, data: 0.002) , D_A: 0.066, G_A: 0.605, cycle_A: 0.059, idt_A: 0.092, D_B: 0.000, G_B: 1.005, cycle_B: 0.178, idt_B: 0.041

[Rank 0] (epoch: 491, iters: 1080, time: 0.128, data: 0.003) , D_A: 0.068, G_A: 0.656, cycle_A: 0.072, idt_A: 0.099, D_B: 0.000, G_B: 0.996, cycle_B: 0.195, idt_B: 0.046

[Rank 0] (epoch: 491, iters: 1280, time: 0.029, data: 0.003) , D_A: 0.081, G_A: 0.668, cycle_A: 0.089, idt_A: 0.092, D_B: 0.000, G_B: 0.994, cycle_B: 0.179, idt_B: 0.056

[Rank 0] (epoch: 491, iters: 1480, time: 0.030, data: 0.002) , D_A: 0.070, G_A: 0.729, cycle_A: 0.050, idt_A: 0.115, D_B: 0.000, G_B: 1.002, cycle_B: 0.211, idt_B: 0.032

[Rank 0] (epoch: 491, iters: 1680, time: 0.030, data: 0.002) , D_A: 0.087, G_A: 0.747, cycle_A: 0.074, idt_A: 0.095, D_B: 0.000, G_B: 1.016, cycle_B: 0.182, idt_B: 0.046

[Rank 0] (epoch: 491, iters: 1880, time: 0.030, data: 0.004) , D_A: 0.069, G_A: 0.519, cycle_A: 0.056, idt_A: 0.079, D_B: 0.000, G_B: 1.002, cycle_B: 0.146, idt_B: 0.037

learning rate 0.0000079 -> 0.0000071
End of epoch 491 / 500 	 Time Taken: 55 sec
[Rank 0] (epoch: 492, iters: 152, time: 0.101, data: 0.003) , D_A: 0.078, G_A: 0.610, cycle_A: 0.077, idt_A: 0.083, D_B: 0.000, G_B: 0.996, cycle_B: 0.155, idt_B: 0.048

[Rank 0] (epoch: 492, iters: 352, time: 0.029, data: 0.002) , D_A: 0.086, G_A: 0.676, cycle_A: 0.067, idt_A: 0.090, D_B: 0.000, G_B: 1.000, cycle_B: 0.181, idt_B: 0.045

[Rank 0] (epoch: 492, iters: 552, time: 0.030, data: 0.003) , D_A: 0.090, G_A: 0.617, cycle_A: 0.080, idt_A: 0.087, D_B: 0.000, G_B: 1.001, cycle_B: 0.168, idt_B: 0.049

[Rank 0] (epoch: 492, iters: 752, time: 0.026, data: 0.004) , D_A: 0.088, G_A: 0.663, cycle_A: 0.059, idt_A: 0.088, D_B: 0.000, G_B: 0.991, cycle_B: 0.170, idt_B: 0.042

[Rank 0] (epoch: 492, iters: 952, time: 0.030, data: 0.002) , D_A: 0.066, G_A: 0.632, cycle_A: 0.068, idt_A: 0.095, D_B: 0.000, G_B: 0.993, cycle_B: 0.187, idt_B: 0.040

[Rank 0] (epoch: 492, iters: 1152, time: 0.105, data: 0.002) , D_A: 0.077, G_A: 0.693, cycle_A: 0.081, idt_A: 0.094, D_B: 0.000, G_B: 1.004, cycle_B: 0.185, idt_B: 0.060

saving the latest model (epoch 492, total_iters 755000)
[Rank 0] (epoch: 492, iters: 1352, time: 0.029, data: 0.002) , D_A: 0.056, G_A: 0.772, cycle_A: 0.075, idt_A: 0.094, D_B: 0.000, G_B: 1.002, cycle_B: 0.187, idt_B: 0.049

[Rank 0] (epoch: 492, iters: 1552, time: 0.030, data: 0.003) , D_A: 0.102, G_A: 0.747, cycle_A: 0.075, idt_A: 0.097, D_B: 0.000, G_B: 0.995, cycle_B: 0.194, idt_B: 0.046

[Rank 0] (epoch: 492, iters: 1752, time: 0.030, data: 0.002) , D_A: 0.067, G_A: 0.776, cycle_A: 0.075, idt_A: 0.092, D_B: 0.000, G_B: 0.992, cycle_B: 0.180, idt_B: 0.049

learning rate 0.0000071 -> 0.0000063
End of epoch 492 / 500 	 Time Taken: 54 sec
[Rank 0] (epoch: 493, iters: 24, time: 0.134, data: 0.003) , D_A: 0.064, G_A: 0.633, cycle_A: 0.067, idt_A: 0.105, D_B: 0.000, G_B: 0.983, cycle_B: 0.196, idt_B: 0.045

[Rank 0] (epoch: 493, iters: 224, time: 0.100, data: 0.002) , D_A: 0.048, G_A: 0.588, cycle_A: 0.079, idt_A: 0.099, D_B: 0.001, G_B: 0.974, cycle_B: 0.199, idt_B: 0.051

[Rank 0] (epoch: 493, iters: 424, time: 0.030, data: 0.003) , D_A: 0.068, G_A: 0.741, cycle_A: 0.069, idt_A: 0.086, D_B: 0.000, G_B: 0.997, cycle_B: 0.166, idt_B: 0.044

[Rank 0] (epoch: 493, iters: 624, time: 0.029, data: 0.002) , D_A: 0.072, G_A: 0.736, cycle_A: 0.083, idt_A: 0.089, D_B: 0.000, G_B: 0.994, cycle_B: 0.173, idt_B: 0.047

[Rank 0] (epoch: 493, iters: 824, time: 0.029, data: 0.003) , D_A: 0.058, G_A: 0.674, cycle_A: 0.099, idt_A: 0.085, D_B: 0.000, G_B: 0.997, cycle_B: 0.153, idt_B: 0.070

[Rank 0] (epoch: 493, iters: 1024, time: 0.026, data: 0.004) , D_A: 0.093, G_A: 0.833, cycle_A: 0.043, idt_A: 0.105, D_B: 0.000, G_B: 1.003, cycle_B: 0.204, idt_B: 0.028

[Rank 0] (epoch: 493, iters: 1224, time: 0.138, data: 0.002) , D_A: 0.072, G_A: 0.604, cycle_A: 0.079, idt_A: 0.096, D_B: 0.000, G_B: 0.996, cycle_B: 0.184, idt_B: 0.055

[Rank 0] (epoch: 493, iters: 1424, time: 0.030, data: 0.002) , D_A: 0.074, G_A: 0.684, cycle_A: 0.072, idt_A: 0.087, D_B: 0.000, G_B: 1.001, cycle_B: 0.168, idt_B: 0.050

[Rank 0] (epoch: 493, iters: 1624, time: 0.030, data: 0.003) , D_A: 0.091, G_A: 0.782, cycle_A: 0.079, idt_A: 0.095, D_B: 0.000, G_B: 1.000, cycle_B: 0.184, idt_B: 0.048

[Rank 0] (epoch: 493, iters: 1824, time: 0.030, data: 0.003) , D_A: 0.079, G_A: 0.688, cycle_A: 0.084, idt_A: 0.082, D_B: 0.000, G_B: 1.005, cycle_B: 0.150, idt_B: 0.059

learning rate 0.0000063 -> 0.0000055
End of epoch 493 / 500 	 Time Taken: 54 sec
[Rank 0] (epoch: 494, iters: 96, time: 0.153, data: 0.004) , D_A: 0.056, G_A: 0.628, cycle_A: 0.063, idt_A: 0.085, D_B: 0.000, G_B: 1.000, cycle_B: 0.166, idt_B: 0.039

[Rank 0] (epoch: 494, iters: 296, time: 0.129, data: 0.005) , D_A: 0.071, G_A: 0.766, cycle_A: 0.063, idt_A: 0.106, D_B: 0.000, G_B: 0.996, cycle_B: 0.195, idt_B: 0.040

[Rank 0] (epoch: 494, iters: 496, time: 0.026, data: 0.004) , D_A: 0.077, G_A: 0.607, cycle_A: 0.090, idt_A: 0.087, D_B: 0.000, G_B: 0.993, cycle_B: 0.173, idt_B: 0.061

[Rank 0] (epoch: 494, iters: 696, time: 0.030, data: 0.002) , D_A: 0.064, G_A: 0.679, cycle_A: 0.070, idt_A: 0.100, D_B: 0.000, G_B: 1.003, cycle_B: 0.194, idt_B: 0.049

[Rank 0] (epoch: 494, iters: 896, time: 0.030, data: 0.002) , D_A: 0.087, G_A: 0.673, cycle_A: 0.074, idt_A: 0.093, D_B: 0.000, G_B: 0.993, cycle_B: 0.177, idt_B: 0.051

[Rank 0] (epoch: 494, iters: 1096, time: 0.026, data: 0.002) , D_A: 0.092, G_A: 0.541, cycle_A: 0.087, idt_A: 0.096, D_B: 0.000, G_B: 0.994, cycle_B: 0.186, idt_B: 0.059

[Rank 0] (epoch: 494, iters: 1296, time: 0.123, data: 0.003) , D_A: 0.101, G_A: 0.713, cycle_A: 0.083, idt_A: 0.091, D_B: 0.000, G_B: 1.004, cycle_B: 0.180, idt_B: 0.051

[Rank 0] (epoch: 494, iters: 1496, time: 0.026, data: 0.002) , D_A: 0.056, G_A: 0.759, cycle_A: 0.062, idt_A: 0.092, D_B: 0.000, G_B: 1.007, cycle_B: 0.172, idt_B: 0.043

[Rank 0] (epoch: 494, iters: 1696, time: 0.027, data: 0.005) , D_A: 0.072, G_A: 0.731, cycle_A: 0.082, idt_A: 0.097, D_B: 0.000, G_B: 0.995, cycle_B: 0.191, idt_B: 0.057

[Rank 0] (epoch: 494, iters: 1896, time: 0.030, data: 0.002) , D_A: 0.081, G_A: 0.567, cycle_A: 0.077, idt_A: 0.099, D_B: 0.000, G_B: 0.994, cycle_B: 0.185, idt_B: 0.052

learning rate 0.0000055 -> 0.0000048
End of epoch 494 / 500 	 Time Taken: 57 sec
[Rank 0] (epoch: 495, iters: 168, time: 0.146, data: 0.003) , D_A: 0.059, G_A: 0.787, cycle_A: 0.045, idt_A: 0.097, D_B: 0.000, G_B: 1.006, cycle_B: 0.168, idt_B: 0.030

[Rank 0] (epoch: 495, iters: 368, time: 0.105, data: 0.003) , D_A: 0.079, G_A: 0.683, cycle_A: 0.082, idt_A: 0.092, D_B: 0.000, G_B: 1.004, cycle_B: 0.177, idt_B: 0.051

saving the latest model (epoch 495, total_iters 760000)
[Rank 0] (epoch: 495, iters: 568, time: 0.030, data: 0.002) , D_A: 0.112, G_A: 0.705, cycle_A: 0.070, idt_A: 0.089, D_B: 0.000, G_B: 1.002, cycle_B: 0.172, idt_B: 0.045

[Rank 0] (epoch: 495, iters: 768, time: 0.026, data: 0.009) , D_A: 0.094, G_A: 0.658, cycle_A: 0.063, idt_A: 0.082, D_B: 0.000, G_B: 0.995, cycle_B: 0.161, idt_B: 0.042

[Rank 0] (epoch: 495, iters: 968, time: 0.030, data: 0.002) , D_A: 0.064, G_A: 0.748, cycle_A: 0.092, idt_A: 0.098, D_B: 0.000, G_B: 1.002, cycle_B: 0.192, idt_B: 0.063

[Rank 0] (epoch: 495, iters: 1168, time: 0.030, data: 0.002) , D_A: 0.070, G_A: 0.752, cycle_A: 0.081, idt_A: 0.091, D_B: 0.000, G_B: 0.996, cycle_B: 0.175, idt_B: 0.055

[Rank 0] (epoch: 495, iters: 1368, time: 0.118, data: 0.001) , D_A: 0.069, G_A: 0.667, cycle_A: 0.083, idt_A: 0.090, D_B: 0.000, G_B: 1.009, cycle_B: 0.179, idt_B: 0.057

[Rank 0] (epoch: 495, iters: 1568, time: 0.030, data: 0.004) , D_A: 0.051, G_A: 0.670, cycle_A: 0.089, idt_A: 0.087, D_B: 0.000, G_B: 0.997, cycle_B: 0.163, idt_B: 0.063

[Rank 0] (epoch: 495, iters: 1768, time: 0.030, data: 0.003) , D_A: 0.069, G_A: 0.635, cycle_A: 0.062, idt_A: 0.092, D_B: 0.000, G_B: 1.000, cycle_B: 0.175, idt_B: 0.043

learning rate 0.0000048 -> 0.0000040
End of epoch 495 / 500 	 Time Taken: 55 sec
[Rank 0] (epoch: 496, iters: 40, time: 0.146, data: 0.004) , D_A: 0.081, G_A: 0.689, cycle_A: 0.072, idt_A: 0.087, D_B: 0.000, G_B: 0.998, cycle_B: 0.165, idt_B: 0.045

[Rank 0] (epoch: 496, iters: 240, time: 0.030, data: 0.002) , D_A: 0.091, G_A: 0.775, cycle_A: 0.068, idt_A: 0.090, D_B: 0.000, G_B: 0.999, cycle_B: 0.167, idt_B: 0.044

[Rank 0] (epoch: 496, iters: 440, time: 0.140, data: 0.002) , D_A: 0.095, G_A: 0.721, cycle_A: 0.066, idt_A: 0.097, D_B: 0.000, G_B: 1.002, cycle_B: 0.193, idt_B: 0.041

[Rank 0] (epoch: 496, iters: 640, time: 0.030, data: 0.003) , D_A: 0.074, G_A: 0.706, cycle_A: 0.056, idt_A: 0.100, D_B: 0.000, G_B: 1.002, cycle_B: 0.194, idt_B: 0.039

[Rank 0] (epoch: 496, iters: 840, time: 0.030, data: 0.004) , D_A: 0.072, G_A: 0.759, cycle_A: 0.082, idt_A: 0.105, D_B: 0.000, G_B: 1.002, cycle_B: 0.204, idt_B: 0.050

[Rank 0] (epoch: 496, iters: 1040, time: 0.030, data: 0.007) , D_A: 0.055, G_A: 0.732, cycle_A: 0.082, idt_A: 0.094, D_B: 0.000, G_B: 1.001, cycle_B: 0.185, idt_B: 0.055

[Rank 0] (epoch: 496, iters: 1240, time: 0.030, data: 0.002) , D_A: 0.114, G_A: 0.632, cycle_A: 0.058, idt_A: 0.094, D_B: 0.000, G_B: 1.004, cycle_B: 0.183, idt_B: 0.043

[Rank 0] (epoch: 496, iters: 1440, time: 0.093, data: 0.019) , D_A: 0.093, G_A: 0.728, cycle_A: 0.064, idt_A: 0.083, D_B: 0.000, G_B: 0.997, cycle_B: 0.162, idt_B: 0.042

[Rank 0] (epoch: 496, iters: 1640, time: 0.030, data: 0.002) , D_A: 0.062, G_A: 0.762, cycle_A: 0.076, idt_A: 0.116, D_B: 0.000, G_B: 1.002, cycle_B: 0.236, idt_B: 0.051

[Rank 0] (epoch: 496, iters: 1840, time: 0.030, data: 0.003) , D_A: 0.070, G_A: 0.700, cycle_A: 0.086, idt_A: 0.096, D_B: 0.000, G_B: 1.001, cycle_B: 0.189, idt_B: 0.058

learning rate 0.0000040 -> 0.0000032
End of epoch 496 / 500 	 Time Taken: 54 sec
[Rank 0] (epoch: 497, iters: 112, time: 0.121, data: 0.004) , D_A: 0.084, G_A: 0.658, cycle_A: 0.070, idt_A: 0.098, D_B: 0.000, G_B: 0.993, cycle_B: 0.191, idt_B: 0.044

[Rank 0] (epoch: 497, iters: 312, time: 0.030, data: 0.002) , D_A: 0.047, G_A: 0.762, cycle_A: 0.085, idt_A: 0.097, D_B: 0.000, G_B: 0.997, cycle_B: 0.178, idt_B: 0.051

[Rank 0] (epoch: 497, iters: 512, time: 0.126, data: 0.003) , D_A: 0.066, G_A: 0.671, cycle_A: 0.079, idt_A: 0.098, D_B: 0.000, G_B: 0.998, cycle_B: 0.190, idt_B: 0.054

[Rank 0] (epoch: 497, iters: 712, time: 0.030, data: 0.002) , D_A: 0.068, G_A: 0.730, cycle_A: 0.066, idt_A: 0.098, D_B: 0.000, G_B: 0.996, cycle_B: 0.185, idt_B: 0.044

[Rank 0] (epoch: 497, iters: 912, time: 0.030, data: 0.003) , D_A: 0.064, G_A: 0.607, cycle_A: 0.056, idt_A: 0.099, D_B: 0.000, G_B: 0.998, cycle_B: 0.188, idt_B: 0.039

[Rank 0] (epoch: 497, iters: 1112, time: 0.026, data: 0.004) , D_A: 0.064, G_A: 0.694, cycle_A: 0.064, idt_A: 0.093, D_B: 0.000, G_B: 1.001, cycle_B: 0.177, idt_B: 0.044

[Rank 0] (epoch: 497, iters: 1312, time: 0.030, data: 0.002) , D_A: 0.070, G_A: 0.656, cycle_A: 0.064, idt_A: 0.091, D_B: 0.000, G_B: 1.000, cycle_B: 0.178, idt_B: 0.042

[Rank 0] (epoch: 497, iters: 1512, time: 0.103, data: 0.004) , D_A: 0.074, G_A: 0.681, cycle_A: 0.069, idt_A: 0.084, D_B: 0.000, G_B: 0.993, cycle_B: 0.162, idt_B: 0.042

saving the latest model (epoch 497, total_iters 765000)
[Rank 0] (epoch: 497, iters: 1712, time: 0.029, data: 0.005) , D_A: 0.073, G_A: 0.724, cycle_A: 0.063, idt_A: 0.095, D_B: 0.000, G_B: 1.001, cycle_B: 0.182, idt_B: 0.038

[Rank 0] (epoch: 497, iters: 1912, time: 0.030, data: 0.003) , D_A: 0.083, G_A: 0.691, cycle_A: 0.073, idt_A: 0.104, D_B: 0.000, G_B: 1.002, cycle_B: 0.206, idt_B: 0.047

learning rate 0.0000032 -> 0.0000024
End of epoch 497 / 500 	 Time Taken: 54 sec
[Rank 0] (epoch: 498, iters: 184, time: 0.123, data: 0.001) , D_A: 0.125, G_A: 0.657, cycle_A: 0.071, idt_A: 0.087, D_B: 0.000, G_B: 1.001, cycle_B: 0.163, idt_B: 0.049

[Rank 0] (epoch: 498, iters: 384, time: 0.026, data: 0.003) , D_A: 0.103, G_A: 0.545, cycle_A: 0.048, idt_A: 0.102, D_B: 0.000, G_B: 1.002, cycle_B: 0.195, idt_B: 0.035

[Rank 0] (epoch: 498, iters: 584, time: 0.126, data: 0.003) , D_A: 0.103, G_A: 0.666, cycle_A: 0.088, idt_A: 0.095, D_B: 0.000, G_B: 1.000, cycle_B: 0.181, idt_B: 0.054

[Rank 0] (epoch: 498, iters: 784, time: 0.029, data: 0.002) , D_A: 0.136, G_A: 0.622, cycle_A: 0.070, idt_A: 0.096, D_B: 0.000, G_B: 1.002, cycle_B: 0.189, idt_B: 0.050

[Rank 0] (epoch: 498, iters: 984, time: 0.030, data: 0.003) , D_A: 0.097, G_A: 0.541, cycle_A: 0.089, idt_A: 0.092, D_B: 0.000, G_B: 0.996, cycle_B: 0.181, idt_B: 0.059

[Rank 0] (epoch: 498, iters: 1184, time: 0.030, data: 0.002) , D_A: 0.082, G_A: 0.557, cycle_A: 0.090, idt_A: 0.090, D_B: 0.000, G_B: 0.994, cycle_B: 0.169, idt_B: 0.054

[Rank 0] (epoch: 498, iters: 1384, time: 0.030, data: 0.004) , D_A: 0.102, G_A: 0.698, cycle_A: 0.085, idt_A: 0.083, D_B: 0.000, G_B: 0.995, cycle_B: 0.156, idt_B: 0.048

[Rank 0] (epoch: 498, iters: 1584, time: 0.127, data: 0.003) , D_A: 0.112, G_A: 0.649, cycle_A: 0.080, idt_A: 0.089, D_B: 0.000, G_B: 1.003, cycle_B: 0.176, idt_B: 0.052

[Rank 0] (epoch: 498, iters: 1784, time: 0.026, data: 0.003) , D_A: 0.117, G_A: 0.599, cycle_A: 0.061, idt_A: 0.093, D_B: 0.000, G_B: 0.994, cycle_B: 0.176, idt_B: 0.042

learning rate 0.0000024 -> 0.0000016
End of epoch 498 / 500 	 Time Taken: 55 sec
[Rank 0] (epoch: 499, iters: 56, time: 0.142, data: 0.104) , D_A: 0.069, G_A: 0.642, cycle_A: 0.074, idt_A: 0.103, D_B: 0.000, G_B: 1.003, cycle_B: 0.197, idt_B: 0.047

[Rank 0] (epoch: 499, iters: 256, time: 0.029, data: 0.003) , D_A: 0.098, G_A: 0.580, cycle_A: 0.059, idt_A: 0.092, D_B: 0.000, G_B: 0.999, cycle_B: 0.174, idt_B: 0.038

[Rank 0] (epoch: 499, iters: 456, time: 0.030, data: 0.004) , D_A: 0.099, G_A: 0.560, cycle_A: 0.087, idt_A: 0.084, D_B: 0.000, G_B: 0.996, cycle_B: 0.158, idt_B: 0.059

[Rank 0] (epoch: 499, iters: 656, time: 0.132, data: 0.003) , D_A: 0.099, G_A: 0.617, cycle_A: 0.066, idt_A: 0.082, D_B: 0.000, G_B: 0.995, cycle_B: 0.158, idt_B: 0.042

[Rank 0] (epoch: 499, iters: 856, time: 0.030, data: 0.003) , D_A: 0.094, G_A: 0.593, cycle_A: 0.086, idt_A: 0.102, D_B: 0.000, G_B: 1.002, cycle_B: 0.195, idt_B: 0.058

[Rank 0] (epoch: 499, iters: 1056, time: 0.030, data: 0.003) , D_A: 0.090, G_A: 0.666, cycle_A: 0.059, idt_A: 0.085, D_B: 0.000, G_B: 1.001, cycle_B: 0.168, idt_B: 0.042

[Rank 0] (epoch: 499, iters: 1256, time: 0.026, data: 0.030) , D_A: 0.095, G_A: 0.654, cycle_A: 0.085, idt_A: 0.081, D_B: 0.000, G_B: 1.000, cycle_B: 0.153, idt_B: 0.056

[Rank 0] (epoch: 499, iters: 1456, time: 0.030, data: 0.002) , D_A: 0.128, G_A: 0.607, cycle_A: 0.069, idt_A: 0.092, D_B: 0.000, G_B: 1.004, cycle_B: 0.181, idt_B: 0.049

[Rank 0] (epoch: 499, iters: 1656, time: 0.132, data: 0.002) , D_A: 0.101, G_A: 0.587, cycle_A: 0.054, idt_A: 0.096, D_B: 0.000, G_B: 0.998, cycle_B: 0.184, idt_B: 0.035

[Rank 0] (epoch: 499, iters: 1856, time: 0.030, data: 0.002) , D_A: 0.076, G_A: 0.610, cycle_A: 0.082, idt_A: 0.087, D_B: 0.000, G_B: 0.998, cycle_B: 0.168, idt_B: 0.057

learning rate 0.0000016 -> 0.0000008
End of epoch 499 / 500 	 Time Taken: 55 sec
[Rank 0] (epoch: 500, iters: 128, time: 0.156, data: 0.006) , D_A: 0.077, G_A: 0.678, cycle_A: 0.077, idt_A: 0.094, D_B: 0.000, G_B: 1.006, cycle_B: 0.182, idt_B: 0.054

[Rank 0] (epoch: 500, iters: 328, time: 0.030, data: 0.003) , D_A: 0.107, G_A: 0.570, cycle_A: 0.059, idt_A: 0.101, D_B: 0.000, G_B: 0.998, cycle_B: 0.192, idt_B: 0.039

[Rank 0] (epoch: 500, iters: 528, time: 0.029, data: 0.003) , D_A: 0.083, G_A: 0.531, cycle_A: 0.062, idt_A: 0.101, D_B: 0.000, G_B: 0.998, cycle_B: 0.194, idt_B: 0.040

[Rank 0] (epoch: 500, iters: 728, time: 0.126, data: 0.007) , D_A: 0.121, G_A: 0.697, cycle_A: 0.077, idt_A: 0.092, D_B: 0.000, G_B: 1.000, cycle_B: 0.180, idt_B: 0.046

saving the latest model (epoch 500, total_iters 770000)
[Rank 0] (epoch: 500, iters: 928, time: 0.030, data: 0.004) , D_A: 0.079, G_A: 0.591, cycle_A: 0.069, idt_A: 0.099, D_B: 0.000, G_B: 0.999, cycle_B: 0.194, idt_B: 0.044

[Rank 0] (epoch: 500, iters: 1128, time: 0.030, data: 0.003) , D_A: 0.132, G_A: 0.633, cycle_A: 0.080, idt_A: 0.086, D_B: 0.000, G_B: 1.000, cycle_B: 0.162, idt_B: 0.052

[Rank 0] (epoch: 500, iters: 1328, time: 0.029, data: 0.006) , D_A: 0.096, G_A: 0.703, cycle_A: 0.078, idt_A: 0.088, D_B: 0.000, G_B: 1.004, cycle_B: 0.173, idt_B: 0.050

[Rank 0] (epoch: 500, iters: 1528, time: 0.030, data: 0.004) , D_A: 0.104, G_A: 0.638, cycle_A: 0.074, idt_A: 0.091, D_B: 0.000, G_B: 0.997, cycle_B: 0.172, idt_B: 0.047

[Rank 0] (epoch: 500, iters: 1728, time: 0.103, data: 0.002) , D_A: 0.097, G_A: 0.626, cycle_A: 0.065, idt_A: 0.098, D_B: 0.000, G_B: 1.005, cycle_B: 0.187, idt_B: 0.040

[Rank 0] (epoch: 500, iters: 1928, time: 0.024, data: 0.003) , D_A: 0.085, G_A: 0.688, cycle_A: 0.054, idt_A: 0.100, D_B: 0.000, G_B: 1.002, cycle_B: 0.188, idt_B: 0.031

learning rate 0.0000008 -> 0.0000000
saving the model at the end of epoch 500, iters 771200
End of epoch 500 / 500 	 Time Taken: 54 sec
