========================================
SLURM Job Started: 2864
========================================
Installiere Dependencies...
Defaulting to user installation because normal site-packages is not writeable
Requirement already satisfied: dominate in /workspace/home/.local/lib/python3.10/site-packages (2.9.1)
Requirement already satisfied: visdom in /workspace/home/.local/lib/python3.10/site-packages (0.2.4)
Requirement already satisfied: wandb in /workspace/home/.local/lib/python3.10/site-packages (0.25.0)
Requirement already satisfied: numpy>=1.8 in /opt/conda/lib/python3.10/site-packages (from visdom) (1.26.3)
Requirement already satisfied: scipy in /workspace/home/.local/lib/python3.10/site-packages (from visdom) (1.15.3)
Requirement already satisfied: requests in /opt/conda/lib/python3.10/site-packages (from visdom) (2.31.0)
Requirement already satisfied: tornado in /workspace/home/.local/lib/python3.10/site-packages (from visdom) (6.5.4)
Requirement already satisfied: six in /opt/conda/lib/python3.10/site-packages (from visdom) (1.16.0)
Requirement already satisfied: jsonpatch in /opt/conda/lib/python3.10/site-packages (from visdom) (1.32)
Requirement already satisfied: websocket-client in /workspace/home/.local/lib/python3.10/site-packages (from visdom) (1.9.0)
Requirement already satisfied: networkx in /opt/conda/lib/python3.10/site-packages (from visdom) (3.1)
Requirement already satisfied: pillow in /opt/conda/lib/python3.10/site-packages (from visdom) (10.2.0)
Requirement already satisfied: click>=8.0.1 in /opt/conda/lib/python3.10/site-packages (from wandb) (8.1.7)
Requirement already satisfied: gitpython!=3.1.29,>=1.0.0 in /workspace/home/.local/lib/python3.10/site-packages (from wandb) (3.1.46)
Requirement already satisfied: packaging in /opt/conda/lib/python3.10/site-packages (from wandb) (23.1)
Requirement already satisfied: platformdirs in /opt/conda/lib/python3.10/site-packages (from wandb) (3.10.0)
Requirement already satisfied: protobuf!=4.21.0,!=5.28.0,<7,>=3.19.0 in /workspace/home/.local/lib/python3.10/site-packages (from wandb) (6.33.5)
Requirement already satisfied: pydantic<3 in /workspace/home/.local/lib/python3.10/site-packages (from wandb) (2.12.5)
Requirement already satisfied: pyyaml in /opt/conda/lib/python3.10/site-packages (from wandb) (6.0.1)
Requirement already satisfied: sentry-sdk>=2.0.0 in /workspace/home/.local/lib/python3.10/site-packages (from wandb) (2.53.0)
Requirement already satisfied: typing-extensions<5,>=4.8 in /workspace/home/.local/lib/python3.10/site-packages (from wandb) (4.15.0)
Requirement already satisfied: gitdb<5,>=4.0.1 in /workspace/home/.local/lib/python3.10/site-packages (from gitpython!=3.1.29,>=1.0.0->wandb) (4.0.12)
Requirement already satisfied: annotated-types>=0.6.0 in /workspace/home/.local/lib/python3.10/site-packages (from pydantic<3->wandb) (0.7.0)
Requirement already satisfied: pydantic-core==2.41.5 in /workspace/home/.local/lib/python3.10/site-packages (from pydantic<3->wandb) (2.41.5)
Requirement already satisfied: typing-inspection>=0.4.2 in /workspace/home/.local/lib/python3.10/site-packages (from pydantic<3->wandb) (0.4.2)
Requirement already satisfied: charset-normalizer<4,>=2 in /opt/conda/lib/python3.10/site-packages (from requests->visdom) (2.0.4)
Requirement already satisfied: idna<4,>=2.5 in /opt/conda/lib/python3.10/site-packages (from requests->visdom) (3.4)
Requirement already satisfied: urllib3<3,>=1.21.1 in /opt/conda/lib/python3.10/site-packages (from requests->visdom) (2.1.0)
Requirement already satisfied: certifi>=2017.4.17 in /opt/conda/lib/python3.10/site-packages (from requests->visdom) (2024.2.2)
Requirement already satisfied: jsonpointer>=1.9 in /opt/conda/lib/python3.10/site-packages (from jsonpatch->visdom) (2.1)
Requirement already satisfied: smmap<6,>=3.0.1 in /workspace/home/.local/lib/python3.10/site-packages (from gitdb<5,>=4.0.1->gitpython!=3.1.29,>=1.0.0->wandb) (5.0.2)
Starte Stabilitäts-Finetuning ab Epoche 569...
----------------- Options ---------------
               batch_size: 8                             	[default: 1]
                    beta1: 0.5                           
          checkpoints_dir: ./checkpoints                 
           continue_train: True                          	[default: False]
                crop_size: 256                           
                 dataroot: ./datasets/sim2real           	[default: None]
             dataset_mode: unaligned                     
                direction: AtoB                          
             display_freq: 200                           	[default: 400]
          display_winsize: 256                           
                    epoch: 569                           	[default: latest]
              epoch_count: 570                           	[default: 1]
                 gan_mode: lsgan                         
                init_gain: 0.02                          
                init_type: normal                        
                 input_nc: 3                             
                  isTrain: True                          	[default: None]
                 lambda_A: 11.5                          	[default: 10.0]
                 lambda_B: 11.5                          	[default: 10.0]
          lambda_identity: 2.0                           	[default: 0.5]
                load_iter: 0                             	[default: 0]
                load_size: 286                           
                       lr: 1e-05                         	[default: 0.0002]
           lr_decay_iters: 50                            
                lr_policy: linear                        
         max_dataset_size: inf                           
                    model: cycle_gan                     
                 n_epochs: 900                           	[default: 100]
           n_epochs_decay: 50                            	[default: 100]
               n_layers_D: 3                             
                     name: sim2real_stable_finetune2     	[default: experiment_name]
                      ndf: 64                            
                     netD: basic                         
                     netG: resnet_9blocks                
                      ngf: 64                            
               no_dropout: True                          
                  no_flip: True                          	[default: False]
                  no_html: False                         
                     norm: instance                      
              num_threads: 4                             
                output_nc: 3                             
                    phase: train                         
                pool_size: 50                            
               preprocess: resize_and_crop               
               print_freq: 100                           
             save_by_iter: False                         
          save_epoch_freq: 1                             	[default: 5]
         save_latest_freq: 5000                          
           serial_batches: False                         
                   suffix:                               
         update_html_freq: 1000                          
                use_wandb: False                         
                  verbose: False                         
       wandb_project_name: CycleGAN-and-pix2pix          
----------------- End -------------------
Initialized with device cuda:0
dataset [UnalignedDataset] was created
The number of training images = 1926
model [CycleGANModel] was created
Initialized with device cuda:0
initialize network with normal
loading the model from checkpoints/sim2real_stable_finetune2/569_net_G_A.pth
Initialized with device cuda:0
initialize network with normal
loading the model from checkpoints/sim2real_stable_finetune2/569_net_G_B.pth
Initialized with device cuda:0
initialize network with normal
loading the model from checkpoints/sim2real_stable_finetune2/569_net_D_A.pth
Initialized with device cuda:0
initialize network with normal
loading the model from checkpoints/sim2real_stable_finetune2/569_net_D_B.pth
---------- Networks initialized -------------
[Network G_A] Total number of parameters : 11.378 M
[Network G_B] Total number of parameters : 11.378 M
[Network D_A] Total number of parameters : 2.765 M
[Network D_B] Total number of parameters : 2.765 M
-----------------------------------------------
create web directory checkpoints/sim2real_stable_finetune2/web...
[Rank 0] (epoch: 570, iters: 200, time: 0.133, data: 0.970) , D_A: 0.063, G_A: 0.722, cycle_A: 0.063, idt_A: 0.136, D_B: 0.004, G_B: 0.989, cycle_B: 0.281, idt_B: 0.060

[Rank 0] (epoch: 570, iters: 400, time: 0.030, data: 0.003) , D_A: 0.088, G_A: 0.597, cycle_A: 0.089, idt_A: 0.150, D_B: 0.003, G_B: 0.986, cycle_B: 0.287, idt_B: 0.081

[Rank 0] (epoch: 570, iters: 600, time: 0.030, data: 0.004) , D_A: 0.049, G_A: 0.791, cycle_A: 0.098, idt_A: 0.146, D_B: 0.002, G_B: 0.965, cycle_B: 0.255, idt_B: 0.084

[Rank 0] (epoch: 570, iters: 800, time: 0.030, data: 0.003) , D_A: 0.067, G_A: 0.724, cycle_A: 0.091, idt_A: 0.129, D_B: 0.002, G_B: 0.951, cycle_B: 0.217, idt_B: 0.074

[Rank 0] (epoch: 570, iters: 1000, time: 0.133, data: 0.002) , D_A: 0.073, G_A: 0.636, cycle_A: 0.082, idt_A: 0.136, D_B: 0.002, G_B: 0.964, cycle_B: 0.246, idt_B: 0.067

[Rank 0] (epoch: 570, iters: 1200, time: 0.029, data: 0.004) , D_A: 0.050, G_A: 0.653, cycle_A: 0.065, idt_A: 0.135, D_B: 0.002, G_B: 0.979, cycle_B: 0.228, idt_B: 0.063

[Rank 0] (epoch: 570, iters: 1400, time: 0.030, data: 0.003) , D_A: 0.067, G_A: 0.799, cycle_A: 0.088, idt_A: 0.121, D_B: 0.002, G_B: 0.955, cycle_B: 0.214, idt_B: 0.075

[Rank 0] (epoch: 570, iters: 1600, time: 0.030, data: 0.002) , D_A: 0.064, G_A: 0.757, cycle_A: 0.056, idt_A: 0.122, D_B: 0.002, G_B: 0.992, cycle_B: 0.200, idt_B: 0.052

[Rank 0] (epoch: 570, iters: 1800, time: 0.026, data: 0.147) , D_A: 0.058, G_A: 0.585, cycle_A: 0.060, idt_A: 0.127, D_B: 0.003, G_B: 1.007, cycle_B: 0.221, idt_B: 0.054

learning rate 0.0000100 -> 0.0000100
saving the model at the end of epoch 570, iters 1928
End of epoch 570 / 950 	 Time Taken: 57 sec
[Rank 0] (epoch: 571, iters: 72, time: 0.133, data: 0.003) , D_A: 0.066, G_A: 0.641, cycle_A: 0.086, idt_A: 0.118, D_B: 0.002, G_B: 1.027, cycle_B: 0.205, idt_B: 0.078

[Rank 0] (epoch: 571, iters: 272, time: 0.030, data: 0.005) , D_A: 0.079, G_A: 0.655, cycle_A: 0.075, idt_A: 0.124, D_B: 0.002, G_B: 0.935, cycle_B: 0.228, idt_B: 0.069

[Rank 0] (epoch: 571, iters: 472, time: 0.026, data: 0.003) , D_A: 0.069, G_A: 0.613, cycle_A: 0.064, idt_A: 0.143, D_B: 0.001, G_B: 0.965, cycle_B: 0.251, idt_B: 0.064

[Rank 0] (epoch: 571, iters: 672, time: 0.026, data: 0.040) , D_A: 0.092, G_A: 0.703, cycle_A: 0.083, idt_A: 0.120, D_B: 0.001, G_B: 0.981, cycle_B: 0.214, idt_B: 0.077

[Rank 0] (epoch: 571, iters: 872, time: 0.026, data: 0.063) , D_A: 0.059, G_A: 0.790, cycle_A: 0.080, idt_A: 0.157, D_B: 0.001, G_B: 0.989, cycle_B: 0.288, idt_B: 0.073

[Rank 0] (epoch: 571, iters: 1072, time: 0.129, data: 0.002) , D_A: 0.065, G_A: 0.805, cycle_A: 0.082, idt_A: 0.134, D_B: 0.001, G_B: 0.988, cycle_B: 0.235, idt_B: 0.077

[Rank 0] (epoch: 571, iters: 1272, time: 0.030, data: 0.003) , D_A: 0.044, G_A: 0.697, cycle_A: 0.085, idt_A: 0.142, D_B: 0.002, G_B: 0.980, cycle_B: 0.246, idt_B: 0.079

[Rank 0] (epoch: 571, iters: 1472, time: 0.026, data: 0.149) , D_A: 0.067, G_A: 0.715, cycle_A: 0.073, idt_A: 0.140, D_B: 0.001, G_B: 0.990, cycle_B: 0.239, idt_B: 0.068

[Rank 0] (epoch: 571, iters: 1672, time: 0.030, data: 0.008) , D_A: 0.053, G_A: 0.761, cycle_A: 0.097, idt_A: 0.124, D_B: 0.004, G_B: 0.972, cycle_B: 0.207, idt_B: 0.084

[Rank 0] (epoch: 571, iters: 1872, time: 0.030, data: 0.002) , D_A: 0.073, G_A: 0.756, cycle_A: 0.104, idt_A: 0.127, D_B: 0.001, G_B: 0.977, cycle_B: 0.219, idt_B: 0.097

learning rate 0.0000100 -> 0.0000100
saving the model at the end of epoch 571, iters 3856
End of epoch 571 / 950 	 Time Taken: 61 sec
[Rank 0] (epoch: 572, iters: 144, time: 0.138, data: 0.002) , D_A: 0.066, G_A: 0.768, cycle_A: 0.070, idt_A: 0.126, D_B: 0.001, G_B: 0.968, cycle_B: 0.208, idt_B: 0.067

[Rank 0] (epoch: 572, iters: 344, time: 0.030, data: 0.002) , D_A: 0.081, G_A: 0.631, cycle_A: 0.066, idt_A: 0.147, D_B: 0.001, G_B: 0.986, cycle_B: 0.259, idt_B: 0.067

[Rank 0] (epoch: 572, iters: 544, time: 0.030, data: 0.003) , D_A: 0.072, G_A: 0.884, cycle_A: 0.093, idt_A: 0.142, D_B: 0.001, G_B: 0.997, cycle_B: 0.250, idt_B: 0.080

[Rank 0] (epoch: 572, iters: 744, time: 0.030, data: 0.004) , D_A: 0.066, G_A: 0.727, cycle_A: 0.088, idt_A: 0.155, D_B: 0.014, G_B: 0.986, cycle_B: 0.275, idt_B: 0.078

[Rank 0] (epoch: 572, iters: 944, time: 0.026, data: 0.077) , D_A: 0.047, G_A: 0.829, cycle_A: 0.079, idt_A: 0.130, D_B: 0.003, G_B: 0.943, cycle_B: 0.234, idt_B: 0.070

[Rank 0] (epoch: 572, iters: 1144, time: 0.130, data: 0.002) , D_A: 0.076, G_A: 0.799, cycle_A: 0.078, idt_A: 0.135, D_B: 0.001, G_B: 0.951, cycle_B: 0.239, idt_B: 0.074

saving the latest model (epoch 572, total_iters 5000)
[Rank 0] (epoch: 572, iters: 1344, time: 0.029, data: 0.004) , D_A: 0.089, G_A: 0.724, cycle_A: 0.059, idt_A: 0.127, D_B: 0.001, G_B: 1.064, cycle_B: 0.222, idt_B: 0.049

[Rank 0] (epoch: 572, iters: 1544, time: 0.030, data: 0.003) , D_A: 0.061, G_A: 0.608, cycle_A: 0.085, idt_A: 0.140, D_B: 0.001, G_B: 0.994, cycle_B: 0.258, idt_B: 0.088

[Rank 0] (epoch: 572, iters: 1744, time: 0.026, data: 0.162) , D_A: 0.055, G_A: 0.653, cycle_A: 0.066, idt_A: 0.129, D_B: 0.002, G_B: 1.028, cycle_B: 0.226, idt_B: 0.054

learning rate 0.0000100 -> 0.0000100
saving the model at the end of epoch 572, iters 5784
End of epoch 572 / 950 	 Time Taken: 60 sec
[Rank 0] (epoch: 573, iters: 16, time: 0.166, data: 0.003) , D_A: 0.059, G_A: 0.731, cycle_A: 0.080, idt_A: 0.132, D_B: 0.001, G_B: 0.954, cycle_B: 0.234, idt_B: 0.070

[Rank 0] (epoch: 573, iters: 216, time: 0.159, data: 0.004) , D_A: 0.070, G_A: 0.730, cycle_A: 0.090, idt_A: 0.128, D_B: 0.001, G_B: 1.050, cycle_B: 0.218, idt_B: 0.088

[Rank 0] (epoch: 573, iters: 416, time: 0.030, data: 0.002) , D_A: 0.063, G_A: 0.661, cycle_A: 0.059, idt_A: 0.143, D_B: 0.001, G_B: 0.996, cycle_B: 0.244, idt_B: 0.050

[Rank 0] (epoch: 573, iters: 616, time: 0.030, data: 0.003) , D_A: 0.063, G_A: 0.724, cycle_A: 0.085, idt_A: 0.138, D_B: 0.001, G_B: 0.992, cycle_B: 0.235, idt_B: 0.076

[Rank 0] (epoch: 573, iters: 816, time: 0.026, data: 0.024) , D_A: 0.069, G_A: 0.662, cycle_A: 0.078, idt_A: 0.125, D_B: 0.001, G_B: 0.981, cycle_B: 0.212, idt_B: 0.067

[Rank 0] (epoch: 573, iters: 1016, time: 0.030, data: 0.002) , D_A: 0.085, G_A: 0.813, cycle_A: 0.071, idt_A: 0.125, D_B: 0.001, G_B: 0.982, cycle_B: 0.225, idt_B: 0.065

[Rank 0] (epoch: 573, iters: 1216, time: 0.147, data: 0.003) , D_A: 0.069, G_A: 0.773, cycle_A: 0.091, idt_A: 0.122, D_B: 0.001, G_B: 0.998, cycle_B: 0.224, idt_B: 0.073

[Rank 0] (epoch: 573, iters: 1416, time: 0.030, data: 0.003) , D_A: 0.052, G_A: 0.807, cycle_A: 0.091, idt_A: 0.139, D_B: 0.001, G_B: 0.998, cycle_B: 0.242, idt_B: 0.076

[Rank 0] (epoch: 573, iters: 1616, time: 0.026, data: 0.005) , D_A: 0.078, G_A: 0.760, cycle_A: 0.092, idt_A: 0.131, D_B: 0.002, G_B: 0.942, cycle_B: 0.231, idt_B: 0.074

[Rank 0] (epoch: 573, iters: 1816, time: 0.030, data: 0.003) , D_A: 0.102, G_A: 0.835, cycle_A: 0.075, idt_A: 0.125, D_B: 0.001, G_B: 1.028, cycle_B: 0.240, idt_B: 0.069

learning rate 0.0000100 -> 0.0000100
saving the model at the end of epoch 573, iters 7712
End of epoch 573 / 950 	 Time Taken: 59 sec
[Rank 0] (epoch: 574, iters: 88, time: 0.152, data: 0.007) , D_A: 0.072, G_A: 0.705, cycle_A: 0.081, idt_A: 0.140, D_B: 0.001, G_B: 0.999, cycle_B: 0.247, idt_B: 0.077

[Rank 0] (epoch: 574, iters: 288, time: 0.126, data: 0.004) , D_A: 0.066, G_A: 0.660, cycle_A: 0.103, idt_A: 0.126, D_B: 0.001, G_B: 1.004, cycle_B: 0.219, idt_B: 0.093

[Rank 0] (epoch: 574, iters: 488, time: 0.030, data: 0.003) , D_A: 0.047, G_A: 0.702, cycle_A: 0.073, idt_A: 0.145, D_B: 0.001, G_B: 0.975, cycle_B: 0.252, idt_B: 0.065

[Rank 0] (epoch: 574, iters: 688, time: 0.030, data: 0.210) , D_A: 0.065, G_A: 0.720, cycle_A: 0.068, idt_A: 0.146, D_B: 0.001, G_B: 0.980, cycle_B: 0.257, idt_B: 0.062

[Rank 0] (epoch: 574, iters: 888, time: 0.030, data: 0.003) , D_A: 0.105, G_A: 0.804, cycle_A: 0.106, idt_A: 0.131, D_B: 0.001, G_B: 0.960, cycle_B: 0.237, idt_B: 0.091

[Rank 0] (epoch: 574, iters: 1088, time: 0.026, data: 0.005) , D_A: 0.078, G_A: 0.658, cycle_A: 0.090, idt_A: 0.159, D_B: 0.001, G_B: 0.997, cycle_B: 0.273, idt_B: 0.086

[Rank 0] (epoch: 574, iters: 1288, time: 0.150, data: 0.002) , D_A: 0.066, G_A: 0.827, cycle_A: 0.076, idt_A: 0.162, D_B: 0.001, G_B: 0.992, cycle_B: 0.282, idt_B: 0.070

[Rank 0] (epoch: 574, iters: 1488, time: 0.030, data: 0.002) , D_A: 0.078, G_A: 0.594, cycle_A: 0.069, idt_A: 0.119, D_B: 0.001, G_B: 0.969, cycle_B: 0.204, idt_B: 0.062

[Rank 0] (epoch: 574, iters: 1688, time: 0.026, data: 0.005) , D_A: 0.077, G_A: 0.745, cycle_A: 0.079, idt_A: 0.137, D_B: 0.001, G_B: 0.941, cycle_B: 0.241, idt_B: 0.076

[Rank 0] (epoch: 574, iters: 1888, time: 0.030, data: 0.002) , D_A: 0.044, G_A: 0.691, cycle_A: 0.072, idt_A: 0.142, D_B: 0.001, G_B: 0.944, cycle_B: 0.265, idt_B: 0.067

learning rate 0.0000100 -> 0.0000100
saving the model at the end of epoch 574, iters 9640
End of epoch 574 / 950 	 Time Taken: 57 sec
[Rank 0] (epoch: 575, iters: 160, time: 0.139, data: 0.001) , D_A: 0.101, G_A: 0.636, cycle_A: 0.056, idt_A: 0.139, D_B: 0.001, G_B: 0.994, cycle_B: 0.237, idt_B: 0.052

[Rank 0] (epoch: 575, iters: 360, time: 0.150, data: 0.005) , D_A: 0.063, G_A: 0.781, cycle_A: 0.083, idt_A: 0.126, D_B: 0.001, G_B: 0.957, cycle_B: 0.227, idt_B: 0.067

saving the latest model (epoch 575, total_iters 10000)
[Rank 0] (epoch: 575, iters: 560, time: 0.030, data: 0.002) , D_A: 0.083, G_A: 0.608, cycle_A: 0.064, idt_A: 0.127, D_B: 0.001, G_B: 0.951, cycle_B: 0.225, idt_B: 0.057

[Rank 0] (epoch: 575, iters: 760, time: 0.029, data: 0.004) , D_A: 0.121, G_A: 0.689, cycle_A: 0.103, idt_A: 0.120, D_B: 0.001, G_B: 0.958, cycle_B: 0.220, idt_B: 0.098

[Rank 0] (epoch: 575, iters: 960, time: 0.029, data: 0.003) , D_A: 0.064, G_A: 0.622, cycle_A: 0.100, idt_A: 0.130, D_B: 0.002, G_B: 1.038, cycle_B: 0.240, idt_B: 0.100

[Rank 0] (epoch: 575, iters: 1160, time: 0.026, data: 0.169) , D_A: 0.077, G_A: 0.938, cycle_A: 0.113, idt_A: 0.125, D_B: 0.002, G_B: 1.026, cycle_B: 0.234, idt_B: 0.105

[Rank 0] (epoch: 575, iters: 1360, time: 0.147, data: 0.002) , D_A: 0.069, G_A: 0.998, cycle_A: 0.062, idt_A: 0.143, D_B: 0.001, G_B: 0.955, cycle_B: 0.251, idt_B: 0.057

[Rank 0] (epoch: 575, iters: 1560, time: 0.030, data: 0.003) , D_A: 0.066, G_A: 0.648, cycle_A: 0.074, idt_A: 0.143, D_B: 0.002, G_B: 0.995, cycle_B: 0.259, idt_B: 0.071

[Rank 0] (epoch: 575, iters: 1760, time: 0.029, data: 0.009) , D_A: 0.085, G_A: 0.949, cycle_A: 0.083, idt_A: 0.128, D_B: 0.002, G_B: 0.975, cycle_B: 0.237, idt_B: 0.070

learning rate 0.0000100 -> 0.0000100
saving the model at the end of epoch 575, iters 11568
End of epoch 575 / 950 	 Time Taken: 59 sec
[Rank 0] (epoch: 576, iters: 32, time: 0.142, data: 0.002) , D_A: 0.064, G_A: 0.663, cycle_A: 0.070, idt_A: 0.144, D_B: 0.001, G_B: 1.014, cycle_B: 0.265, idt_B: 0.065

[Rank 0] (epoch: 576, iters: 232, time: 0.030, data: 0.008) , D_A: 0.081, G_A: 0.634, cycle_A: 0.093, idt_A: 0.144, D_B: 0.002, G_B: 1.101, cycle_B: 0.276, idt_B: 0.086

[Rank 0] (epoch: 576, iters: 432, time: 0.150, data: 0.002) , D_A: 0.054, G_A: 0.701, cycle_A: 0.085, idt_A: 0.118, D_B: 0.001, G_B: 0.958, cycle_B: 0.213, idt_B: 0.070

[Rank 0] (epoch: 576, iters: 632, time: 0.026, data: 0.005) , D_A: 0.054, G_A: 0.680, cycle_A: 0.080, idt_A: 0.138, D_B: 0.005, G_B: 1.199, cycle_B: 0.263, idt_B: 0.073

[Rank 0] (epoch: 576, iters: 832, time: 0.030, data: 0.003) , D_A: 0.066, G_A: 0.589, cycle_A: 0.073, idt_A: 0.147, D_B: 0.007, G_B: 1.239, cycle_B: 0.267, idt_B: 0.071

[Rank 0] (epoch: 576, iters: 1032, time: 0.026, data: 0.170) , D_A: 0.059, G_A: 0.674, cycle_A: 0.079, idt_A: 0.129, D_B: 0.002, G_B: 1.020, cycle_B: 0.248, idt_B: 0.074

[Rank 0] (epoch: 576, iters: 1232, time: 0.030, data: 0.002) , D_A: 0.073, G_A: 0.666, cycle_A: 0.068, idt_A: 0.112, D_B: 0.002, G_B: 0.916, cycle_B: 0.210, idt_B: 0.063

[Rank 0] (epoch: 576, iters: 1432, time: 0.154, data: 0.003) , D_A: 0.087, G_A: 0.657, cycle_A: 0.090, idt_A: 0.137, D_B: 0.002, G_B: 0.993, cycle_B: 0.263, idt_B: 0.083

[Rank 0] (epoch: 576, iters: 1632, time: 0.030, data: 0.003) , D_A: 0.057, G_A: 0.731, cycle_A: 0.078, idt_A: 0.127, D_B: 0.004, G_B: 1.040, cycle_B: 0.229, idt_B: 0.076

[Rank 0] (epoch: 576, iters: 1832, time: 0.030, data: 0.003) , D_A: 0.064, G_A: 0.797, cycle_A: 0.107, idt_A: 0.146, D_B: 0.002, G_B: 0.954, cycle_B: 0.260, idt_B: 0.090

learning rate 0.0000100 -> 0.0000100
saving the model at the end of epoch 576, iters 13496
End of epoch 576 / 950 	 Time Taken: 58 sec
[Rank 0] (epoch: 577, iters: 104, time: 0.146, data: 0.002) , D_A: 0.059, G_A: 0.726, cycle_A: 0.071, idt_A: 0.141, D_B: 0.002, G_B: 0.970, cycle_B: 0.267, idt_B: 0.062

[Rank 0] (epoch: 577, iters: 304, time: 0.026, data: 0.005) , D_A: 0.073, G_A: 0.747, cycle_A: 0.085, idt_A: 0.123, D_B: 0.002, G_B: 0.910, cycle_B: 0.230, idt_B: 0.075

[Rank 0] (epoch: 577, iters: 504, time: 0.131, data: 0.004) , D_A: 0.072, G_A: 0.571, cycle_A: 0.082, idt_A: 0.135, D_B: 0.002, G_B: 0.966, cycle_B: 0.249, idt_B: 0.076

[Rank 0] (epoch: 577, iters: 704, time: 0.029, data: 0.004) , D_A: 0.080, G_A: 0.639, cycle_A: 0.078, idt_A: 0.127, D_B: 0.002, G_B: 0.967, cycle_B: 0.248, idt_B: 0.069

[Rank 0] (epoch: 577, iters: 904, time: 0.026, data: 0.169) , D_A: 0.069, G_A: 0.681, cycle_A: 0.100, idt_A: 0.139, D_B: 0.002, G_B: 0.920, cycle_B: 0.280, idt_B: 0.089

[Rank 0] (epoch: 577, iters: 1104, time: 0.030, data: 0.003) , D_A: 0.079, G_A: 0.751, cycle_A: 0.091, idt_A: 0.143, D_B: 0.006, G_B: 0.985, cycle_B: 0.264, idt_B: 0.086

[Rank 0] (epoch: 577, iters: 1304, time: 0.030, data: 0.003) , D_A: 0.054, G_A: 0.775, cycle_A: 0.104, idt_A: 0.141, D_B: 0.004, G_B: 0.916, cycle_B: 0.291, idt_B: 0.097

[Rank 0] (epoch: 577, iters: 1504, time: 0.118, data: 0.162) , D_A: 0.079, G_A: 0.712, cycle_A: 0.094, idt_A: 0.138, D_B: 0.003, G_B: 0.929, cycle_B: 0.268, idt_B: 0.089

saving the latest model (epoch 577, total_iters 15000)
[Rank 0] (epoch: 577, iters: 1704, time: 0.030, data: 0.003) , D_A: 0.054, G_A: 0.716, cycle_A: 0.103, idt_A: 0.122, D_B: 0.005, G_B: 1.028, cycle_B: 0.246, idt_B: 0.100

[Rank 0] (epoch: 577, iters: 1904, time: 0.026, data: 0.004) , D_A: 0.077, G_A: 0.611, cycle_A: 0.094, idt_A: 0.133, D_B: 0.008, G_B: 0.839, cycle_B: 0.266, idt_B: 0.085

learning rate 0.0000100 -> 0.0000100
saving the model at the end of epoch 577, iters 15424
End of epoch 577 / 950 	 Time Taken: 60 sec
[Rank 0] (epoch: 578, iters: 176, time: 0.163, data: 0.004) , D_A: 0.062, G_A: 0.707, cycle_A: 0.096, idt_A: 0.150, D_B: 0.004, G_B: 0.925, cycle_B: 0.296, idt_B: 0.082

[Rank 0] (epoch: 578, iters: 376, time: 0.030, data: 0.007) , D_A: 0.095, G_A: 0.752, cycle_A: 0.109, idt_A: 0.133, D_B: 0.007, G_B: 1.040, cycle_B: 0.278, idt_B: 0.109

[Rank 0] (epoch: 578, iters: 576, time: 0.146, data: 0.005) , D_A: 0.065, G_A: 0.609, cycle_A: 0.077, idt_A: 0.144, D_B: 0.009, G_B: 0.767, cycle_B: 0.280, idt_B: 0.070

[Rank 0] (epoch: 578, iters: 776, time: 0.030, data: 0.001) , D_A: 0.079, G_A: 0.607, cycle_A: 0.094, idt_A: 0.122, D_B: 0.008, G_B: 0.917, cycle_B: 0.235, idt_B: 0.085

[Rank 0] (epoch: 578, iters: 976, time: 0.030, data: 0.003) , D_A: 0.050, G_A: 0.769, cycle_A: 0.057, idt_A: 0.119, D_B: 0.009, G_B: 0.859, cycle_B: 0.217, idt_B: 0.056

[Rank 0] (epoch: 578, iters: 1176, time: 0.026, data: 0.169) , D_A: 0.094, G_A: 0.778, cycle_A: 0.093, idt_A: 0.138, D_B: 0.033, G_B: 1.051, cycle_B: 0.250, idt_B: 0.084

[Rank 0] (epoch: 578, iters: 1376, time: 0.030, data: 0.002) , D_A: 0.059, G_A: 0.667, cycle_A: 0.090, idt_A: 0.141, D_B: 0.017, G_B: 0.671, cycle_B: 0.269, idt_B: 0.081

[Rank 0] (epoch: 578, iters: 1576, time: 0.155, data: 0.002) , D_A: 0.045, G_A: 0.745, cycle_A: 0.085, idt_A: 0.129, D_B: 0.007, G_B: 0.902, cycle_B: 0.231, idt_B: 0.082

[Rank 0] (epoch: 578, iters: 1776, time: 0.030, data: 0.006) , D_A: 0.089, G_A: 0.565, cycle_A: 0.076, idt_A: 0.121, D_B: 0.011, G_B: 0.862, cycle_B: 0.221, idt_B: 0.074

learning rate 0.0000100 -> 0.0000100
saving the model at the end of epoch 578, iters 17352
End of epoch 578 / 950 	 Time Taken: 60 sec
[Rank 0] (epoch: 579, iters: 48, time: 0.160, data: 0.013) , D_A: 0.065, G_A: 0.705, cycle_A: 0.087, idt_A: 0.136, D_B: 0.029, G_B: 0.973, cycle_B: 0.253, idt_B: 0.081

[Rank 0] (epoch: 579, iters: 248, time: 0.030, data: 0.002) , D_A: 0.075, G_A: 0.667, cycle_A: 0.073, idt_A: 0.121, D_B: 0.004, G_B: 0.897, cycle_B: 0.214, idt_B: 0.068

[Rank 0] (epoch: 579, iters: 448, time: 0.026, data: 0.040) , D_A: 0.064, G_A: 0.769, cycle_A: 0.082, idt_A: 0.141, D_B: 0.003, G_B: 0.964, cycle_B: 0.266, idt_B: 0.075

[Rank 0] (epoch: 579, iters: 648, time: 0.139, data: 0.002) , D_A: 0.061, G_A: 0.553, cycle_A: 0.065, idt_A: 0.117, D_B: 0.013, G_B: 1.024, cycle_B: 0.206, idt_B: 0.058

[Rank 0] (epoch: 579, iters: 848, time: 0.030, data: 0.007) , D_A: 0.064, G_A: 0.724, cycle_A: 0.109, idt_A: 0.135, D_B: 0.004, G_B: 1.040, cycle_B: 0.230, idt_B: 0.099

[Rank 0] (epoch: 579, iters: 1048, time: 0.030, data: 0.003) , D_A: 0.064, G_A: 0.784, cycle_A: 0.082, idt_A: 0.130, D_B: 0.005, G_B: 0.872, cycle_B: 0.232, idt_B: 0.078

[Rank 0] (epoch: 579, iters: 1248, time: 0.026, data: 0.177) , D_A: 0.045, G_A: 0.663, cycle_A: 0.113, idt_A: 0.113, D_B: 0.005, G_B: 0.917, cycle_B: 0.195, idt_B: 0.096

[Rank 0] (epoch: 579, iters: 1448, time: 0.030, data: 0.002) , D_A: 0.085, G_A: 0.727, cycle_A: 0.089, idt_A: 0.131, D_B: 0.002, G_B: 0.980, cycle_B: 0.220, idt_B: 0.078

[Rank 0] (epoch: 579, iters: 1648, time: 0.120, data: 0.001) , D_A: 0.069, G_A: 0.876, cycle_A: 0.080, idt_A: 0.148, D_B: 0.003, G_B: 1.029, cycle_B: 0.258, idt_B: 0.070

[Rank 0] (epoch: 579, iters: 1848, time: 0.030, data: 0.003) , D_A: 0.102, G_A: 0.770, cycle_A: 0.077, idt_A: 0.113, D_B: 0.002, G_B: 0.948, cycle_B: 0.185, idt_B: 0.065

learning rate 0.0000100 -> 0.0000100
saving the model at the end of epoch 579, iters 19280
End of epoch 579 / 950 	 Time Taken: 61 sec
[Rank 0] (epoch: 580, iters: 120, time: 0.194, data: 0.169) , D_A: 0.067, G_A: 0.779, cycle_A: 0.108, idt_A: 0.131, D_B: 0.005, G_B: 0.934, cycle_B: 0.226, idt_B: 0.104

[Rank 0] (epoch: 580, iters: 320, time: 0.030, data: 0.003) , D_A: 0.077, G_A: 0.720, cycle_A: 0.094, idt_A: 0.132, D_B: 0.009, G_B: 0.803, cycle_B: 0.227, idt_B: 0.088

[Rank 0] (epoch: 580, iters: 520, time: 0.029, data: 0.008) , D_A: 0.051, G_A: 0.801, cycle_A: 0.067, idt_A: 0.135, D_B: 0.002, G_B: 0.946, cycle_B: 0.220, idt_B: 0.060

[Rank 0] (epoch: 580, iters: 720, time: 0.156, data: 0.003) , D_A: 0.064, G_A: 0.825, cycle_A: 0.080, idt_A: 0.116, D_B: 0.006, G_B: 0.836, cycle_B: 0.184, idt_B: 0.072

saving the latest model (epoch 580, total_iters 20000)
[Rank 0] (epoch: 580, iters: 920, time: 0.029, data: 0.004) , D_A: 0.068, G_A: 0.802, cycle_A: 0.081, idt_A: 0.141, D_B: 0.017, G_B: 0.683, cycle_B: 0.231, idt_B: 0.072

[Rank 0] (epoch: 580, iters: 1120, time: 0.030, data: 0.001) , D_A: 0.088, G_A: 0.775, cycle_A: 0.100, idt_A: 0.145, D_B: 0.003, G_B: 0.940, cycle_B: 0.240, idt_B: 0.089

[Rank 0] (epoch: 580, iters: 1320, time: 0.030, data: 0.104) , D_A: 0.092, G_A: 0.822, cycle_A: 0.083, idt_A: 0.107, D_B: 0.002, G_B: 0.918, cycle_B: 0.164, idt_B: 0.077

[Rank 0] (epoch: 580, iters: 1520, time: 0.030, data: 0.003) , D_A: 0.053, G_A: 0.694, cycle_A: 0.083, idt_A: 0.139, D_B: 0.002, G_B: 0.972, cycle_B: 0.212, idt_B: 0.071

[Rank 0] (epoch: 580, iters: 1720, time: 0.134, data: 0.168) , D_A: 0.049, G_A: 0.824, cycle_A: 0.066, idt_A: 0.138, D_B: 0.002, G_B: 0.952, cycle_B: 0.214, idt_B: 0.062

[Rank 0] (epoch: 580, iters: 1920, time: 0.030, data: 0.001) , D_A: 0.071, G_A: 0.698, cycle_A: 0.075, idt_A: 0.132, D_B: 0.001, G_B: 0.955, cycle_B: 0.205, idt_B: 0.064

learning rate 0.0000100 -> 0.0000100
saving the model at the end of epoch 580, iters 21208
End of epoch 580 / 950 	 Time Taken: 60 sec
[Rank 0] (epoch: 581, iters: 192, time: 0.135, data: 0.003) , D_A: 0.074, G_A: 0.714, cycle_A: 0.053, idt_A: 0.127, D_B: 0.022, G_B: 0.980, cycle_B: 0.199, idt_B: 0.048

[Rank 0] (epoch: 581, iters: 392, time: 0.030, data: 0.004) , D_A: 0.050, G_A: 0.786, cycle_A: 0.091, idt_A: 0.120, D_B: 0.001, G_B: 0.960, cycle_B: 0.185, idt_B: 0.088

[Rank 0] (epoch: 581, iters: 592, time: 0.026, data: 0.202) , D_A: 0.064, G_A: 0.701, cycle_A: 0.084, idt_A: 0.103, D_B: 0.002, G_B: 0.915, cycle_B: 0.158, idt_B: 0.072

[Rank 0] (epoch: 581, iters: 792, time: 0.132, data: 0.002) , D_A: 0.057, G_A: 0.647, cycle_A: 0.073, idt_A: 0.150, D_B: 0.002, G_B: 1.037, cycle_B: 0.230, idt_B: 0.071

[Rank 0] (epoch: 581, iters: 992, time: 0.030, data: 0.002) , D_A: 0.075, G_A: 0.881, cycle_A: 0.087, idt_A: 0.123, D_B: 0.001, G_B: 0.957, cycle_B: 0.190, idt_B: 0.080

[Rank 0] (epoch: 581, iters: 1192, time: 0.026, data: 0.005) , D_A: 0.072, G_A: 0.656, cycle_A: 0.085, idt_A: 0.136, D_B: 0.002, G_B: 0.977, cycle_B: 0.205, idt_B: 0.077

[Rank 0] (epoch: 581, iters: 1392, time: 0.026, data: 0.075) , D_A: 0.064, G_A: 0.630, cycle_A: 0.083, idt_A: 0.132, D_B: 0.003, G_B: 0.908, cycle_B: 0.199, idt_B: 0.078

[Rank 0] (epoch: 581, iters: 1592, time: 0.029, data: 0.003) , D_A: 0.047, G_A: 0.623, cycle_A: 0.082, idt_A: 0.125, D_B: 0.002, G_B: 0.987, cycle_B: 0.189, idt_B: 0.075

[Rank 0] (epoch: 581, iters: 1792, time: 0.149, data: 0.002) , D_A: 0.060, G_A: 0.751, cycle_A: 0.073, idt_A: 0.128, D_B: 0.003, G_B: 0.912, cycle_B: 0.198, idt_B: 0.064

learning rate 0.0000100 -> 0.0000100
saving the model at the end of epoch 581, iters 23136
End of epoch 581 / 950 	 Time Taken: 61 sec
[Rank 0] (epoch: 582, iters: 64, time: 0.149, data: 0.002) , D_A: 0.069, G_A: 0.921, cycle_A: 0.071, idt_A: 0.132, D_B: 0.002, G_B: 0.965, cycle_B: 0.199, idt_B: 0.065

[Rank 0] (epoch: 582, iters: 264, time: 0.029, data: 0.005) , D_A: 0.065, G_A: 0.709, cycle_A: 0.086, idt_A: 0.118, D_B: 0.001, G_B: 0.982, cycle_B: 0.173, idt_B: 0.075

[Rank 0] (epoch: 582, iters: 464, time: 0.026, data: 0.006) , D_A: 0.055, G_A: 0.742, cycle_A: 0.090, idt_A: 0.132, D_B: 0.002, G_B: 0.991, cycle_B: 0.205, idt_B: 0.079

[Rank 0] (epoch: 582, iters: 664, time: 0.030, data: 0.002) , D_A: 0.080, G_A: 0.516, cycle_A: 0.105, idt_A: 0.132, D_B: 0.002, G_B: 1.017, cycle_B: 0.195, idt_B: 0.090

[Rank 0] (epoch: 582, iters: 864, time: 0.149, data: 0.002) , D_A: 0.072, G_A: 0.754, cycle_A: 0.112, idt_A: 0.136, D_B: 0.003, G_B: 0.982, cycle_B: 0.215, idt_B: 0.103

[Rank 0] (epoch: 582, iters: 1064, time: 0.029, data: 0.002) , D_A: 0.061, G_A: 0.675, cycle_A: 0.086, idt_A: 0.161, D_B: 0.001, G_B: 0.976, cycle_B: 0.241, idt_B: 0.073

[Rank 0] (epoch: 582, iters: 1264, time: 0.026, data: 0.003) , D_A: 0.055, G_A: 0.797, cycle_A: 0.072, idt_A: 0.140, D_B: 0.002, G_B: 0.915, cycle_B: 0.211, idt_B: 0.062

[Rank 0] (epoch: 582, iters: 1464, time: 0.030, data: 0.002) , D_A: 0.058, G_A: 0.695, cycle_A: 0.079, idt_A: 0.125, D_B: 0.035, G_B: 0.937, cycle_B: 0.197, idt_B: 0.071

[Rank 0] (epoch: 582, iters: 1664, time: 0.026, data: 0.176) , D_A: 0.085, G_A: 0.742, cycle_A: 0.077, idt_A: 0.138, D_B: 0.002, G_B: 0.917, cycle_B: 0.212, idt_B: 0.066

[Rank 0] (epoch: 582, iters: 1864, time: 0.142, data: 0.002) , D_A: 0.066, G_A: 0.729, cycle_A: 0.084, idt_A: 0.155, D_B: 0.001, G_B: 0.940, cycle_B: 0.236, idt_B: 0.077

saving the latest model (epoch 582, total_iters 25000)
learning rate 0.0000100 -> 0.0000100
saving the model at the end of epoch 582, iters 25064
End of epoch 582 / 950 	 Time Taken: 60 sec
[Rank 0] (epoch: 583, iters: 136, time: 0.148, data: 0.002) , D_A: 0.052, G_A: 0.703, cycle_A: 0.069, idt_A: 0.141, D_B: 0.001, G_B: 1.003, cycle_B: 0.219, idt_B: 0.064

[Rank 0] (epoch: 583, iters: 336, time: 0.030, data: 0.004) , D_A: 0.090, G_A: 0.755, cycle_A: 0.106, idt_A: 0.134, D_B: 0.002, G_B: 0.945, cycle_B: 0.206, idt_B: 0.088

[Rank 0] (epoch: 583, iters: 536, time: 0.030, data: 0.004) , D_A: 0.079, G_A: 0.702, cycle_A: 0.095, idt_A: 0.123, D_B: 0.001, G_B: 0.994, cycle_B: 0.194, idt_B: 0.081

[Rank 0] (epoch: 583, iters: 736, time: 0.026, data: 0.142) , D_A: 0.079, G_A: 0.696, cycle_A: 0.079, idt_A: 0.139, D_B: 0.001, G_B: 0.952, cycle_B: 0.209, idt_B: 0.077

[Rank 0] (epoch: 583, iters: 936, time: 0.139, data: 0.002) , D_A: 0.047, G_A: 0.851, cycle_A: 0.064, idt_A: 0.121, D_B: 0.006, G_B: 0.805, cycle_B: 0.193, idt_B: 0.062

[Rank 0] (epoch: 583, iters: 1136, time: 0.030, data: 0.003) , D_A: 0.078, G_A: 0.595, cycle_A: 0.112, idt_A: 0.136, D_B: 0.003, G_B: 0.901, cycle_B: 0.221, idt_B: 0.100

[Rank 0] (epoch: 583, iters: 1336, time: 0.029, data: 0.006) , D_A: 0.057, G_A: 0.688, cycle_A: 0.080, idt_A: 0.133, D_B: 0.001, G_B: 0.964, cycle_B: 0.205, idt_B: 0.070

[Rank 0] (epoch: 583, iters: 1536, time: 0.026, data: 0.003) , D_A: 0.069, G_A: 0.737, cycle_A: 0.079, idt_A: 0.136, D_B: 0.004, G_B: 0.805, cycle_B: 0.207, idt_B: 0.064

[Rank 0] (epoch: 583, iters: 1736, time: 0.030, data: 0.002) , D_A: 0.051, G_A: 0.760, cycle_A: 0.097, idt_A: 0.125, D_B: 0.014, G_B: 0.938, cycle_B: 0.220, idt_B: 0.083

learning rate 0.0000100 -> 0.0000100
saving the model at the end of epoch 583, iters 26992
End of epoch 583 / 950 	 Time Taken: 59 sec
[Rank 0] (epoch: 584, iters: 8, time: 0.132, data: 0.002) , D_A: 0.062, G_A: 0.728, cycle_A: 0.083, idt_A: 0.139, D_B: 0.028, G_B: 0.939, cycle_B: 0.239, idt_B: 0.064

[Rank 0] (epoch: 584, iters: 208, time: 0.030, data: 0.003) , D_A: 0.058, G_A: 0.722, cycle_A: 0.106, idt_A: 0.141, D_B: 0.018, G_B: 0.784, cycle_B: 0.283, idt_B: 0.078

[Rank 0] (epoch: 584, iters: 408, time: 0.030, data: 0.003) , D_A: 0.074, G_A: 0.941, cycle_A: 0.090, idt_A: 0.126, D_B: 0.008, G_B: 0.948, cycle_B: 0.274, idt_B: 0.078

[Rank 0] (epoch: 584, iters: 608, time: 0.030, data: 0.003) , D_A: 0.052, G_A: 0.756, cycle_A: 0.095, idt_A: 0.117, D_B: 0.018, G_B: 0.866, cycle_B: 0.253, idt_B: 0.079

[Rank 0] (epoch: 584, iters: 808, time: 0.026, data: 0.179) , D_A: 0.067, G_A: 0.740, cycle_A: 0.092, idt_A: 0.144, D_B: 0.012, G_B: 0.781, cycle_B: 0.279, idt_B: 0.080

[Rank 0] (epoch: 584, iters: 1008, time: 0.131, data: 0.002) , D_A: 0.073, G_A: 0.721, cycle_A: 0.069, idt_A: 0.132, D_B: 0.037, G_B: 0.771, cycle_B: 0.259, idt_B: 0.059

[Rank 0] (epoch: 584, iters: 1208, time: 0.026, data: 0.004) , D_A: 0.096, G_A: 0.754, cycle_A: 0.074, idt_A: 0.122, D_B: 0.013, G_B: 0.920, cycle_B: 0.217, idt_B: 0.068

[Rank 0] (epoch: 584, iters: 1408, time: 0.029, data: 0.002) , D_A: 0.065, G_A: 0.661, cycle_A: 0.097, idt_A: 0.130, D_B: 0.008, G_B: 0.824, cycle_B: 0.229, idt_B: 0.082

[Rank 0] (epoch: 584, iters: 1608, time: 0.030, data: 0.031) , D_A: 0.051, G_A: 0.670, cycle_A: 0.081, idt_A: 0.128, D_B: 0.003, G_B: 0.965, cycle_B: 0.211, idt_B: 0.068

[Rank 0] (epoch: 584, iters: 1808, time: 0.030, data: 0.003) , D_A: 0.054, G_A: 0.897, cycle_A: 0.068, idt_A: 0.144, D_B: 0.004, G_B: 0.870, cycle_B: 0.237, idt_B: 0.063

learning rate 0.0000100 -> 0.0000100
saving the model at the end of epoch 584, iters 28920
End of epoch 584 / 950 	 Time Taken: 60 sec
[Rank 0] (epoch: 585, iters: 80, time: 0.121, data: 0.094) , D_A: 0.063, G_A: 0.938, cycle_A: 0.085, idt_A: 0.135, D_B: 0.002, G_B: 0.983, cycle_B: 0.224, idt_B: 0.083

[Rank 0] (epoch: 585, iters: 280, time: 0.029, data: 0.003) , D_A: 0.064, G_A: 0.590, cycle_A: 0.083, idt_A: 0.130, D_B: 0.028, G_B: 0.916, cycle_B: 0.219, idt_B: 0.068

[Rank 0] (epoch: 585, iters: 480, time: 0.026, data: 0.005) , D_A: 0.061, G_A: 0.665, cycle_A: 0.072, idt_A: 0.125, D_B: 0.002, G_B: 0.962, cycle_B: 0.203, idt_B: 0.062

[Rank 0] (epoch: 585, iters: 680, time: 0.026, data: 0.002) , D_A: 0.082, G_A: 0.649, cycle_A: 0.077, idt_A: 0.127, D_B: 0.007, G_B: 0.850, cycle_B: 0.208, idt_B: 0.066

[Rank 0] (epoch: 585, iters: 880, time: 0.030, data: 0.002) , D_A: 0.060, G_A: 0.632, cycle_A: 0.065, idt_A: 0.159, D_B: 0.002, G_B: 0.995, cycle_B: 0.249, idt_B: 0.054

[Rank 0] (epoch: 585, iters: 1080, time: 0.155, data: 0.003) , D_A: 0.045, G_A: 0.879, cycle_A: 0.088, idt_A: 0.138, D_B: 0.002, G_B: 0.991, cycle_B: 0.235, idt_B: 0.072

saving the latest model (epoch 585, total_iters 30000)
[Rank 0] (epoch: 585, iters: 1280, time: 0.029, data: 0.003) , D_A: 0.055, G_A: 0.690, cycle_A: 0.081, idt_A: 0.122, D_B: 0.002, G_B: 0.957, cycle_B: 0.207, idt_B: 0.072

[Rank 0] (epoch: 585, iters: 1480, time: 0.029, data: 0.003) , D_A: 0.052, G_A: 0.759, cycle_A: 0.097, idt_A: 0.128, D_B: 0.002, G_B: 0.995, cycle_B: 0.203, idt_B: 0.091

[Rank 0] (epoch: 585, iters: 1680, time: 0.030, data: 0.002) , D_A: 0.082, G_A: 0.782, cycle_A: 0.058, idt_A: 0.152, D_B: 0.003, G_B: 1.007, cycle_B: 0.250, idt_B: 0.054

[Rank 0] (epoch: 585, iters: 1880, time: 0.030, data: 0.003) , D_A: 0.057, G_A: 0.819, cycle_A: 0.082, idt_A: 0.131, D_B: 0.002, G_B: 0.964, cycle_B: 0.209, idt_B: 0.068

learning rate 0.0000100 -> 0.0000100
saving the model at the end of epoch 585, iters 30848
End of epoch 585 / 950 	 Time Taken: 57 sec
[Rank 0] (epoch: 586, iters: 152, time: 0.151, data: 0.002) , D_A: 0.082, G_A: 0.718, cycle_A: 0.077, idt_A: 0.129, D_B: 0.002, G_B: 0.959, cycle_B: 0.210, idt_B: 0.073

[Rank 0] (epoch: 586, iters: 352, time: 0.029, data: 0.002) , D_A: 0.068, G_A: 0.640, cycle_A: 0.082, idt_A: 0.134, D_B: 0.002, G_B: 0.962, cycle_B: 0.220, idt_B: 0.072

[Rank 0] (epoch: 586, iters: 552, time: 0.030, data: 0.002) , D_A: 0.053, G_A: 1.226, cycle_A: 0.066, idt_A: 0.149, D_B: 0.001, G_B: 0.994, cycle_B: 0.233, idt_B: 0.052

[Rank 0] (epoch: 586, iters: 752, time: 0.030, data: 0.002) , D_A: 0.062, G_A: 0.587, cycle_A: 0.081, idt_A: 0.139, D_B: 0.001, G_B: 0.979, cycle_B: 0.229, idt_B: 0.079

[Rank 0] (epoch: 586, iters: 952, time: 0.030, data: 0.002) , D_A: 0.064, G_A: 0.671, cycle_A: 0.070, idt_A: 0.139, D_B: 0.002, G_B: 0.969, cycle_B: 0.230, idt_B: 0.068

[Rank 0] (epoch: 586, iters: 1152, time: 0.126, data: 0.158) , D_A: 0.063, G_A: 0.655, cycle_A: 0.081, idt_A: 0.133, D_B: 0.001, G_B: 0.986, cycle_B: 0.215, idt_B: 0.065

[Rank 0] (epoch: 586, iters: 1352, time: 0.029, data: 0.002) , D_A: 0.051, G_A: 0.842, cycle_A: 0.086, idt_A: 0.135, D_B: 0.005, G_B: 0.959, cycle_B: 0.212, idt_B: 0.073

[Rank 0] (epoch: 586, iters: 1552, time: 0.030, data: 0.002) , D_A: 0.062, G_A: 0.552, cycle_A: 0.096, idt_A: 0.131, D_B: 0.002, G_B: 0.983, cycle_B: 0.211, idt_B: 0.089

[Rank 0] (epoch: 586, iters: 1752, time: 0.030, data: 0.002) , D_A: 0.075, G_A: 0.856, cycle_A: 0.086, idt_A: 0.133, D_B: 0.003, G_B: 0.890, cycle_B: 0.213, idt_B: 0.074

learning rate 0.0000100 -> 0.0000100
saving the model at the end of epoch 586, iters 32776
End of epoch 586 / 950 	 Time Taken: 59 sec
[Rank 0] (epoch: 587, iters: 24, time: 0.165, data: 0.062) , D_A: 0.053, G_A: 0.810, cycle_A: 0.097, idt_A: 0.117, D_B: 0.002, G_B: 0.941, cycle_B: 0.175, idt_B: 0.081

[Rank 0] (epoch: 587, iters: 224, time: 0.137, data: 0.003) , D_A: 0.085, G_A: 0.822, cycle_A: 0.100, idt_A: 0.146, D_B: 0.001, G_B: 1.017, cycle_B: 0.231, idt_B: 0.089

[Rank 0] (epoch: 587, iters: 424, time: 0.030, data: 0.002) , D_A: 0.056, G_A: 0.751, cycle_A: 0.087, idt_A: 0.133, D_B: 0.001, G_B: 0.982, cycle_B: 0.217, idt_B: 0.077

[Rank 0] (epoch: 587, iters: 624, time: 0.030, data: 0.003) , D_A: 0.081, G_A: 0.611, cycle_A: 0.106, idt_A: 0.136, D_B: 0.001, G_B: 0.974, cycle_B: 0.215, idt_B: 0.099

[Rank 0] (epoch: 587, iters: 824, time: 0.029, data: 0.003) , D_A: 0.066, G_A: 0.657, cycle_A: 0.079, idt_A: 0.136, D_B: 0.001, G_B: 0.932, cycle_B: 0.205, idt_B: 0.067

[Rank 0] (epoch: 587, iters: 1024, time: 0.026, data: 0.185) , D_A: 0.067, G_A: 0.651, cycle_A: 0.077, idt_A: 0.129, D_B: 0.002, G_B: 0.994, cycle_B: 0.206, idt_B: 0.066

[Rank 0] (epoch: 587, iters: 1224, time: 0.145, data: 0.006) , D_A: 0.078, G_A: 0.888, cycle_A: 0.096, idt_A: 0.129, D_B: 0.015, G_B: 0.672, cycle_B: 0.204, idt_B: 0.082

[Rank 0] (epoch: 587, iters: 1424, time: 0.030, data: 0.001) , D_A: 0.068, G_A: 0.617, cycle_A: 0.085, idt_A: 0.131, D_B: 0.018, G_B: 0.857, cycle_B: 0.215, idt_B: 0.075

[Rank 0] (epoch: 587, iters: 1624, time: 0.029, data: 0.004) , D_A: 0.058, G_A: 0.741, cycle_A: 0.112, idt_A: 0.138, D_B: 0.002, G_B: 0.906, cycle_B: 0.217, idt_B: 0.096

[Rank 0] (epoch: 587, iters: 1824, time: 0.026, data: 0.144) , D_A: 0.058, G_A: 0.798, cycle_A: 0.066, idt_A: 0.128, D_B: 0.027, G_B: 0.849, cycle_B: 0.216, idt_B: 0.063

learning rate 0.0000100 -> 0.0000100
saving the model at the end of epoch 587, iters 34704
End of epoch 587 / 950 	 Time Taken: 59 sec
[Rank 0] (epoch: 588, iters: 96, time: 0.169, data: 0.003) , D_A: 0.057, G_A: 0.908, cycle_A: 0.093, idt_A: 0.135, D_B: 0.002, G_B: 0.969, cycle_B: 0.220, idt_B: 0.080

[Rank 0] (epoch: 588, iters: 296, time: 0.133, data: 0.005) , D_A: 0.069, G_A: 0.894, cycle_A: 0.110, idt_A: 0.143, D_B: 0.006, G_B: 0.906, cycle_B: 0.242, idt_B: 0.095

saving the latest model (epoch 588, total_iters 35000)
[Rank 0] (epoch: 588, iters: 496, time: 0.030, data: 0.002) , D_A: 0.088, G_A: 0.813, cycle_A: 0.061, idt_A: 0.126, D_B: 0.001, G_B: 0.981, cycle_B: 0.201, idt_B: 0.055

[Rank 0] (epoch: 588, iters: 696, time: 0.030, data: 0.008) , D_A: 0.052, G_A: 0.738, cycle_A: 0.094, idt_A: 0.125, D_B: 0.005, G_B: 0.850, cycle_B: 0.197, idt_B: 0.088

[Rank 0] (epoch: 588, iters: 896, time: 0.027, data: 0.139) , D_A: 0.093, G_A: 0.632, cycle_A: 0.071, idt_A: 0.127, D_B: 0.004, G_B: 0.992, cycle_B: 0.197, idt_B: 0.057

[Rank 0] (epoch: 588, iters: 1096, time: 0.030, data: 0.003) , D_A: 0.066, G_A: 0.583, cycle_A: 0.082, idt_A: 0.156, D_B: 0.002, G_B: 0.958, cycle_B: 0.254, idt_B: 0.067

[Rank 0] (epoch: 588, iters: 1296, time: 0.140, data: 0.002) , D_A: 0.068, G_A: 0.713, cycle_A: 0.108, idt_A: 0.132, D_B: 0.001, G_B: 0.982, cycle_B: 0.212, idt_B: 0.087

[Rank 0] (epoch: 588, iters: 1496, time: 0.029, data: 0.004) , D_A: 0.074, G_A: 0.730, cycle_A: 0.067, idt_A: 0.130, D_B: 0.004, G_B: 0.849, cycle_B: 0.209, idt_B: 0.061

[Rank 0] (epoch: 588, iters: 1696, time: 0.026, data: 0.065) , D_A: 0.053, G_A: 0.655, cycle_A: 0.096, idt_A: 0.132, D_B: 0.001, G_B: 0.984, cycle_B: 0.216, idt_B: 0.084

[Rank 0] (epoch: 588, iters: 1896, time: 0.030, data: 0.004) , D_A: 0.062, G_A: 0.672, cycle_A: 0.072, idt_A: 0.126, D_B: 0.001, G_B: 0.997, cycle_B: 0.198, idt_B: 0.068

learning rate 0.0000100 -> 0.0000100
saving the model at the end of epoch 588, iters 36632
End of epoch 588 / 950 	 Time Taken: 59 sec
[Rank 0] (epoch: 589, iters: 168, time: 0.159, data: 0.003) , D_A: 0.056, G_A: 0.676, cycle_A: 0.103, idt_A: 0.141, D_B: 0.001, G_B: 0.977, cycle_B: 0.228, idt_B: 0.092

[Rank 0] (epoch: 589, iters: 368, time: 0.147, data: 0.004) , D_A: 0.081, G_A: 0.708, cycle_A: 0.101, idt_A: 0.138, D_B: 0.001, G_B: 0.990, cycle_B: 0.219, idt_B: 0.089

[Rank 0] (epoch: 589, iters: 568, time: 0.029, data: 0.005) , D_A: 0.057, G_A: 0.598, cycle_A: 0.064, idt_A: 0.162, D_B: 0.001, G_B: 1.041, cycle_B: 0.261, idt_B: 0.057

[Rank 0] (epoch: 589, iters: 768, time: 0.030, data: 0.003) , D_A: 0.058, G_A: 0.858, cycle_A: 0.065, idt_A: 0.142, D_B: 0.001, G_B: 0.994, cycle_B: 0.205, idt_B: 0.062

[Rank 0] (epoch: 589, iters: 968, time: 0.026, data: 0.163) , D_A: 0.055, G_A: 0.680, cycle_A: 0.094, idt_A: 0.143, D_B: 0.006, G_B: 0.828, cycle_B: 0.218, idt_B: 0.086

[Rank 0] (epoch: 589, iters: 1168, time: 0.029, data: 0.002) , D_A: 0.042, G_A: 0.844, cycle_A: 0.087, idt_A: 0.119, D_B: 0.001, G_B: 0.992, cycle_B: 0.180, idt_B: 0.073

[Rank 0] (epoch: 589, iters: 1368, time: 0.153, data: 0.002) , D_A: 0.044, G_A: 0.745, cycle_A: 0.094, idt_A: 0.138, D_B: 0.002, G_B: 1.029, cycle_B: 0.214, idt_B: 0.085

[Rank 0] (epoch: 589, iters: 1568, time: 0.029, data: 0.002) , D_A: 0.051, G_A: 0.853, cycle_A: 0.100, idt_A: 0.122, D_B: 0.001, G_B: 0.974, cycle_B: 0.185, idt_B: 0.083

[Rank 0] (epoch: 589, iters: 1768, time: 0.026, data: 0.005) , D_A: 0.058, G_A: 0.728, cycle_A: 0.091, idt_A: 0.125, D_B: 0.002, G_B: 1.014, cycle_B: 0.183, idt_B: 0.087

learning rate 0.0000100 -> 0.0000100
saving the model at the end of epoch 589, iters 38560
End of epoch 589 / 950 	 Time Taken: 60 sec
[Rank 0] (epoch: 590, iters: 40, time: 0.152, data: 0.003) , D_A: 0.080, G_A: 1.123, cycle_A: 0.065, idt_A: 0.129, D_B: 0.001, G_B: 0.971, cycle_B: 0.202, idt_B: 0.057

[Rank 0] (epoch: 590, iters: 240, time: 0.029, data: 0.003) , D_A: 0.078, G_A: 0.561, cycle_A: 0.067, idt_A: 0.122, D_B: 0.001, G_B: 0.953, cycle_B: 0.182, idt_B: 0.058

[Rank 0] (epoch: 590, iters: 440, time: 0.157, data: 0.004) , D_A: 0.070, G_A: 0.507, cycle_A: 0.069, idt_A: 0.122, D_B: 0.003, G_B: 0.866, cycle_B: 0.178, idt_B: 0.065

[Rank 0] (epoch: 590, iters: 640, time: 0.029, data: 0.003) , D_A: 0.079, G_A: 0.696, cycle_A: 0.084, idt_A: 0.120, D_B: 0.001, G_B: 1.011, cycle_B: 0.193, idt_B: 0.069

[Rank 0] (epoch: 590, iters: 840, time: 0.030, data: 0.002) , D_A: 0.070, G_A: 0.678, cycle_A: 0.060, idt_A: 0.125, D_B: 0.017, G_B: 0.984, cycle_B: 0.194, idt_B: 0.052

[Rank 0] (epoch: 590, iters: 1040, time: 0.029, data: 0.003) , D_A: 0.081, G_A: 0.575, cycle_A: 0.092, idt_A: 0.123, D_B: 0.001, G_B: 0.983, cycle_B: 0.179, idt_B: 0.084

[Rank 0] (epoch: 590, iters: 1240, time: 0.026, data: 0.151) , D_A: 0.065, G_A: 0.748, cycle_A: 0.091, idt_A: 0.128, D_B: 0.001, G_B: 0.988, cycle_B: 0.204, idt_B: 0.075

[Rank 0] (epoch: 590, iters: 1440, time: 0.136, data: 0.003) , D_A: 0.091, G_A: 0.983, cycle_A: 0.068, idt_A: 0.138, D_B: 0.001, G_B: 0.955, cycle_B: 0.207, idt_B: 0.061

saving the latest model (epoch 590, total_iters 40000)
[Rank 0] (epoch: 590, iters: 1640, time: 0.030, data: 0.002) , D_A: 0.063, G_A: 1.060, cycle_A: 0.080, idt_A: 0.129, D_B: 0.001, G_B: 0.993, cycle_B: 0.195, idt_B: 0.069

[Rank 0] (epoch: 590, iters: 1840, time: 0.029, data: 0.004) , D_A: 0.056, G_A: 0.621, cycle_A: 0.068, idt_A: 0.136, D_B: 0.001, G_B: 0.994, cycle_B: 0.201, idt_B: 0.062

learning rate 0.0000100 -> 0.0000100
saving the model at the end of epoch 590, iters 40488
End of epoch 590 / 950 	 Time Taken: 59 sec
[Rank 0] (epoch: 591, iters: 112, time: 0.136, data: 0.003) , D_A: 0.049, G_A: 0.636, cycle_A: 0.069, idt_A: 0.149, D_B: 0.001, G_B: 1.020, cycle_B: 0.231, idt_B: 0.067

[Rank 0] (epoch: 591, iters: 312, time: 0.030, data: 0.002) , D_A: 0.054, G_A: 0.693, cycle_A: 0.081, idt_A: 0.125, D_B: 0.002, G_B: 0.938, cycle_B: 0.189, idt_B: 0.072

[Rank 0] (epoch: 591, iters: 512, time: 0.144, data: 0.004) , D_A: 0.051, G_A: 1.001, cycle_A: 0.073, idt_A: 0.129, D_B: 0.001, G_B: 1.009, cycle_B: 0.193, idt_B: 0.063

[Rank 0] (epoch: 591, iters: 712, time: 0.026, data: 0.004) , D_A: 0.068, G_A: 0.679, cycle_A: 0.097, idt_A: 0.134, D_B: 0.001, G_B: 1.030, cycle_B: 0.196, idt_B: 0.084

[Rank 0] (epoch: 591, iters: 912, time: 0.029, data: 0.003) , D_A: 0.074, G_A: 1.008, cycle_A: 0.081, idt_A: 0.148, D_B: 0.001, G_B: 1.001, cycle_B: 0.216, idt_B: 0.071

[Rank 0] (epoch: 591, iters: 1112, time: 0.030, data: 0.003) , D_A: 0.075, G_A: 0.639, cycle_A: 0.072, idt_A: 0.130, D_B: 0.001, G_B: 1.069, cycle_B: 0.207, idt_B: 0.061

[Rank 0] (epoch: 591, iters: 1312, time: 0.029, data: 0.005) , D_A: 0.072, G_A: 1.013, cycle_A: 0.076, idt_A: 0.126, D_B: 0.001, G_B: 0.994, cycle_B: 0.191, idt_B: 0.065

[Rank 0] (epoch: 591, iters: 1512, time: 0.114, data: 0.141) , D_A: 0.059, G_A: 0.566, cycle_A: 0.070, idt_A: 0.133, D_B: 0.002, G_B: 0.899, cycle_B: 0.197, idt_B: 0.067

[Rank 0] (epoch: 591, iters: 1712, time: 0.029, data: 0.003) , D_A: 0.076, G_A: 0.631, cycle_A: 0.078, idt_A: 0.143, D_B: 0.004, G_B: 1.206, cycle_B: 0.266, idt_B: 0.070

[Rank 0] (epoch: 591, iters: 1912, time: 0.030, data: 0.002) , D_A: 0.080, G_A: 0.782, cycle_A: 0.089, idt_A: 0.140, D_B: 0.001, G_B: 0.995, cycle_B: 0.220, idt_B: 0.077

learning rate 0.0000100 -> 0.0000100
saving the model at the end of epoch 591, iters 42416
End of epoch 591 / 950 	 Time Taken: 59 sec
[Rank 0] (epoch: 592, iters: 184, time: 0.134, data: 0.003) , D_A: 0.067, G_A: 0.710, cycle_A: 0.097, idt_A: 0.130, D_B: 0.001, G_B: 0.972, cycle_B: 0.204, idt_B: 0.083

[Rank 0] (epoch: 592, iters: 384, time: 0.026, data: 0.003) , D_A: 0.059, G_A: 0.819, cycle_A: 0.091, idt_A: 0.133, D_B: 0.002, G_B: 0.925, cycle_B: 0.203, idt_B: 0.085

[Rank 0] (epoch: 592, iters: 584, time: 0.123, data: 0.134) , D_A: 0.078, G_A: 0.649, cycle_A: 0.050, idt_A: 0.142, D_B: 0.001, G_B: 0.938, cycle_B: 0.219, idt_B: 0.046

[Rank 0] (epoch: 592, iters: 784, time: 0.029, data: 0.004) , D_A: 0.041, G_A: 0.981, cycle_A: 0.107, idt_A: 0.132, D_B: 0.002, G_B: 0.947, cycle_B: 0.207, idt_B: 0.097

[Rank 0] (epoch: 592, iters: 984, time: 0.030, data: 0.002) , D_A: 0.046, G_A: 0.884, cycle_A: 0.080, idt_A: 0.124, D_B: 0.001, G_B: 0.990, cycle_B: 0.180, idt_B: 0.075

[Rank 0] (epoch: 592, iters: 1184, time: 0.026, data: 0.141) , D_A: 0.058, G_A: 0.863, cycle_A: 0.065, idt_A: 0.138, D_B: 0.001, G_B: 0.995, cycle_B: 0.215, idt_B: 0.065

[Rank 0] (epoch: 592, iters: 1384, time: 0.030, data: 0.004) , D_A: 0.065, G_A: 0.661, cycle_A: 0.070, idt_A: 0.132, D_B: 0.001, G_B: 0.987, cycle_B: 0.208, idt_B: 0.064

[Rank 0] (epoch: 592, iters: 1584, time: 0.133, data: 0.002) , D_A: 0.062, G_A: 0.716, cycle_A: 0.078, idt_A: 0.146, D_B: 0.001, G_B: 0.981, cycle_B: 0.220, idt_B: 0.068

[Rank 0] (epoch: 592, iters: 1784, time: 0.029, data: 0.006) , D_A: 0.082, G_A: 0.625, cycle_A: 0.069, idt_A: 0.145, D_B: 0.001, G_B: 0.983, cycle_B: 0.224, idt_B: 0.066

learning rate 0.0000100 -> 0.0000100
saving the model at the end of epoch 592, iters 44344
End of epoch 592 / 950 	 Time Taken: 60 sec
[Rank 0] (epoch: 593, iters: 56, time: 0.162, data: 0.004) , D_A: 0.065, G_A: 0.696, cycle_A: 0.084, idt_A: 0.157, D_B: 0.001, G_B: 1.000, cycle_B: 0.240, idt_B: 0.075

[Rank 0] (epoch: 593, iters: 256, time: 0.029, data: 0.002) , D_A: 0.060, G_A: 0.738, cycle_A: 0.079, idt_A: 0.146, D_B: 0.002, G_B: 0.890, cycle_B: 0.224, idt_B: 0.069

[Rank 0] (epoch: 593, iters: 456, time: 0.026, data: 0.004) , D_A: 0.061, G_A: 0.601, cycle_A: 0.083, idt_A: 0.132, D_B: 0.001, G_B: 1.018, cycle_B: 0.204, idt_B: 0.077

[Rank 0] (epoch: 593, iters: 656, time: 0.157, data: 0.002) , D_A: 0.060, G_A: 0.653, cycle_A: 0.075, idt_A: 0.134, D_B: 0.001, G_B: 0.994, cycle_B: 0.207, idt_B: 0.067

saving the latest model (epoch 593, total_iters 45000)
[Rank 0] (epoch: 593, iters: 856, time: 0.030, data: 0.002) , D_A: 0.066, G_A: 0.883, cycle_A: 0.105, idt_A: 0.131, D_B: 0.001, G_B: 0.982, cycle_B: 0.201, idt_B: 0.093

[Rank 0] (epoch: 593, iters: 1056, time: 0.029, data: 0.011) , D_A: 0.050, G_A: 0.747, cycle_A: 0.077, idt_A: 0.138, D_B: 0.002, G_B: 0.916, cycle_B: 0.199, idt_B: 0.075

[Rank 0] (epoch: 593, iters: 1256, time: 0.026, data: 0.168) , D_A: 0.067, G_A: 0.660, cycle_A: 0.071, idt_A: 0.145, D_B: 0.001, G_B: 0.996, cycle_B: 0.208, idt_B: 0.063

[Rank 0] (epoch: 593, iters: 1456, time: 0.030, data: 0.002) , D_A: 0.060, G_A: 0.830, cycle_A: 0.066, idt_A: 0.120, D_B: 0.001, G_B: 0.965, cycle_B: 0.195, idt_B: 0.065

[Rank 0] (epoch: 593, iters: 1656, time: 0.131, data: 0.002) , D_A: 0.052, G_A: 0.696, cycle_A: 0.092, idt_A: 0.135, D_B: 0.001, G_B: 0.978, cycle_B: 0.201, idt_B: 0.078

[Rank 0] (epoch: 593, iters: 1856, time: 0.029, data: 0.003) , D_A: 0.081, G_A: 0.758, cycle_A: 0.104, idt_A: 0.138, D_B: 0.001, G_B: 0.976, cycle_B: 0.211, idt_B: 0.087

learning rate 0.0000100 -> 0.0000100
saving the model at the end of epoch 593, iters 46272
End of epoch 593 / 950 	 Time Taken: 58 sec
[Rank 0] (epoch: 594, iters: 128, time: 0.153, data: 0.004) , D_A: 0.055, G_A: 0.763, cycle_A: 0.078, idt_A: 0.122, D_B: 0.001, G_B: 1.010, cycle_B: 0.187, idt_B: 0.065

[Rank 0] (epoch: 594, iters: 328, time: 0.026, data: 0.006) , D_A: 0.076, G_A: 0.616, cycle_A: 0.078, idt_A: 0.138, D_B: 0.001, G_B: 0.975, cycle_B: 0.209, idt_B: 0.072

[Rank 0] (epoch: 594, iters: 528, time: 0.030, data: 0.002) , D_A: 0.054, G_A: 0.677, cycle_A: 0.078, idt_A: 0.118, D_B: 0.009, G_B: 0.970, cycle_B: 0.175, idt_B: 0.065

[Rank 0] (epoch: 594, iters: 728, time: 0.161, data: 0.003) , D_A: 0.072, G_A: 0.788, cycle_A: 0.101, idt_A: 0.131, D_B: 0.005, G_B: 0.890, cycle_B: 0.215, idt_B: 0.092

[Rank 0] (epoch: 594, iters: 928, time: 0.029, data: 0.006) , D_A: 0.061, G_A: 0.671, cycle_A: 0.095, idt_A: 0.111, D_B: 0.006, G_B: 0.808, cycle_B: 0.172, idt_B: 0.086

[Rank 0] (epoch: 594, iters: 1128, time: 0.026, data: 0.008) , D_A: 0.067, G_A: 0.849, cycle_A: 0.094, idt_A: 0.114, D_B: 0.002, G_B: 0.998, cycle_B: 0.172, idt_B: 0.080

[Rank 0] (epoch: 594, iters: 1328, time: 0.029, data: 0.002) , D_A: 0.059, G_A: 0.718, cycle_A: 0.085, idt_A: 0.130, D_B: 0.023, G_B: 0.957, cycle_B: 0.201, idt_B: 0.069

[Rank 0] (epoch: 594, iters: 1528, time: 0.029, data: 0.003) , D_A: 0.064, G_A: 0.683, cycle_A: 0.073, idt_A: 0.126, D_B: 0.001, G_B: 0.986, cycle_B: 0.184, idt_B: 0.065

[Rank 0] (epoch: 594, iters: 1728, time: 0.141, data: 0.003) , D_A: 0.059, G_A: 0.767, cycle_A: 0.065, idt_A: 0.135, D_B: 0.001, G_B: 0.983, cycle_B: 0.209, idt_B: 0.055

[Rank 0] (epoch: 594, iters: 1928, time: 0.023, data: 0.004) , D_A: 0.060, G_A: 0.632, cycle_A: 0.066, idt_A: 0.125, D_B: 0.001, G_B: 0.976, cycle_B: 0.192, idt_B: 0.055

learning rate 0.0000100 -> 0.0000100
saving the model at the end of epoch 594, iters 48200
End of epoch 594 / 950 	 Time Taken: 58 sec
[Rank 0] (epoch: 595, iters: 200, time: 0.142, data: 1.063) , D_A: 0.093, G_A: 0.728, cycle_A: 0.092, idt_A: 0.127, D_B: 0.001, G_B: 0.966, cycle_B: 0.196, idt_B: 0.079

[Rank 0] (epoch: 595, iters: 400, time: 0.026, data: 0.004) , D_A: 0.065, G_A: 0.632, cycle_A: 0.073, idt_A: 0.124, D_B: 0.001, G_B: 0.961, cycle_B: 0.187, idt_B: 0.065

[Rank 0] (epoch: 595, iters: 600, time: 0.030, data: 0.002) , D_A: 0.075, G_A: 0.789, cycle_A: 0.095, idt_A: 0.130, D_B: 0.001, G_B: 0.967, cycle_B: 0.193, idt_B: 0.095

[Rank 0] (epoch: 595, iters: 800, time: 0.152, data: 0.003) , D_A: 0.092, G_A: 0.690, cycle_A: 0.052, idt_A: 0.132, D_B: 0.001, G_B: 0.992, cycle_B: 0.205, idt_B: 0.040

[Rank 0] (epoch: 595, iters: 1000, time: 0.027, data: 0.004) , D_A: 0.055, G_A: 0.859, cycle_A: 0.065, idt_A: 0.122, D_B: 0.001, G_B: 0.939, cycle_B: 0.192, idt_B: 0.056

[Rank 0] (epoch: 595, iters: 1200, time: 0.026, data: 0.169) , D_A: 0.074, G_A: 0.764, cycle_A: 0.075, idt_A: 0.147, D_B: 0.001, G_B: 0.980, cycle_B: 0.233, idt_B: 0.066

[Rank 0] (epoch: 595, iters: 1400, time: 0.030, data: 0.002) , D_A: 0.049, G_A: 0.669, cycle_A: 0.068, idt_A: 0.125, D_B: 0.001, G_B: 0.980, cycle_B: 0.194, idt_B: 0.061

[Rank 0] (epoch: 595, iters: 1600, time: 0.029, data: 0.003) , D_A: 0.072, G_A: 0.772, cycle_A: 0.077, idt_A: 0.128, D_B: 0.001, G_B: 0.948, cycle_B: 0.204, idt_B: 0.064

[Rank 0] (epoch: 595, iters: 1800, time: 0.144, data: 0.006) , D_A: 0.061, G_A: 0.643, cycle_A: 0.069, idt_A: 0.137, D_B: 0.001, G_B: 0.990, cycle_B: 0.206, idt_B: 0.061

saving the latest model (epoch 595, total_iters 50000)
learning rate 0.0000100 -> 0.0000100
saving the model at the end of epoch 595, iters 50128
End of epoch 595 / 950 	 Time Taken: 60 sec
[Rank 0] (epoch: 596, iters: 72, time: 0.173, data: 0.009) , D_A: 0.072, G_A: 0.727, cycle_A: 0.083, idt_A: 0.139, D_B: 0.001, G_B: 0.940, cycle_B: 0.212, idt_B: 0.071

[Rank 0] (epoch: 596, iters: 272, time: 0.029, data: 0.008) , D_A: 0.062, G_A: 0.671, cycle_A: 0.074, idt_A: 0.117, D_B: 0.001, G_B: 0.962, cycle_B: 0.185, idt_B: 0.060

[Rank 0] (epoch: 596, iters: 472, time: 0.030, data: 0.003) , D_A: 0.068, G_A: 0.916, cycle_A: 0.077, idt_A: 0.138, D_B: 0.001, G_B: 1.001, cycle_B: 0.216, idt_B: 0.065

[Rank 0] (epoch: 596, iters: 672, time: 0.030, data: 0.002) , D_A: 0.063, G_A: 0.656, cycle_A: 0.063, idt_A: 0.146, D_B: 0.001, G_B: 0.987, cycle_B: 0.234, idt_B: 0.052

[Rank 0] (epoch: 596, iters: 872, time: 0.134, data: 0.097) , D_A: 0.080, G_A: 0.815, cycle_A: 0.062, idt_A: 0.130, D_B: 0.001, G_B: 1.006, cycle_B: 0.199, idt_B: 0.059

[Rank 0] (epoch: 596, iters: 1072, time: 0.030, data: 0.002) , D_A: 0.050, G_A: 0.748, cycle_A: 0.062, idt_A: 0.141, D_B: 0.001, G_B: 0.973, cycle_B: 0.222, idt_B: 0.056

[Rank 0] (epoch: 596, iters: 1272, time: 0.029, data: 0.004) , D_A: 0.076, G_A: 0.694, cycle_A: 0.076, idt_A: 0.154, D_B: 0.017, G_B: 0.706, cycle_B: 0.253, idt_B: 0.069

[Rank 0] (epoch: 596, iters: 1472, time: 0.030, data: 0.002) , D_A: 0.105, G_A: 0.837, cycle_A: 0.092, idt_A: 0.121, D_B: 0.003, G_B: 0.904, cycle_B: 0.201, idt_B: 0.090

[Rank 0] (epoch: 596, iters: 1672, time: 0.026, data: 0.159) , D_A: 0.041, G_A: 0.780, cycle_A: 0.081, idt_A: 0.140, D_B: 0.006, G_B: 0.845, cycle_B: 0.226, idt_B: 0.068

[Rank 0] (epoch: 596, iters: 1872, time: 0.156, data: 0.006) , D_A: 0.088, G_A: 0.841, cycle_A: 0.065, idt_A: 0.125, D_B: 0.003, G_B: 0.968, cycle_B: 0.204, idt_B: 0.058

learning rate 0.0000100 -> 0.0000100
saving the model at the end of epoch 596, iters 52056
End of epoch 596 / 950 	 Time Taken: 61 sec
[Rank 0] (epoch: 597, iters: 144, time: 0.134, data: 0.002) , D_A: 0.049, G_A: 0.740, cycle_A: 0.055, idt_A: 0.149, D_B: 0.005, G_B: 0.909, cycle_B: 0.241, idt_B: 0.053

[Rank 0] (epoch: 597, iters: 344, time: 0.030, data: 0.002) , D_A: 0.063, G_A: 0.723, cycle_A: 0.082, idt_A: 0.135, D_B: 0.002, G_B: 0.988, cycle_B: 0.218, idt_B: 0.071

[Rank 0] (epoch: 597, iters: 544, time: 0.029, data: 0.003) , D_A: 0.056, G_A: 0.639, cycle_A: 0.092, idt_A: 0.135, D_B: 0.001, G_B: 1.011, cycle_B: 0.216, idt_B: 0.074

[Rank 0] (epoch: 597, iters: 744, time: 0.026, data: 0.089) , D_A: 0.062, G_A: 0.740, cycle_A: 0.056, idt_A: 0.122, D_B: 0.004, G_B: 0.876, cycle_B: 0.192, idt_B: 0.053

[Rank 0] (epoch: 597, iters: 944, time: 0.126, data: 0.100) , D_A: 0.057, G_A: 0.658, cycle_A: 0.077, idt_A: 0.111, D_B: 0.001, G_B: 0.968, cycle_B: 0.175, idt_B: 0.072

[Rank 0] (epoch: 597, iters: 1144, time: 0.030, data: 0.002) , D_A: 0.055, G_A: 0.786, cycle_A: 0.076, idt_A: 0.115, D_B: 0.005, G_B: 0.952, cycle_B: 0.182, idt_B: 0.066

[Rank 0] (epoch: 597, iters: 1344, time: 0.029, data: 0.004) , D_A: 0.071, G_A: 1.099, cycle_A: 0.084, idt_A: 0.133, D_B: 0.002, G_B: 0.939, cycle_B: 0.208, idt_B: 0.072

[Rank 0] (epoch: 597, iters: 1544, time: 0.026, data: 0.085) , D_A: 0.048, G_A: 0.743, cycle_A: 0.067, idt_A: 0.138, D_B: 0.006, G_B: 0.965, cycle_B: 0.228, idt_B: 0.052

[Rank 0] (epoch: 597, iters: 1744, time: 0.026, data: 0.004) , D_A: 0.062, G_A: 0.796, cycle_A: 0.067, idt_A: 0.136, D_B: 0.044, G_B: 0.895, cycle_B: 0.221, idt_B: 0.059

learning rate 0.0000100 -> 0.0000100
saving the model at the end of epoch 597, iters 53984
End of epoch 597 / 950 	 Time Taken: 60 sec
[Rank 0] (epoch: 598, iters: 16, time: 0.165, data: 0.002) , D_A: 0.052, G_A: 0.673, cycle_A: 0.101, idt_A: 0.114, D_B: 0.001, G_B: 0.967, cycle_B: 0.179, idt_B: 0.098

[Rank 0] (epoch: 598, iters: 216, time: 0.030, data: 0.004) , D_A: 0.066, G_A: 0.778, cycle_A: 0.077, idt_A: 0.120, D_B: 0.001, G_B: 0.993, cycle_B: 0.198, idt_B: 0.067

[Rank 0] (epoch: 598, iters: 416, time: 0.026, data: 0.003) , D_A: 0.049, G_A: 0.842, cycle_A: 0.086, idt_A: 0.156, D_B: 0.035, G_B: 0.996, cycle_B: 0.239, idt_B: 0.076

[Rank 0] (epoch: 598, iters: 616, time: 0.030, data: 0.032) , D_A: 0.061, G_A: 0.626, cycle_A: 0.061, idt_A: 0.140, D_B: 0.004, G_B: 0.838, cycle_B: 0.212, idt_B: 0.051

[Rank 0] (epoch: 598, iters: 816, time: 0.030, data: 0.003) , D_A: 0.081, G_A: 0.538, cycle_A: 0.060, idt_A: 0.135, D_B: 0.001, G_B: 0.988, cycle_B: 0.207, idt_B: 0.050

[Rank 0] (epoch: 598, iters: 1016, time: 0.155, data: 0.153) , D_A: 0.061, G_A: 0.789, cycle_A: 0.084, idt_A: 0.144, D_B: 0.002, G_B: 0.934, cycle_B: 0.223, idt_B: 0.070

saving the latest model (epoch 598, total_iters 55000)
[Rank 0] (epoch: 598, iters: 1216, time: 0.029, data: 0.002) , D_A: 0.046, G_A: 0.744, cycle_A: 0.093, idt_A: 0.152, D_B: 0.001, G_B: 1.041, cycle_B: 0.239, idt_B: 0.086

[Rank 0] (epoch: 598, iters: 1416, time: 0.029, data: 0.002) , D_A: 0.072, G_A: 0.731, cycle_A: 0.073, idt_A: 0.128, D_B: 0.001, G_B: 0.990, cycle_B: 0.196, idt_B: 0.067

[Rank 0] (epoch: 598, iters: 1616, time: 0.026, data: 0.149) , D_A: 0.073, G_A: 0.617, cycle_A: 0.080, idt_A: 0.131, D_B: 0.001, G_B: 0.998, cycle_B: 0.200, idt_B: 0.069

[Rank 0] (epoch: 598, iters: 1816, time: 0.030, data: 0.002) , D_A: 0.098, G_A: 0.672, cycle_A: 0.074, idt_A: 0.123, D_B: 0.001, G_B: 0.982, cycle_B: 0.188, idt_B: 0.055

learning rate 0.0000100 -> 0.0000100
saving the model at the end of epoch 598, iters 55912
End of epoch 598 / 950 	 Time Taken: 60 sec
[Rank 0] (epoch: 599, iters: 88, time: 0.139, data: 0.003) , D_A: 0.043, G_A: 0.775, cycle_A: 0.070, idt_A: 0.131, D_B: 0.002, G_B: 0.920, cycle_B: 0.204, idt_B: 0.063

[Rank 0] (epoch: 599, iters: 288, time: 0.029, data: 0.003) , D_A: 0.050, G_A: 0.736, cycle_A: 0.075, idt_A: 0.124, D_B: 0.001, G_B: 0.975, cycle_B: 0.191, idt_B: 0.066

[Rank 0] (epoch: 599, iters: 488, time: 0.026, data: 0.177) , D_A: 0.071, G_A: 0.872, cycle_A: 0.070, idt_A: 0.124, D_B: 0.001, G_B: 0.985, cycle_B: 0.200, idt_B: 0.065

[Rank 0] (epoch: 599, iters: 688, time: 0.029, data: 0.003) , D_A: 0.064, G_A: 0.896, cycle_A: 0.063, idt_A: 0.132, D_B: 0.001, G_B: 0.980, cycle_B: 0.202, idt_B: 0.054

[Rank 0] (epoch: 599, iters: 888, time: 0.030, data: 0.004) , D_A: 0.064, G_A: 0.694, cycle_A: 0.062, idt_A: 0.162, D_B: 0.004, G_B: 0.863, cycle_B: 0.268, idt_B: 0.060

[Rank 0] (epoch: 599, iters: 1088, time: 0.136, data: 0.006) , D_A: 0.070, G_A: 0.953, cycle_A: 0.072, idt_A: 0.131, D_B: 0.002, G_B: 1.008, cycle_B: 0.217, idt_B: 0.059

[Rank 0] (epoch: 599, iters: 1288, time: 0.026, data: 0.011) , D_A: 0.048, G_A: 0.777, cycle_A: 0.072, idt_A: 0.120, D_B: 0.002, G_B: 0.964, cycle_B: 0.185, idt_B: 0.060

[Rank 0] (epoch: 599, iters: 1488, time: 0.030, data: 0.003) , D_A: 0.060, G_A: 0.818, cycle_A: 0.084, idt_A: 0.138, D_B: 0.002, G_B: 0.956, cycle_B: 0.214, idt_B: 0.076

[Rank 0] (epoch: 599, iters: 1688, time: 0.026, data: 0.127) , D_A: 0.063, G_A: 0.605, cycle_A: 0.080, idt_A: 0.132, D_B: 0.003, G_B: 0.878, cycle_B: 0.197, idt_B: 0.073

[Rank 0] (epoch: 599, iters: 1888, time: 0.030, data: 0.002) , D_A: 0.057, G_A: 0.891, cycle_A: 0.058, idt_A: 0.135, D_B: 0.001, G_B: 0.962, cycle_B: 0.215, idt_B: 0.054

learning rate 0.0000100 -> 0.0000100
saving the model at the end of epoch 599, iters 57840
End of epoch 599 / 950 	 Time Taken: 62 sec
[Rank 0] (epoch: 600, iters: 160, time: 0.144, data: 0.109) , D_A: 0.052, G_A: 0.736, cycle_A: 0.098, idt_A: 0.127, D_B: 0.001, G_B: 0.979, cycle_B: 0.200, idt_B: 0.084

[Rank 0] (epoch: 600, iters: 360, time: 0.026, data: 0.013) , D_A: 0.056, G_A: 0.726, cycle_A: 0.105, idt_A: 0.129, D_B: 0.001, G_B: 0.965, cycle_B: 0.197, idt_B: 0.103

[Rank 0] (epoch: 600, iters: 560, time: 0.029, data: 0.003) , D_A: 0.093, G_A: 0.808, cycle_A: 0.086, idt_A: 0.121, D_B: 0.001, G_B: 0.999, cycle_B: 0.194, idt_B: 0.075

[Rank 0] (epoch: 600, iters: 760, time: 0.030, data: 0.003) , D_A: 0.097, G_A: 1.073, cycle_A: 0.089, idt_A: 0.127, D_B: 0.001, G_B: 0.978, cycle_B: 0.202, idt_B: 0.071

[Rank 0] (epoch: 600, iters: 960, time: 0.029, data: 0.004) , D_A: 0.066, G_A: 0.781, cycle_A: 0.058, idt_A: 0.124, D_B: 0.001, G_B: 1.000, cycle_B: 0.197, idt_B: 0.053

[Rank 0] (epoch: 600, iters: 1160, time: 0.127, data: 0.086) , D_A: 0.054, G_A: 0.657, cycle_A: 0.089, idt_A: 0.136, D_B: 0.001, G_B: 0.976, cycle_B: 0.208, idt_B: 0.075

[Rank 0] (epoch: 600, iters: 1360, time: 0.030, data: 0.003) , D_A: 0.057, G_A: 0.849, cycle_A: 0.073, idt_A: 0.131, D_B: 0.002, G_B: 0.968, cycle_B: 0.197, idt_B: 0.065

[Rank 0] (epoch: 600, iters: 1560, time: 0.029, data: 0.002) , D_A: 0.044, G_A: 0.745, cycle_A: 0.108, idt_A: 0.120, D_B: 0.001, G_B: 0.978, cycle_B: 0.183, idt_B: 0.100

[Rank 0] (epoch: 600, iters: 1760, time: 0.029, data: 0.004) , D_A: 0.052, G_A: 0.795, cycle_A: 0.090, idt_A: 0.131, D_B: 0.001, G_B: 0.977, cycle_B: 0.206, idt_B: 0.084

learning rate 0.0000100 -> 0.0000100
saving the model at the end of epoch 600, iters 59768
End of epoch 600 / 950 	 Time Taken: 61 sec
[Rank 0] (epoch: 601, iters: 32, time: 0.168, data: 0.179) , D_A: 0.066, G_A: 0.698, cycle_A: 0.076, idt_A: 0.137, D_B: 0.001, G_B: 0.995, cycle_B: 0.209, idt_B: 0.070

[Rank 0] (epoch: 601, iters: 232, time: 0.159, data: 0.007) , D_A: 0.059, G_A: 0.928, cycle_A: 0.082, idt_A: 0.136, D_B: 0.001, G_B: 1.012, cycle_B: 0.213, idt_B: 0.073

saving the latest model (epoch 601, total_iters 60000)
[Rank 0] (epoch: 601, iters: 432, time: 0.030, data: 0.007) , D_A: 0.066, G_A: 0.739, cycle_A: 0.097, idt_A: 0.140, D_B: 0.003, G_B: 0.880, cycle_B: 0.219, idt_B: 0.090

[Rank 0] (epoch: 601, iters: 632, time: 0.029, data: 0.003) , D_A: 0.039, G_A: 0.781, cycle_A: 0.066, idt_A: 0.126, D_B: 0.001, G_B: 0.977, cycle_B: 0.185, idt_B: 0.063

[Rank 0] (epoch: 601, iters: 832, time: 0.028, data: 0.004) , D_A: 0.047, G_A: 0.780, cycle_A: 0.074, idt_A: 0.132, D_B: 0.001, G_B: 0.955, cycle_B: 0.197, idt_B: 0.064

[Rank 0] (epoch: 601, iters: 1032, time: 0.030, data: 0.002) , D_A: 0.049, G_A: 0.772, cycle_A: 0.100, idt_A: 0.133, D_B: 0.002, G_B: 0.979, cycle_B: 0.203, idt_B: 0.085

[Rank 0] (epoch: 601, iters: 1232, time: 0.142, data: 0.146) , D_A: 0.069, G_A: 0.745, cycle_A: 0.090, idt_A: 0.125, D_B: 0.001, G_B: 0.969, cycle_B: 0.175, idt_B: 0.078

[Rank 0] (epoch: 601, iters: 1432, time: 0.029, data: 0.007) , D_A: 0.049, G_A: 0.798, cycle_A: 0.057, idt_A: 0.133, D_B: 0.006, G_B: 0.795, cycle_B: 0.212, idt_B: 0.051

[Rank 0] (epoch: 601, iters: 1632, time: 0.029, data: 0.003) , D_A: 0.069, G_A: 0.623, cycle_A: 0.049, idt_A: 0.131, D_B: 0.001, G_B: 0.979, cycle_B: 0.202, idt_B: 0.043

[Rank 0] (epoch: 601, iters: 1832, time: 0.029, data: 0.003) , D_A: 0.059, G_A: 0.671, cycle_A: 0.074, idt_A: 0.133, D_B: 0.001, G_B: 1.003, cycle_B: 0.198, idt_B: 0.066

learning rate 0.0000100 -> 0.0000100
saving the model at the end of epoch 601, iters 61696
End of epoch 601 / 950 	 Time Taken: 59 sec
[Rank 0] (epoch: 602, iters: 104, time: 0.142, data: 0.004) , D_A: 0.061, G_A: 0.766, cycle_A: 0.091, idt_A: 0.127, D_B: 0.002, G_B: 0.976, cycle_B: 0.205, idt_B: 0.074

[Rank 0] (epoch: 602, iters: 304, time: 0.133, data: 0.002) , D_A: 0.061, G_A: 0.656, cycle_A: 0.071, idt_A: 0.113, D_B: 0.002, G_B: 1.035, cycle_B: 0.186, idt_B: 0.062

[Rank 0] (epoch: 602, iters: 504, time: 0.026, data: 0.003) , D_A: 0.101, G_A: 0.843, cycle_A: 0.075, idt_A: 0.129, D_B: 0.002, G_B: 0.914, cycle_B: 0.213, idt_B: 0.068

[Rank 0] (epoch: 602, iters: 704, time: 0.030, data: 0.003) , D_A: 0.058, G_A: 0.734, cycle_A: 0.080, idt_A: 0.137, D_B: 0.002, G_B: 0.960, cycle_B: 0.203, idt_B: 0.064

[Rank 0] (epoch: 602, iters: 904, time: 0.026, data: 0.198) , D_A: 0.068, G_A: 0.657, cycle_A: 0.074, idt_A: 0.133, D_B: 0.002, G_B: 0.985, cycle_B: 0.205, idt_B: 0.066

[Rank 0] (epoch: 602, iters: 1104, time: 0.030, data: 0.002) , D_A: 0.044, G_A: 0.761, cycle_A: 0.093, idt_A: 0.131, D_B: 0.002, G_B: 0.990, cycle_B: 0.202, idt_B: 0.076

[Rank 0] (epoch: 602, iters: 1304, time: 0.129, data: 0.021) , D_A: 0.050, G_A: 0.653, cycle_A: 0.080, idt_A: 0.121, D_B: 0.003, G_B: 0.893, cycle_B: 0.176, idt_B: 0.075

[Rank 0] (epoch: 602, iters: 1504, time: 0.029, data: 0.003) , D_A: 0.093, G_A: 0.788, cycle_A: 0.074, idt_A: 0.123, D_B: 0.002, G_B: 0.991, cycle_B: 0.183, idt_B: 0.070

[Rank 0] (epoch: 602, iters: 1704, time: 0.029, data: 0.003) , D_A: 0.080, G_A: 0.985, cycle_A: 0.066, idt_A: 0.132, D_B: 0.015, G_B: 0.947, cycle_B: 0.225, idt_B: 0.065

[Rank 0] (epoch: 602, iters: 1904, time: 0.029, data: 0.003) , D_A: 0.093, G_A: 0.841, cycle_A: 0.090, idt_A: 0.127, D_B: 0.008, G_B: 0.804, cycle_B: 0.210, idt_B: 0.083

learning rate 0.0000100 -> 0.0000100
saving the model at the end of epoch 602, iters 63624
End of epoch 602 / 950 	 Time Taken: 61 sec
[Rank 0] (epoch: 603, iters: 176, time: 0.136, data: 0.075) , D_A: 0.065, G_A: 0.590, cycle_A: 0.088, idt_A: 0.130, D_B: 0.010, G_B: 0.699, cycle_B: 0.243, idt_B: 0.078

[Rank 0] (epoch: 603, iters: 376, time: 0.136, data: 0.003) , D_A: 0.058, G_A: 0.901, cycle_A: 0.087, idt_A: 0.126, D_B: 0.026, G_B: 0.908, cycle_B: 0.227, idt_B: 0.077

[Rank 0] (epoch: 603, iters: 576, time: 0.030, data: 0.002) , D_A: 0.065, G_A: 0.785, cycle_A: 0.081, idt_A: 0.120, D_B: 0.004, G_B: 0.964, cycle_B: 0.208, idt_B: 0.081

[Rank 0] (epoch: 603, iters: 776, time: 0.026, data: 0.188) , D_A: 0.056, G_A: 0.714, cycle_A: 0.079, idt_A: 0.130, D_B: 0.031, G_B: 0.844, cycle_B: 0.230, idt_B: 0.075

[Rank 0] (epoch: 603, iters: 976, time: 0.026, data: 0.004) , D_A: 0.058, G_A: 0.907, cycle_A: 0.097, idt_A: 0.134, D_B: 0.007, G_B: 0.891, cycle_B: 0.257, idt_B: 0.088

[Rank 0] (epoch: 603, iters: 1176, time: 0.030, data: 0.003) , D_A: 0.047, G_A: 0.717, cycle_A: 0.081, idt_A: 0.143, D_B: 0.025, G_B: 0.870, cycle_B: 0.241, idt_B: 0.074

[Rank 0] (epoch: 603, iters: 1376, time: 0.146, data: 0.002) , D_A: 0.040, G_A: 0.932, cycle_A: 0.089, idt_A: 0.130, D_B: 0.005, G_B: 0.848, cycle_B: 0.225, idt_B: 0.082

saving the latest model (epoch 603, total_iters 65000)
[Rank 0] (epoch: 603, iters: 1576, time: 0.030, data: 0.002) , D_A: 0.057, G_A: 0.646, cycle_A: 0.082, idt_A: 0.125, D_B: 0.005, G_B: 0.865, cycle_B: 0.220, idt_B: 0.070

[Rank 0] (epoch: 603, iters: 1776, time: 0.029, data: 0.004) , D_A: 0.068, G_A: 0.658, cycle_A: 0.089, idt_A: 0.130, D_B: 0.007, G_B: 0.937, cycle_B: 0.243, idt_B: 0.090

learning rate 0.0000100 -> 0.0000100
saving the model at the end of epoch 603, iters 65552
End of epoch 603 / 950 	 Time Taken: 61 sec
[Rank 0] (epoch: 604, iters: 48, time: 0.161, data: 0.144) , D_A: 0.076, G_A: 0.669, cycle_A: 0.067, idt_A: 0.124, D_B: 0.032, G_B: 0.908, cycle_B: 0.216, idt_B: 0.063

[Rank 0] (epoch: 604, iters: 248, time: 0.026, data: 0.002) , D_A: 0.058, G_A: 0.756, cycle_A: 0.052, idt_A: 0.124, D_B: 0.041, G_B: 0.827, cycle_B: 0.261, idt_B: 0.046

[Rank 0] (epoch: 604, iters: 448, time: 0.136, data: 0.003) , D_A: 0.049, G_A: 0.701, cycle_A: 0.070, idt_A: 0.133, D_B: 0.009, G_B: 0.802, cycle_B: 0.224, idt_B: 0.063

[Rank 0] (epoch: 604, iters: 648, time: 0.026, data: 0.004) , D_A: 0.079, G_A: 0.585, cycle_A: 0.085, idt_A: 0.133, D_B: 0.008, G_B: 0.763, cycle_B: 0.216, idt_B: 0.073

[Rank 0] (epoch: 604, iters: 848, time: 0.026, data: 0.003) , D_A: 0.055, G_A: 0.747, cycle_A: 0.066, idt_A: 0.127, D_B: 0.002, G_B: 0.983, cycle_B: 0.204, idt_B: 0.065

[Rank 0] (epoch: 604, iters: 1048, time: 0.030, data: 0.002) , D_A: 0.074, G_A: 0.691, cycle_A: 0.077, idt_A: 0.136, D_B: 0.004, G_B: 0.925, cycle_B: 0.216, idt_B: 0.071

[Rank 0] (epoch: 604, iters: 1248, time: 0.030, data: 0.002) , D_A: 0.059, G_A: 0.671, cycle_A: 0.091, idt_A: 0.134, D_B: 0.003, G_B: 1.018, cycle_B: 0.220, idt_B: 0.082

[Rank 0] (epoch: 604, iters: 1448, time: 0.156, data: 0.173) , D_A: 0.054, G_A: 0.749, cycle_A: 0.103, idt_A: 0.126, D_B: 0.001, G_B: 0.979, cycle_B: 0.187, idt_B: 0.088

[Rank 0] (epoch: 604, iters: 1648, time: 0.029, data: 0.002) , D_A: 0.063, G_A: 0.662, cycle_A: 0.060, idt_A: 0.126, D_B: 0.002, G_B: 0.938, cycle_B: 0.190, idt_B: 0.054

[Rank 0] (epoch: 604, iters: 1848, time: 0.029, data: 0.003) , D_A: 0.089, G_A: 0.899, cycle_A: 0.084, idt_A: 0.142, D_B: 0.002, G_B: 0.990, cycle_B: 0.224, idt_B: 0.075

learning rate 0.0000100 -> 0.0000100
saving the model at the end of epoch 604, iters 67480
End of epoch 604 / 950 	 Time Taken: 61 sec
[Rank 0] (epoch: 605, iters: 120, time: 0.136, data: 0.003) , D_A: 0.054, G_A: 0.724, cycle_A: 0.072, idt_A: 0.136, D_B: 0.050, G_B: 0.769, cycle_B: 0.216, idt_B: 0.068

[Rank 0] (epoch: 605, iters: 320, time: 0.030, data: 0.002) , D_A: 0.075, G_A: 0.519, cycle_A: 0.069, idt_A: 0.128, D_B: 0.002, G_B: 0.992, cycle_B: 0.187, idt_B: 0.065

[Rank 0] (epoch: 605, iters: 520, time: 0.129, data: 0.193) , D_A: 0.062, G_A: 0.573, cycle_A: 0.074, idt_A: 0.145, D_B: 0.002, G_B: 0.969, cycle_B: 0.204, idt_B: 0.066

[Rank 0] (epoch: 605, iters: 720, time: 0.029, data: 0.003) , D_A: 0.049, G_A: 0.831, cycle_A: 0.076, idt_A: 0.115, D_B: 0.002, G_B: 1.010, cycle_B: 0.173, idt_B: 0.076

[Rank 0] (epoch: 605, iters: 920, time: 0.030, data: 0.003) , D_A: 0.061, G_A: 0.686, cycle_A: 0.076, idt_A: 0.132, D_B: 0.001, G_B: 0.986, cycle_B: 0.199, idt_B: 0.067

[Rank 0] (epoch: 605, iters: 1120, time: 0.029, data: 0.002) , D_A: 0.074, G_A: 0.733, cycle_A: 0.085, idt_A: 0.135, D_B: 0.003, G_B: 0.880, cycle_B: 0.213, idt_B: 0.079

[Rank 0] (epoch: 605, iters: 1320, time: 0.026, data: 0.206) , D_A: 0.058, G_A: 0.708, cycle_A: 0.069, idt_A: 0.136, D_B: 0.001, G_B: 0.987, cycle_B: 0.207, idt_B: 0.062

[Rank 0] (epoch: 605, iters: 1520, time: 0.127, data: 0.004) , D_A: 0.054, G_A: 0.830, cycle_A: 0.108, idt_A: 0.134, D_B: 0.001, G_B: 0.989, cycle_B: 0.208, idt_B: 0.090

[Rank 0] (epoch: 605, iters: 1720, time: 0.029, data: 0.005) , D_A: 0.053, G_A: 0.676, cycle_A: 0.095, idt_A: 0.134, D_B: 0.001, G_B: 0.961, cycle_B: 0.202, idt_B: 0.082

[Rank 0] (epoch: 605, iters: 1920, time: 0.030, data: 0.002) , D_A: 0.055, G_A: 0.805, cycle_A: 0.075, idt_A: 0.127, D_B: 0.011, G_B: 0.811, cycle_B: 0.185, idt_B: 0.065

learning rate 0.0000100 -> 0.0000100
saving the model at the end of epoch 605, iters 69408
End of epoch 605 / 950 	 Time Taken: 62 sec
[Rank 0] (epoch: 606, iters: 192, time: 0.152, data: 0.003) , D_A: 0.048, G_A: 0.654, cycle_A: 0.099, idt_A: 0.136, D_B: 0.002, G_B: 0.893, cycle_B: 0.205, idt_B: 0.078

[Rank 0] (epoch: 606, iters: 392, time: 0.029, data: 0.009) , D_A: 0.068, G_A: 0.688, cycle_A: 0.093, idt_A: 0.129, D_B: 0.005, G_B: 0.785, cycle_B: 0.200, idt_B: 0.086

[Rank 0] (epoch: 606, iters: 592, time: 0.138, data: 0.003) , D_A: 0.061, G_A: 0.670, cycle_A: 0.085, idt_A: 0.117, D_B: 0.003, G_B: 0.964, cycle_B: 0.184, idt_B: 0.073

saving the latest model (epoch 606, total_iters 70000)
[Rank 0] (epoch: 606, iters: 792, time: 0.030, data: 0.005) , D_A: 0.051, G_A: 0.806, cycle_A: 0.078, idt_A: 0.114, D_B: 0.001, G_B: 0.933, cycle_B: 0.177, idt_B: 0.073

[Rank 0] (epoch: 606, iters: 992, time: 0.026, data: 0.060) , D_A: 0.046, G_A: 0.802, cycle_A: 0.068, idt_A: 0.119, D_B: 0.006, G_B: 0.938, cycle_B: 0.185, idt_B: 0.069

[Rank 0] (epoch: 606, iters: 1192, time: 0.026, data: 0.084) , D_A: 0.080, G_A: 0.825, cycle_A: 0.078, idt_A: 0.134, D_B: 0.004, G_B: 0.881, cycle_B: 0.218, idt_B: 0.067

[Rank 0] (epoch: 606, iters: 1392, time: 0.030, data: 0.002) , D_A: 0.067, G_A: 0.768, cycle_A: 0.096, idt_A: 0.140, D_B: 0.002, G_B: 0.917, cycle_B: 0.219, idt_B: 0.092

[Rank 0] (epoch: 606, iters: 1592, time: 0.145, data: 0.003) , D_A: 0.049, G_A: 0.731, cycle_A: 0.097, idt_A: 0.135, D_B: 0.002, G_B: 0.980, cycle_B: 0.212, idt_B: 0.086

[Rank 0] (epoch: 606, iters: 1792, time: 0.026, data: 0.007) , D_A: 0.058, G_A: 0.711, cycle_A: 0.071, idt_A: 0.124, D_B: 0.006, G_B: 0.849, cycle_B: 0.194, idt_B: 0.059

learning rate 0.0000100 -> 0.0000100
saving the model at the end of epoch 606, iters 71336
End of epoch 606 / 950 	 Time Taken: 60 sec
[Rank 0] (epoch: 607, iters: 64, time: 0.151, data: 0.003) , D_A: 0.062, G_A: 0.695, cycle_A: 0.082, idt_A: 0.144, D_B: 0.002, G_B: 0.977, cycle_B: 0.233, idt_B: 0.069

[Rank 0] (epoch: 607, iters: 264, time: 0.027, data: 0.005) , D_A: 0.055, G_A: 0.714, cycle_A: 0.068, idt_A: 0.129, D_B: 0.001, G_B: 0.984, cycle_B: 0.197, idt_B: 0.056

[Rank 0] (epoch: 607, iters: 464, time: 0.030, data: 0.002) , D_A: 0.072, G_A: 0.715, cycle_A: 0.101, idt_A: 0.116, D_B: 0.015, G_B: 1.476, cycle_B: 0.214, idt_B: 0.085

[Rank 0] (epoch: 607, iters: 664, time: 0.160, data: 0.002) , D_A: 0.065, G_A: 0.789, cycle_A: 0.091, idt_A: 0.126, D_B: 0.013, G_B: 1.174, cycle_B: 0.271, idt_B: 0.078

[Rank 0] (epoch: 607, iters: 864, time: 0.030, data: 0.002) , D_A: 0.064, G_A: 0.910, cycle_A: 0.098, idt_A: 0.123, D_B: 0.035, G_B: 0.806, cycle_B: 0.238, idt_B: 0.084

[Rank 0] (epoch: 607, iters: 1064, time: 0.026, data: 0.006) , D_A: 0.052, G_A: 0.913, cycle_A: 0.091, idt_A: 0.134, D_B: 0.052, G_B: 0.647, cycle_B: 0.263, idt_B: 0.073

[Rank 0] (epoch: 607, iters: 1264, time: 0.030, data: 0.002) , D_A: 0.055, G_A: 0.722, cycle_A: 0.069, idt_A: 0.136, D_B: 0.016, G_B: 0.937, cycle_B: 0.245, idt_B: 0.059

[Rank 0] (epoch: 607, iters: 1464, time: 0.026, data: 0.177) , D_A: 0.070, G_A: 0.626, cycle_A: 0.075, idt_A: 0.128, D_B: 0.005, G_B: 0.951, cycle_B: 0.215, idt_B: 0.066

[Rank 0] (epoch: 607, iters: 1664, time: 0.156, data: 0.002) , D_A: 0.047, G_A: 0.717, cycle_A: 0.084, idt_A: 0.147, D_B: 0.005, G_B: 0.898, cycle_B: 0.263, idt_B: 0.067

[Rank 0] (epoch: 607, iters: 1864, time: 0.029, data: 0.003) , D_A: 0.063, G_A: 0.736, cycle_A: 0.101, idt_A: 0.136, D_B: 0.030, G_B: 0.839, cycle_B: 0.250, idt_B: 0.096

learning rate 0.0000100 -> 0.0000100
saving the model at the end of epoch 607, iters 73264
End of epoch 607 / 950 	 Time Taken: 58 sec
[Rank 0] (epoch: 608, iters: 136, time: 0.141, data: 0.004) , D_A: 0.069, G_A: 0.711, cycle_A: 0.101, idt_A: 0.117, D_B: 0.003, G_B: 0.939, cycle_B: 0.204, idt_B: 0.082

[Rank 0] (epoch: 608, iters: 336, time: 0.029, data: 0.004) , D_A: 0.060, G_A: 0.558, cycle_A: 0.066, idt_A: 0.130, D_B: 0.012, G_B: 0.762, cycle_B: 0.231, idt_B: 0.061

[Rank 0] (epoch: 608, iters: 536, time: 0.026, data: 0.003) , D_A: 0.058, G_A: 0.721, cycle_A: 0.093, idt_A: 0.116, D_B: 0.011, G_B: 0.822, cycle_B: 0.209, idt_B: 0.080

[Rank 0] (epoch: 608, iters: 736, time: 0.136, data: 0.034) , D_A: 0.068, G_A: 0.787, cycle_A: 0.076, idt_A: 0.134, D_B: 0.018, G_B: 0.828, cycle_B: 0.236, idt_B: 0.069

[Rank 0] (epoch: 608, iters: 936, time: 0.029, data: 0.004) , D_A: 0.057, G_A: 0.623, cycle_A: 0.070, idt_A: 0.117, D_B: 0.003, G_B: 0.929, cycle_B: 0.197, idt_B: 0.065

[Rank 0] (epoch: 608, iters: 1136, time: 0.030, data: 0.004) , D_A: 0.052, G_A: 0.670, cycle_A: 0.093, idt_A: 0.140, D_B: 0.004, G_B: 0.988, cycle_B: 0.222, idt_B: 0.076

[Rank 0] (epoch: 608, iters: 1336, time: 0.030, data: 0.002) , D_A: 0.062, G_A: 0.928, cycle_A: 0.106, idt_A: 0.126, D_B: 0.003, G_B: 0.957, cycle_B: 0.225, idt_B: 0.091

[Rank 0] (epoch: 608, iters: 1536, time: 0.030, data: 0.003) , D_A: 0.076, G_A: 0.594, cycle_A: 0.098, idt_A: 0.110, D_B: 0.005, G_B: 0.868, cycle_B: 0.216, idt_B: 0.086

[Rank 0] (epoch: 608, iters: 1736, time: 0.136, data: 0.141) , D_A: 0.087, G_A: 0.571, cycle_A: 0.088, idt_A: 0.123, D_B: 0.003, G_B: 0.922, cycle_B: 0.216, idt_B: 0.079

saving the latest model (epoch 608, total_iters 75000)
learning rate 0.0000100 -> 0.0000100
saving the model at the end of epoch 608, iters 75192
End of epoch 608 / 950 	 Time Taken: 60 sec
[Rank 0] (epoch: 609, iters: 8, time: 0.169, data: 0.003) , D_A: 0.057, G_A: 0.611, cycle_A: 0.073, idt_A: 0.138, D_B: 0.003, G_B: 0.977, cycle_B: 0.237, idt_B: 0.069

[Rank 0] (epoch: 609, iters: 208, time: 0.029, data: 0.005) , D_A: 0.061, G_A: 0.662, cycle_A: 0.083, idt_A: 0.137, D_B: 0.002, G_B: 0.964, cycle_B: 0.223, idt_B: 0.070

[Rank 0] (epoch: 609, iters: 408, time: 0.030, data: 0.003) , D_A: 0.045, G_A: 0.874, cycle_A: 0.084, idt_A: 0.130, D_B: 0.008, G_B: 0.953, cycle_B: 0.219, idt_B: 0.070

[Rank 0] (epoch: 609, iters: 608, time: 0.029, data: 0.064) , D_A: 0.072, G_A: 0.618, cycle_A: 0.080, idt_A: 0.129, D_B: 0.003, G_B: 0.931, cycle_B: 0.220, idt_B: 0.063

[Rank 0] (epoch: 609, iters: 808, time: 0.152, data: 0.075) , D_A: 0.080, G_A: 0.619, cycle_A: 0.076, idt_A: 0.138, D_B: 0.003, G_B: 0.906, cycle_B: 0.229, idt_B: 0.062

[Rank 0] (epoch: 609, iters: 1008, time: 0.029, data: 0.004) , D_A: 0.062, G_A: 0.755, cycle_A: 0.091, idt_A: 0.124, D_B: 0.002, G_B: 0.964, cycle_B: 0.205, idt_B: 0.080

[Rank 0] (epoch: 609, iters: 1208, time: 0.030, data: 0.002) , D_A: 0.072, G_A: 0.693, cycle_A: 0.112, idt_A: 0.147, D_B: 0.008, G_B: 1.020, cycle_B: 0.246, idt_B: 0.097

[Rank 0] (epoch: 609, iters: 1408, time: 0.026, data: 0.048) , D_A: 0.065, G_A: 0.732, cycle_A: 0.104, idt_A: 0.127, D_B: 0.003, G_B: 1.017, cycle_B: 0.221, idt_B: 0.079

[Rank 0] (epoch: 609, iters: 1608, time: 0.029, data: 0.003) , D_A: 0.065, G_A: 0.583, cycle_A: 0.074, idt_A: 0.136, D_B: 0.002, G_B: 0.950, cycle_B: 0.231, idt_B: 0.065

[Rank 0] (epoch: 609, iters: 1808, time: 0.155, data: 0.002) , D_A: 0.063, G_A: 0.682, cycle_A: 0.085, idt_A: 0.135, D_B: 0.002, G_B: 1.053, cycle_B: 0.228, idt_B: 0.076

learning rate 0.0000100 -> 0.0000100
saving the model at the end of epoch 609, iters 77120
End of epoch 609 / 950 	 Time Taken: 57 sec
[Rank 0] (epoch: 610, iters: 80, time: 0.163, data: 0.003) , D_A: 0.052, G_A: 0.713, cycle_A: 0.071, idt_A: 0.133, D_B: 0.002, G_B: 0.964, cycle_B: 0.228, idt_B: 0.066

[Rank 0] (epoch: 610, iters: 280, time: 0.029, data: 0.005) , D_A: 0.064, G_A: 0.794, cycle_A: 0.080, idt_A: 0.141, D_B: 0.003, G_B: 1.028, cycle_B: 0.243, idt_B: 0.068

[Rank 0] (epoch: 610, iters: 480, time: 0.029, data: 0.003) , D_A: 0.066, G_A: 0.709, cycle_A: 0.080, idt_A: 0.128, D_B: 0.001, G_B: 0.945, cycle_B: 0.218, idt_B: 0.078

[Rank 0] (epoch: 610, iters: 680, time: 0.030, data: 0.002) , D_A: 0.062, G_A: 0.623, cycle_A: 0.143, idt_A: 0.133, D_B: 0.002, G_B: 1.030, cycle_B: 0.219, idt_B: 0.119

[Rank 0] (epoch: 610, iters: 880, time: 0.158, data: 0.004) , D_A: 0.086, G_A: 0.599, cycle_A: 0.090, idt_A: 0.145, D_B: 0.002, G_B: 0.970, cycle_B: 0.227, idt_B: 0.077

[Rank 0] (epoch: 610, iters: 1080, time: 0.030, data: 0.004) , D_A: 0.061, G_A: 0.700, cycle_A: 0.101, idt_A: 0.129, D_B: 0.004, G_B: 0.885, cycle_B: 0.214, idt_B: 0.093

[Rank 0] (epoch: 610, iters: 1280, time: 0.030, data: 0.016) , D_A: 0.057, G_A: 0.784, cycle_A: 0.069, idt_A: 0.115, D_B: 0.006, G_B: 1.184, cycle_B: 0.190, idt_B: 0.064

[Rank 0] (epoch: 610, iters: 1480, time: 0.030, data: 0.003) , D_A: 0.082, G_A: 0.757, cycle_A: 0.066, idt_A: 0.125, D_B: 0.004, G_B: 1.018, cycle_B: 0.210, idt_B: 0.054

[Rank 0] (epoch: 610, iters: 1680, time: 0.030, data: 0.004) , D_A: 0.061, G_A: 0.750, cycle_A: 0.099, idt_A: 0.120, D_B: 0.003, G_B: 0.961, cycle_B: 0.201, idt_B: 0.093

[Rank 0] (epoch: 610, iters: 1880, time: 0.144, data: 0.076) , D_A: 0.054, G_A: 0.771, cycle_A: 0.081, idt_A: 0.134, D_B: 0.007, G_B: 0.909, cycle_B: 0.227, idt_B: 0.069

learning rate 0.0000100 -> 0.0000100
saving the model at the end of epoch 610, iters 79048
End of epoch 610 / 950 	 Time Taken: 58 sec
[Rank 0] (epoch: 611, iters: 152, time: 0.134, data: 0.003) , D_A: 0.066, G_A: 0.675, cycle_A: 0.077, idt_A: 0.138, D_B: 0.004, G_B: 0.861, cycle_B: 0.228, idt_B: 0.072

[Rank 0] (epoch: 611, iters: 352, time: 0.029, data: 0.003) , D_A: 0.047, G_A: 0.678, cycle_A: 0.106, idt_A: 0.126, D_B: 0.002, G_B: 0.976, cycle_B: 0.204, idt_B: 0.088

[Rank 0] (epoch: 611, iters: 552, time: 0.029, data: 0.004) , D_A: 0.046, G_A: 0.808, cycle_A: 0.085, idt_A: 0.129, D_B: 0.046, G_B: 0.991, cycle_B: 0.205, idt_B: 0.072

[Rank 0] (epoch: 611, iters: 752, time: 0.026, data: 0.201) , D_A: 0.048, G_A: 0.834, cycle_A: 0.089, idt_A: 0.126, D_B: 0.002, G_B: 0.992, cycle_B: 0.198, idt_B: 0.081

[Rank 0] (epoch: 611, iters: 952, time: 0.132, data: 0.004) , D_A: 0.062, G_A: 0.680, cycle_A: 0.066, idt_A: 0.126, D_B: 0.002, G_B: 1.018, cycle_B: 0.198, idt_B: 0.062

saving the latest model (epoch 611, total_iters 80000)
[Rank 0] (epoch: 611, iters: 1152, time: 0.029, data: 0.002) , D_A: 0.069, G_A: 0.715, cycle_A: 0.087, idt_A: 0.122, D_B: 0.002, G_B: 1.004, cycle_B: 0.197, idt_B: 0.078

[Rank 0] (epoch: 611, iters: 1352, time: 0.030, data: 0.003) , D_A: 0.053, G_A: 0.675, cycle_A: 0.088, idt_A: 0.119, D_B: 0.002, G_B: 0.982, cycle_B: 0.183, idt_B: 0.073

[Rank 0] (epoch: 611, iters: 1552, time: 0.029, data: 0.005) , D_A: 0.061, G_A: 0.659, cycle_A: 0.085, idt_A: 0.144, D_B: 0.001, G_B: 1.011, cycle_B: 0.211, idt_B: 0.066

[Rank 0] (epoch: 611, iters: 1752, time: 0.030, data: 0.003) , D_A: 0.051, G_A: 0.741, cycle_A: 0.065, idt_A: 0.143, D_B: 0.032, G_B: 0.846, cycle_B: 0.255, idt_B: 0.062

learning rate 0.0000100 -> 0.0000100
saving the model at the end of epoch 611, iters 80976
End of epoch 611 / 950 	 Time Taken: 60 sec
[Rank 0] (epoch: 612, iters: 24, time: 0.152, data: 0.002) , D_A: 0.094, G_A: 0.904, cycle_A: 0.083, idt_A: 0.120, D_B: 0.004, G_B: 0.952, cycle_B: 0.204, idt_B: 0.073

[Rank 0] (epoch: 612, iters: 224, time: 0.030, data: 0.002) , D_A: 0.061, G_A: 0.632, cycle_A: 0.084, idt_A: 0.132, D_B: 0.005, G_B: 0.866, cycle_B: 0.223, idt_B: 0.074

[Rank 0] (epoch: 612, iters: 424, time: 0.029, data: 0.003) , D_A: 0.036, G_A: 0.815, cycle_A: 0.094, idt_A: 0.122, D_B: 0.003, G_B: 0.926, cycle_B: 0.196, idt_B: 0.088

[Rank 0] (epoch: 612, iters: 624, time: 0.029, data: 0.003) , D_A: 0.072, G_A: 0.736, cycle_A: 0.071, idt_A: 0.135, D_B: 0.004, G_B: 0.917, cycle_B: 0.210, idt_B: 0.067

[Rank 0] (epoch: 612, iters: 824, time: 0.026, data: 0.053) , D_A: 0.053, G_A: 0.688, cycle_A: 0.066, idt_A: 0.143, D_B: 0.005, G_B: 0.831, cycle_B: 0.217, idt_B: 0.059

[Rank 0] (epoch: 612, iters: 1024, time: 0.159, data: 0.003) , D_A: 0.073, G_A: 0.606, cycle_A: 0.091, idt_A: 0.123, D_B: 0.002, G_B: 0.951, cycle_B: 0.194, idt_B: 0.076

[Rank 0] (epoch: 612, iters: 1224, time: 0.028, data: 0.006) , D_A: 0.054, G_A: 0.710, cycle_A: 0.058, idt_A: 0.133, D_B: 0.003, G_B: 1.030, cycle_B: 0.213, idt_B: 0.053

[Rank 0] (epoch: 612, iters: 1424, time: 0.026, data: 0.022) , D_A: 0.059, G_A: 0.714, cycle_A: 0.083, idt_A: 0.126, D_B: 0.022, G_B: 1.045, cycle_B: 0.186, idt_B: 0.072

[Rank 0] (epoch: 612, iters: 1624, time: 0.029, data: 0.002) , D_A: 0.060, G_A: 0.739, cycle_A: 0.065, idt_A: 0.112, D_B: 0.071, G_B: 0.949, cycle_B: 0.179, idt_B: 0.055

[Rank 0] (epoch: 612, iters: 1824, time: 0.030, data: 0.002) , D_A: 0.072, G_A: 0.623, cycle_A: 0.098, idt_A: 0.142, D_B: 0.002, G_B: 0.974, cycle_B: 0.216, idt_B: 0.089

learning rate 0.0000100 -> 0.0000100
saving the model at the end of epoch 612, iters 82904
End of epoch 612 / 950 	 Time Taken: 58 sec
[Rank 0] (epoch: 613, iters: 96, time: 0.153, data: 0.043) , D_A: 0.054, G_A: 0.833, cycle_A: 0.095, idt_A: 0.133, D_B: 0.001, G_B: 1.001, cycle_B: 0.199, idt_B: 0.087

[Rank 0] (epoch: 613, iters: 296, time: 0.026, data: 0.004) , D_A: 0.072, G_A: 0.781, cycle_A: 0.065, idt_A: 0.131, D_B: 0.002, G_B: 0.975, cycle_B: 0.191, idt_B: 0.053

[Rank 0] (epoch: 613, iters: 496, time: 0.030, data: 0.004) , D_A: 0.045, G_A: 0.807, cycle_A: 0.073, idt_A: 0.127, D_B: 0.005, G_B: 0.996, cycle_B: 0.184, idt_B: 0.069

[Rank 0] (epoch: 613, iters: 696, time: 0.029, data: 0.004) , D_A: 0.046, G_A: 0.775, cycle_A: 0.059, idt_A: 0.141, D_B: 0.002, G_B: 0.956, cycle_B: 0.211, idt_B: 0.051

[Rank 0] (epoch: 613, iters: 896, time: 0.030, data: 0.003) , D_A: 0.054, G_A: 0.694, cycle_A: 0.073, idt_A: 0.125, D_B: 0.001, G_B: 0.992, cycle_B: 0.188, idt_B: 0.067

[Rank 0] (epoch: 613, iters: 1096, time: 0.139, data: 0.163) , D_A: 0.064, G_A: 0.663, cycle_A: 0.081, idt_A: 0.133, D_B: 0.001, G_B: 0.943, cycle_B: 0.205, idt_B: 0.072

[Rank 0] (epoch: 613, iters: 1296, time: 0.029, data: 0.011) , D_A: 0.042, G_A: 0.674, cycle_A: 0.088, idt_A: 0.135, D_B: 0.004, G_B: 0.943, cycle_B: 0.203, idt_B: 0.081

[Rank 0] (epoch: 613, iters: 1496, time: 0.026, data: 0.096) , D_A: 0.055, G_A: 0.701, cycle_A: 0.060, idt_A: 0.144, D_B: 0.003, G_B: 1.040, cycle_B: 0.216, idt_B: 0.052

[Rank 0] (epoch: 613, iters: 1696, time: 0.026, data: 0.004) , D_A: 0.048, G_A: 0.618, cycle_A: 0.085, idt_A: 0.138, D_B: 0.001, G_B: 1.000, cycle_B: 0.207, idt_B: 0.079

[Rank 0] (epoch: 613, iters: 1896, time: 0.030, data: 0.002) , D_A: 0.062, G_A: 0.741, cycle_A: 0.088, idt_A: 0.121, D_B: 0.002, G_B: 0.997, cycle_B: 0.177, idt_B: 0.080

learning rate 0.0000100 -> 0.0000100
saving the model at the end of epoch 613, iters 84832
End of epoch 613 / 950 	 Time Taken: 60 sec
[Rank 0] (epoch: 614, iters: 168, time: 0.141, data: 0.003) , D_A: 0.060, G_A: 0.652, cycle_A: 0.078, idt_A: 0.133, D_B: 0.002, G_B: 1.019, cycle_B: 0.196, idt_B: 0.064

saving the latest model (epoch 614, total_iters 85000)
[Rank 0] (epoch: 614, iters: 368, time: 0.029, data: 0.002) , D_A: 0.060, G_A: 0.985, cycle_A: 0.112, idt_A: 0.150, D_B: 0.001, G_B: 1.024, cycle_B: 0.206, idt_B: 0.095

[Rank 0] (epoch: 614, iters: 568, time: 0.026, data: 0.004) , D_A: 0.066, G_A: 0.768, cycle_A: 0.091, idt_A: 0.137, D_B: 0.001, G_B: 0.980, cycle_B: 0.201, idt_B: 0.076

[Rank 0] (epoch: 614, iters: 768, time: 0.029, data: 0.007) , D_A: 0.067, G_A: 0.741, cycle_A: 0.085, idt_A: 0.132, D_B: 0.001, G_B: 0.980, cycle_B: 0.192, idt_B: 0.067

[Rank 0] (epoch: 614, iters: 968, time: 0.026, data: 0.083) , D_A: 0.087, G_A: 0.971, cycle_A: 0.064, idt_A: 0.129, D_B: 0.001, G_B: 0.984, cycle_B: 0.198, idt_B: 0.053

[Rank 0] (epoch: 614, iters: 1168, time: 0.137, data: 0.004) , D_A: 0.079, G_A: 0.593, cycle_A: 0.075, idt_A: 0.126, D_B: 0.001, G_B: 0.983, cycle_B: 0.190, idt_B: 0.068

[Rank 0] (epoch: 614, iters: 1368, time: 0.026, data: 0.004) , D_A: 0.049, G_A: 0.712, cycle_A: 0.090, idt_A: 0.127, D_B: 0.002, G_B: 0.930, cycle_B: 0.184, idt_B: 0.077

[Rank 0] (epoch: 614, iters: 1568, time: 0.030, data: 0.003) , D_A: 0.075, G_A: 0.756, cycle_A: 0.102, idt_A: 0.140, D_B: 0.001, G_B: 1.036, cycle_B: 0.198, idt_B: 0.086

[Rank 0] (epoch: 614, iters: 1768, time: 0.026, data: 0.171) , D_A: 0.081, G_A: 0.647, cycle_A: 0.068, idt_A: 0.140, D_B: 0.001, G_B: 0.992, cycle_B: 0.209, idt_B: 0.062

learning rate 0.0000100 -> 0.0000100
saving the model at the end of epoch 614, iters 86760
End of epoch 614 / 950 	 Time Taken: 61 sec
[Rank 0] (epoch: 615, iters: 40, time: 0.173, data: 0.002) , D_A: 0.093, G_A: 0.869, cycle_A: 0.080, idt_A: 0.130, D_B: 0.002, G_B: 0.987, cycle_B: 0.195, idt_B: 0.073

[Rank 0] (epoch: 615, iters: 240, time: 0.167, data: 0.006) , D_A: 0.068, G_A: 0.644, cycle_A: 0.057, idt_A: 0.129, D_B: 0.001, G_B: 1.005, cycle_B: 0.193, idt_B: 0.049

[Rank 0] (epoch: 615, iters: 440, time: 0.030, data: 0.004) , D_A: 0.051, G_A: 0.626, cycle_A: 0.092, idt_A: 0.124, D_B: 0.001, G_B: 1.001, cycle_B: 0.185, idt_B: 0.083

[Rank 0] (epoch: 615, iters: 640, time: 0.026, data: 0.004) , D_A: 0.057, G_A: 0.734, cycle_A: 0.075, idt_A: 0.144, D_B: 0.002, G_B: 0.992, cycle_B: 0.216, idt_B: 0.066

[Rank 0] (epoch: 615, iters: 840, time: 0.029, data: 0.002) , D_A: 0.063, G_A: 0.784, cycle_A: 0.110, idt_A: 0.128, D_B: 0.002, G_B: 1.002, cycle_B: 0.194, idt_B: 0.102

[Rank 0] (epoch: 615, iters: 1040, time: 0.030, data: 0.003) , D_A: 0.045, G_A: 0.741, cycle_A: 0.074, idt_A: 0.146, D_B: 0.002, G_B: 0.978, cycle_B: 0.205, idt_B: 0.065

[Rank 0] (epoch: 615, iters: 1240, time: 0.161, data: 0.007) , D_A: 0.071, G_A: 0.507, cycle_A: 0.075, idt_A: 0.125, D_B: 0.037, G_B: 0.937, cycle_B: 0.184, idt_B: 0.069

[Rank 0] (epoch: 615, iters: 1440, time: 0.029, data: 0.004) , D_A: 0.053, G_A: 0.737, cycle_A: 0.064, idt_A: 0.124, D_B: 0.002, G_B: 0.994, cycle_B: 0.185, idt_B: 0.056

[Rank 0] (epoch: 615, iters: 1640, time: 0.030, data: 0.003) , D_A: 0.055, G_A: 0.699, cycle_A: 0.078, idt_A: 0.121, D_B: 0.002, G_B: 0.964, cycle_B: 0.181, idt_B: 0.069

[Rank 0] (epoch: 615, iters: 1840, time: 0.030, data: 0.004) , D_A: 0.052, G_A: 0.734, cycle_A: 0.096, idt_A: 0.136, D_B: 0.002, G_B: 0.936, cycle_B: 0.207, idt_B: 0.080

learning rate 0.0000100 -> 0.0000100
saving the model at the end of epoch 615, iters 88688
End of epoch 615 / 950 	 Time Taken: 60 sec
[Rank 0] (epoch: 616, iters: 112, time: 0.131, data: 0.002) , D_A: 0.061, G_A: 0.709, cycle_A: 0.100, idt_A: 0.144, D_B: 0.059, G_B: 0.946, cycle_B: 0.221, idt_B: 0.086

[Rank 0] (epoch: 616, iters: 312, time: 0.132, data: 0.005) , D_A: 0.053, G_A: 0.672, cycle_A: 0.081, idt_A: 0.125, D_B: 0.016, G_B: 0.938, cycle_B: 0.187, idt_B: 0.069

[Rank 0] (epoch: 616, iters: 512, time: 0.029, data: 0.004) , D_A: 0.071, G_A: 0.820, cycle_A: 0.077, idt_A: 0.137, D_B: 0.003, G_B: 1.106, cycle_B: 0.209, idt_B: 0.066

[Rank 0] (epoch: 616, iters: 712, time: 0.026, data: 0.156) , D_A: 0.095, G_A: 0.908, cycle_A: 0.055, idt_A: 0.139, D_B: 0.036, G_B: 0.995, cycle_B: 0.211, idt_B: 0.049

[Rank 0] (epoch: 616, iters: 912, time: 0.030, data: 0.003) , D_A: 0.071, G_A: 0.578, cycle_A: 0.083, idt_A: 0.134, D_B: 0.001, G_B: 0.979, cycle_B: 0.198, idt_B: 0.073

[Rank 0] (epoch: 616, iters: 1112, time: 0.029, data: 0.004) , D_A: 0.073, G_A: 0.671, cycle_A: 0.074, idt_A: 0.124, D_B: 0.001, G_B: 0.981, cycle_B: 0.179, idt_B: 0.068

[Rank 0] (epoch: 616, iters: 1312, time: 0.136, data: 0.004) , D_A: 0.060, G_A: 0.708, cycle_A: 0.090, idt_A: 0.129, D_B: 0.001, G_B: 0.986, cycle_B: 0.189, idt_B: 0.074

saving the latest model (epoch 616, total_iters 90000)
[Rank 0] (epoch: 616, iters: 1512, time: 0.026, data: 0.005) , D_A: 0.060, G_A: 0.631, cycle_A: 0.095, idt_A: 0.137, D_B: 0.001, G_B: 0.965, cycle_B: 0.206, idt_B: 0.080

[Rank 0] (epoch: 616, iters: 1712, time: 0.029, data: 0.002) , D_A: 0.087, G_A: 0.933, cycle_A: 0.084, idt_A: 0.141, D_B: 0.018, G_B: 0.601, cycle_B: 0.215, idt_B: 0.070

[Rank 0] (epoch: 616, iters: 1912, time: 0.030, data: 0.146) , D_A: 0.065, G_A: 0.762, cycle_A: 0.081, idt_A: 0.127, D_B: 0.009, G_B: 0.928, cycle_B: 0.209, idt_B: 0.076

learning rate 0.0000100 -> 0.0000100
saving the model at the end of epoch 616, iters 90616
End of epoch 616 / 950 	 Time Taken: 60 sec
[Rank 0] (epoch: 617, iters: 184, time: 0.139, data: 0.003) , D_A: 0.050, G_A: 0.720, cycle_A: 0.076, idt_A: 0.125, D_B: 0.015, G_B: 0.770, cycle_B: 0.229, idt_B: 0.060

[Rank 0] (epoch: 617, iters: 384, time: 0.137, data: 0.004) , D_A: 0.080, G_A: 0.723, cycle_A: 0.095, idt_A: 0.135, D_B: 0.042, G_B: 0.779, cycle_B: 0.252, idt_B: 0.081

[Rank 0] (epoch: 617, iters: 584, time: 0.026, data: 0.004) , D_A: 0.050, G_A: 0.710, cycle_A: 0.067, idt_A: 0.137, D_B: 0.022, G_B: 0.761, cycle_B: 0.263, idt_B: 0.055

[Rank 0] (epoch: 617, iters: 784, time: 0.026, data: 0.030) , D_A: 0.053, G_A: 0.962, cycle_A: 0.105, idt_A: 0.131, D_B: 0.008, G_B: 0.828, cycle_B: 0.251, idt_B: 0.085

[Rank 0] (epoch: 617, iters: 984, time: 0.030, data: 0.003) , D_A: 0.060, G_A: 0.814, cycle_A: 0.089, idt_A: 0.126, D_B: 0.033, G_B: 0.708, cycle_B: 0.247, idt_B: 0.076

[Rank 0] (epoch: 617, iters: 1184, time: 0.026, data: 0.070) , D_A: 0.056, G_A: 0.792, cycle_A: 0.085, idt_A: 0.137, D_B: 0.025, G_B: 0.904, cycle_B: 0.265, idt_B: 0.072

[Rank 0] (epoch: 617, iters: 1384, time: 0.133, data: 0.003) , D_A: 0.057, G_A: 0.740, cycle_A: 0.100, idt_A: 0.141, D_B: 0.010, G_B: 0.879, cycle_B: 0.288, idt_B: 0.087

[Rank 0] (epoch: 617, iters: 1584, time: 0.030, data: 0.006) , D_A: 0.059, G_A: 0.836, cycle_A: 0.093, idt_A: 0.133, D_B: 0.017, G_B: 0.939, cycle_B: 0.279, idt_B: 0.083

[Rank 0] (epoch: 617, iters: 1784, time: 0.029, data: 0.004) , D_A: 0.077, G_A: 0.791, cycle_A: 0.066, idt_A: 0.124, D_B: 0.022, G_B: 0.900, cycle_B: 0.246, idt_B: 0.055

learning rate 0.0000100 -> 0.0000100
saving the model at the end of epoch 617, iters 92544
End of epoch 617 / 950 	 Time Taken: 61 sec
[Rank 0] (epoch: 618, iters: 56, time: 0.185, data: 0.049) , D_A: 0.061, G_A: 0.686, cycle_A: 0.079, idt_A: 0.142, D_B: 0.026, G_B: 0.922, cycle_B: 0.260, idt_B: 0.063

[Rank 0] (epoch: 618, iters: 256, time: 0.027, data: 0.003) , D_A: 0.062, G_A: 0.777, cycle_A: 0.085, idt_A: 0.137, D_B: 0.018, G_B: 0.918, cycle_B: 0.257, idt_B: 0.075

[Rank 0] (epoch: 618, iters: 456, time: 0.132, data: 0.005) , D_A: 0.042, G_A: 0.691, cycle_A: 0.093, idt_A: 0.120, D_B: 0.008, G_B: 0.864, cycle_B: 0.230, idt_B: 0.078

[Rank 0] (epoch: 618, iters: 656, time: 0.030, data: 0.003) , D_A: 0.065, G_A: 0.861, cycle_A: 0.103, idt_A: 0.154, D_B: 0.010, G_B: 0.900, cycle_B: 0.302, idt_B: 0.100

[Rank 0] (epoch: 618, iters: 856, time: 0.030, data: 0.002) , D_A: 0.046, G_A: 0.951, cycle_A: 0.103, idt_A: 0.131, D_B: 0.022, G_B: 0.776, cycle_B: 0.238, idt_B: 0.093

[Rank 0] (epoch: 618, iters: 1056, time: 0.028, data: 0.004) , D_A: 0.052, G_A: 0.770, cycle_A: 0.097, idt_A: 0.157, D_B: 0.016, G_B: 0.965, cycle_B: 0.279, idt_B: 0.084

[Rank 0] (epoch: 618, iters: 1256, time: 0.029, data: 0.004) , D_A: 0.051, G_A: 0.684, cycle_A: 0.069, idt_A: 0.121, D_B: 0.007, G_B: 0.952, cycle_B: 0.208, idt_B: 0.060

[Rank 0] (epoch: 618, iters: 1456, time: 0.152, data: 0.003) , D_A: 0.081, G_A: 0.642, cycle_A: 0.060, idt_A: 0.132, D_B: 0.008, G_B: 0.921, cycle_B: 0.223, idt_B: 0.046

[Rank 0] (epoch: 618, iters: 1656, time: 0.030, data: 0.002) , D_A: 0.036, G_A: 0.796, cycle_A: 0.083, idt_A: 0.141, D_B: 0.003, G_B: 0.991, cycle_B: 0.231, idt_B: 0.079

[Rank 0] (epoch: 618, iters: 1856, time: 0.029, data: 0.005) , D_A: 0.053, G_A: 0.939, cycle_A: 0.094, idt_A: 0.116, D_B: 0.008, G_B: 0.789, cycle_B: 0.184, idt_B: 0.077

learning rate 0.0000100 -> 0.0000100
saving the model at the end of epoch 618, iters 94472
End of epoch 618 / 950 	 Time Taken: 59 sec
[Rank 0] (epoch: 619, iters: 128, time: 0.141, data: 0.003) , D_A: 0.077, G_A: 0.797, cycle_A: 0.104, idt_A: 0.137, D_B: 0.004, G_B: 1.029, cycle_B: 0.212, idt_B: 0.085

[Rank 0] (epoch: 619, iters: 328, time: 0.030, data: 0.002) , D_A: 0.057, G_A: 0.884, cycle_A: 0.095, idt_A: 0.118, D_B: 0.006, G_B: 0.989, cycle_B: 0.182, idt_B: 0.091

[Rank 0] (epoch: 619, iters: 528, time: 0.125, data: 0.184) , D_A: 0.053, G_A: 0.806, cycle_A: 0.092, idt_A: 0.118, D_B: 0.003, G_B: 0.953, cycle_B: 0.180, idt_B: 0.081

saving the latest model (epoch 619, total_iters 95000)
[Rank 0] (epoch: 619, iters: 728, time: 0.029, data: 0.003) , D_A: 0.049, G_A: 0.775, cycle_A: 0.081, idt_A: 0.152, D_B: 0.002, G_B: 0.961, cycle_B: 0.235, idt_B: 0.066

[Rank 0] (epoch: 619, iters: 928, time: 0.026, data: 0.003) , D_A: 0.039, G_A: 0.768, cycle_A: 0.092, idt_A: 0.130, D_B: 0.004, G_B: 0.888, cycle_B: 0.210, idt_B: 0.079

[Rank 0] (epoch: 619, iters: 1128, time: 0.029, data: 0.003) , D_A: 0.074, G_A: 0.742, cycle_A: 0.096, idt_A: 0.117, D_B: 0.002, G_B: 0.892, cycle_B: 0.175, idt_B: 0.077

[Rank 0] (epoch: 619, iters: 1328, time: 0.030, data: 0.195) , D_A: 0.053, G_A: 0.674, cycle_A: 0.113, idt_A: 0.135, D_B: 0.002, G_B: 0.978, cycle_B: 0.211, idt_B: 0.091

[Rank 0] (epoch: 619, iters: 1528, time: 0.136, data: 0.002) , D_A: 0.060, G_A: 0.922, cycle_A: 0.106, idt_A: 0.134, D_B: 0.002, G_B: 0.971, cycle_B: 0.204, idt_B: 0.103

[Rank 0] (epoch: 619, iters: 1728, time: 0.029, data: 0.006) , D_A: 0.057, G_A: 0.900, cycle_A: 0.080, idt_A: 0.123, D_B: 0.002, G_B: 0.969, cycle_B: 0.197, idt_B: 0.067

[Rank 0] (epoch: 619, iters: 1928, time: 0.023, data: 0.005) , D_A: 0.055, G_A: 0.885, cycle_A: 0.079, idt_A: 0.143, D_B: 0.003, G_B: 1.008, cycle_B: 0.241, idt_B: 0.065

learning rate 0.0000100 -> 0.0000100
saving the model at the end of epoch 619, iters 96400
End of epoch 619 / 950 	 Time Taken: 59 sec
[Rank 0] (epoch: 620, iters: 200, time: 0.144, data: 1.481) , D_A: 0.044, G_A: 0.780, cycle_A: 0.071, idt_A: 0.125, D_B: 0.057, G_B: 0.803, cycle_B: 0.215, idt_B: 0.061

[Rank 0] (epoch: 620, iters: 400, time: 0.030, data: 0.003) , D_A: 0.042, G_A: 0.828, cycle_A: 0.090, idt_A: 0.127, D_B: 0.038, G_B: 0.791, cycle_B: 0.251, idt_B: 0.072

[Rank 0] (epoch: 620, iters: 600, time: 0.123, data: 0.003) , D_A: 0.044, G_A: 0.691, cycle_A: 0.093, idt_A: 0.129, D_B: 0.018, G_B: 0.831, cycle_B: 0.244, idt_B: 0.085

[Rank 0] (epoch: 620, iters: 800, time: 0.030, data: 0.002) , D_A: 0.045, G_A: 0.691, cycle_A: 0.068, idt_A: 0.138, D_B: 0.016, G_B: 0.969, cycle_B: 0.243, idt_B: 0.061

[Rank 0] (epoch: 620, iters: 1000, time: 0.030, data: 0.003) , D_A: 0.053, G_A: 0.867, cycle_A: 0.088, idt_A: 0.116, D_B: 0.058, G_B: 0.876, cycle_B: 0.216, idt_B: 0.081

[Rank 0] (epoch: 620, iters: 1200, time: 0.026, data: 0.006) , D_A: 0.053, G_A: 0.548, cycle_A: 0.082, idt_A: 0.124, D_B: 0.007, G_B: 1.023, cycle_B: 0.245, idt_B: 0.078

[Rank 0] (epoch: 620, iters: 1400, time: 0.029, data: 0.082) , D_A: 0.046, G_A: 0.805, cycle_A: 0.071, idt_A: 0.130, D_B: 0.024, G_B: 0.805, cycle_B: 0.225, idt_B: 0.061

[Rank 0] (epoch: 620, iters: 1600, time: 0.139, data: 0.006) , D_A: 0.053, G_A: 0.782, cycle_A: 0.064, idt_A: 0.124, D_B: 0.025, G_B: 0.871, cycle_B: 0.197, idt_B: 0.064

[Rank 0] (epoch: 620, iters: 1800, time: 0.030, data: 0.003) , D_A: 0.040, G_A: 0.637, cycle_A: 0.084, idt_A: 0.140, D_B: 0.007, G_B: 0.920, cycle_B: 0.221, idt_B: 0.073

learning rate 0.0000100 -> 0.0000100
saving the model at the end of epoch 620, iters 98328
End of epoch 620 / 950 	 Time Taken: 59 sec
[Rank 0] (epoch: 621, iters: 72, time: 0.141, data: 0.004) , D_A: 0.063, G_A: 0.815, cycle_A: 0.083, idt_A: 0.155, D_B: 0.005, G_B: 0.862, cycle_B: 0.249, idt_B: 0.072

[Rank 0] (epoch: 621, iters: 272, time: 0.030, data: 0.004) , D_A: 0.052, G_A: 0.862, cycle_A: 0.068, idt_A: 0.116, D_B: 0.059, G_B: 0.963, cycle_B: 0.182, idt_B: 0.063

[Rank 0] (epoch: 621, iters: 472, time: 0.026, data: 0.004) , D_A: 0.060, G_A: 0.620, cycle_A: 0.063, idt_A: 0.118, D_B: 0.005, G_B: 1.009, cycle_B: 0.182, idt_B: 0.061

[Rank 0] (epoch: 621, iters: 672, time: 0.137, data: 0.003) , D_A: 0.095, G_A: 0.638, cycle_A: 0.075, idt_A: 0.132, D_B: 0.002, G_B: 0.959, cycle_B: 0.212, idt_B: 0.069

[Rank 0] (epoch: 621, iters: 872, time: 0.026, data: 0.006) , D_A: 0.048, G_A: 0.639, cycle_A: 0.057, idt_A: 0.124, D_B: 0.006, G_B: 0.848, cycle_B: 0.197, idt_B: 0.050

[Rank 0] (epoch: 621, iters: 1072, time: 0.030, data: 0.003) , D_A: 0.058, G_A: 0.672, cycle_A: 0.084, idt_A: 0.122, D_B: 0.005, G_B: 0.913, cycle_B: 0.191, idt_B: 0.067

[Rank 0] (epoch: 621, iters: 1272, time: 0.029, data: 0.004) , D_A: 0.063, G_A: 0.857, cycle_A: 0.075, idt_A: 0.127, D_B: 0.017, G_B: 0.580, cycle_B: 0.202, idt_B: 0.063

[Rank 0] (epoch: 621, iters: 1472, time: 0.026, data: 0.007) , D_A: 0.069, G_A: 0.564, cycle_A: 0.097, idt_A: 0.129, D_B: 0.003, G_B: 0.975, cycle_B: 0.185, idt_B: 0.091

[Rank 0] (epoch: 621, iters: 1672, time: 0.149, data: 0.012) , D_A: 0.076, G_A: 0.544, cycle_A: 0.083, idt_A: 0.124, D_B: 0.002, G_B: 0.996, cycle_B: 0.184, idt_B: 0.078

saving the latest model (epoch 621, total_iters 100000)
[Rank 0] (epoch: 621, iters: 1872, time: 0.030, data: 0.003) , D_A: 0.051, G_A: 0.795, cycle_A: 0.082, idt_A: 0.128, D_B: 0.002, G_B: 0.946, cycle_B: 0.188, idt_B: 0.074

learning rate 0.0000100 -> 0.0000100
saving the model at the end of epoch 621, iters 100256
End of epoch 621 / 950 	 Time Taken: 60 sec
[Rank 0] (epoch: 622, iters: 144, time: 0.157, data: 0.006) , D_A: 0.064, G_A: 0.774, cycle_A: 0.086, idt_A: 0.130, D_B: 0.018, G_B: 1.015, cycle_B: 0.190, idt_B: 0.081

[Rank 0] (epoch: 622, iters: 344, time: 0.030, data: 0.002) , D_A: 0.091, G_A: 0.439, cycle_A: 0.062, idt_A: 0.134, D_B: 0.022, G_B: 0.972, cycle_B: 0.205, idt_B: 0.059

[Rank 0] (epoch: 622, iters: 544, time: 0.030, data: 0.003) , D_A: 0.066, G_A: 0.887, cycle_A: 0.097, idt_A: 0.137, D_B: 0.002, G_B: 0.937, cycle_B: 0.218, idt_B: 0.087

[Rank 0] (epoch: 622, iters: 744, time: 0.158, data: 0.005) , D_A: 0.074, G_A: 0.569, cycle_A: 0.049, idt_A: 0.132, D_B: 0.050, G_B: 0.978, cycle_B: 0.198, idt_B: 0.047

[Rank 0] (epoch: 622, iters: 944, time: 0.029, data: 0.007) , D_A: 0.063, G_A: 0.722, cycle_A: 0.063, idt_A: 0.116, D_B: 0.002, G_B: 0.949, cycle_B: 0.178, idt_B: 0.057

[Rank 0] (epoch: 622, iters: 1144, time: 0.029, data: 0.006) , D_A: 0.042, G_A: 0.811, cycle_A: 0.064, idt_A: 0.138, D_B: 0.003, G_B: 0.948, cycle_B: 0.204, idt_B: 0.058

[Rank 0] (epoch: 622, iters: 1344, time: 0.030, data: 0.003) , D_A: 0.073, G_A: 0.634, cycle_A: 0.070, idt_A: 0.130, D_B: 0.002, G_B: 0.990, cycle_B: 0.190, idt_B: 0.070

[Rank 0] (epoch: 622, iters: 1544, time: 0.030, data: 0.003) , D_A: 0.045, G_A: 0.975, cycle_A: 0.092, idt_A: 0.140, D_B: 0.003, G_B: 0.990, cycle_B: 0.206, idt_B: 0.089

[Rank 0] (epoch: 622, iters: 1744, time: 0.152, data: 0.004) , D_A: 0.049, G_A: 0.828, cycle_A: 0.079, idt_A: 0.142, D_B: 0.003, G_B: 1.009, cycle_B: 0.210, idt_B: 0.073

learning rate 0.0000100 -> 0.0000100
saving the model at the end of epoch 622, iters 102184
End of epoch 622 / 950 	 Time Taken: 57 sec
[Rank 0] (epoch: 623, iters: 16, time: 0.149, data: 0.002) , D_A: 0.046, G_A: 0.840, cycle_A: 0.061, idt_A: 0.146, D_B: 0.003, G_B: 0.904, cycle_B: 0.217, idt_B: 0.055

[Rank 0] (epoch: 623, iters: 216, time: 0.030, data: 0.002) , D_A: 0.051, G_A: 0.822, cycle_A: 0.075, idt_A: 0.143, D_B: 0.001, G_B: 0.991, cycle_B: 0.203, idt_B: 0.068

[Rank 0] (epoch: 623, iters: 416, time: 0.029, data: 0.003) , D_A: 0.082, G_A: 0.630, cycle_A: 0.094, idt_A: 0.138, D_B: 0.002, G_B: 0.982, cycle_B: 0.204, idt_B: 0.085

[Rank 0] (epoch: 623, iters: 616, time: 0.029, data: 0.003) , D_A: 0.060, G_A: 0.617, cycle_A: 0.064, idt_A: 0.126, D_B: 0.026, G_B: 0.963, cycle_B: 0.189, idt_B: 0.061

[Rank 0] (epoch: 623, iters: 816, time: 0.149, data: 0.006) , D_A: 0.053, G_A: 0.716, cycle_A: 0.079, idt_A: 0.141, D_B: 0.002, G_B: 0.960, cycle_B: 0.207, idt_B: 0.067

[Rank 0] (epoch: 623, iters: 1016, time: 0.030, data: 0.002) , D_A: 0.078, G_A: 0.810, cycle_A: 0.093, idt_A: 0.123, D_B: 0.008, G_B: 0.735, cycle_B: 0.192, idt_B: 0.082

[Rank 0] (epoch: 623, iters: 1216, time: 0.026, data: 0.135) , D_A: 0.058, G_A: 0.983, cycle_A: 0.115, idt_A: 0.125, D_B: 0.003, G_B: 0.936, cycle_B: 0.192, idt_B: 0.095

[Rank 0] (epoch: 623, iters: 1416, time: 0.029, data: 0.128) , D_A: 0.061, G_A: 0.691, cycle_A: 0.084, idt_A: 0.141, D_B: 0.002, G_B: 0.970, cycle_B: 0.207, idt_B: 0.073

[Rank 0] (epoch: 623, iters: 1616, time: 0.030, data: 0.003) , D_A: 0.045, G_A: 0.877, cycle_A: 0.076, idt_A: 0.133, D_B: 0.006, G_B: 0.853, cycle_B: 0.218, idt_B: 0.074

[Rank 0] (epoch: 623, iters: 1816, time: 0.152, data: 0.003) , D_A: 0.070, G_A: 0.632, cycle_A: 0.078, idt_A: 0.104, D_B: 0.005, G_B: 0.822, cycle_B: 0.174, idt_B: 0.068

learning rate 0.0000100 -> 0.0000100
saving the model at the end of epoch 623, iters 104112
End of epoch 623 / 950 	 Time Taken: 60 sec
[Rank 0] (epoch: 624, iters: 88, time: 0.174, data: 0.005) , D_A: 0.046, G_A: 0.765, cycle_A: 0.083, idt_A: 0.124, D_B: 0.003, G_B: 0.945, cycle_B: 0.199, idt_B: 0.070

[Rank 0] (epoch: 624, iters: 288, time: 0.029, data: 0.002) , D_A: 0.069, G_A: 0.835, cycle_A: 0.087, idt_A: 0.153, D_B: 0.001, G_B: 0.972, cycle_B: 0.225, idt_B: 0.077

[Rank 0] (epoch: 624, iters: 488, time: 0.028, data: 0.003) , D_A: 0.068, G_A: 0.680, cycle_A: 0.099, idt_A: 0.127, D_B: 0.003, G_B: 1.006, cycle_B: 0.193, idt_B: 0.088

[Rank 0] (epoch: 624, iters: 688, time: 0.026, data: 0.178) , D_A: 0.080, G_A: 0.783, cycle_A: 0.063, idt_A: 0.125, D_B: 0.002, G_B: 1.021, cycle_B: 0.188, idt_B: 0.057

[Rank 0] (epoch: 624, iters: 888, time: 0.125, data: 0.025) , D_A: 0.070, G_A: 0.558, cycle_A: 0.066, idt_A: 0.129, D_B: 0.005, G_B: 0.848, cycle_B: 0.197, idt_B: 0.059

saving the latest model (epoch 624, total_iters 105000)
[Rank 0] (epoch: 624, iters: 1088, time: 0.030, data: 0.002) , D_A: 0.071, G_A: 0.504, cycle_A: 0.088, idt_A: 0.126, D_B: 0.002, G_B: 0.966, cycle_B: 0.190, idt_B: 0.082

[Rank 0] (epoch: 624, iters: 1288, time: 0.029, data: 0.002) , D_A: 0.062, G_A: 0.823, cycle_A: 0.058, idt_A: 0.116, D_B: 0.020, G_B: 1.057, cycle_B: 0.180, idt_B: 0.050

[Rank 0] (epoch: 624, iters: 1488, time: 0.026, data: 0.182) , D_A: 0.056, G_A: 0.731, cycle_A: 0.071, idt_A: 0.137, D_B: 0.001, G_B: 0.976, cycle_B: 0.191, idt_B: 0.059

[Rank 0] (epoch: 624, iters: 1688, time: 0.026, data: 0.144) , D_A: 0.076, G_A: 0.942, cycle_A: 0.078, idt_A: 0.145, D_B: 0.002, G_B: 1.015, cycle_B: 0.221, idt_B: 0.062

[Rank 0] (epoch: 624, iters: 1888, time: 0.120, data: 0.002) , D_A: 0.078, G_A: 0.558, cycle_A: 0.088, idt_A: 0.138, D_B: 0.004, G_B: 0.839, cycle_B: 0.211, idt_B: 0.074

learning rate 0.0000100 -> 0.0000100
saving the model at the end of epoch 624, iters 106040
End of epoch 624 / 950 	 Time Taken: 61 sec
[Rank 0] (epoch: 625, iters: 160, time: 0.149, data: 0.002) , D_A: 0.050, G_A: 0.827, cycle_A: 0.092, idt_A: 0.162, D_B: 0.002, G_B: 0.966, cycle_B: 0.232, idt_B: 0.078

[Rank 0] (epoch: 625, iters: 360, time: 0.029, data: 0.004) , D_A: 0.072, G_A: 0.726, cycle_A: 0.093, idt_A: 0.132, D_B: 0.002, G_B: 0.984, cycle_B: 0.206, idt_B: 0.081

[Rank 0] (epoch: 625, iters: 560, time: 0.026, data: 0.004) , D_A: 0.043, G_A: 0.800, cycle_A: 0.112, idt_A: 0.149, D_B: 0.002, G_B: 0.943, cycle_B: 0.229, idt_B: 0.105

[Rank 0] (epoch: 625, iters: 760, time: 0.030, data: 0.002) , D_A: 0.051, G_A: 0.606, cycle_A: 0.060, idt_A: 0.126, D_B: 0.003, G_B: 0.951, cycle_B: 0.194, idt_B: 0.052

[Rank 0] (epoch: 625, iters: 960, time: 0.156, data: 0.002) , D_A: 0.064, G_A: 0.786, cycle_A: 0.074, idt_A: 0.135, D_B: 0.005, G_B: 0.929, cycle_B: 0.204, idt_B: 0.064

[Rank 0] (epoch: 625, iters: 1160, time: 0.030, data: 0.002) , D_A: 0.057, G_A: 0.740, cycle_A: 0.067, idt_A: 0.138, D_B: 0.002, G_B: 0.964, cycle_B: 0.197, idt_B: 0.059

[Rank 0] (epoch: 625, iters: 1360, time: 0.030, data: 0.002) , D_A: 0.048, G_A: 0.778, cycle_A: 0.069, idt_A: 0.120, D_B: 0.069, G_B: 0.956, cycle_B: 0.167, idt_B: 0.059

[Rank 0] (epoch: 625, iters: 1560, time: 0.026, data: 0.111) , D_A: 0.051, G_A: 0.727, cycle_A: 0.099, idt_A: 0.121, D_B: 0.001, G_B: 0.960, cycle_B: 0.177, idt_B: 0.077

[Rank 0] (epoch: 625, iters: 1760, time: 0.029, data: 0.002) , D_A: 0.067, G_A: 0.842, cycle_A: 0.104, idt_A: 0.138, D_B: 0.002, G_B: 0.965, cycle_B: 0.211, idt_B: 0.097

learning rate 0.0000100 -> 0.0000100
saving the model at the end of epoch 625, iters 107968
End of epoch 625 / 950 	 Time Taken: 58 sec
[Rank 0] (epoch: 626, iters: 32, time: 0.138, data: 0.003) , D_A: 0.049, G_A: 0.869, cycle_A: 0.072, idt_A: 0.126, D_B: 0.001, G_B: 0.993, cycle_B: 0.187, idt_B: 0.068

[Rank 0] (epoch: 626, iters: 232, time: 0.029, data: 0.004) , D_A: 0.055, G_A: 0.636, cycle_A: 0.064, idt_A: 0.147, D_B: 0.002, G_B: 0.964, cycle_B: 0.202, idt_B: 0.057

[Rank 0] (epoch: 626, iters: 432, time: 0.030, data: 0.002) , D_A: 0.047, G_A: 0.707, cycle_A: 0.074, idt_A: 0.136, D_B: 0.002, G_B: 0.977, cycle_B: 0.204, idt_B: 0.064

[Rank 0] (epoch: 626, iters: 632, time: 0.029, data: 0.003) , D_A: 0.054, G_A: 0.754, cycle_A: 0.080, idt_A: 0.148, D_B: 0.001, G_B: 0.964, cycle_B: 0.223, idt_B: 0.067

[Rank 0] (epoch: 626, iters: 832, time: 0.029, data: 0.007) , D_A: 0.067, G_A: 0.600, cycle_A: 0.070, idt_A: 0.137, D_B: 0.063, G_B: 1.068, cycle_B: 0.278, idt_B: 0.065

[Rank 0] (epoch: 626, iters: 1032, time: 0.139, data: 0.088) , D_A: 0.053, G_A: 0.770, cycle_A: 0.100, idt_A: 0.128, D_B: 0.016, G_B: 0.823, cycle_B: 0.209, idt_B: 0.091

[Rank 0] (epoch: 626, iters: 1232, time: 0.029, data: 0.003) , D_A: 0.061, G_A: 0.639, cycle_A: 0.087, idt_A: 0.124, D_B: 0.009, G_B: 0.867, cycle_B: 0.215, idt_B: 0.078

[Rank 0] (epoch: 626, iters: 1432, time: 0.029, data: 0.002) , D_A: 0.060, G_A: 0.760, cycle_A: 0.097, idt_A: 0.137, D_B: 0.008, G_B: 1.002, cycle_B: 0.228, idt_B: 0.092

[Rank 0] (epoch: 626, iters: 1632, time: 0.026, data: 0.044) , D_A: 0.047, G_A: 0.833, cycle_A: 0.111, idt_A: 0.135, D_B: 0.006, G_B: 0.884, cycle_B: 0.232, idt_B: 0.083

[Rank 0] (epoch: 626, iters: 1832, time: 0.030, data: 0.002) , D_A: 0.057, G_A: 0.574, cycle_A: 0.100, idt_A: 0.147, D_B: 0.006, G_B: 1.037, cycle_B: 0.246, idt_B: 0.093

learning rate 0.0000100 -> 0.0000100
saving the model at the end of epoch 626, iters 109896
End of epoch 626 / 950 	 Time Taken: 55 sec
[Rank 0] (epoch: 627, iters: 104, time: 0.134, data: 0.023) , D_A: 0.048, G_A: 0.834, cycle_A: 0.105, idt_A: 0.134, D_B: 0.005, G_B: 0.941, cycle_B: 0.229, idt_B: 0.092

saving the latest model (epoch 627, total_iters 110000)
[Rank 0] (epoch: 627, iters: 304, time: 0.026, data: 0.001) , D_A: 0.056, G_A: 0.661, cycle_A: 0.091, idt_A: 0.138, D_B: 0.006, G_B: 0.850, cycle_B: 0.263, idt_B: 0.080

[Rank 0] (epoch: 627, iters: 504, time: 0.030, data: 0.003) , D_A: 0.050, G_A: 0.845, cycle_A: 0.094, idt_A: 0.139, D_B: 0.023, G_B: 0.712, cycle_B: 0.277, idt_B: 0.087

[Rank 0] (epoch: 627, iters: 704, time: 0.030, data: 0.002) , D_A: 0.047, G_A: 1.225, cycle_A: 0.110, idt_A: 0.141, D_B: 0.010, G_B: 0.815, cycle_B: 0.305, idt_B: 0.095

[Rank 0] (epoch: 627, iters: 904, time: 0.026, data: 0.028) , D_A: 0.075, G_A: 0.643, cycle_A: 0.069, idt_A: 0.126, D_B: 0.013, G_B: 0.851, cycle_B: 0.268, idt_B: 0.065

[Rank 0] (epoch: 627, iters: 1104, time: 0.112, data: 0.147) , D_A: 0.042, G_A: 0.809, cycle_A: 0.095, idt_A: 0.139, D_B: 0.011, G_B: 1.015, cycle_B: 0.285, idt_B: 0.084

[Rank 0] (epoch: 627, iters: 1304, time: 0.030, data: 0.002) , D_A: 0.062, G_A: 0.760, cycle_A: 0.075, idt_A: 0.123, D_B: 0.010, G_B: 0.812, cycle_B: 0.268, idt_B: 0.064

[Rank 0] (epoch: 627, iters: 1504, time: 0.029, data: 0.003) , D_A: 0.065, G_A: 0.661, cycle_A: 0.090, idt_A: 0.134, D_B: 0.024, G_B: 0.919, cycle_B: 0.273, idt_B: 0.075

[Rank 0] (epoch: 627, iters: 1704, time: 0.026, data: 0.039) , D_A: 0.044, G_A: 0.829, cycle_A: 0.089, idt_A: 0.140, D_B: 0.018, G_B: 0.820, cycle_B: 0.271, idt_B: 0.080

[Rank 0] (epoch: 627, iters: 1904, time: 0.030, data: 0.003) , D_A: 0.055, G_A: 0.735, cycle_A: 0.078, idt_A: 0.127, D_B: 0.007, G_B: 0.884, cycle_B: 0.242, idt_B: 0.065

learning rate 0.0000100 -> 0.0000100
saving the model at the end of epoch 627, iters 111824
End of epoch 627 / 950 	 Time Taken: 58 sec
[Rank 0] (epoch: 628, iters: 176, time: 0.171, data: 0.002) , D_A: 0.059, G_A: 0.693, cycle_A: 0.071, idt_A: 0.138, D_B: 0.010, G_B: 1.022, cycle_B: 0.268, idt_B: 0.060

[Rank 0] (epoch: 628, iters: 376, time: 0.029, data: 0.002) , D_A: 0.066, G_A: 0.679, cycle_A: 0.081, idt_A: 0.144, D_B: 0.011, G_B: 0.976, cycle_B: 0.290, idt_B: 0.068

[Rank 0] (epoch: 628, iters: 576, time: 0.029, data: 0.184) , D_A: 0.076, G_A: 0.812, cycle_A: 0.086, idt_A: 0.131, D_B: 0.007, G_B: 0.907, cycle_B: 0.233, idt_B: 0.067

[Rank 0] (epoch: 628, iters: 776, time: 0.026, data: 0.122) , D_A: 0.072, G_A: 0.777, cycle_A: 0.065, idt_A: 0.136, D_B: 0.011, G_B: 0.840, cycle_B: 0.254, idt_B: 0.048

[Rank 0] (epoch: 628, iters: 976, time: 0.030, data: 0.042) , D_A: 0.051, G_A: 0.861, cycle_A: 0.090, idt_A: 0.144, D_B: 0.008, G_B: 0.947, cycle_B: 0.301, idt_B: 0.069

[Rank 0] (epoch: 628, iters: 1176, time: 0.176, data: 0.002) , D_A: 0.057, G_A: 0.876, cycle_A: 0.062, idt_A: 0.128, D_B: 0.010, G_B: 0.968, cycle_B: 0.246, idt_B: 0.052

[Rank 0] (epoch: 628, iters: 1376, time: 0.030, data: 0.003) , D_A: 0.050, G_A: 0.995, cycle_A: 0.105, idt_A: 0.123, D_B: 0.006, G_B: 0.957, cycle_B: 0.246, idt_B: 0.093

[Rank 0] (epoch: 628, iters: 1576, time: 0.029, data: 0.005) , D_A: 0.077, G_A: 0.599, cycle_A: 0.071, idt_A: 0.133, D_B: 0.005, G_B: 0.999, cycle_B: 0.280, idt_B: 0.065

[Rank 0] (epoch: 628, iters: 1776, time: 0.026, data: 0.004) , D_A: 0.048, G_A: 0.797, cycle_A: 0.077, idt_A: 0.123, D_B: 0.031, G_B: 0.800, cycle_B: 0.260, idt_B: 0.066

learning rate 0.0000100 -> 0.0000100
saving the model at the end of epoch 628, iters 113752
End of epoch 628 / 950 	 Time Taken: 59 sec
[Rank 0] (epoch: 629, iters: 48, time: 0.129, data: 0.002) , D_A: 0.085, G_A: 0.895, cycle_A: 0.099, idt_A: 0.126, D_B: 0.013, G_B: 0.946, cycle_B: 0.260, idt_B: 0.091

[Rank 0] (epoch: 629, iters: 248, time: 0.129, data: 0.003) , D_A: 0.064, G_A: 0.681, cycle_A: 0.088, idt_A: 0.133, D_B: 0.007, G_B: 0.775, cycle_B: 0.272, idt_B: 0.079

[Rank 0] (epoch: 629, iters: 448, time: 0.030, data: 0.004) , D_A: 0.061, G_A: 0.919, cycle_A: 0.087, idt_A: 0.130, D_B: 0.028, G_B: 0.942, cycle_B: 0.271, idt_B: 0.080

[Rank 0] (epoch: 629, iters: 648, time: 0.026, data: 0.172) , D_A: 0.058, G_A: 0.699, cycle_A: 0.088, idt_A: 0.114, D_B: 0.015, G_B: 0.891, cycle_B: 0.242, idt_B: 0.080

[Rank 0] (epoch: 629, iters: 848, time: 0.029, data: 0.002) , D_A: 0.064, G_A: 0.661, cycle_A: 0.091, idt_A: 0.116, D_B: 0.009, G_B: 0.844, cycle_B: 0.234, idt_B: 0.085

[Rank 0] (epoch: 629, iters: 1048, time: 0.030, data: 0.002) , D_A: 0.054, G_A: 0.766, cycle_A: 0.104, idt_A: 0.134, D_B: 0.006, G_B: 1.000, cycle_B: 0.267, idt_B: 0.086

[Rank 0] (epoch: 629, iters: 1248, time: 0.118, data: 0.004) , D_A: 0.052, G_A: 0.788, cycle_A: 0.107, idt_A: 0.126, D_B: 0.012, G_B: 0.837, cycle_B: 0.258, idt_B: 0.093

saving the latest model (epoch 629, total_iters 115000)
[Rank 0] (epoch: 629, iters: 1448, time: 0.030, data: 0.002) , D_A: 0.076, G_A: 0.745, cycle_A: 0.081, idt_A: 0.134, D_B: 0.008, G_B: 0.846, cycle_B: 0.274, idt_B: 0.066

[Rank 0] (epoch: 629, iters: 1648, time: 0.029, data: 0.004) , D_A: 0.040, G_A: 0.900, cycle_A: 0.081, idt_A: 0.134, D_B: 0.008, G_B: 1.092, cycle_B: 0.273, idt_B: 0.070

[Rank 0] (epoch: 629, iters: 1848, time: 0.030, data: 0.002) , D_A: 0.070, G_A: 0.771, cycle_A: 0.086, idt_A: 0.126, D_B: 0.011, G_B: 1.068, cycle_B: 0.255, idt_B: 0.070

learning rate 0.0000100 -> 0.0000100
saving the model at the end of epoch 629, iters 115680
End of epoch 629 / 950 	 Time Taken: 59 sec
[Rank 0] (epoch: 630, iters: 120, time: 0.130, data: 0.072) , D_A: 0.073, G_A: 0.719, cycle_A: 0.081, idt_A: 0.121, D_B: 0.028, G_B: 0.777, cycle_B: 0.236, idt_B: 0.071

[Rank 0] (epoch: 630, iters: 320, time: 0.152, data: 0.001) , D_A: 0.049, G_A: 0.724, cycle_A: 0.087, idt_A: 0.136, D_B: 0.047, G_B: 0.775, cycle_B: 0.246, idt_B: 0.080

[Rank 0] (epoch: 630, iters: 520, time: 0.030, data: 0.003) , D_A: 0.103, G_A: 0.627, cycle_A: 0.087, idt_A: 0.143, D_B: 0.007, G_B: 1.275, cycle_B: 0.271, idt_B: 0.087

[Rank 0] (epoch: 630, iters: 720, time: 0.026, data: 0.085) , D_A: 0.043, G_A: 0.907, cycle_A: 0.094, idt_A: 0.115, D_B: 0.024, G_B: 0.909, cycle_B: 0.229, idt_B: 0.079

[Rank 0] (epoch: 630, iters: 920, time: 0.029, data: 0.005) , D_A: 0.087, G_A: 0.844, cycle_A: 0.085, idt_A: 0.115, D_B: 0.012, G_B: 0.856, cycle_B: 0.226, idt_B: 0.068

[Rank 0] (epoch: 630, iters: 1120, time: 0.026, data: 0.003) , D_A: 0.055, G_A: 0.732, cycle_A: 0.099, idt_A: 0.129, D_B: 0.023, G_B: 0.783, cycle_B: 0.262, idt_B: 0.091

[Rank 0] (epoch: 630, iters: 1320, time: 0.126, data: 0.011) , D_A: 0.042, G_A: 0.936, cycle_A: 0.080, idt_A: 0.117, D_B: 0.005, G_B: 0.885, cycle_B: 0.224, idt_B: 0.075

[Rank 0] (epoch: 630, iters: 1520, time: 0.029, data: 0.004) , D_A: 0.061, G_A: 0.830, cycle_A: 0.082, idt_A: 0.130, D_B: 0.006, G_B: 0.955, cycle_B: 0.267, idt_B: 0.073

[Rank 0] (epoch: 630, iters: 1720, time: 0.030, data: 0.003) , D_A: 0.055, G_A: 0.633, cycle_A: 0.085, idt_A: 0.123, D_B: 0.009, G_B: 0.941, cycle_B: 0.312, idt_B: 0.075

[Rank 0] (epoch: 630, iters: 1920, time: 0.027, data: 0.003) , D_A: 0.049, G_A: 0.797, cycle_A: 0.088, idt_A: 0.112, D_B: 0.005, G_B: 0.884, cycle_B: 0.263, idt_B: 0.074

learning rate 0.0000100 -> 0.0000100
saving the model at the end of epoch 630, iters 117608
End of epoch 630 / 950 	 Time Taken: 58 sec
[Rank 0] (epoch: 631, iters: 192, time: 0.160, data: 0.001) , D_A: 0.050, G_A: 0.940, cycle_A: 0.107, idt_A: 0.125, D_B: 0.004, G_B: 0.956, cycle_B: 0.278, idt_B: 0.095

[Rank 0] (epoch: 631, iters: 392, time: 0.145, data: 0.006) , D_A: 0.043, G_A: 0.940, cycle_A: 0.084, idt_A: 0.135, D_B: 0.006, G_B: 0.950, cycle_B: 0.308, idt_B: 0.068

[Rank 0] (epoch: 631, iters: 592, time: 0.029, data: 0.004) , D_A: 0.071, G_A: 0.488, cycle_A: 0.109, idt_A: 0.139, D_B: 0.005, G_B: 0.958, cycle_B: 0.295, idt_B: 0.089

[Rank 0] (epoch: 631, iters: 792, time: 0.030, data: 0.003) , D_A: 0.060, G_A: 0.676, cycle_A: 0.085, idt_A: 0.128, D_B: 0.005, G_B: 0.974, cycle_B: 0.255, idt_B: 0.079

[Rank 0] (epoch: 631, iters: 992, time: 0.026, data: 0.126) , D_A: 0.049, G_A: 0.742, cycle_A: 0.065, idt_A: 0.126, D_B: 0.005, G_B: 0.961, cycle_B: 0.250, idt_B: 0.057

[Rank 0] (epoch: 631, iters: 1192, time: 0.030, data: 0.002) , D_A: 0.053, G_A: 0.682, cycle_A: 0.050, idt_A: 0.148, D_B: 0.005, G_B: 0.964, cycle_B: 0.305, idt_B: 0.045

[Rank 0] (epoch: 631, iters: 1392, time: 0.144, data: 0.054) , D_A: 0.063, G_A: 0.950, cycle_A: 0.088, idt_A: 0.132, D_B: 0.005, G_B: 0.927, cycle_B: 0.271, idt_B: 0.081

[Rank 0] (epoch: 631, iters: 1592, time: 0.026, data: 0.002) , D_A: 0.047, G_A: 0.809, cycle_A: 0.089, idt_A: 0.132, D_B: 0.005, G_B: 1.061, cycle_B: 0.247, idt_B: 0.078

[Rank 0] (epoch: 631, iters: 1792, time: 0.030, data: 0.003) , D_A: 0.064, G_A: 0.648, cycle_A: 0.081, idt_A: 0.134, D_B: 0.020, G_B: 1.066, cycle_B: 0.244, idt_B: 0.081

learning rate 0.0000100 -> 0.0000100
saving the model at the end of epoch 631, iters 119536
End of epoch 631 / 950 	 Time Taken: 61 sec
[Rank 0] (epoch: 632, iters: 64, time: 0.164, data: 0.003) , D_A: 0.057, G_A: 0.849, cycle_A: 0.093, idt_A: 0.144, D_B: 0.005, G_B: 0.959, cycle_B: 0.274, idt_B: 0.082

[Rank 0] (epoch: 632, iters: 264, time: 0.029, data: 0.004) , D_A: 0.061, G_A: 0.801, cycle_A: 0.097, idt_A: 0.121, D_B: 0.009, G_B: 0.880, cycle_B: 0.235, idt_B: 0.082

[Rank 0] (epoch: 632, iters: 464, time: 0.115, data: 0.004) , D_A: 0.059, G_A: 0.875, cycle_A: 0.076, idt_A: 0.145, D_B: 0.007, G_B: 0.965, cycle_B: 0.280, idt_B: 0.068

saving the latest model (epoch 632, total_iters 120000)
[Rank 0] (epoch: 632, iters: 664, time: 0.030, data: 0.003) , D_A: 0.059, G_A: 1.041, cycle_A: 0.063, idt_A: 0.144, D_B: 0.007, G_B: 0.975, cycle_B: 0.277, idt_B: 0.049

[Rank 0] (epoch: 632, iters: 864, time: 0.026, data: 0.180) , D_A: 0.071, G_A: 0.936, cycle_A: 0.096, idt_A: 0.142, D_B: 0.031, G_B: 0.979, cycle_B: 0.283, idt_B: 0.083

[Rank 0] (epoch: 632, iters: 1064, time: 0.030, data: 0.003) , D_A: 0.053, G_A: 0.683, cycle_A: 0.078, idt_A: 0.117, D_B: 0.005, G_B: 0.947, cycle_B: 0.232, idt_B: 0.065

[Rank 0] (epoch: 632, iters: 1264, time: 0.029, data: 0.007) , D_A: 0.049, G_A: 0.747, cycle_A: 0.083, idt_A: 0.150, D_B: 0.005, G_B: 0.997, cycle_B: 0.293, idt_B: 0.076

[Rank 0] (epoch: 632, iters: 1464, time: 0.142, data: 0.003) , D_A: 0.067, G_A: 0.862, cycle_A: 0.082, idt_A: 0.147, D_B: 0.023, G_B: 0.893, cycle_B: 0.268, idt_B: 0.072

[Rank 0] (epoch: 632, iters: 1664, time: 0.029, data: 0.004) , D_A: 0.061, G_A: 0.684, cycle_A: 0.103, idt_A: 0.132, D_B: 0.008, G_B: 0.950, cycle_B: 0.247, idt_B: 0.085

[Rank 0] (epoch: 632, iters: 1864, time: 0.029, data: 0.006) , D_A: 0.052, G_A: 0.787, cycle_A: 0.081, idt_A: 0.136, D_B: 0.013, G_B: 1.002, cycle_B: 0.262, idt_B: 0.072

learning rate 0.0000100 -> 0.0000100
saving the model at the end of epoch 632, iters 121464
End of epoch 632 / 950 	 Time Taken: 60 sec
[Rank 0] (epoch: 633, iters: 136, time: 0.116, data: 0.003) , D_A: 0.064, G_A: 0.679, cycle_A: 0.109, idt_A: 0.119, D_B: 0.030, G_B: 1.066, cycle_B: 0.228, idt_B: 0.097

[Rank 0] (epoch: 633, iters: 336, time: 0.026, data: 0.003) , D_A: 0.055, G_A: 0.747, cycle_A: 0.082, idt_A: 0.126, D_B: 0.006, G_B: 0.927, cycle_B: 0.248, idt_B: 0.072

[Rank 0] (epoch: 633, iters: 536, time: 0.171, data: 0.002) , D_A: 0.057, G_A: 0.931, cycle_A: 0.080, idt_A: 0.141, D_B: 0.015, G_B: 0.853, cycle_B: 0.293, idt_B: 0.073

[Rank 0] (epoch: 633, iters: 736, time: 0.030, data: 0.003) , D_A: 0.054, G_A: 1.080, cycle_A: 0.092, idt_A: 0.125, D_B: 0.011, G_B: 0.823, cycle_B: 0.257, idt_B: 0.080

[Rank 0] (epoch: 633, iters: 936, time: 0.030, data: 0.002) , D_A: 0.057, G_A: 0.762, cycle_A: 0.069, idt_A: 0.133, D_B: 0.009, G_B: 0.902, cycle_B: 0.286, idt_B: 0.063

[Rank 0] (epoch: 633, iters: 1136, time: 0.026, data: 0.192) , D_A: 0.048, G_A: 0.815, cycle_A: 0.108, idt_A: 0.137, D_B: 0.008, G_B: 0.900, cycle_B: 0.263, idt_B: 0.084

[Rank 0] (epoch: 633, iters: 1336, time: 0.030, data: 0.003) , D_A: 0.074, G_A: 0.673, cycle_A: 0.057, idt_A: 0.133, D_B: 0.008, G_B: 1.017, cycle_B: 0.275, idt_B: 0.055

[Rank 0] (epoch: 633, iters: 1536, time: 0.124, data: 0.003) , D_A: 0.060, G_A: 0.826, cycle_A: 0.084, idt_A: 0.157, D_B: 0.026, G_B: 0.880, cycle_B: 0.314, idt_B: 0.071

[Rank 0] (epoch: 633, iters: 1736, time: 0.030, data: 0.001) , D_A: 0.048, G_A: 0.844, cycle_A: 0.094, idt_A: 0.117, D_B: 0.011, G_B: 1.017, cycle_B: 0.240, idt_B: 0.077

learning rate 0.0000100 -> 0.0000100
saving the model at the end of epoch 633, iters 123392
End of epoch 633 / 950 	 Time Taken: 60 sec
[Rank 0] (epoch: 634, iters: 8, time: 0.134, data: 0.165) , D_A: 0.058, G_A: 0.597, cycle_A: 0.080, idt_A: 0.134, D_B: 0.012, G_B: 1.061, cycle_B: 0.279, idt_B: 0.067

[Rank 0] (epoch: 634, iters: 208, time: 0.030, data: 0.002) , D_A: 0.091, G_A: 0.629, cycle_A: 0.077, idt_A: 0.134, D_B: 0.012, G_B: 0.953, cycle_B: 0.260, idt_B: 0.077

[Rank 0] (epoch: 634, iters: 408, time: 0.026, data: 0.004) , D_A: 0.044, G_A: 0.746, cycle_A: 0.087, idt_A: 0.128, D_B: 0.018, G_B: 0.897, cycle_B: 0.248, idt_B: 0.075

[Rank 0] (epoch: 634, iters: 608, time: 0.119, data: 0.003) , D_A: 0.051, G_A: 0.756, cycle_A: 0.079, idt_A: 0.125, D_B: 0.005, G_B: 0.919, cycle_B: 0.246, idt_B: 0.071

[Rank 0] (epoch: 634, iters: 808, time: 0.026, data: 0.003) , D_A: 0.040, G_A: 0.775, cycle_A: 0.105, idt_A: 0.135, D_B: 0.014, G_B: 0.700, cycle_B: 0.265, idt_B: 0.091

[Rank 0] (epoch: 634, iters: 1008, time: 0.029, data: 0.002) , D_A: 0.061, G_A: 0.670, cycle_A: 0.088, idt_A: 0.135, D_B: 0.012, G_B: 0.972, cycle_B: 0.260, idt_B: 0.072

[Rank 0] (epoch: 634, iters: 1208, time: 0.026, data: 0.184) , D_A: 0.063, G_A: 0.911, cycle_A: 0.077, idt_A: 0.121, D_B: 0.014, G_B: 0.968, cycle_B: 0.240, idt_B: 0.069

[Rank 0] (epoch: 634, iters: 1408, time: 0.030, data: 0.003) , D_A: 0.064, G_A: 0.601, cycle_A: 0.076, idt_A: 0.131, D_B: 0.007, G_B: 0.923, cycle_B: 0.276, idt_B: 0.064

[Rank 0] (epoch: 634, iters: 1608, time: 0.142, data: 0.005) , D_A: 0.061, G_A: 0.674, cycle_A: 0.090, idt_A: 0.126, D_B: 0.005, G_B: 0.928, cycle_B: 0.244, idt_B: 0.080

saving the latest model (epoch 634, total_iters 125000)
[Rank 0] (epoch: 634, iters: 1808, time: 0.029, data: 0.002) , D_A: 0.054, G_A: 0.693, cycle_A: 0.094, idt_A: 0.132, D_B: 0.006, G_B: 0.894, cycle_B: 0.251, idt_B: 0.087

learning rate 0.0000100 -> 0.0000100
saving the model at the end of epoch 634, iters 125320
End of epoch 634 / 950 	 Time Taken: 60 sec
[Rank 0] (epoch: 635, iters: 80, time: 0.121, data: 0.003) , D_A: 0.045, G_A: 0.673, cycle_A: 0.094, idt_A: 0.119, D_B: 0.004, G_B: 0.982, cycle_B: 0.217, idt_B: 0.090

[Rank 0] (epoch: 635, iters: 280, time: 0.030, data: 0.002) , D_A: 0.050, G_A: 0.787, cycle_A: 0.084, idt_A: 0.130, D_B: 0.034, G_B: 0.981, cycle_B: 0.255, idt_B: 0.070

[Rank 0] (epoch: 635, iters: 480, time: 0.029, data: 0.003) , D_A: 0.123, G_A: 1.047, cycle_A: 0.097, idt_A: 0.137, D_B: 0.006, G_B: 0.969, cycle_B: 0.277, idt_B: 0.091

[Rank 0] (epoch: 635, iters: 680, time: 0.142, data: 0.172) , D_A: 0.054, G_A: 0.831, cycle_A: 0.088, idt_A: 0.130, D_B: 0.004, G_B: 1.027, cycle_B: 0.256, idt_B: 0.079

[Rank 0] (epoch: 635, iters: 880, time: 0.029, data: 0.005) , D_A: 0.061, G_A: 0.825, cycle_A: 0.079, idt_A: 0.131, D_B: 0.004, G_B: 0.955, cycle_B: 0.277, idt_B: 0.066

[Rank 0] (epoch: 635, iters: 1080, time: 0.030, data: 0.002) , D_A: 0.058, G_A: 0.868, cycle_A: 0.086, idt_A: 0.128, D_B: 0.029, G_B: 0.963, cycle_B: 0.247, idt_B: 0.073

[Rank 0] (epoch: 635, iters: 1280, time: 0.026, data: 0.142) , D_A: 0.057, G_A: 0.920, cycle_A: 0.071, idt_A: 0.132, D_B: 0.009, G_B: 1.015, cycle_B: 0.252, idt_B: 0.060

[Rank 0] (epoch: 635, iters: 1480, time: 0.030, data: 0.002) , D_A: 0.040, G_A: 0.704, cycle_A: 0.104, idt_A: 0.127, D_B: 0.013, G_B: 0.877, cycle_B: 0.261, idt_B: 0.090

[Rank 0] (epoch: 635, iters: 1680, time: 0.116, data: 0.002) , D_A: 0.053, G_A: 0.739, cycle_A: 0.099, idt_A: 0.120, D_B: 0.005, G_B: 0.938, cycle_B: 0.230, idt_B: 0.094

[Rank 0] (epoch: 635, iters: 1880, time: 0.029, data: 0.002) , D_A: 0.049, G_A: 0.814, cycle_A: 0.071, idt_A: 0.129, D_B: 0.005, G_B: 0.939, cycle_B: 0.264, idt_B: 0.056

learning rate 0.0000100 -> 0.0000100
saving the model at the end of epoch 635, iters 127248
End of epoch 635 / 950 	 Time Taken: 60 sec
[Rank 0] (epoch: 636, iters: 152, time: 0.181, data: 0.002) , D_A: 0.054, G_A: 0.801, cycle_A: 0.095, idt_A: 0.122, D_B: 0.006, G_B: 0.983, cycle_B: 0.271, idt_B: 0.091

[Rank 0] (epoch: 636, iters: 352, time: 0.029, data: 0.003) , D_A: 0.059, G_A: 0.980, cycle_A: 0.080, idt_A: 0.132, D_B: 0.044, G_B: 0.905, cycle_B: 0.289, idt_B: 0.075

[Rank 0] (epoch: 636, iters: 552, time: 0.030, data: 0.003) , D_A: 0.050, G_A: 0.688, cycle_A: 0.107, idt_A: 0.122, D_B: 0.037, G_B: 0.868, cycle_B: 0.279, idt_B: 0.090

[Rank 0] (epoch: 636, iters: 752, time: 0.121, data: 0.003) , D_A: 0.082, G_A: 0.991, cycle_A: 0.097, idt_A: 0.135, D_B: 0.010, G_B: 0.750, cycle_B: 0.320, idt_B: 0.082

[Rank 0] (epoch: 636, iters: 952, time: 0.026, data: 0.003) , D_A: 0.051, G_A: 0.862, cycle_A: 0.072, idt_A: 0.141, D_B: 0.014, G_B: 0.805, cycle_B: 0.326, idt_B: 0.057

[Rank 0] (epoch: 636, iters: 1152, time: 0.030, data: 0.002) , D_A: 0.043, G_A: 0.735, cycle_A: 0.086, idt_A: 0.141, D_B: 0.016, G_B: 0.879, cycle_B: 0.293, idt_B: 0.071

[Rank 0] (epoch: 636, iters: 1352, time: 0.030, data: 0.003) , D_A: 0.066, G_A: 0.786, cycle_A: 0.070, idt_A: 0.123, D_B: 0.011, G_B: 0.844, cycle_B: 0.256, idt_B: 0.058

[Rank 0] (epoch: 636, iters: 1552, time: 0.030, data: 0.003) , D_A: 0.061, G_A: 0.804, cycle_A: 0.091, idt_A: 0.151, D_B: 0.010, G_B: 0.787, cycle_B: 0.309, idt_B: 0.076

[Rank 0] (epoch: 636, iters: 1752, time: 0.140, data: 0.084) , D_A: 0.065, G_A: 0.860, cycle_A: 0.049, idt_A: 0.124, D_B: 0.008, G_B: 0.966, cycle_B: 0.234, idt_B: 0.043

learning rate 0.0000100 -> 0.0000100
saving the model at the end of epoch 636, iters 129176
End of epoch 636 / 950 	 Time Taken: 60 sec
[Rank 0] (epoch: 637, iters: 24, time: 0.146, data: 0.003) , D_A: 0.048, G_A: 0.721, cycle_A: 0.079, idt_A: 0.131, D_B: 0.008, G_B: 0.799, cycle_B: 0.245, idt_B: 0.070

[Rank 0] (epoch: 637, iters: 224, time: 0.030, data: 0.001) , D_A: 0.061, G_A: 0.744, cycle_A: 0.106, idt_A: 0.115, D_B: 0.013, G_B: 0.927, cycle_B: 0.225, idt_B: 0.085

[Rank 0] (epoch: 637, iters: 424, time: 0.026, data: 0.157) , D_A: 0.055, G_A: 0.726, cycle_A: 0.077, idt_A: 0.123, D_B: 0.024, G_B: 1.046, cycle_B: 0.235, idt_B: 0.072

[Rank 0] (epoch: 637, iters: 624, time: 0.030, data: 0.003) , D_A: 0.052, G_A: 0.723, cycle_A: 0.079, idt_A: 0.140, D_B: 0.006, G_B: 0.883, cycle_B: 0.257, idt_B: 0.073

[Rank 0] (epoch: 637, iters: 824, time: 0.138, data: 0.002) , D_A: 0.065, G_A: 0.797, cycle_A: 0.063, idt_A: 0.137, D_B: 0.004, G_B: 1.002, cycle_B: 0.252, idt_B: 0.059

saving the latest model (epoch 637, total_iters 130000)
[Rank 0] (epoch: 637, iters: 1024, time: 0.026, data: 0.002) , D_A: 0.042, G_A: 0.854, cycle_A: 0.108, idt_A: 0.125, D_B: 0.005, G_B: 0.941, cycle_B: 0.235, idt_B: 0.093

[Rank 0] (epoch: 637, iters: 1224, time: 0.030, data: 0.003) , D_A: 0.084, G_A: 1.067, cycle_A: 0.108, idt_A: 0.137, D_B: 0.010, G_B: 0.750, cycle_B: 0.254, idt_B: 0.089

[Rank 0] (epoch: 637, iters: 1424, time: 0.029, data: 0.023) , D_A: 0.074, G_A: 0.700, cycle_A: 0.088, idt_A: 0.139, D_B: 0.003, G_B: 1.017, cycle_B: 0.255, idt_B: 0.072

[Rank 0] (epoch: 637, iters: 1624, time: 0.030, data: 0.003) , D_A: 0.058, G_A: 0.595, cycle_A: 0.100, idt_A: 0.120, D_B: 0.015, G_B: 1.013, cycle_B: 0.233, idt_B: 0.072

[Rank 0] (epoch: 637, iters: 1824, time: 0.116, data: 0.064) , D_A: 0.085, G_A: 0.736, cycle_A: 0.088, idt_A: 0.131, D_B: 0.003, G_B: 0.997, cycle_B: 0.236, idt_B: 0.078

learning rate 0.0000100 -> 0.0000100
saving the model at the end of epoch 637, iters 131104
End of epoch 637 / 950 	 Time Taken: 59 sec
[Rank 0] (epoch: 638, iters: 96, time: 0.155, data: 0.002) , D_A: 0.054, G_A: 0.973, cycle_A: 0.095, idt_A: 0.131, D_B: 0.003, G_B: 1.058, cycle_B: 0.248, idt_B: 0.085

[Rank 0] (epoch: 638, iters: 296, time: 0.030, data: 0.002) , D_A: 0.051, G_A: 0.758, cycle_A: 0.073, idt_A: 0.129, D_B: 0.003, G_B: 0.977, cycle_B: 0.231, idt_B: 0.067

[Rank 0] (epoch: 638, iters: 496, time: 0.029, data: 0.003) , D_A: 0.072, G_A: 0.875, cycle_A: 0.076, idt_A: 0.113, D_B: 0.010, G_B: 0.960, cycle_B: 0.205, idt_B: 0.072

[Rank 0] (epoch: 638, iters: 696, time: 0.030, data: 0.002) , D_A: 0.057, G_A: 0.698, cycle_A: 0.091, idt_A: 0.118, D_B: 0.008, G_B: 0.773, cycle_B: 0.213, idt_B: 0.081

[Rank 0] (epoch: 638, iters: 896, time: 0.111, data: 0.139) , D_A: 0.059, G_A: 0.692, cycle_A: 0.091, idt_A: 0.138, D_B: 0.005, G_B: 0.840, cycle_B: 0.242, idt_B: 0.081

[Rank 0] (epoch: 638, iters: 1096, time: 0.030, data: 0.002) , D_A: 0.053, G_A: 0.738, cycle_A: 0.090, idt_A: 0.135, D_B: 0.006, G_B: 1.032, cycle_B: 0.258, idt_B: 0.080

[Rank 0] (epoch: 638, iters: 1296, time: 0.029, data: 0.003) , D_A: 0.053, G_A: 0.601, cycle_A: 0.079, idt_A: 0.138, D_B: 0.007, G_B: 0.864, cycle_B: 0.248, idt_B: 0.063

[Rank 0] (epoch: 638, iters: 1496, time: 0.030, data: 0.002) , D_A: 0.058, G_A: 0.683, cycle_A: 0.082, idt_A: 0.138, D_B: 0.005, G_B: 0.904, cycle_B: 0.257, idt_B: 0.080

[Rank 0] (epoch: 638, iters: 1696, time: 0.026, data: 0.082) , D_A: 0.038, G_A: 1.026, cycle_A: 0.099, idt_A: 0.135, D_B: 0.010, G_B: 0.919, cycle_B: 0.253, idt_B: 0.092

[Rank 0] (epoch: 638, iters: 1896, time: 0.137, data: 0.003) , D_A: 0.073, G_A: 0.565, cycle_A: 0.064, idt_A: 0.130, D_B: 0.025, G_B: 0.716, cycle_B: 0.253, idt_B: 0.052

learning rate 0.0000100 -> 0.0000100
saving the model at the end of epoch 638, iters 133032
End of epoch 638 / 950 	 Time Taken: 60 sec
[Rank 0] (epoch: 639, iters: 168, time: 0.118, data: 0.003) , D_A: 0.051, G_A: 0.751, cycle_A: 0.077, idt_A: 0.125, D_B: 0.015, G_B: 0.786, cycle_B: 0.223, idt_B: 0.068

[Rank 0] (epoch: 639, iters: 368, time: 0.030, data: 0.004) , D_A: 0.042, G_A: 0.840, cycle_A: 0.099, idt_A: 0.120, D_B: 0.013, G_B: 0.944, cycle_B: 0.238, idt_B: 0.085

[Rank 0] (epoch: 639, iters: 568, time: 0.030, data: 0.002) , D_A: 0.048, G_A: 0.866, cycle_A: 0.086, idt_A: 0.125, D_B: 0.005, G_B: 0.907, cycle_B: 0.240, idt_B: 0.077

[Rank 0] (epoch: 639, iters: 768, time: 0.029, data: 0.010) , D_A: 0.060, G_A: 0.711, cycle_A: 0.088, idt_A: 0.136, D_B: 0.007, G_B: 0.849, cycle_B: 0.242, idt_B: 0.081

[Rank 0] (epoch: 639, iters: 968, time: 0.179, data: 0.141) , D_A: 0.055, G_A: 0.703, cycle_A: 0.099, idt_A: 0.140, D_B: 0.006, G_B: 0.886, cycle_B: 0.255, idt_B: 0.086

[Rank 0] (epoch: 639, iters: 1168, time: 0.029, data: 0.002) , D_A: 0.055, G_A: 0.677, cycle_A: 0.112, idt_A: 0.139, D_B: 0.005, G_B: 0.959, cycle_B: 0.247, idt_B: 0.092

[Rank 0] (epoch: 639, iters: 1368, time: 0.029, data: 0.004) , D_A: 0.043, G_A: 0.857, cycle_A: 0.083, idt_A: 0.129, D_B: 0.011, G_B: 0.750, cycle_B: 0.254, idt_B: 0.073

[Rank 0] (epoch: 639, iters: 1568, time: 0.030, data: 0.002) , D_A: 0.048, G_A: 0.731, cycle_A: 0.094, idt_A: 0.110, D_B: 0.006, G_B: 0.969, cycle_B: 0.218, idt_B: 0.078

[Rank 0] (epoch: 639, iters: 1768, time: 0.026, data: 0.060) , D_A: 0.049, G_A: 0.828, cycle_A: 0.086, idt_A: 0.135, D_B: 0.021, G_B: 1.181, cycle_B: 0.283, idt_B: 0.072

learning rate 0.0000100 -> 0.0000100
saving the model at the end of epoch 639, iters 134960
End of epoch 639 / 950 	 Time Taken: 60 sec
[Rank 0] (epoch: 640, iters: 40, time: 0.160, data: 0.002) , D_A: 0.059, G_A: 0.630, cycle_A: 0.097, idt_A: 0.151, D_B: 0.015, G_B: 1.028, cycle_B: 0.289, idt_B: 0.079

saving the latest model (epoch 640, total_iters 135000)
[Rank 0] (epoch: 640, iters: 240, time: 0.030, data: 0.002) , D_A: 0.060, G_A: 0.788, cycle_A: 0.081, idt_A: 0.117, D_B: 0.005, G_B: 0.970, cycle_B: 0.226, idt_B: 0.062

[Rank 0] (epoch: 640, iters: 440, time: 0.026, data: 0.003) , D_A: 0.042, G_A: 0.836, cycle_A: 0.093, idt_A: 0.151, D_B: 0.011, G_B: 0.994, cycle_B: 0.286, idt_B: 0.078

[Rank 0] (epoch: 640, iters: 640, time: 0.030, data: 0.002) , D_A: 0.072, G_A: 0.587, cycle_A: 0.096, idt_A: 0.146, D_B: 0.004, G_B: 0.941, cycle_B: 0.284, idt_B: 0.082

[Rank 0] (epoch: 640, iters: 840, time: 0.030, data: 0.002) , D_A: 0.048, G_A: 0.835, cycle_A: 0.098, idt_A: 0.119, D_B: 0.005, G_B: 1.051, cycle_B: 0.223, idt_B: 0.077

[Rank 0] (epoch: 640, iters: 1040, time: 0.126, data: 0.002) , D_A: 0.053, G_A: 0.686, cycle_A: 0.084, idt_A: 0.122, D_B: 0.006, G_B: 0.843, cycle_B: 0.235, idt_B: 0.070

[Rank 0] (epoch: 640, iters: 1240, time: 0.026, data: 0.007) , D_A: 0.063, G_A: 0.662, cycle_A: 0.080, idt_A: 0.141, D_B: 0.015, G_B: 0.817, cycle_B: 0.267, idt_B: 0.072

[Rank 0] (epoch: 640, iters: 1440, time: 0.030, data: 0.002) , D_A: 0.075, G_A: 0.598, cycle_A: 0.078, idt_A: 0.128, D_B: 0.004, G_B: 0.918, cycle_B: 0.238, idt_B: 0.064

[Rank 0] (epoch: 640, iters: 1640, time: 0.030, data: 0.003) , D_A: 0.054, G_A: 0.855, cycle_A: 0.089, idt_A: 0.138, D_B: 0.005, G_B: 0.906, cycle_B: 0.266, idt_B: 0.084

[Rank 0] (epoch: 640, iters: 1840, time: 0.029, data: 0.003) , D_A: 0.083, G_A: 1.164, cycle_A: 0.083, idt_A: 0.119, D_B: 0.006, G_B: 0.874, cycle_B: 0.214, idt_B: 0.073

learning rate 0.0000100 -> 0.0000100
saving the model at the end of epoch 640, iters 136888
End of epoch 640 / 950 	 Time Taken: 59 sec
[Rank 0] (epoch: 641, iters: 112, time: 0.147, data: 0.056) , D_A: 0.057, G_A: 0.689, cycle_A: 0.087, idt_A: 0.124, D_B: 0.010, G_B: 1.019, cycle_B: 0.228, idt_B: 0.073

[Rank 0] (epoch: 641, iters: 312, time: 0.030, data: 0.002) , D_A: 0.043, G_A: 0.711, cycle_A: 0.103, idt_A: 0.145, D_B: 0.017, G_B: 0.899, cycle_B: 0.285, idt_B: 0.092

[Rank 0] (epoch: 641, iters: 512, time: 0.026, data: 0.003) , D_A: 0.052, G_A: 1.008, cycle_A: 0.093, idt_A: 0.133, D_B: 0.020, G_B: 0.835, cycle_B: 0.293, idt_B: 0.075

[Rank 0] (epoch: 641, iters: 712, time: 0.030, data: 0.002) , D_A: 0.063, G_A: 0.682, cycle_A: 0.106, idt_A: 0.137, D_B: 0.021, G_B: 0.833, cycle_B: 0.286, idt_B: 0.095

[Rank 0] (epoch: 641, iters: 912, time: 0.029, data: 0.003) , D_A: 0.039, G_A: 0.765, cycle_A: 0.108, idt_A: 0.127, D_B: 0.012, G_B: 0.896, cycle_B: 0.259, idt_B: 0.090

[Rank 0] (epoch: 641, iters: 1112, time: 0.117, data: 0.002) , D_A: 0.072, G_A: 0.973, cycle_A: 0.097, idt_A: 0.143, D_B: 0.014, G_B: 0.769, cycle_B: 0.294, idt_B: 0.087

[Rank 0] (epoch: 641, iters: 1312, time: 0.026, data: 0.003) , D_A: 0.051, G_A: 0.800, cycle_A: 0.090, idt_A: 0.127, D_B: 0.006, G_B: 0.939, cycle_B: 0.243, idt_B: 0.083

[Rank 0] (epoch: 641, iters: 1512, time: 0.030, data: 0.002) , D_A: 0.052, G_A: 0.695, cycle_A: 0.105, idt_A: 0.113, D_B: 0.015, G_B: 0.895, cycle_B: 0.224, idt_B: 0.088

[Rank 0] (epoch: 641, iters: 1712, time: 0.029, data: 0.003) , D_A: 0.055, G_A: 1.061, cycle_A: 0.068, idt_A: 0.124, D_B: 0.005, G_B: 0.913, cycle_B: 0.241, idt_B: 0.060

[Rank 0] (epoch: 641, iters: 1912, time: 0.030, data: 0.002) , D_A: 0.057, G_A: 0.704, cycle_A: 0.106, idt_A: 0.142, D_B: 0.005, G_B: 0.931, cycle_B: 0.296, idt_B: 0.092

learning rate 0.0000100 -> 0.0000100
saving the model at the end of epoch 641, iters 138816
End of epoch 641 / 950 	 Time Taken: 62 sec
[Rank 0] (epoch: 642, iters: 184, time: 0.125, data: 0.003) , D_A: 0.054, G_A: 0.775, cycle_A: 0.098, idt_A: 0.126, D_B: 0.021, G_B: 0.874, cycle_B: 0.278, idt_B: 0.092

[Rank 0] (epoch: 642, iters: 384, time: 0.029, data: 0.002) , D_A: 0.042, G_A: 0.744, cycle_A: 0.103, idt_A: 0.148, D_B: 0.006, G_B: 0.976, cycle_B: 0.316, idt_B: 0.096

[Rank 0] (epoch: 642, iters: 584, time: 0.030, data: 0.002) , D_A: 0.049, G_A: 1.027, cycle_A: 0.098, idt_A: 0.121, D_B: 0.006, G_B: 0.981, cycle_B: 0.295, idt_B: 0.091

[Rank 0] (epoch: 642, iters: 784, time: 0.030, data: 0.002) , D_A: 0.047, G_A: 0.648, cycle_A: 0.097, idt_A: 0.119, D_B: 0.006, G_B: 0.916, cycle_B: 0.292, idt_B: 0.091

[Rank 0] (epoch: 642, iters: 984, time: 0.026, data: 0.148) , D_A: 0.050, G_A: 0.786, cycle_A: 0.082, idt_A: 0.138, D_B: 0.006, G_B: 0.944, cycle_B: 0.306, idt_B: 0.076

[Rank 0] (epoch: 642, iters: 1184, time: 0.122, data: 0.002) , D_A: 0.051, G_A: 0.762, cycle_A: 0.088, idt_A: 0.121, D_B: 0.007, G_B: 0.913, cycle_B: 0.272, idt_B: 0.091

saving the latest model (epoch 642, total_iters 140000)
[Rank 0] (epoch: 642, iters: 1384, time: 0.030, data: 0.002) , D_A: 0.059, G_A: 0.633, cycle_A: 0.099, idt_A: 0.133, D_B: 0.017, G_B: 0.967, cycle_B: 0.274, idt_B: 0.082

[Rank 0] (epoch: 642, iters: 1584, time: 0.030, data: 0.003) , D_A: 0.091, G_A: 0.865, cycle_A: 0.096, idt_A: 0.135, D_B: 0.014, G_B: 0.926, cycle_B: 0.282, idt_B: 0.088

[Rank 0] (epoch: 642, iters: 1784, time: 0.026, data: 0.163) , D_A: 0.049, G_A: 0.863, cycle_A: 0.065, idt_A: 0.116, D_B: 0.008, G_B: 0.977, cycle_B: 0.240, idt_B: 0.055

learning rate 0.0000100 -> 0.0000100
saving the model at the end of epoch 642, iters 140744
End of epoch 642 / 950 	 Time Taken: 60 sec
[Rank 0] (epoch: 643, iters: 56, time: 0.134, data: 0.002) , D_A: 0.065, G_A: 0.795, cycle_A: 0.085, idt_A: 0.132, D_B: 0.007, G_B: 0.978, cycle_B: 0.263, idt_B: 0.071

[Rank 0] (epoch: 643, iters: 256, time: 0.195, data: 0.003) , D_A: 0.050, G_A: 0.893, cycle_A: 0.100, idt_A: 0.140, D_B: 0.009, G_B: 0.947, cycle_B: 0.291, idt_B: 0.085

[Rank 0] (epoch: 643, iters: 456, time: 0.029, data: 0.004) , D_A: 0.053, G_A: 0.731, cycle_A: 0.088, idt_A: 0.131, D_B: 0.006, G_B: 0.961, cycle_B: 0.270, idt_B: 0.079

[Rank 0] (epoch: 643, iters: 656, time: 0.030, data: 0.007) , D_A: 0.040, G_A: 0.691, cycle_A: 0.083, idt_A: 0.137, D_B: 0.008, G_B: 0.918, cycle_B: 0.267, idt_B: 0.072

[Rank 0] (epoch: 643, iters: 856, time: 0.030, data: 0.006) , D_A: 0.048, G_A: 0.905, cycle_A: 0.084, idt_A: 0.126, D_B: 0.004, G_B: 0.991, cycle_B: 0.242, idt_B: 0.071

[Rank 0] (epoch: 643, iters: 1056, time: 0.030, data: 0.002) , D_A: 0.079, G_A: 0.941, cycle_A: 0.092, idt_A: 0.126, D_B: 0.008, G_B: 0.917, cycle_B: 0.268, idt_B: 0.083

[Rank 0] (epoch: 643, iters: 1256, time: 0.137, data: 0.175) , D_A: 0.047, G_A: 0.633, cycle_A: 0.092, idt_A: 0.137, D_B: 0.030, G_B: 0.976, cycle_B: 0.284, idt_B: 0.075

[Rank 0] (epoch: 643, iters: 1456, time: 0.029, data: 0.002) , D_A: 0.070, G_A: 0.668, cycle_A: 0.081, idt_A: 0.137, D_B: 0.013, G_B: 0.795, cycle_B: 0.302, idt_B: 0.072

[Rank 0] (epoch: 643, iters: 1656, time: 0.029, data: 0.005) , D_A: 0.057, G_A: 0.755, cycle_A: 0.081, idt_A: 0.148, D_B: 0.005, G_B: 0.932, cycle_B: 0.289, idt_B: 0.075

[Rank 0] (epoch: 643, iters: 1856, time: 0.027, data: 0.006) , D_A: 0.072, G_A: 0.683, cycle_A: 0.086, idt_A: 0.140, D_B: 0.004, G_B: 1.072, cycle_B: 0.283, idt_B: 0.072

learning rate 0.0000100 -> 0.0000100
saving the model at the end of epoch 643, iters 142672
End of epoch 643 / 950 	 Time Taken: 60 sec
[Rank 0] (epoch: 644, iters: 128, time: 0.163, data: 0.004) , D_A: 0.078, G_A: 0.791, cycle_A: 0.069, idt_A: 0.133, D_B: 0.004, G_B: 0.919, cycle_B: 0.260, idt_B: 0.061

[Rank 0] (epoch: 644, iters: 328, time: 0.184, data: 0.003) , D_A: 0.084, G_A: 0.710, cycle_A: 0.090, idt_A: 0.147, D_B: 0.012, G_B: 1.122, cycle_B: 0.307, idt_B: 0.078

[Rank 0] (epoch: 644, iters: 528, time: 0.030, data: 0.003) , D_A: 0.051, G_A: 0.707, cycle_A: 0.087, idt_A: 0.140, D_B: 0.004, G_B: 0.986, cycle_B: 0.294, idt_B: 0.071

[Rank 0] (epoch: 644, iters: 728, time: 0.030, data: 0.003) , D_A: 0.059, G_A: 0.615, cycle_A: 0.069, idt_A: 0.129, D_B: 0.008, G_B: 0.775, cycle_B: 0.258, idt_B: 0.059

[Rank 0] (epoch: 644, iters: 928, time: 0.026, data: 0.078) , D_A: 0.069, G_A: 0.691, cycle_A: 0.082, idt_A: 0.130, D_B: 0.007, G_B: 0.914, cycle_B: 0.260, idt_B: 0.079

[Rank 0] (epoch: 644, iters: 1128, time: 0.030, data: 0.002) , D_A: 0.069, G_A: 0.715, cycle_A: 0.088, idt_A: 0.148, D_B: 0.015, G_B: 1.055, cycle_B: 0.299, idt_B: 0.082

[Rank 0] (epoch: 644, iters: 1328, time: 0.139, data: 0.001) , D_A: 0.046, G_A: 0.657, cycle_A: 0.104, idt_A: 0.127, D_B: 0.005, G_B: 0.901, cycle_B: 0.260, idt_B: 0.086

[Rank 0] (epoch: 644, iters: 1528, time: 0.030, data: 0.002) , D_A: 0.064, G_A: 0.670, cycle_A: 0.067, idt_A: 0.135, D_B: 0.004, G_B: 1.054, cycle_B: 0.271, idt_B: 0.060

[Rank 0] (epoch: 644, iters: 1728, time: 0.026, data: 0.194) , D_A: 0.037, G_A: 0.988, cycle_A: 0.086, idt_A: 0.137, D_B: 0.005, G_B: 0.902, cycle_B: 0.273, idt_B: 0.081

[Rank 0] (epoch: 644, iters: 1928, time: 0.023, data: 0.002) , D_A: 0.052, G_A: 0.799, cycle_A: 0.088, idt_A: 0.123, D_B: 0.004, G_B: 0.902, cycle_B: 0.242, idt_B: 0.082

learning rate 0.0000100 -> 0.0000100
saving the model at the end of epoch 644, iters 144600
End of epoch 644 / 950 	 Time Taken: 60 sec
[Rank 0] (epoch: 645, iters: 200, time: 0.123, data: 1.004) , D_A: 0.056, G_A: 0.771, cycle_A: 0.079, idt_A: 0.140, D_B: 0.007, G_B: 1.039, cycle_B: 0.277, idt_B: 0.070

[Rank 0] (epoch: 645, iters: 400, time: 0.125, data: 0.005) , D_A: 0.044, G_A: 0.739, cycle_A: 0.099, idt_A: 0.113, D_B: 0.005, G_B: 0.893, cycle_B: 0.224, idt_B: 0.088

saving the latest model (epoch 645, total_iters 145000)
[Rank 0] (epoch: 645, iters: 600, time: 0.029, data: 0.003) , D_A: 0.066, G_A: 0.610, cycle_A: 0.089, idt_A: 0.129, D_B: 0.033, G_B: 0.701, cycle_B: 0.277, idt_B: 0.081

[Rank 0] (epoch: 645, iters: 800, time: 0.030, data: 0.003) , D_A: 0.046, G_A: 0.691, cycle_A: 0.076, idt_A: 0.118, D_B: 0.050, G_B: 0.752, cycle_B: 0.225, idt_B: 0.071

[Rank 0] (epoch: 645, iters: 1000, time: 0.026, data: 0.174) , D_A: 0.046, G_A: 0.943, cycle_A: 0.084, idt_A: 0.129, D_B: 0.004, G_B: 0.924, cycle_B: 0.257, idt_B: 0.076

[Rank 0] (epoch: 645, iters: 1200, time: 0.027, data: 0.004) , D_A: 0.049, G_A: 0.785, cycle_A: 0.082, idt_A: 0.130, D_B: 0.006, G_B: 0.881, cycle_B: 0.255, idt_B: 0.073

[Rank 0] (epoch: 645, iters: 1400, time: 0.145, data: 0.002) , D_A: 0.055, G_A: 0.804, cycle_A: 0.093, idt_A: 0.126, D_B: 0.006, G_B: 0.961, cycle_B: 0.256, idt_B: 0.083

[Rank 0] (epoch: 645, iters: 1600, time: 0.030, data: 0.006) , D_A: 0.057, G_A: 0.617, cycle_A: 0.093, idt_A: 0.131, D_B: 0.004, G_B: 0.955, cycle_B: 0.269, idt_B: 0.090

[Rank 0] (epoch: 645, iters: 1800, time: 0.026, data: 0.020) , D_A: 0.048, G_A: 0.706, cycle_A: 0.085, idt_A: 0.135, D_B: 0.013, G_B: 0.708, cycle_B: 0.274, idt_B: 0.074

learning rate 0.0000100 -> 0.0000100
saving the model at the end of epoch 645, iters 146528
End of epoch 645 / 950 	 Time Taken: 59 sec
[Rank 0] (epoch: 646, iters: 72, time: 0.137, data: 0.002) , D_A: 0.078, G_A: 0.954, cycle_A: 0.061, idt_A: 0.147, D_B: 0.013, G_B: 0.972, cycle_B: 0.288, idt_B: 0.052

[Rank 0] (epoch: 646, iters: 272, time: 0.030, data: 0.003) , D_A: 0.049, G_A: 0.698, cycle_A: 0.082, idt_A: 0.128, D_B: 0.004, G_B: 0.901, cycle_B: 0.251, idt_B: 0.078

[Rank 0] (epoch: 646, iters: 472, time: 0.133, data: 0.003) , D_A: 0.067, G_A: 1.041, cycle_A: 0.074, idt_A: 0.140, D_B: 0.007, G_B: 0.931, cycle_B: 0.271, idt_B: 0.072

[Rank 0] (epoch: 646, iters: 672, time: 0.026, data: 0.005) , D_A: 0.077, G_A: 0.689, cycle_A: 0.079, idt_A: 0.124, D_B: 0.004, G_B: 0.889, cycle_B: 0.241, idt_B: 0.066

[Rank 0] (epoch: 646, iters: 872, time: 0.030, data: 0.003) , D_A: 0.052, G_A: 0.746, cycle_A: 0.096, idt_A: 0.131, D_B: 0.002, G_B: 0.982, cycle_B: 0.248, idt_B: 0.090

[Rank 0] (epoch: 646, iters: 1072, time: 0.029, data: 0.004) , D_A: 0.077, G_A: 0.833, cycle_A: 0.091, idt_A: 0.141, D_B: 0.007, G_B: 0.838, cycle_B: 0.266, idt_B: 0.073

[Rank 0] (epoch: 646, iters: 1272, time: 0.030, data: 0.002) , D_A: 0.061, G_A: 0.855, cycle_A: 0.087, idt_A: 0.131, D_B: 0.008, G_B: 0.890, cycle_B: 0.237, idt_B: 0.077

[Rank 0] (epoch: 646, iters: 1472, time: 0.113, data: 0.024) , D_A: 0.053, G_A: 0.951, cycle_A: 0.062, idt_A: 0.135, D_B: 0.012, G_B: 1.043, cycle_B: 0.248, idt_B: 0.057

[Rank 0] (epoch: 646, iters: 1672, time: 0.029, data: 0.002) , D_A: 0.088, G_A: 0.697, cycle_A: 0.068, idt_A: 0.116, D_B: 0.004, G_B: 0.976, cycle_B: 0.213, idt_B: 0.057

[Rank 0] (epoch: 646, iters: 1872, time: 0.030, data: 0.003) , D_A: 0.085, G_A: 0.916, cycle_A: 0.076, idt_A: 0.121, D_B: 0.003, G_B: 0.945, cycle_B: 0.223, idt_B: 0.076

learning rate 0.0000100 -> 0.0000100
saving the model at the end of epoch 646, iters 148456
End of epoch 646 / 950 	 Time Taken: 58 sec
[Rank 0] (epoch: 647, iters: 144, time: 0.174, data: 0.001) , D_A: 0.065, G_A: 0.842, cycle_A: 0.088, idt_A: 0.129, D_B: 0.006, G_B: 0.926, cycle_B: 0.248, idt_B: 0.080

[Rank 0] (epoch: 647, iters: 344, time: 0.030, data: 0.002) , D_A: 0.062, G_A: 0.650, cycle_A: 0.100, idt_A: 0.142, D_B: 0.010, G_B: 0.774, cycle_B: 0.263, idt_B: 0.083

[Rank 0] (epoch: 647, iters: 544, time: 0.116, data: 0.159) , D_A: 0.059, G_A: 0.727, cycle_A: 0.060, idt_A: 0.134, D_B: 0.037, G_B: 1.039, cycle_B: 0.265, idt_B: 0.050

[Rank 0] (epoch: 647, iters: 744, time: 0.030, data: 0.002) , D_A: 0.060, G_A: 0.834, cycle_A: 0.097, idt_A: 0.124, D_B: 0.028, G_B: 0.930, cycle_B: 0.237, idt_B: 0.082

[Rank 0] (epoch: 647, iters: 944, time: 0.030, data: 0.002) , D_A: 0.067, G_A: 0.721, cycle_A: 0.096, idt_A: 0.132, D_B: 0.004, G_B: 0.940, cycle_B: 0.236, idt_B: 0.087

[Rank 0] (epoch: 647, iters: 1144, time: 0.030, data: 0.003) , D_A: 0.057, G_A: 0.878, cycle_A: 0.103, idt_A: 0.123, D_B: 0.004, G_B: 0.908, cycle_B: 0.221, idt_B: 0.081

[Rank 0] (epoch: 647, iters: 1344, time: 0.026, data: 0.058) , D_A: 0.057, G_A: 0.764, cycle_A: 0.055, idt_A: 0.133, D_B: 0.007, G_B: 0.935, cycle_B: 0.262, idt_B: 0.048

[Rank 0] (epoch: 647, iters: 1544, time: 0.129, data: 0.003) , D_A: 0.077, G_A: 0.653, cycle_A: 0.067, idt_A: 0.130, D_B: 0.008, G_B: 0.935, cycle_B: 0.256, idt_B: 0.057

saving the latest model (epoch 647, total_iters 150000)
[Rank 0] (epoch: 647, iters: 1744, time: 0.029, data: 0.002) , D_A: 0.056, G_A: 0.670, cycle_A: 0.082, idt_A: 0.124, D_B: 0.009, G_B: 0.890, cycle_B: 0.238, idt_B: 0.078

learning rate 0.0000100 -> 0.0000100
saving the model at the end of epoch 647, iters 150384
End of epoch 647 / 950 	 Time Taken: 60 sec
[Rank 0] (epoch: 648, iters: 16, time: 0.171, data: 0.006) , D_A: 0.047, G_A: 0.893, cycle_A: 0.090, idt_A: 0.136, D_B: 0.004, G_B: 0.963, cycle_B: 0.272, idt_B: 0.082

[Rank 0] (epoch: 648, iters: 216, time: 0.029, data: 0.002) , D_A: 0.037, G_A: 0.737, cycle_A: 0.083, idt_A: 0.136, D_B: 0.004, G_B: 0.936, cycle_B: 0.258, idt_B: 0.078

[Rank 0] (epoch: 648, iters: 416, time: 0.030, data: 0.003) , D_A: 0.050, G_A: 0.708, cycle_A: 0.080, idt_A: 0.126, D_B: 0.004, G_B: 0.977, cycle_B: 0.244, idt_B: 0.068

[Rank 0] (epoch: 648, iters: 616, time: 0.125, data: 0.036) , D_A: 0.099, G_A: 0.784, cycle_A: 0.079, idt_A: 0.129, D_B: 0.011, G_B: 0.839, cycle_B: 0.255, idt_B: 0.080

[Rank 0] (epoch: 648, iters: 816, time: 0.030, data: 0.003) , D_A: 0.049, G_A: 0.765, cycle_A: 0.068, idt_A: 0.139, D_B: 0.007, G_B: 0.909, cycle_B: 0.247, idt_B: 0.057

[Rank 0] (epoch: 648, iters: 1016, time: 0.030, data: 0.002) , D_A: 0.054, G_A: 0.659, cycle_A: 0.069, idt_A: 0.124, D_B: 0.006, G_B: 0.933, cycle_B: 0.225, idt_B: 0.064

[Rank 0] (epoch: 648, iters: 1216, time: 0.029, data: 0.194) , D_A: 0.058, G_A: 0.790, cycle_A: 0.072, idt_A: 0.129, D_B: 0.006, G_B: 0.921, cycle_B: 0.239, idt_B: 0.062

[Rank 0] (epoch: 648, iters: 1416, time: 0.029, data: 0.002) , D_A: 0.056, G_A: 0.719, cycle_A: 0.086, idt_A: 0.141, D_B: 0.005, G_B: 0.969, cycle_B: 0.241, idt_B: 0.074

[Rank 0] (epoch: 648, iters: 1616, time: 0.147, data: 0.003) , D_A: 0.053, G_A: 0.729, cycle_A: 0.094, idt_A: 0.135, D_B: 0.003, G_B: 0.985, cycle_B: 0.256, idt_B: 0.087

[Rank 0] (epoch: 648, iters: 1816, time: 0.029, data: 0.003) , D_A: 0.064, G_A: 0.841, cycle_A: 0.095, idt_A: 0.141, D_B: 0.007, G_B: 0.837, cycle_B: 0.264, idt_B: 0.084

learning rate 0.0000100 -> 0.0000100
saving the model at the end of epoch 648, iters 152312
End of epoch 648 / 950 	 Time Taken: 59 sec
[Rank 0] (epoch: 649, iters: 88, time: 0.174, data: 0.003) , D_A: 0.054, G_A: 0.745, cycle_A: 0.078, idt_A: 0.139, D_B: 0.007, G_B: 0.899, cycle_B: 0.248, idt_B: 0.078

[Rank 0] (epoch: 649, iters: 288, time: 0.029, data: 0.003) , D_A: 0.051, G_A: 0.896, cycle_A: 0.076, idt_A: 0.139, D_B: 0.008, G_B: 0.919, cycle_B: 0.247, idt_B: 0.078

[Rank 0] (epoch: 649, iters: 488, time: 0.030, data: 0.006) , D_A: 0.065, G_A: 0.596, cycle_A: 0.078, idt_A: 0.120, D_B: 0.021, G_B: 0.748, cycle_B: 0.218, idt_B: 0.074

[Rank 0] (epoch: 649, iters: 688, time: 0.166, data: 0.002) , D_A: 0.064, G_A: 0.887, cycle_A: 0.077, idt_A: 0.129, D_B: 0.020, G_B: 0.925, cycle_B: 0.250, idt_B: 0.073

[Rank 0] (epoch: 649, iters: 888, time: 0.029, data: 0.003) , D_A: 0.051, G_A: 0.644, cycle_A: 0.081, idt_A: 0.139, D_B: 0.014, G_B: 0.849, cycle_B: 0.248, idt_B: 0.072

[Rank 0] (epoch: 649, iters: 1088, time: 0.026, data: 0.003) , D_A: 0.055, G_A: 0.749, cycle_A: 0.085, idt_A: 0.142, D_B: 0.038, G_B: 0.620, cycle_B: 0.301, idt_B: 0.074

[Rank 0] (epoch: 649, iters: 1288, time: 0.030, data: 0.003) , D_A: 0.042, G_A: 0.962, cycle_A: 0.080, idt_A: 0.134, D_B: 0.061, G_B: 0.537, cycle_B: 0.274, idt_B: 0.073

[Rank 0] (epoch: 649, iters: 1488, time: 0.030, data: 0.003) , D_A: 0.052, G_A: 0.688, cycle_A: 0.089, idt_A: 0.134, D_B: 0.020, G_B: 0.928, cycle_B: 0.250, idt_B: 0.075

[Rank 0] (epoch: 649, iters: 1688, time: 0.146, data: 0.003) , D_A: 0.080, G_A: 0.514, cycle_A: 0.081, idt_A: 0.116, D_B: 0.019, G_B: 0.847, cycle_B: 0.229, idt_B: 0.071

[Rank 0] (epoch: 649, iters: 1888, time: 0.029, data: 0.005) , D_A: 0.077, G_A: 0.541, cycle_A: 0.067, idt_A: 0.123, D_B: 0.032, G_B: 0.983, cycle_B: 0.242, idt_B: 0.056

learning rate 0.0000100 -> 0.0000100
saving the model at the end of epoch 649, iters 154240
End of epoch 649 / 950 	 Time Taken: 59 sec
[Rank 0] (epoch: 650, iters: 160, time: 0.148, data: 0.003) , D_A: 0.046, G_A: 0.768, cycle_A: 0.079, idt_A: 0.122, D_B: 0.021, G_B: 0.982, cycle_B: 0.243, idt_B: 0.063

[Rank 0] (epoch: 650, iters: 360, time: 0.026, data: 0.003) , D_A: 0.050, G_A: 0.602, cycle_A: 0.062, idt_A: 0.120, D_B: 0.030, G_B: 0.974, cycle_B: 0.232, idt_B: 0.048

[Rank 0] (epoch: 650, iters: 560, time: 0.030, data: 0.003) , D_A: 0.071, G_A: 0.678, cycle_A: 0.082, idt_A: 0.140, D_B: 0.013, G_B: 0.893, cycle_B: 0.264, idt_B: 0.074

[Rank 0] (epoch: 650, iters: 760, time: 0.164, data: 0.002) , D_A: 0.061, G_A: 0.774, cycle_A: 0.063, idt_A: 0.139, D_B: 0.029, G_B: 0.986, cycle_B: 0.262, idt_B: 0.057

saving the latest model (epoch 650, total_iters 155000)
[Rank 0] (epoch: 650, iters: 960, time: 0.029, data: 0.003) , D_A: 0.054, G_A: 0.737, cycle_A: 0.092, idt_A: 0.117, D_B: 0.010, G_B: 1.004, cycle_B: 0.220, idt_B: 0.083

[Rank 0] (epoch: 650, iters: 1160, time: 0.026, data: 0.073) , D_A: 0.050, G_A: 0.757, cycle_A: 0.074, idt_A: 0.148, D_B: 0.053, G_B: 1.046, cycle_B: 0.270, idt_B: 0.070

[Rank 0] (epoch: 650, iters: 1360, time: 0.030, data: 0.002) , D_A: 0.075, G_A: 0.557, cycle_A: 0.079, idt_A: 0.123, D_B: 0.003, G_B: 1.024, cycle_B: 0.220, idt_B: 0.072

[Rank 0] (epoch: 650, iters: 1560, time: 0.030, data: 0.002) , D_A: 0.044, G_A: 0.713, cycle_A: 0.090, idt_A: 0.114, D_B: 0.002, G_B: 0.969, cycle_B: 0.209, idt_B: 0.078

[Rank 0] (epoch: 650, iters: 1760, time: 0.183, data: 0.003) , D_A: 0.052, G_A: 0.830, cycle_A: 0.089, idt_A: 0.127, D_B: 0.003, G_B: 0.941, cycle_B: 0.215, idt_B: 0.083

learning rate 0.0000100 -> 0.0000100
saving the model at the end of epoch 650, iters 156168
End of epoch 650 / 950 	 Time Taken: 61 sec
[Rank 0] (epoch: 651, iters: 32, time: 0.137, data: 0.005) , D_A: 0.033, G_A: 0.891, cycle_A: 0.085, idt_A: 0.118, D_B: 0.003, G_B: 0.988, cycle_B: 0.203, idt_B: 0.077

[Rank 0] (epoch: 651, iters: 232, time: 0.026, data: 0.009) , D_A: 0.042, G_A: 0.805, cycle_A: 0.081, idt_A: 0.121, D_B: 0.003, G_B: 0.991, cycle_B: 0.215, idt_B: 0.069

[Rank 0] (epoch: 651, iters: 432, time: 0.030, data: 0.002) , D_A: 0.055, G_A: 0.724, cycle_A: 0.072, idt_A: 0.138, D_B: 0.005, G_B: 0.980, cycle_B: 0.255, idt_B: 0.060

[Rank 0] (epoch: 651, iters: 632, time: 0.026, data: 0.136) , D_A: 0.047, G_A: 0.783, cycle_A: 0.068, idt_A: 0.127, D_B: 0.002, G_B: 0.898, cycle_B: 0.221, idt_B: 0.057

[Rank 0] (epoch: 651, iters: 832, time: 0.127, data: 0.002) , D_A: 0.051, G_A: 0.641, cycle_A: 0.091, idt_A: 0.122, D_B: 0.007, G_B: 0.983, cycle_B: 0.214, idt_B: 0.085

[Rank 0] (epoch: 651, iters: 1032, time: 0.030, data: 0.003) , D_A: 0.047, G_A: 0.822, cycle_A: 0.091, idt_A: 0.133, D_B: 0.003, G_B: 0.951, cycle_B: 0.243, idt_B: 0.084

[Rank 0] (epoch: 651, iters: 1232, time: 0.029, data: 0.003) , D_A: 0.041, G_A: 0.890, cycle_A: 0.100, idt_A: 0.115, D_B: 0.002, G_B: 0.964, cycle_B: 0.199, idt_B: 0.086

[Rank 0] (epoch: 651, iters: 1432, time: 0.026, data: 0.141) , D_A: 0.063, G_A: 0.708, cycle_A: 0.078, idt_A: 0.137, D_B: 0.004, G_B: 1.006, cycle_B: 0.227, idt_B: 0.068

[Rank 0] (epoch: 651, iters: 1632, time: 0.029, data: 0.003) , D_A: 0.055, G_A: 0.683, cycle_A: 0.083, idt_A: 0.117, D_B: 0.003, G_B: 0.989, cycle_B: 0.204, idt_B: 0.075

[Rank 0] (epoch: 651, iters: 1832, time: 0.116, data: 0.001) , D_A: 0.059, G_A: 0.722, cycle_A: 0.072, idt_A: 0.136, D_B: 0.003, G_B: 1.017, cycle_B: 0.236, idt_B: 0.068

learning rate 0.0000100 -> 0.0000100
saving the model at the end of epoch 651, iters 158096
End of epoch 651 / 950 	 Time Taken: 61 sec
[Rank 0] (epoch: 652, iters: 104, time: 0.132, data: 0.002) , D_A: 0.050, G_A: 0.723, cycle_A: 0.065, idt_A: 0.120, D_B: 0.003, G_B: 0.960, cycle_B: 0.204, idt_B: 0.054

[Rank 0] (epoch: 652, iters: 304, time: 0.029, data: 0.002) , D_A: 0.068, G_A: 0.854, cycle_A: 0.086, idt_A: 0.141, D_B: 0.002, G_B: 0.985, cycle_B: 0.248, idt_B: 0.079

[Rank 0] (epoch: 652, iters: 504, time: 0.026, data: 0.005) , D_A: 0.065, G_A: 0.744, cycle_A: 0.061, idt_A: 0.132, D_B: 0.006, G_B: 0.836, cycle_B: 0.224, idt_B: 0.050

[Rank 0] (epoch: 652, iters: 704, time: 0.030, data: 0.003) , D_A: 0.053, G_A: 0.725, cycle_A: 0.077, idt_A: 0.133, D_B: 0.003, G_B: 0.937, cycle_B: 0.235, idt_B: 0.066

[Rank 0] (epoch: 652, iters: 904, time: 0.134, data: 0.002) , D_A: 0.047, G_A: 0.809, cycle_A: 0.072, idt_A: 0.136, D_B: 0.002, G_B: 1.025, cycle_B: 0.231, idt_B: 0.056

[Rank 0] (epoch: 652, iters: 1104, time: 0.028, data: 0.002) , D_A: 0.061, G_A: 0.766, cycle_A: 0.092, idt_A: 0.130, D_B: 0.002, G_B: 0.969, cycle_B: 0.220, idt_B: 0.080

[Rank 0] (epoch: 652, iters: 1304, time: 0.026, data: 0.072) , D_A: 0.047, G_A: 0.689, cycle_A: 0.082, idt_A: 0.145, D_B: 0.004, G_B: 0.907, cycle_B: 0.248, idt_B: 0.078

[Rank 0] (epoch: 652, iters: 1504, time: 0.030, data: 0.002) , D_A: 0.051, G_A: 0.726, cycle_A: 0.093, idt_A: 0.143, D_B: 0.002, G_B: 0.989, cycle_B: 0.239, idt_B: 0.079

[Rank 0] (epoch: 652, iters: 1704, time: 0.030, data: 0.003) , D_A: 0.043, G_A: 1.030, cycle_A: 0.080, idt_A: 0.114, D_B: 0.005, G_B: 0.849, cycle_B: 0.193, idt_B: 0.067

[Rank 0] (epoch: 652, iters: 1904, time: 0.124, data: 0.071) , D_A: 0.046, G_A: 1.073, cycle_A: 0.072, idt_A: 0.135, D_B: 0.004, G_B: 1.019, cycle_B: 0.236, idt_B: 0.055

saving the latest model (epoch 652, total_iters 160000)
learning rate 0.0000100 -> 0.0000100
saving the model at the end of epoch 652, iters 160024
End of epoch 652 / 950 	 Time Taken: 61 sec
[Rank 0] (epoch: 653, iters: 176, time: 0.134, data: 0.002) , D_A: 0.050, G_A: 0.867, cycle_A: 0.098, idt_A: 0.122, D_B: 0.004, G_B: 1.014, cycle_B: 0.209, idt_B: 0.085

[Rank 0] (epoch: 653, iters: 376, time: 0.030, data: 0.002) , D_A: 0.049, G_A: 0.796, cycle_A: 0.077, idt_A: 0.129, D_B: 0.004, G_B: 0.959, cycle_B: 0.224, idt_B: 0.058

[Rank 0] (epoch: 653, iters: 576, time: 0.026, data: 0.219) , D_A: 0.044, G_A: 0.677, cycle_A: 0.074, idt_A: 0.126, D_B: 0.011, G_B: 0.932, cycle_B: 0.211, idt_B: 0.063

[Rank 0] (epoch: 653, iters: 776, time: 0.030, data: 0.003) , D_A: 0.058, G_A: 0.667, cycle_A: 0.092, idt_A: 0.142, D_B: 0.002, G_B: 1.022, cycle_B: 0.249, idt_B: 0.083

[Rank 0] (epoch: 653, iters: 976, time: 0.151, data: 0.003) , D_A: 0.065, G_A: 0.792, cycle_A: 0.101, idt_A: 0.125, D_B: 0.003, G_B: 0.911, cycle_B: 0.215, idt_B: 0.089

[Rank 0] (epoch: 653, iters: 1176, time: 0.029, data: 0.002) , D_A: 0.074, G_A: 0.846, cycle_A: 0.064, idt_A: 0.135, D_B: 0.067, G_B: 0.984, cycle_B: 0.234, idt_B: 0.060

[Rank 0] (epoch: 653, iters: 1376, time: 0.026, data: 0.049) , D_A: 0.052, G_A: 0.912, cycle_A: 0.075, idt_A: 0.127, D_B: 0.011, G_B: 0.715, cycle_B: 0.216, idt_B: 0.063

[Rank 0] (epoch: 653, iters: 1576, time: 0.030, data: 0.002) , D_A: 0.067, G_A: 0.732, cycle_A: 0.095, idt_A: 0.125, D_B: 0.002, G_B: 0.964, cycle_B: 0.203, idt_B: 0.088

[Rank 0] (epoch: 653, iters: 1776, time: 0.030, data: 0.003) , D_A: 0.070, G_A: 0.592, cycle_A: 0.091, idt_A: 0.116, D_B: 0.002, G_B: 0.971, cycle_B: 0.192, idt_B: 0.067

learning rate 0.0000100 -> 0.0000100
saving the model at the end of epoch 653, iters 161952
End of epoch 653 / 950 	 Time Taken: 61 sec
[Rank 0] (epoch: 654, iters: 48, time: 0.134, data: 0.035) , D_A: 0.077, G_A: 0.792, cycle_A: 0.083, idt_A: 0.127, D_B: 0.025, G_B: 0.661, cycle_B: 0.224, idt_B: 0.073

[Rank 0] (epoch: 654, iters: 248, time: 0.026, data: 0.002) , D_A: 0.050, G_A: 0.788, cycle_A: 0.084, idt_A: 0.139, D_B: 0.009, G_B: 0.774, cycle_B: 0.233, idt_B: 0.071

[Rank 0] (epoch: 654, iters: 448, time: 0.029, data: 0.002) , D_A: 0.049, G_A: 0.798, cycle_A: 0.105, idt_A: 0.109, D_B: 0.003, G_B: 0.967, cycle_B: 0.183, idt_B: 0.092

[Rank 0] (epoch: 654, iters: 648, time: 0.030, data: 0.073) , D_A: 0.033, G_A: 0.835, cycle_A: 0.088, idt_A: 0.128, D_B: 0.008, G_B: 0.729, cycle_B: 0.215, idt_B: 0.076

[Rank 0] (epoch: 654, iters: 848, time: 0.030, data: 0.001) , D_A: 0.052, G_A: 0.783, cycle_A: 0.070, idt_A: 0.132, D_B: 0.016, G_B: 0.985, cycle_B: 0.222, idt_B: 0.061

[Rank 0] (epoch: 654, iters: 1048, time: 0.141, data: 0.004) , D_A: 0.059, G_A: 0.750, cycle_A: 0.064, idt_A: 0.118, D_B: 0.005, G_B: 0.915, cycle_B: 0.197, idt_B: 0.052

[Rank 0] (epoch: 654, iters: 1248, time: 0.029, data: 0.006) , D_A: 0.055, G_A: 0.750, cycle_A: 0.080, idt_A: 0.134, D_B: 0.004, G_B: 0.904, cycle_B: 0.219, idt_B: 0.073

[Rank 0] (epoch: 654, iters: 1448, time: 0.030, data: 0.003) , D_A: 0.059, G_A: 0.788, cycle_A: 0.073, idt_A: 0.138, D_B: 0.002, G_B: 1.010, cycle_B: 0.222, idt_B: 0.068

[Rank 0] (epoch: 654, iters: 1648, time: 0.030, data: 0.002) , D_A: 0.052, G_A: 0.796, cycle_A: 0.083, idt_A: 0.128, D_B: 0.002, G_B: 1.040, cycle_B: 0.207, idt_B: 0.075

[Rank 0] (epoch: 654, iters: 1848, time: 0.029, data: 0.004) , D_A: 0.049, G_A: 1.109, cycle_A: 0.073, idt_A: 0.131, D_B: 0.004, G_B: 1.072, cycle_B: 0.213, idt_B: 0.067

learning rate 0.0000100 -> 0.0000100
saving the model at the end of epoch 654, iters 163880
End of epoch 654 / 950 	 Time Taken: 60 sec
[Rank 0] (epoch: 655, iters: 120, time: 0.179, data: 0.172) , D_A: 0.066, G_A: 0.716, cycle_A: 0.094, idt_A: 0.136, D_B: 0.004, G_B: 0.877, cycle_B: 0.208, idt_B: 0.084

[Rank 0] (epoch: 655, iters: 320, time: 0.029, data: 0.002) , D_A: 0.063, G_A: 0.712, cycle_A: 0.079, idt_A: 0.137, D_B: 0.002, G_B: 0.993, cycle_B: 0.223, idt_B: 0.073

[Rank 0] (epoch: 655, iters: 520, time: 0.030, data: 0.233) , D_A: 0.045, G_A: 0.851, cycle_A: 0.087, idt_A: 0.134, D_B: 0.002, G_B: 0.954, cycle_B: 0.211, idt_B: 0.076

[Rank 0] (epoch: 655, iters: 720, time: 0.026, data: 0.102) , D_A: 0.058, G_A: 0.761, cycle_A: 0.087, idt_A: 0.132, D_B: 0.002, G_B: 0.993, cycle_B: 0.210, idt_B: 0.075

[Rank 0] (epoch: 655, iters: 920, time: 0.030, data: 0.002) , D_A: 0.045, G_A: 0.848, cycle_A: 0.079, idt_A: 0.141, D_B: 0.024, G_B: 0.961, cycle_B: 0.229, idt_B: 0.075

[Rank 0] (epoch: 655, iters: 1120, time: 0.163, data: 0.002) , D_A: 0.055, G_A: 0.725, cycle_A: 0.082, idt_A: 0.139, D_B: 0.003, G_B: 0.945, cycle_B: 0.226, idt_B: 0.073

saving the latest model (epoch 655, total_iters 165000)
[Rank 0] (epoch: 655, iters: 1320, time: 0.030, data: 0.002) , D_A: 0.042, G_A: 0.689, cycle_A: 0.090, idt_A: 0.135, D_B: 0.004, G_B: 0.938, cycle_B: 0.213, idt_B: 0.081

[Rank 0] (epoch: 655, iters: 1520, time: 0.026, data: 0.049) , D_A: 0.040, G_A: 0.845, cycle_A: 0.066, idt_A: 0.120, D_B: 0.028, G_B: 0.925, cycle_B: 0.195, idt_B: 0.054

[Rank 0] (epoch: 655, iters: 1720, time: 0.029, data: 0.003) , D_A: 0.076, G_A: 0.863, cycle_A: 0.063, idt_A: 0.116, D_B: 0.022, G_B: 0.972, cycle_B: 0.186, idt_B: 0.054

[Rank 0] (epoch: 655, iters: 1920, time: 0.026, data: 0.004) , D_A: 0.058, G_A: 0.845, cycle_A: 0.073, idt_A: 0.117, D_B: 0.002, G_B: 0.972, cycle_B: 0.190, idt_B: 0.066

learning rate 0.0000100 -> 0.0000100
saving the model at the end of epoch 655, iters 165808
End of epoch 655 / 950 	 Time Taken: 60 sec
[Rank 0] (epoch: 656, iters: 192, time: 0.194, data: 0.002) , D_A: 0.043, G_A: 0.717, cycle_A: 0.083, idt_A: 0.126, D_B: 0.002, G_B: 0.954, cycle_B: 0.204, idt_B: 0.068

[Rank 0] (epoch: 656, iters: 392, time: 0.030, data: 0.003) , D_A: 0.050, G_A: 0.646, cycle_A: 0.069, idt_A: 0.132, D_B: 0.002, G_B: 1.004, cycle_B: 0.210, idt_B: 0.065

[Rank 0] (epoch: 656, iters: 592, time: 0.026, data: 0.142) , D_A: 0.030, G_A: 1.057, cycle_A: 0.095, idt_A: 0.126, D_B: 0.003, G_B: 1.108, cycle_B: 0.204, idt_B: 0.086

[Rank 0] (epoch: 656, iters: 792, time: 0.030, data: 0.002) , D_A: 0.065, G_A: 0.698, cycle_A: 0.095, idt_A: 0.143, D_B: 0.003, G_B: 0.971, cycle_B: 0.233, idt_B: 0.082

[Rank 0] (epoch: 656, iters: 992, time: 0.026, data: 0.143) , D_A: 0.052, G_A: 1.056, cycle_A: 0.090, idt_A: 0.132, D_B: 0.002, G_B: 1.015, cycle_B: 0.210, idt_B: 0.072

[Rank 0] (epoch: 656, iters: 1192, time: 0.165, data: 0.002) , D_A: 0.041, G_A: 0.853, cycle_A: 0.069, idt_A: 0.121, D_B: 0.001, G_B: 0.986, cycle_B: 0.194, idt_B: 0.060

[Rank 0] (epoch: 656, iters: 1392, time: 0.029, data: 0.003) , D_A: 0.070, G_A: 0.891, cycle_A: 0.078, idt_A: 0.133, D_B: 0.002, G_B: 0.960, cycle_B: 0.214, idt_B: 0.068

[Rank 0] (epoch: 656, iters: 1592, time: 0.026, data: 0.004) , D_A: 0.055, G_A: 0.661, cycle_A: 0.104, idt_A: 0.133, D_B: 0.004, G_B: 0.843, cycle_B: 0.227, idt_B: 0.089

[Rank 0] (epoch: 656, iters: 1792, time: 0.030, data: 0.002) , D_A: 0.055, G_A: 0.850, cycle_A: 0.065, idt_A: 0.148, D_B: 0.002, G_B: 0.966, cycle_B: 0.245, idt_B: 0.061

learning rate 0.0000100 -> 0.0000100
saving the model at the end of epoch 656, iters 167736
End of epoch 656 / 950 	 Time Taken: 59 sec
[Rank 0] (epoch: 657, iters: 64, time: 0.136, data: 0.003) , D_A: 0.043, G_A: 0.732, cycle_A: 0.090, idt_A: 0.129, D_B: 0.002, G_B: 0.991, cycle_B: 0.213, idt_B: 0.082

[Rank 0] (epoch: 657, iters: 264, time: 0.118, data: 0.003) , D_A: 0.048, G_A: 0.853, cycle_A: 0.104, idt_A: 0.142, D_B: 0.002, G_B: 0.974, cycle_B: 0.224, idt_B: 0.096

[Rank 0] (epoch: 657, iters: 464, time: 0.026, data: 0.004) , D_A: 0.064, G_A: 0.575, cycle_A: 0.083, idt_A: 0.121, D_B: 0.050, G_B: 0.953, cycle_B: 0.196, idt_B: 0.081

[Rank 0] (epoch: 657, iters: 664, time: 0.029, data: 0.003) , D_A: 0.035, G_A: 0.919, cycle_A: 0.057, idt_A: 0.139, D_B: 0.003, G_B: 0.986, cycle_B: 0.217, idt_B: 0.053

[Rank 0] (epoch: 657, iters: 864, time: 0.030, data: 0.002) , D_A: 0.043, G_A: 0.703, cycle_A: 0.075, idt_A: 0.112, D_B: 0.001, G_B: 1.003, cycle_B: 0.172, idt_B: 0.070

[Rank 0] (epoch: 657, iters: 1064, time: 0.030, data: 0.002) , D_A: 0.066, G_A: 0.906, cycle_A: 0.085, idt_A: 0.146, D_B: 0.001, G_B: 1.006, cycle_B: 0.220, idt_B: 0.075

[Rank 0] (epoch: 657, iters: 1264, time: 0.137, data: 0.199) , D_A: 0.052, G_A: 0.714, cycle_A: 0.068, idt_A: 0.116, D_B: 0.002, G_B: 0.957, cycle_B: 0.183, idt_B: 0.060

[Rank 0] (epoch: 657, iters: 1464, time: 0.026, data: 0.002) , D_A: 0.046, G_A: 0.925, cycle_A: 0.059, idt_A: 0.130, D_B: 0.003, G_B: 0.936, cycle_B: 0.200, idt_B: 0.053

[Rank 0] (epoch: 657, iters: 1664, time: 0.030, data: 0.002) , D_A: 0.060, G_A: 0.862, cycle_A: 0.075, idt_A: 0.117, D_B: 0.006, G_B: 0.990, cycle_B: 0.210, idt_B: 0.065

[Rank 0] (epoch: 657, iters: 1864, time: 0.030, data: 0.002) , D_A: 0.057, G_A: 0.739, cycle_A: 0.075, idt_A: 0.123, D_B: 0.004, G_B: 0.851, cycle_B: 0.205, idt_B: 0.067

learning rate 0.0000100 -> 0.0000100
saving the model at the end of epoch 657, iters 169664
End of epoch 657 / 950 	 Time Taken: 61 sec
[Rank 0] (epoch: 658, iters: 136, time: 0.118, data: 0.003) , D_A: 0.036, G_A: 0.966, cycle_A: 0.068, idt_A: 0.130, D_B: 0.003, G_B: 0.975, cycle_B: 0.211, idt_B: 0.058

[Rank 0] (epoch: 658, iters: 336, time: 0.132, data: 0.001) , D_A: 0.035, G_A: 0.807, cycle_A: 0.094, idt_A: 0.134, D_B: 0.003, G_B: 1.019, cycle_B: 0.210, idt_B: 0.081

saving the latest model (epoch 658, total_iters 170000)
[Rank 0] (epoch: 658, iters: 536, time: 0.028, data: 0.003) , D_A: 0.043, G_A: 1.151, cycle_A: 0.085, idt_A: 0.141, D_B: 0.002, G_B: 0.981, cycle_B: 0.231, idt_B: 0.072

[Rank 0] (epoch: 658, iters: 736, time: 0.029, data: 0.003) , D_A: 0.065, G_A: 0.593, cycle_A: 0.073, idt_A: 0.137, D_B: 0.011, G_B: 0.729, cycle_B: 0.224, idt_B: 0.066

[Rank 0] (epoch: 658, iters: 936, time: 0.029, data: 0.002) , D_A: 0.050, G_A: 1.117, cycle_A: 0.063, idt_A: 0.110, D_B: 0.002, G_B: 0.959, cycle_B: 0.173, idt_B: 0.056

[Rank 0] (epoch: 658, iters: 1136, time: 0.029, data: 0.029) , D_A: 0.055, G_A: 0.839, cycle_A: 0.090, idt_A: 0.132, D_B: 0.002, G_B: 0.999, cycle_B: 0.214, idt_B: 0.071

[Rank 0] (epoch: 658, iters: 1336, time: 0.108, data: 0.180) , D_A: 0.051, G_A: 1.536, cycle_A: 0.101, idt_A: 0.136, D_B: 0.001, G_B: 1.020, cycle_B: 0.225, idt_B: 0.087

[Rank 0] (epoch: 658, iters: 1536, time: 0.026, data: 0.002) , D_A: 0.060, G_A: 0.807, cycle_A: 0.090, idt_A: 0.111, D_B: 0.002, G_B: 0.964, cycle_B: 0.171, idt_B: 0.078

[Rank 0] (epoch: 658, iters: 1736, time: 0.030, data: 0.001) , D_A: 0.049, G_A: 0.773, cycle_A: 0.075, idt_A: 0.114, D_B: 0.057, G_B: 0.976, cycle_B: 0.181, idt_B: 0.072

learning rate 0.0000100 -> 0.0000100
saving the model at the end of epoch 658, iters 171592
End of epoch 658 / 950 	 Time Taken: 61 sec
[Rank 0] (epoch: 659, iters: 8, time: 0.165, data: 0.002) , D_A: 0.047, G_A: 0.636, cycle_A: 0.084, idt_A: 0.125, D_B: 0.001, G_B: 0.970, cycle_B: 0.184, idt_B: 0.074

[Rank 0] (epoch: 659, iters: 208, time: 0.029, data: 0.004) , D_A: 0.078, G_A: 0.864, cycle_A: 0.068, idt_A: 0.136, D_B: 0.001, G_B: 0.990, cycle_B: 0.220, idt_B: 0.055

[Rank 0] (epoch: 659, iters: 408, time: 0.173, data: 0.004) , D_A: 0.058, G_A: 0.727, cycle_A: 0.088, idt_A: 0.128, D_B: 0.002, G_B: 0.978, cycle_B: 0.200, idt_B: 0.083

[Rank 0] (epoch: 659, iters: 608, time: 0.030, data: 0.006) , D_A: 0.049, G_A: 0.897, cycle_A: 0.085, idt_A: 0.142, D_B: 0.002, G_B: 1.014, cycle_B: 0.219, idt_B: 0.068

[Rank 0] (epoch: 659, iters: 808, time: 0.026, data: 0.141) , D_A: 0.077, G_A: 0.633, cycle_A: 0.073, idt_A: 0.136, D_B: 0.002, G_B: 0.984, cycle_B: 0.220, idt_B: 0.070

[Rank 0] (epoch: 659, iters: 1008, time: 0.029, data: 0.002) , D_A: 0.046, G_A: 0.722, cycle_A: 0.085, idt_A: 0.139, D_B: 0.001, G_B: 0.988, cycle_B: 0.212, idt_B: 0.066

[Rank 0] (epoch: 659, iters: 1208, time: 0.026, data: 0.003) , D_A: 0.041, G_A: 0.748, cycle_A: 0.078, idt_A: 0.125, D_B: 0.002, G_B: 1.016, cycle_B: 0.188, idt_B: 0.075

[Rank 0] (epoch: 659, iters: 1408, time: 0.164, data: 0.001) , D_A: 0.052, G_A: 0.598, cycle_A: 0.076, idt_A: 0.132, D_B: 0.001, G_B: 1.005, cycle_B: 0.212, idt_B: 0.063

[Rank 0] (epoch: 659, iters: 1608, time: 0.029, data: 0.004) , D_A: 0.048, G_A: 0.693, cycle_A: 0.061, idt_A: 0.114, D_B: 0.001, G_B: 0.975, cycle_B: 0.183, idt_B: 0.061

[Rank 0] (epoch: 659, iters: 1808, time: 0.030, data: 0.003) , D_A: 0.096, G_A: 0.769, cycle_A: 0.090, idt_A: 0.135, D_B: 0.001, G_B: 1.018, cycle_B: 0.210, idt_B: 0.081

learning rate 0.0000100 -> 0.0000100
saving the model at the end of epoch 659, iters 173520
End of epoch 659 / 950 	 Time Taken: 60 sec
[Rank 0] (epoch: 660, iters: 80, time: 0.136, data: 0.003) , D_A: 0.051, G_A: 0.795, cycle_A: 0.108, idt_A: 0.130, D_B: 0.001, G_B: 1.004, cycle_B: 0.217, idt_B: 0.084

[Rank 0] (epoch: 660, iters: 280, time: 0.029, data: 0.003) , D_A: 0.036, G_A: 1.098, cycle_A: 0.087, idt_A: 0.127, D_B: 0.001, G_B: 0.983, cycle_B: 0.199, idt_B: 0.080

[Rank 0] (epoch: 660, iters: 480, time: 0.133, data: 0.002) , D_A: 0.046, G_A: 0.756, cycle_A: 0.083, idt_A: 0.126, D_B: 0.001, G_B: 0.996, cycle_B: 0.193, idt_B: 0.077

[Rank 0] (epoch: 660, iters: 680, time: 0.029, data: 0.003) , D_A: 0.072, G_A: 0.600, cycle_A: 0.082, idt_A: 0.133, D_B: 0.002, G_B: 1.079, cycle_B: 0.214, idt_B: 0.073

[Rank 0] (epoch: 660, iters: 880, time: 0.029, data: 0.003) , D_A: 0.061, G_A: 0.591, cycle_A: 0.063, idt_A: 0.124, D_B: 0.003, G_B: 0.901, cycle_B: 0.189, idt_B: 0.060

[Rank 0] (epoch: 660, iters: 1080, time: 0.026, data: 0.172) , D_A: 0.039, G_A: 0.835, cycle_A: 0.079, idt_A: 0.121, D_B: 0.005, G_B: 0.813, cycle_B: 0.205, idt_B: 0.067

[Rank 0] (epoch: 660, iters: 1280, time: 0.030, data: 0.002) , D_A: 0.054, G_A: 0.687, cycle_A: 0.093, idt_A: 0.123, D_B: 0.003, G_B: 0.952, cycle_B: 0.211, idt_B: 0.088

[Rank 0] (epoch: 660, iters: 1480, time: 0.150, data: 0.004) , D_A: 0.042, G_A: 0.821, cycle_A: 0.087, idt_A: 0.115, D_B: 0.003, G_B: 0.982, cycle_B: 0.196, idt_B: 0.076

saving the latest model (epoch 660, total_iters 175000)
[Rank 0] (epoch: 660, iters: 1680, time: 0.029, data: 0.003) , D_A: 0.053, G_A: 0.796, cycle_A: 0.087, idt_A: 0.125, D_B: 0.001, G_B: 0.939, cycle_B: 0.202, idt_B: 0.075

[Rank 0] (epoch: 660, iters: 1880, time: 0.030, data: 0.003) , D_A: 0.065, G_A: 0.821, cycle_A: 0.077, idt_A: 0.133, D_B: 0.002, G_B: 0.941, cycle_B: 0.209, idt_B: 0.064

learning rate 0.0000100 -> 0.0000100
saving the model at the end of epoch 660, iters 175448
End of epoch 660 / 950 	 Time Taken: 61 sec
[Rank 0] (epoch: 661, iters: 152, time: 0.209, data: 0.019) , D_A: 0.063, G_A: 0.685, cycle_A: 0.082, idt_A: 0.124, D_B: 0.001, G_B: 0.975, cycle_B: 0.199, idt_B: 0.078

[Rank 0] (epoch: 661, iters: 352, time: 0.029, data: 0.002) , D_A: 0.041, G_A: 0.860, cycle_A: 0.076, idt_A: 0.140, D_B: 0.001, G_B: 0.969, cycle_B: 0.229, idt_B: 0.072

[Rank 0] (epoch: 661, iters: 552, time: 0.135, data: 0.030) , D_A: 0.048, G_A: 0.735, cycle_A: 0.074, idt_A: 0.122, D_B: 0.002, G_B: 1.058, cycle_B: 0.198, idt_B: 0.070

[Rank 0] (epoch: 661, iters: 752, time: 0.026, data: 0.004) , D_A: 0.035, G_A: 0.822, cycle_A: 0.094, idt_A: 0.129, D_B: 0.001, G_B: 1.000, cycle_B: 0.195, idt_B: 0.082

[Rank 0] (epoch: 661, iters: 952, time: 0.026, data: 0.003) , D_A: 0.062, G_A: 1.439, cycle_A: 0.082, idt_A: 0.148, D_B: 0.001, G_B: 0.986, cycle_B: 0.236, idt_B: 0.074

[Rank 0] (epoch: 661, iters: 1152, time: 0.030, data: 0.002) , D_A: 0.044, G_A: 0.887, cycle_A: 0.061, idt_A: 0.140, D_B: 0.001, G_B: 0.975, cycle_B: 0.221, idt_B: 0.057

[Rank 0] (epoch: 661, iters: 1352, time: 0.030, data: 0.002) , D_A: 0.040, G_A: 0.646, cycle_A: 0.095, idt_A: 0.121, D_B: 0.001, G_B: 1.004, cycle_B: 0.195, idt_B: 0.087

[Rank 0] (epoch: 661, iters: 1552, time: 0.149, data: 0.003) , D_A: 0.052, G_A: 0.655, cycle_A: 0.084, idt_A: 0.129, D_B: 0.002, G_B: 0.943, cycle_B: 0.199, idt_B: 0.076

[Rank 0] (epoch: 661, iters: 1752, time: 0.030, data: 0.003) , D_A: 0.053, G_A: 0.714, cycle_A: 0.056, idt_A: 0.118, D_B: 0.001, G_B: 1.002, cycle_B: 0.179, idt_B: 0.051

learning rate 0.0000100 -> 0.0000100
saving the model at the end of epoch 661, iters 177376
End of epoch 661 / 950 	 Time Taken: 61 sec
[Rank 0] (epoch: 662, iters: 24, time: 0.146, data: 0.002) , D_A: 0.062, G_A: 0.591, cycle_A: 0.070, idt_A: 0.129, D_B: 0.001, G_B: 1.017, cycle_B: 0.195, idt_B: 0.062

[Rank 0] (epoch: 662, iters: 224, time: 0.029, data: 0.003) , D_A: 0.040, G_A: 0.843, cycle_A: 0.072, idt_A: 0.144, D_B: 0.001, G_B: 0.979, cycle_B: 0.232, idt_B: 0.061

[Rank 0] (epoch: 662, iters: 424, time: 0.026, data: 0.003) , D_A: 0.069, G_A: 1.044, cycle_A: 0.064, idt_A: 0.135, D_B: 0.001, G_B: 1.004, cycle_B: 0.206, idt_B: 0.057

[Rank 0] (epoch: 662, iters: 624, time: 0.144, data: 0.006) , D_A: 0.044, G_A: 0.748, cycle_A: 0.113, idt_A: 0.130, D_B: 0.001, G_B: 0.981, cycle_B: 0.206, idt_B: 0.099

[Rank 0] (epoch: 662, iters: 824, time: 0.030, data: 0.002) , D_A: 0.042, G_A: 0.684, cycle_A: 0.088, idt_A: 0.120, D_B: 0.001, G_B: 1.015, cycle_B: 0.185, idt_B: 0.079

[Rank 0] (epoch: 662, iters: 1024, time: 0.030, data: 0.003) , D_A: 0.058, G_A: 0.690, cycle_A: 0.080, idt_A: 0.119, D_B: 0.002, G_B: 0.961, cycle_B: 0.185, idt_B: 0.075

[Rank 0] (epoch: 662, iters: 1224, time: 0.030, data: 0.003) , D_A: 0.045, G_A: 0.716, cycle_A: 0.093, idt_A: 0.135, D_B: 0.001, G_B: 0.999, cycle_B: 0.209, idt_B: 0.081

[Rank 0] (epoch: 662, iters: 1424, time: 0.026, data: 0.053) , D_A: 0.059, G_A: 0.673, cycle_A: 0.070, idt_A: 0.132, D_B: 0.001, G_B: 0.989, cycle_B: 0.213, idt_B: 0.063

[Rank 0] (epoch: 662, iters: 1624, time: 0.129, data: 0.002) , D_A: 0.061, G_A: 0.950, cycle_A: 0.077, idt_A: 0.124, D_B: 0.001, G_B: 0.985, cycle_B: 0.194, idt_B: 0.066

[Rank 0] (epoch: 662, iters: 1824, time: 0.026, data: 0.003) , D_A: 0.073, G_A: 0.563, cycle_A: 0.110, idt_A: 0.122, D_B: 0.003, G_B: 1.142, cycle_B: 0.200, idt_B: 0.088

learning rate 0.0000100 -> 0.0000100
saving the model at the end of epoch 662, iters 179304
End of epoch 662 / 950 	 Time Taken: 57 sec
[Rank 0] (epoch: 663, iters: 96, time: 0.145, data: 0.003) , D_A: 0.040, G_A: 0.784, cycle_A: 0.055, idt_A: 0.137, D_B: 0.001, G_B: 0.992, cycle_B: 0.213, idt_B: 0.049

[Rank 0] (epoch: 663, iters: 296, time: 0.029, data: 0.004) , D_A: 0.055, G_A: 0.809, cycle_A: 0.094, idt_A: 0.125, D_B: 0.001, G_B: 0.987, cycle_B: 0.192, idt_B: 0.087

[Rank 0] (epoch: 663, iters: 496, time: 0.026, data: 0.004) , D_A: 0.049, G_A: 0.610, cycle_A: 0.071, idt_A: 0.125, D_B: 0.001, G_B: 0.968, cycle_B: 0.192, idt_B: 0.069

[Rank 0] (epoch: 663, iters: 696, time: 0.160, data: 0.003) , D_A: 0.060, G_A: 0.592, cycle_A: 0.084, idt_A: 0.119, D_B: 0.001, G_B: 0.984, cycle_B: 0.185, idt_B: 0.077

saving the latest model (epoch 663, total_iters 180000)
[Rank 0] (epoch: 663, iters: 896, time: 0.029, data: 0.003) , D_A: 0.064, G_A: 0.853, cycle_A: 0.087, idt_A: 0.128, D_B: 0.002, G_B: 1.006, cycle_B: 0.208, idt_B: 0.083

[Rank 0] (epoch: 663, iters: 1096, time: 0.029, data: 0.007) , D_A: 0.047, G_A: 0.748, cycle_A: 0.051, idt_A: 0.122, D_B: 0.001, G_B: 0.988, cycle_B: 0.189, idt_B: 0.042

[Rank 0] (epoch: 663, iters: 1296, time: 0.026, data: 0.186) , D_A: 0.058, G_A: 0.741, cycle_A: 0.102, idt_A: 0.147, D_B: 0.002, G_B: 0.951, cycle_B: 0.230, idt_B: 0.096

[Rank 0] (epoch: 663, iters: 1496, time: 0.029, data: 0.003) , D_A: 0.053, G_A: 0.641, cycle_A: 0.088, idt_A: 0.131, D_B: 0.001, G_B: 0.987, cycle_B: 0.213, idt_B: 0.077

[Rank 0] (epoch: 663, iters: 1696, time: 0.133, data: 0.002) , D_A: 0.061, G_A: 0.920, cycle_A: 0.083, idt_A: 0.127, D_B: 0.003, G_B: 0.942, cycle_B: 0.211, idt_B: 0.075

[Rank 0] (epoch: 663, iters: 1896, time: 0.030, data: 0.002) , D_A: 0.043, G_A: 0.738, cycle_A: 0.102, idt_A: 0.124, D_B: 0.002, G_B: 0.832, cycle_B: 0.209, idt_B: 0.088

learning rate 0.0000100 -> 0.0000100
saving the model at the end of epoch 663, iters 181232
End of epoch 663 / 950 	 Time Taken: 59 sec
[Rank 0] (epoch: 664, iters: 168, time: 0.155, data: 0.003) , D_A: 0.078, G_A: 0.989, cycle_A: 0.093, idt_A: 0.131, D_B: 0.004, G_B: 0.979, cycle_B: 0.220, idt_B: 0.074

[Rank 0] (epoch: 664, iters: 368, time: 0.026, data: 0.005) , D_A: 0.044, G_A: 0.619, cycle_A: 0.091, idt_A: 0.136, D_B: 0.002, G_B: 0.988, cycle_B: 0.226, idt_B: 0.088

[Rank 0] (epoch: 664, iters: 568, time: 0.029, data: 0.003) , D_A: 0.053, G_A: 0.907, cycle_A: 0.100, idt_A: 0.129, D_B: 0.004, G_B: 0.870, cycle_B: 0.219, idt_B: 0.089

[Rank 0] (epoch: 664, iters: 768, time: 0.132, data: 0.002) , D_A: 0.053, G_A: 0.630, cycle_A: 0.072, idt_A: 0.125, D_B: 0.025, G_B: 1.021, cycle_B: 0.224, idt_B: 0.065

[Rank 0] (epoch: 664, iters: 968, time: 0.030, data: 0.002) , D_A: 0.047, G_A: 0.687, cycle_A: 0.095, idt_A: 0.118, D_B: 0.003, G_B: 0.886, cycle_B: 0.197, idt_B: 0.083

[Rank 0] (epoch: 664, iters: 1168, time: 0.026, data: 0.153) , D_A: 0.057, G_A: 0.733, cycle_A: 0.075, idt_A: 0.121, D_B: 0.003, G_B: 0.913, cycle_B: 0.194, idt_B: 0.073

[Rank 0] (epoch: 664, iters: 1368, time: 0.029, data: 0.003) , D_A: 0.051, G_A: 0.879, cycle_A: 0.075, idt_A: 0.116, D_B: 0.037, G_B: 0.553, cycle_B: 0.200, idt_B: 0.070

[Rank 0] (epoch: 664, iters: 1568, time: 0.030, data: 0.002) , D_A: 0.058, G_A: 0.657, cycle_A: 0.070, idt_A: 0.132, D_B: 0.036, G_B: 0.866, cycle_B: 0.200, idt_B: 0.067

[Rank 0] (epoch: 664, iters: 1768, time: 0.130, data: 0.002) , D_A: 0.069, G_A: 1.079, cycle_A: 0.062, idt_A: 0.134, D_B: 0.004, G_B: 0.953, cycle_B: 0.218, idt_B: 0.056

learning rate 0.0000100 -> 0.0000100
saving the model at the end of epoch 664, iters 183160
End of epoch 664 / 950 	 Time Taken: 61 sec
[Rank 0] (epoch: 665, iters: 40, time: 0.129, data: 0.004) , D_A: 0.040, G_A: 0.873, cycle_A: 0.076, idt_A: 0.133, D_B: 0.003, G_B: 0.910, cycle_B: 0.214, idt_B: 0.058

[Rank 0] (epoch: 665, iters: 240, time: 0.030, data: 0.003) , D_A: 0.050, G_A: 0.680, cycle_A: 0.077, idt_A: 0.129, D_B: 0.002, G_B: 0.951, cycle_B: 0.209, idt_B: 0.068

[Rank 0] (epoch: 665, iters: 440, time: 0.026, data: 0.003) , D_A: 0.061, G_A: 0.718, cycle_A: 0.068, idt_A: 0.130, D_B: 0.012, G_B: 0.905, cycle_B: 0.209, idt_B: 0.055

[Rank 0] (epoch: 665, iters: 640, time: 0.029, data: 0.002) , D_A: 0.053, G_A: 0.942, cycle_A: 0.092, idt_A: 0.146, D_B: 0.002, G_B: 1.001, cycle_B: 0.234, idt_B: 0.080

[Rank 0] (epoch: 665, iters: 840, time: 0.123, data: 0.200) , D_A: 0.083, G_A: 0.755, cycle_A: 0.093, idt_A: 0.133, D_B: 0.003, G_B: 0.930, cycle_B: 0.210, idt_B: 0.081

[Rank 0] (epoch: 665, iters: 1040, time: 0.030, data: 0.002) , D_A: 0.058, G_A: 0.623, cycle_A: 0.085, idt_A: 0.124, D_B: 0.019, G_B: 0.988, cycle_B: 0.197, idt_B: 0.084

[Rank 0] (epoch: 665, iters: 1240, time: 0.026, data: 0.003) , D_A: 0.065, G_A: 0.721, cycle_A: 0.082, idt_A: 0.141, D_B: 0.003, G_B: 0.979, cycle_B: 0.214, idt_B: 0.081

[Rank 0] (epoch: 665, iters: 1440, time: 0.030, data: 0.002) , D_A: 0.040, G_A: 0.778, cycle_A: 0.090, idt_A: 0.121, D_B: 0.004, G_B: 0.827, cycle_B: 0.189, idt_B: 0.088

[Rank 0] (epoch: 665, iters: 1640, time: 0.026, data: 0.171) , D_A: 0.060, G_A: 0.728, cycle_A: 0.079, idt_A: 0.119, D_B: 0.003, G_B: 0.914, cycle_B: 0.187, idt_B: 0.074

[Rank 0] (epoch: 665, iters: 1840, time: 0.124, data: 0.002) , D_A: 0.067, G_A: 0.627, cycle_A: 0.091, idt_A: 0.141, D_B: 0.005, G_B: 0.893, cycle_B: 0.249, idt_B: 0.085

saving the latest model (epoch 665, total_iters 185000)
learning rate 0.0000100 -> 0.0000100
saving the model at the end of epoch 665, iters 185088
End of epoch 665 / 950 	 Time Taken: 62 sec
[Rank 0] (epoch: 666, iters: 112, time: 0.130, data: 0.003) , D_A: 0.042, G_A: 0.827, cycle_A: 0.085, idt_A: 0.130, D_B: 0.039, G_B: 0.847, cycle_B: 0.268, idt_B: 0.077

[Rank 0] (epoch: 666, iters: 312, time: 0.029, data: 0.003) , D_A: 0.046, G_A: 0.693, cycle_A: 0.099, idt_A: 0.134, D_B: 0.007, G_B: 0.954, cycle_B: 0.270, idt_B: 0.087

[Rank 0] (epoch: 666, iters: 512, time: 0.030, data: 0.002) , D_A: 0.052, G_A: 0.667, cycle_A: 0.097, idt_A: 0.127, D_B: 0.003, G_B: 0.965, cycle_B: 0.243, idt_B: 0.084

[Rank 0] (epoch: 666, iters: 712, time: 0.026, data: 0.158) , D_A: 0.067, G_A: 0.710, cycle_A: 0.090, idt_A: 0.130, D_B: 0.003, G_B: 0.963, cycle_B: 0.235, idt_B: 0.082

[Rank 0] (epoch: 666, iters: 912, time: 0.128, data: 0.002) , D_A: 0.050, G_A: 0.720, cycle_A: 0.063, idt_A: 0.135, D_B: 0.002, G_B: 0.965, cycle_B: 0.238, idt_B: 0.059

[Rank 0] (epoch: 666, iters: 1112, time: 0.029, data: 0.003) , D_A: 0.056, G_A: 0.804, cycle_A: 0.093, idt_A: 0.123, D_B: 0.003, G_B: 0.970, cycle_B: 0.217, idt_B: 0.073

[Rank 0] (epoch: 666, iters: 1312, time: 0.030, data: 0.003) , D_A: 0.040, G_A: 0.760, cycle_A: 0.085, idt_A: 0.132, D_B: 0.022, G_B: 0.700, cycle_B: 0.212, idt_B: 0.081

[Rank 0] (epoch: 666, iters: 1512, time: 0.026, data: 0.201) , D_A: 0.045, G_A: 0.735, cycle_A: 0.097, idt_A: 0.134, D_B: 0.002, G_B: 0.983, cycle_B: 0.216, idt_B: 0.088

[Rank 0] (epoch: 666, iters: 1712, time: 0.030, data: 0.003) , D_A: 0.051, G_A: 1.108, cycle_A: 0.094, idt_A: 0.154, D_B: 0.002, G_B: 0.940, cycle_B: 0.250, idt_B: 0.080

[Rank 0] (epoch: 666, iters: 1912, time: 0.121, data: 0.002) , D_A: 0.052, G_A: 0.720, cycle_A: 0.098, idt_A: 0.131, D_B: 0.003, G_B: 0.968, cycle_B: 0.217, idt_B: 0.080

learning rate 0.0000100 -> 0.0000100
saving the model at the end of epoch 666, iters 187016
End of epoch 666 / 950 	 Time Taken: 62 sec
[Rank 0] (epoch: 667, iters: 184, time: 0.154, data: 0.002) , D_A: 0.052, G_A: 0.778, cycle_A: 0.079, idt_A: 0.146, D_B: 0.019, G_B: 0.675, cycle_B: 0.235, idt_B: 0.074

[Rank 0] (epoch: 667, iters: 384, time: 0.029, data: 0.003) , D_A: 0.051, G_A: 0.698, cycle_A: 0.102, idt_A: 0.136, D_B: 0.008, G_B: 0.743, cycle_B: 0.212, idt_B: 0.092

[Rank 0] (epoch: 667, iters: 584, time: 0.029, data: 0.003) , D_A: 0.066, G_A: 0.765, cycle_A: 0.086, idt_A: 0.144, D_B: 0.002, G_B: 0.961, cycle_B: 0.223, idt_B: 0.084

[Rank 0] (epoch: 667, iters: 784, time: 0.026, data: 0.004) , D_A: 0.072, G_A: 0.834, cycle_A: 0.098, idt_A: 0.134, D_B: 0.014, G_B: 0.928, cycle_B: 0.215, idt_B: 0.088

[Rank 0] (epoch: 667, iters: 984, time: 0.126, data: 0.002) , D_A: 0.044, G_A: 0.910, cycle_A: 0.113, idt_A: 0.121, D_B: 0.006, G_B: 1.161, cycle_B: 0.198, idt_B: 0.101

[Rank 0] (epoch: 667, iters: 1184, time: 0.029, data: 0.002) , D_A: 0.066, G_A: 0.978, cycle_A: 0.074, idt_A: 0.134, D_B: 0.003, G_B: 0.993, cycle_B: 0.210, idt_B: 0.065

[Rank 0] (epoch: 667, iters: 1384, time: 0.026, data: 0.004) , D_A: 0.049, G_A: 0.746, cycle_A: 0.101, idt_A: 0.134, D_B: 0.002, G_B: 0.975, cycle_B: 0.206, idt_B: 0.085

[Rank 0] (epoch: 667, iters: 1584, time: 0.026, data: 0.174) , D_A: 0.039, G_A: 0.876, cycle_A: 0.083, idt_A: 0.120, D_B: 0.002, G_B: 0.977, cycle_B: 0.183, idt_B: 0.073

[Rank 0] (epoch: 667, iters: 1784, time: 0.030, data: 0.002) , D_A: 0.047, G_A: 0.922, cycle_A: 0.058, idt_A: 0.123, D_B: 0.003, G_B: 0.947, cycle_B: 0.191, idt_B: 0.053

learning rate 0.0000100 -> 0.0000100
saving the model at the end of epoch 667, iters 188944
End of epoch 667 / 950 	 Time Taken: 59 sec
[Rank 0] (epoch: 668, iters: 56, time: 0.178, data: 0.002) , D_A: 0.053, G_A: 0.718, cycle_A: 0.074, idt_A: 0.130, D_B: 0.004, G_B: 1.026, cycle_B: 0.189, idt_B: 0.072

[Rank 0] (epoch: 668, iters: 256, time: 0.030, data: 0.004) , D_A: 0.072, G_A: 0.861, cycle_A: 0.073, idt_A: 0.130, D_B: 0.001, G_B: 0.994, cycle_B: 0.209, idt_B: 0.071

[Rank 0] (epoch: 668, iters: 456, time: 0.026, data: 0.006) , D_A: 0.081, G_A: 0.482, cycle_A: 0.082, idt_A: 0.135, D_B: 0.002, G_B: 0.949, cycle_B: 0.204, idt_B: 0.079

[Rank 0] (epoch: 668, iters: 656, time: 0.026, data: 0.046) , D_A: 0.042, G_A: 0.956, cycle_A: 0.096, idt_A: 0.135, D_B: 0.004, G_B: 0.871, cycle_B: 0.216, idt_B: 0.082

[Rank 0] (epoch: 668, iters: 856, time: 0.030, data: 0.002) , D_A: 0.046, G_A: 0.713, cycle_A: 0.090, idt_A: 0.134, D_B: 0.005, G_B: 0.967, cycle_B: 0.213, idt_B: 0.079

[Rank 0] (epoch: 668, iters: 1056, time: 0.194, data: 0.002) , D_A: 0.051, G_A: 0.907, cycle_A: 0.097, idt_A: 0.139, D_B: 0.004, G_B: 0.934, cycle_B: 0.220, idt_B: 0.092

saving the latest model (epoch 668, total_iters 190000)
[Rank 0] (epoch: 668, iters: 1256, time: 0.026, data: 0.004) , D_A: 0.045, G_A: 1.000, cycle_A: 0.072, idt_A: 0.113, D_B: 0.002, G_B: 0.945, cycle_B: 0.171, idt_B: 0.072

[Rank 0] (epoch: 668, iters: 1456, time: 0.026, data: 0.191) , D_A: 0.047, G_A: 0.972, cycle_A: 0.081, idt_A: 0.136, D_B: 0.037, G_B: 0.884, cycle_B: 0.203, idt_B: 0.076

[Rank 0] (epoch: 668, iters: 1656, time: 0.030, data: 0.002) , D_A: 0.049, G_A: 0.697, cycle_A: 0.101, idt_A: 0.123, D_B: 0.004, G_B: 0.944, cycle_B: 0.195, idt_B: 0.090

[Rank 0] (epoch: 668, iters: 1856, time: 0.030, data: 0.002) , D_A: 0.053, G_A: 0.770, cycle_A: 0.072, idt_A: 0.135, D_B: 0.004, G_B: 0.893, cycle_B: 0.220, idt_B: 0.060

learning rate 0.0000100 -> 0.0000100
saving the model at the end of epoch 668, iters 190872
End of epoch 668 / 950 	 Time Taken: 63 sec
[Rank 0] (epoch: 669, iters: 128, time: 0.204, data: 0.002) , D_A: 0.043, G_A: 0.732, cycle_A: 0.082, idt_A: 0.140, D_B: 0.006, G_B: 0.797, cycle_B: 0.222, idt_B: 0.075

[Rank 0] (epoch: 669, iters: 328, time: 0.026, data: 0.005) , D_A: 0.075, G_A: 0.736, cycle_A: 0.066, idt_A: 0.131, D_B: 0.002, G_B: 0.949, cycle_B: 0.194, idt_B: 0.062

[Rank 0] (epoch: 669, iters: 528, time: 0.030, data: 0.002) , D_A: 0.050, G_A: 0.652, cycle_A: 0.085, idt_A: 0.119, D_B: 0.002, G_B: 0.983, cycle_B: 0.178, idt_B: 0.078

[Rank 0] (epoch: 669, iters: 728, time: 0.028, data: 0.003) , D_A: 0.050, G_A: 0.530, cycle_A: 0.078, idt_A: 0.132, D_B: 0.001, G_B: 0.972, cycle_B: 0.202, idt_B: 0.072

[Rank 0] (epoch: 669, iters: 928, time: 0.030, data: 0.002) , D_A: 0.045, G_A: 0.784, cycle_A: 0.050, idt_A: 0.134, D_B: 0.002, G_B: 0.982, cycle_B: 0.201, idt_B: 0.043

[Rank 0] (epoch: 669, iters: 1128, time: 0.165, data: 0.146) , D_A: 0.058, G_A: 0.802, cycle_A: 0.072, idt_A: 0.136, D_B: 0.001, G_B: 0.977, cycle_B: 0.201, idt_B: 0.065

[Rank 0] (epoch: 669, iters: 1328, time: 0.029, data: 0.002) , D_A: 0.059, G_A: 0.734, cycle_A: 0.094, idt_A: 0.115, D_B: 0.001, G_B: 0.979, cycle_B: 0.178, idt_B: 0.076

[Rank 0] (epoch: 669, iters: 1528, time: 0.026, data: 0.006) , D_A: 0.066, G_A: 0.734, cycle_A: 0.101, idt_A: 0.129, D_B: 0.001, G_B: 0.999, cycle_B: 0.196, idt_B: 0.083

[Rank 0] (epoch: 669, iters: 1728, time: 0.029, data: 0.055) , D_A: 0.063, G_A: 0.872, cycle_A: 0.078, idt_A: 0.144, D_B: 0.002, G_B: 0.981, cycle_B: 0.221, idt_B: 0.066

[Rank 0] (epoch: 669, iters: 1928, time: 0.024, data: 0.002) , D_A: 0.041, G_A: 0.991, cycle_A: 0.096, idt_A: 0.121, D_B: 0.004, G_B: 0.916, cycle_B: 0.193, idt_B: 0.086

learning rate 0.0000100 -> 0.0000100
saving the model at the end of epoch 669, iters 192800
End of epoch 669 / 950 	 Time Taken: 63 sec
[Rank 0] (epoch: 670, iters: 200, time: 0.139, data: 1.229) , D_A: 0.039, G_A: 0.961, cycle_A: 0.075, idt_A: 0.113, D_B: 0.002, G_B: 0.914, cycle_B: 0.178, idt_B: 0.070

[Rank 0] (epoch: 670, iters: 400, time: 0.026, data: 0.003) , D_A: 0.060, G_A: 0.589, cycle_A: 0.085, idt_A: 0.138, D_B: 0.007, G_B: 0.833, cycle_B: 0.213, idt_B: 0.075

[Rank 0] (epoch: 670, iters: 600, time: 0.030, data: 0.003) , D_A: 0.062, G_A: 1.010, cycle_A: 0.073, idt_A: 0.143, D_B: 0.028, G_B: 0.905, cycle_B: 0.196, idt_B: 0.066

[Rank 0] (epoch: 670, iters: 800, time: 0.030, data: 0.003) , D_A: 0.044, G_A: 0.804, cycle_A: 0.101, idt_A: 0.122, D_B: 0.002, G_B: 0.889, cycle_B: 0.184, idt_B: 0.090

[Rank 0] (epoch: 670, iters: 1000, time: 0.026, data: 0.136) , D_A: 0.037, G_A: 0.747, cycle_A: 0.090, idt_A: 0.129, D_B: 0.001, G_B: 0.968, cycle_B: 0.201, idt_B: 0.076

[Rank 0] (epoch: 670, iters: 1200, time: 0.119, data: 0.012) , D_A: 0.080, G_A: 0.644, cycle_A: 0.076, idt_A: 0.146, D_B: 0.006, G_B: 0.887, cycle_B: 0.227, idt_B: 0.076

[Rank 0] (epoch: 670, iters: 1400, time: 0.030, data: 0.002) , D_A: 0.068, G_A: 0.632, cycle_A: 0.084, idt_A: 0.121, D_B: 0.004, G_B: 0.963, cycle_B: 0.182, idt_B: 0.068

[Rank 0] (epoch: 670, iters: 1600, time: 0.030, data: 0.003) , D_A: 0.048, G_A: 1.029, cycle_A: 0.078, idt_A: 0.117, D_B: 0.002, G_B: 0.940, cycle_B: 0.172, idt_B: 0.067

[Rank 0] (epoch: 670, iters: 1800, time: 0.026, data: 0.051) , D_A: 0.045, G_A: 0.781, cycle_A: 0.076, idt_A: 0.122, D_B: 0.002, G_B: 0.889, cycle_B: 0.187, idt_B: 0.070

learning rate 0.0000100 -> 0.0000100
saving the model at the end of epoch 670, iters 194728
End of epoch 670 / 950 	 Time Taken: 60 sec
[Rank 0] (epoch: 671, iters: 72, time: 0.166, data: 0.093) , D_A: 0.068, G_A: 0.686, cycle_A: 0.050, idt_A: 0.131, D_B: 0.049, G_B: 0.791, cycle_B: 0.193, idt_B: 0.045

[Rank 0] (epoch: 671, iters: 272, time: 0.184, data: 0.004) , D_A: 0.038, G_A: 0.814, cycle_A: 0.070, idt_A: 0.126, D_B: 0.064, G_B: 0.974, cycle_B: 0.184, idt_B: 0.061

saving the latest model (epoch 671, total_iters 195000)
[Rank 0] (epoch: 671, iters: 472, time: 0.030, data: 0.003) , D_A: 0.045, G_A: 0.763, cycle_A: 0.075, idt_A: 0.125, D_B: 0.002, G_B: 0.935, cycle_B: 0.189, idt_B: 0.065

[Rank 0] (epoch: 671, iters: 672, time: 0.030, data: 0.003) , D_A: 0.035, G_A: 0.782, cycle_A: 0.078, idt_A: 0.118, D_B: 0.001, G_B: 0.984, cycle_B: 0.179, idt_B: 0.065

[Rank 0] (epoch: 671, iters: 872, time: 0.026, data: 0.002) , D_A: 0.053, G_A: 1.267, cycle_A: 0.064, idt_A: 0.123, D_B: 0.052, G_B: 1.076, cycle_B: 0.230, idt_B: 0.056

[Rank 0] (epoch: 671, iters: 1072, time: 0.030, data: 0.003) , D_A: 0.072, G_A: 0.715, cycle_A: 0.100, idt_A: 0.120, D_B: 0.013, G_B: 0.794, cycle_B: 0.214, idt_B: 0.084

[Rank 0] (epoch: 671, iters: 1272, time: 0.168, data: 0.002) , D_A: 0.064, G_A: 0.608, cycle_A: 0.097, idt_A: 0.128, D_B: 0.025, G_B: 0.773, cycle_B: 0.244, idt_B: 0.078

[Rank 0] (epoch: 671, iters: 1472, time: 0.026, data: 0.005) , D_A: 0.041, G_A: 0.732, cycle_A: 0.081, idt_A: 0.116, D_B: 0.028, G_B: 0.865, cycle_B: 0.224, idt_B: 0.070

[Rank 0] (epoch: 671, iters: 1672, time: 0.030, data: 0.004) , D_A: 0.089, G_A: 1.159, cycle_A: 0.073, idt_A: 0.129, D_B: 0.008, G_B: 0.892, cycle_B: 0.252, idt_B: 0.057

[Rank 0] (epoch: 671, iters: 1872, time: 0.029, data: 0.005) , D_A: 0.040, G_A: 0.731, cycle_A: 0.092, idt_A: 0.112, D_B: 0.022, G_B: 0.871, cycle_B: 0.198, idt_B: 0.079

learning rate 0.0000100 -> 0.0000100
saving the model at the end of epoch 671, iters 196656
End of epoch 671 / 950 	 Time Taken: 61 sec
[Rank 0] (epoch: 672, iters: 144, time: 0.130, data: 0.104) , D_A: 0.044, G_A: 0.875, cycle_A: 0.081, idt_A: 0.137, D_B: 0.006, G_B: 0.958, cycle_B: 0.235, idt_B: 0.069

[Rank 0] (epoch: 672, iters: 344, time: 0.189, data: 0.003) , D_A: 0.043, G_A: 0.824, cycle_A: 0.102, idt_A: 0.130, D_B: 0.004, G_B: 0.926, cycle_B: 0.236, idt_B: 0.083

[Rank 0] (epoch: 672, iters: 544, time: 0.029, data: 0.002) , D_A: 0.055, G_A: 0.987, cycle_A: 0.072, idt_A: 0.138, D_B: 0.007, G_B: 0.927, cycle_B: 0.232, idt_B: 0.065

[Rank 0] (epoch: 672, iters: 744, time: 0.026, data: 0.005) , D_A: 0.052, G_A: 0.896, cycle_A: 0.068, idt_A: 0.139, D_B: 0.003, G_B: 0.978, cycle_B: 0.225, idt_B: 0.059

[Rank 0] (epoch: 672, iters: 944, time: 0.029, data: 0.004) , D_A: 0.041, G_A: 0.712, cycle_A: 0.068, idt_A: 0.126, D_B: 0.003, G_B: 0.970, cycle_B: 0.206, idt_B: 0.063

[Rank 0] (epoch: 672, iters: 1144, time: 0.030, data: 0.003) , D_A: 0.057, G_A: 1.024, cycle_A: 0.067, idt_A: 0.139, D_B: 0.037, G_B: 1.046, cycle_B: 0.215, idt_B: 0.050

[Rank 0] (epoch: 672, iters: 1344, time: 0.114, data: 0.189) , D_A: 0.051, G_A: 0.725, cycle_A: 0.082, idt_A: 0.133, D_B: 0.002, G_B: 0.974, cycle_B: 0.208, idt_B: 0.068

[Rank 0] (epoch: 672, iters: 1544, time: 0.030, data: 0.003) , D_A: 0.039, G_A: 0.786, cycle_A: 0.086, idt_A: 0.128, D_B: 0.002, G_B: 0.983, cycle_B: 0.197, idt_B: 0.071

[Rank 0] (epoch: 672, iters: 1744, time: 0.030, data: 0.003) , D_A: 0.060, G_A: 0.629, cycle_A: 0.085, idt_A: 0.127, D_B: 0.003, G_B: 0.920, cycle_B: 0.204, idt_B: 0.074

learning rate 0.0000100 -> 0.0000100
saving the model at the end of epoch 672, iters 198584
End of epoch 672 / 950 	 Time Taken: 59 sec
[Rank 0] (epoch: 673, iters: 16, time: 0.152, data: 0.002) , D_A: 0.052, G_A: 0.711, cycle_A: 0.054, idt_A: 0.138, D_B: 0.024, G_B: 0.990, cycle_B: 0.215, idt_B: 0.045

[Rank 0] (epoch: 673, iters: 216, time: 0.030, data: 0.002) , D_A: 0.055, G_A: 0.728, cycle_A: 0.056, idt_A: 0.122, D_B: 0.013, G_B: 0.823, cycle_B: 0.196, idt_B: 0.050

[Rank 0] (epoch: 673, iters: 416, time: 0.150, data: 0.002) , D_A: 0.043, G_A: 0.726, cycle_A: 0.074, idt_A: 0.131, D_B: 0.002, G_B: 0.968, cycle_B: 0.197, idt_B: 0.066

[Rank 0] (epoch: 673, iters: 616, time: 0.029, data: 0.006) , D_A: 0.033, G_A: 0.727, cycle_A: 0.061, idt_A: 0.132, D_B: 0.002, G_B: 0.913, cycle_B: 0.208, idt_B: 0.055

[Rank 0] (epoch: 673, iters: 816, time: 0.030, data: 0.003) , D_A: 0.082, G_A: 0.860, cycle_A: 0.100, idt_A: 0.124, D_B: 0.009, G_B: 0.721, cycle_B: 0.197, idt_B: 0.094

[Rank 0] (epoch: 673, iters: 1016, time: 0.029, data: 0.003) , D_A: 0.055, G_A: 0.629, cycle_A: 0.079, idt_A: 0.122, D_B: 0.002, G_B: 1.016, cycle_B: 0.189, idt_B: 0.068

[Rank 0] (epoch: 673, iters: 1216, time: 0.030, data: 0.002) , D_A: 0.051, G_A: 0.631, cycle_A: 0.078, idt_A: 0.123, D_B: 0.001, G_B: 0.961, cycle_B: 0.182, idt_B: 0.072

[Rank 0] (epoch: 673, iters: 1416, time: 0.129, data: 0.072) , D_A: 0.049, G_A: 0.708, cycle_A: 0.053, idt_A: 0.129, D_B: 0.041, G_B: 0.858, cycle_B: 0.198, idt_B: 0.049

saving the latest model (epoch 673, total_iters 200000)
[Rank 0] (epoch: 673, iters: 1616, time: 0.029, data: 0.003) , D_A: 0.037, G_A: 0.852, cycle_A: 0.096, idt_A: 0.110, D_B: 0.001, G_B: 0.977, cycle_B: 0.175, idt_B: 0.080

[Rank 0] (epoch: 673, iters: 1816, time: 0.030, data: 0.003) , D_A: 0.051, G_A: 0.764, cycle_A: 0.077, idt_A: 0.120, D_B: 0.002, G_B: 0.955, cycle_B: 0.189, idt_B: 0.069

learning rate 0.0000100 -> 0.0000100
saving the model at the end of epoch 673, iters 200512
End of epoch 673 / 950 	 Time Taken: 59 sec
[Rank 0] (epoch: 674, iters: 88, time: 0.194, data: 0.002) , D_A: 0.047, G_A: 0.815, cycle_A: 0.081, idt_A: 0.145, D_B: 0.002, G_B: 0.893, cycle_B: 0.231, idt_B: 0.066

[Rank 0] (epoch: 674, iters: 288, time: 0.029, data: 0.003) , D_A: 0.043, G_A: 0.953, cycle_A: 0.068, idt_A: 0.120, D_B: 0.002, G_B: 0.978, cycle_B: 0.187, idt_B: 0.061

[Rank 0] (epoch: 674, iters: 488, time: 0.127, data: 0.002) , D_A: 0.053, G_A: 0.723, cycle_A: 0.072, idt_A: 0.133, D_B: 0.003, G_B: 0.905, cycle_B: 0.209, idt_B: 0.074

[Rank 0] (epoch: 674, iters: 688, time: 0.030, data: 0.002) , D_A: 0.046, G_A: 0.618, cycle_A: 0.069, idt_A: 0.140, D_B: 0.003, G_B: 0.915, cycle_B: 0.215, idt_B: 0.062

[Rank 0] (epoch: 674, iters: 888, time: 0.026, data: 0.192) , D_A: 0.049, G_A: 0.903, cycle_A: 0.079, idt_A: 0.137, D_B: 0.002, G_B: 0.953, cycle_B: 0.209, idt_B: 0.070

[Rank 0] (epoch: 674, iters: 1088, time: 0.026, data: 0.003) , D_A: 0.064, G_A: 0.862, cycle_A: 0.077, idt_A: 0.140, D_B: 0.002, G_B: 0.946, cycle_B: 0.217, idt_B: 0.064

[Rank 0] (epoch: 674, iters: 1288, time: 0.030, data: 0.005) , D_A: 0.059, G_A: 0.921, cycle_A: 0.082, idt_A: 0.130, D_B: 0.006, G_B: 1.115, cycle_B: 0.225, idt_B: 0.074

[Rank 0] (epoch: 674, iters: 1488, time: 0.164, data: 0.003) , D_A: 0.057, G_A: 0.886, cycle_A: 0.092, idt_A: 0.118, D_B: 0.002, G_B: 0.944, cycle_B: 0.186, idt_B: 0.082

[Rank 0] (epoch: 674, iters: 1688, time: 0.030, data: 0.002) , D_A: 0.073, G_A: 0.715, cycle_A: 0.079, idt_A: 0.134, D_B: 0.004, G_B: 0.943, cycle_B: 0.218, idt_B: 0.076

[Rank 0] (epoch: 674, iters: 1888, time: 0.026, data: 0.005) , D_A: 0.096, G_A: 1.180, cycle_A: 0.093, idt_A: 0.130, D_B: 0.003, G_B: 0.969, cycle_B: 0.192, idt_B: 0.090

learning rate 0.0000100 -> 0.0000100
saving the model at the end of epoch 674, iters 202440
End of epoch 674 / 950 	 Time Taken: 59 sec
[Rank 0] (epoch: 675, iters: 160, time: 0.193, data: 0.003) , D_A: 0.058, G_A: 0.670, cycle_A: 0.086, idt_A: 0.112, D_B: 0.004, G_B: 0.994, cycle_B: 0.169, idt_B: 0.077

[Rank 0] (epoch: 675, iters: 360, time: 0.029, data: 0.005) , D_A: 0.045, G_A: 0.889, cycle_A: 0.110, idt_A: 0.125, D_B: 0.002, G_B: 0.970, cycle_B: 0.191, idt_B: 0.092

[Rank 0] (epoch: 675, iters: 560, time: 0.149, data: 0.002) , D_A: 0.045, G_A: 0.795, cycle_A: 0.091, idt_A: 0.131, D_B: 0.003, G_B: 0.949, cycle_B: 0.220, idt_B: 0.080

[Rank 0] (epoch: 675, iters: 760, time: 0.026, data: 0.004) , D_A: 0.039, G_A: 0.897, cycle_A: 0.067, idt_A: 0.142, D_B: 0.004, G_B: 0.873, cycle_B: 0.206, idt_B: 0.060

[Rank 0] (epoch: 675, iters: 960, time: 0.030, data: 0.002) , D_A: 0.035, G_A: 0.671, cycle_A: 0.085, idt_A: 0.129, D_B: 0.003, G_B: 1.148, cycle_B: 0.225, idt_B: 0.079

[Rank 0] (epoch: 675, iters: 1160, time: 0.026, data: 0.074) , D_A: 0.056, G_A: 1.117, cycle_A: 0.096, idt_A: 0.138, D_B: 0.007, G_B: 0.983, cycle_B: 0.210, idt_B: 0.087

[Rank 0] (epoch: 675, iters: 1360, time: 0.030, data: 0.002) , D_A: 0.045, G_A: 0.800, cycle_A: 0.078, idt_A: 0.127, D_B: 0.024, G_B: 1.019, cycle_B: 0.191, idt_B: 0.073

[Rank 0] (epoch: 675, iters: 1560, time: 0.192, data: 0.061) , D_A: 0.076, G_A: 0.506, cycle_A: 0.087, idt_A: 0.124, D_B: 0.001, G_B: 1.038, cycle_B: 0.187, idt_B: 0.083

[Rank 0] (epoch: 675, iters: 1760, time: 0.026, data: 0.003) , D_A: 0.054, G_A: 0.672, cycle_A: 0.067, idt_A: 0.129, D_B: 0.027, G_B: 0.900, cycle_B: 0.230, idt_B: 0.063

learning rate 0.0000100 -> 0.0000100
saving the model at the end of epoch 675, iters 204368
End of epoch 675 / 950 	 Time Taken: 61 sec
[Rank 0] (epoch: 676, iters: 32, time: 0.144, data: 0.002) , D_A: 0.038, G_A: 0.733, cycle_A: 0.074, idt_A: 0.135, D_B: 0.003, G_B: 0.909, cycle_B: 0.224, idt_B: 0.064

[Rank 0] (epoch: 676, iters: 232, time: 0.030, data: 0.004) , D_A: 0.053, G_A: 0.763, cycle_A: 0.076, idt_A: 0.152, D_B: 0.009, G_B: 0.919, cycle_B: 0.258, idt_B: 0.060

[Rank 0] (epoch: 676, iters: 432, time: 0.030, data: 0.002) , D_A: 0.054, G_A: 0.590, cycle_A: 0.064, idt_A: 0.129, D_B: 0.003, G_B: 0.905, cycle_B: 0.208, idt_B: 0.058

[Rank 0] (epoch: 676, iters: 632, time: 0.142, data: 0.054) , D_A: 0.065, G_A: 0.571, cycle_A: 0.084, idt_A: 0.129, D_B: 0.001, G_B: 0.958, cycle_B: 0.201, idt_B: 0.077

saving the latest model (epoch 676, total_iters 205000)
[Rank 0] (epoch: 676, iters: 832, time: 0.027, data: 0.003) , D_A: 0.065, G_A: 0.605, cycle_A: 0.089, idt_A: 0.134, D_B: 0.002, G_B: 1.048, cycle_B: 0.221, idt_B: 0.083

[Rank 0] (epoch: 676, iters: 1032, time: 0.030, data: 0.003) , D_A: 0.038, G_A: 0.763, cycle_A: 0.077, idt_A: 0.136, D_B: 0.003, G_B: 0.959, cycle_B: 0.216, idt_B: 0.076

[Rank 0] (epoch: 676, iters: 1232, time: 0.030, data: 0.002) , D_A: 0.037, G_A: 0.777, cycle_A: 0.097, idt_A: 0.115, D_B: 0.001, G_B: 0.936, cycle_B: 0.176, idt_B: 0.085

[Rank 0] (epoch: 676, iters: 1432, time: 0.026, data: 0.043) , D_A: 0.046, G_A: 0.988, cycle_A: 0.097, idt_A: 0.122, D_B: 0.004, G_B: 0.856, cycle_B: 0.197, idt_B: 0.086

[Rank 0] (epoch: 676, iters: 1632, time: 0.128, data: 0.003) , D_A: 0.060, G_A: 0.827, cycle_A: 0.073, idt_A: 0.133, D_B: 0.003, G_B: 0.958, cycle_B: 0.217, idt_B: 0.071

[Rank 0] (epoch: 676, iters: 1832, time: 0.029, data: 0.002) , D_A: 0.075, G_A: 0.792, cycle_A: 0.074, idt_A: 0.142, D_B: 0.001, G_B: 1.034, cycle_B: 0.221, idt_B: 0.058

learning rate 0.0000100 -> 0.0000100
saving the model at the end of epoch 676, iters 206296
End of epoch 676 / 950 	 Time Taken: 59 sec
[Rank 0] (epoch: 677, iters: 104, time: 0.194, data: 0.002) , D_A: 0.033, G_A: 1.010, cycle_A: 0.079, idt_A: 0.149, D_B: 0.002, G_B: 0.930, cycle_B: 0.232, idt_B: 0.076

[Rank 0] (epoch: 677, iters: 304, time: 0.030, data: 0.003) , D_A: 0.113, G_A: 1.382, cycle_A: 0.085, idt_A: 0.130, D_B: 0.001, G_B: 0.999, cycle_B: 0.203, idt_B: 0.074

[Rank 0] (epoch: 677, iters: 504, time: 0.029, data: 0.007) , D_A: 0.034, G_A: 0.894, cycle_A: 0.081, idt_A: 0.119, D_B: 0.002, G_B: 0.974, cycle_B: 0.185, idt_B: 0.072

[Rank 0] (epoch: 677, iters: 704, time: 0.159, data: 0.003) , D_A: 0.051, G_A: 0.667, cycle_A: 0.095, idt_A: 0.144, D_B: 0.002, G_B: 0.978, cycle_B: 0.216, idt_B: 0.080

[Rank 0] (epoch: 677, iters: 904, time: 0.029, data: 0.001) , D_A: 0.070, G_A: 0.695, cycle_A: 0.066, idt_A: 0.130, D_B: 0.001, G_B: 0.988, cycle_B: 0.216, idt_B: 0.063

[Rank 0] (epoch: 677, iters: 1104, time: 0.029, data: 0.003) , D_A: 0.039, G_A: 0.794, cycle_A: 0.095, idt_A: 0.133, D_B: 0.002, G_B: 0.954, cycle_B: 0.219, idt_B: 0.080

[Rank 0] (epoch: 677, iters: 1304, time: 0.026, data: 0.145) , D_A: 0.052, G_A: 0.624, cycle_A: 0.089, idt_A: 0.143, D_B: 0.002, G_B: 0.942, cycle_B: 0.229, idt_B: 0.080

[Rank 0] (epoch: 677, iters: 1504, time: 0.026, data: 0.011) , D_A: 0.056, G_A: 0.848, cycle_A: 0.070, idt_A: 0.125, D_B: 0.001, G_B: 0.961, cycle_B: 0.194, idt_B: 0.065

[Rank 0] (epoch: 677, iters: 1704, time: 0.173, data: 0.210) , D_A: 0.079, G_A: 0.819, cycle_A: 0.078, idt_A: 0.143, D_B: 0.001, G_B: 1.008, cycle_B: 0.223, idt_B: 0.071

[Rank 0] (epoch: 677, iters: 1904, time: 0.030, data: 0.002) , D_A: 0.035, G_A: 0.865, cycle_A: 0.066, idt_A: 0.124, D_B: 0.002, G_B: 0.988, cycle_B: 0.199, idt_B: 0.061

learning rate 0.0000100 -> 0.0000100
saving the model at the end of epoch 677, iters 208224
End of epoch 677 / 950 	 Time Taken: 62 sec
[Rank 0] (epoch: 678, iters: 176, time: 0.207, data: 0.003) , D_A: 0.064, G_A: 0.577, cycle_A: 0.073, idt_A: 0.137, D_B: 0.001, G_B: 0.993, cycle_B: 0.226, idt_B: 0.064

[Rank 0] (epoch: 678, iters: 376, time: 0.030, data: 0.002) , D_A: 0.054, G_A: 0.664, cycle_A: 0.103, idt_A: 0.141, D_B: 0.003, G_B: 0.966, cycle_B: 0.238, idt_B: 0.087

[Rank 0] (epoch: 678, iters: 576, time: 0.026, data: 0.169) , D_A: 0.060, G_A: 0.765, cycle_A: 0.070, idt_A: 0.132, D_B: 0.002, G_B: 0.904, cycle_B: 0.218, idt_B: 0.064

[Rank 0] (epoch: 678, iters: 776, time: 0.155, data: 0.002) , D_A: 0.058, G_A: 0.492, cycle_A: 0.092, idt_A: 0.142, D_B: 0.004, G_B: 0.857, cycle_B: 0.233, idt_B: 0.082

[Rank 0] (epoch: 678, iters: 976, time: 0.026, data: 0.005) , D_A: 0.037, G_A: 0.843, cycle_A: 0.087, idt_A: 0.122, D_B: 0.001, G_B: 0.984, cycle_B: 0.197, idt_B: 0.078

[Rank 0] (epoch: 678, iters: 1176, time: 0.030, data: 0.002) , D_A: 0.058, G_A: 0.806, cycle_A: 0.074, idt_A: 0.127, D_B: 0.002, G_B: 0.862, cycle_B: 0.203, idt_B: 0.064

[Rank 0] (epoch: 678, iters: 1376, time: 0.030, data: 0.003) , D_A: 0.043, G_A: 0.935, cycle_A: 0.086, idt_A: 0.118, D_B: 0.003, G_B: 0.939, cycle_B: 0.194, idt_B: 0.079

[Rank 0] (epoch: 678, iters: 1576, time: 0.030, data: 0.003) , D_A: 0.044, G_A: 0.808, cycle_A: 0.057, idt_A: 0.156, D_B: 0.001, G_B: 0.998, cycle_B: 0.249, idt_B: 0.047

[Rank 0] (epoch: 678, iters: 1776, time: 0.134, data: 0.166) , D_A: 0.042, G_A: 0.815, cycle_A: 0.065, idt_A: 0.143, D_B: 0.002, G_B: 0.976, cycle_B: 0.221, idt_B: 0.059

saving the latest model (epoch 678, total_iters 210000)
learning rate 0.0000100 -> 0.0000100
saving the model at the end of epoch 678, iters 210152
End of epoch 678 / 950 	 Time Taken: 63 sec
[Rank 0] (epoch: 679, iters: 48, time: 0.173, data: 0.002) , D_A: 0.046, G_A: 0.808, cycle_A: 0.080, idt_A: 0.129, D_B: 0.001, G_B: 0.951, cycle_B: 0.205, idt_B: 0.068

[Rank 0] (epoch: 679, iters: 248, time: 0.029, data: 0.004) , D_A: 0.043, G_A: 1.073, cycle_A: 0.070, idt_A: 0.140, D_B: 0.001, G_B: 0.965, cycle_B: 0.216, idt_B: 0.063

[Rank 0] (epoch: 679, iters: 448, time: 0.030, data: 0.006) , D_A: 0.044, G_A: 0.789, cycle_A: 0.070, idt_A: 0.127, D_B: 0.002, G_B: 0.980, cycle_B: 0.198, idt_B: 0.061

[Rank 0] (epoch: 679, iters: 648, time: 0.026, data: 0.060) , D_A: 0.046, G_A: 0.735, cycle_A: 0.066, idt_A: 0.129, D_B: 0.001, G_B: 0.970, cycle_B: 0.206, idt_B: 0.057

[Rank 0] (epoch: 679, iters: 848, time: 0.135, data: 0.003) , D_A: 0.041, G_A: 0.854, cycle_A: 0.069, idt_A: 0.128, D_B: 0.003, G_B: 0.879, cycle_B: 0.190, idt_B: 0.066

[Rank 0] (epoch: 679, iters: 1048, time: 0.026, data: 0.003) , D_A: 0.037, G_A: 0.803, cycle_A: 0.081, idt_A: 0.123, D_B: 0.001, G_B: 0.977, cycle_B: 0.188, idt_B: 0.077

[Rank 0] (epoch: 679, iters: 1248, time: 0.030, data: 0.002) , D_A: 0.054, G_A: 0.693, cycle_A: 0.086, idt_A: 0.120, D_B: 0.050, G_B: 0.999, cycle_B: 0.188, idt_B: 0.078

[Rank 0] (epoch: 679, iters: 1448, time: 0.026, data: 0.021) , D_A: 0.052, G_A: 0.798, cycle_A: 0.091, idt_A: 0.144, D_B: 0.002, G_B: 0.965, cycle_B: 0.213, idt_B: 0.080

[Rank 0] (epoch: 679, iters: 1648, time: 0.030, data: 0.002) , D_A: 0.066, G_A: 0.686, cycle_A: 0.090, idt_A: 0.125, D_B: 0.001, G_B: 0.986, cycle_B: 0.184, idt_B: 0.079

[Rank 0] (epoch: 679, iters: 1848, time: 0.122, data: 0.118) , D_A: 0.043, G_A: 0.795, cycle_A: 0.061, idt_A: 0.146, D_B: 0.001, G_B: 0.968, cycle_B: 0.210, idt_B: 0.057

learning rate 0.0000100 -> 0.0000100
saving the model at the end of epoch 679, iters 212080
End of epoch 679 / 950 	 Time Taken: 59 sec
[Rank 0] (epoch: 680, iters: 120, time: 0.211, data: 0.002) , D_A: 0.056, G_A: 0.964, cycle_A: 0.087, idt_A: 0.126, D_B: 0.001, G_B: 0.964, cycle_B: 0.188, idt_B: 0.074

[Rank 0] (epoch: 680, iters: 320, time: 0.029, data: 0.003) , D_A: 0.079, G_A: 0.600, cycle_A: 0.092, idt_A: 0.127, D_B: 0.002, G_B: 1.048, cycle_B: 0.203, idt_B: 0.086

[Rank 0] (epoch: 680, iters: 520, time: 0.030, data: 0.003) , D_A: 0.054, G_A: 0.907, cycle_A: 0.078, idt_A: 0.126, D_B: 0.001, G_B: 0.996, cycle_B: 0.184, idt_B: 0.074

[Rank 0] (epoch: 680, iters: 720, time: 0.026, data: 0.177) , D_A: 0.117, G_A: 2.124, cycle_A: 0.088, idt_A: 0.135, D_B: 0.004, G_B: 0.873, cycle_B: 0.195, idt_B: 0.084

[Rank 0] (epoch: 680, iters: 920, time: 0.164, data: 0.002) , D_A: 0.045, G_A: 0.699, cycle_A: 0.077, idt_A: 0.131, D_B: 0.002, G_B: 0.931, cycle_B: 0.193, idt_B: 0.074

[Rank 0] (epoch: 680, iters: 1120, time: 0.028, data: 0.005) , D_A: 0.061, G_A: 0.835, cycle_A: 0.085, idt_A: 0.110, D_B: 0.001, G_B: 0.986, cycle_B: 0.164, idt_B: 0.069

[Rank 0] (epoch: 680, iters: 1320, time: 0.030, data: 0.002) , D_A: 0.043, G_A: 0.835, cycle_A: 0.081, idt_A: 0.133, D_B: 0.004, G_B: 1.026, cycle_B: 0.202, idt_B: 0.079

[Rank 0] (epoch: 680, iters: 1520, time: 0.026, data: 0.034) , D_A: 0.055, G_A: 0.646, cycle_A: 0.085, idt_A: 0.115, D_B: 0.001, G_B: 0.987, cycle_B: 0.169, idt_B: 0.076

[Rank 0] (epoch: 680, iters: 1720, time: 0.030, data: 0.002) , D_A: 0.056, G_A: 0.660, cycle_A: 0.066, idt_A: 0.130, D_B: 0.066, G_B: 1.009, cycle_B: 0.192, idt_B: 0.062

[Rank 0] (epoch: 680, iters: 1920, time: 0.121, data: 0.176) , D_A: 0.056, G_A: 0.767, cycle_A: 0.102, idt_A: 0.139, D_B: 0.010, G_B: 0.917, cycle_B: 0.200, idt_B: 0.091

learning rate 0.0000100 -> 0.0000100
saving the model at the end of epoch 680, iters 214008
End of epoch 680 / 950 	 Time Taken: 62 sec
[Rank 0] (epoch: 681, iters: 192, time: 0.148, data: 0.001) , D_A: 0.042, G_A: 0.652, cycle_A: 0.109, idt_A: 0.129, D_B: 0.001, G_B: 0.994, cycle_B: 0.186, idt_B: 0.102

[Rank 0] (epoch: 681, iters: 392, time: 0.026, data: 0.004) , D_A: 0.046, G_A: 0.748, cycle_A: 0.062, idt_A: 0.136, D_B: 0.002, G_B: 0.973, cycle_B: 0.202, idt_B: 0.051

[Rank 0] (epoch: 681, iters: 592, time: 0.030, data: 0.002) , D_A: 0.053, G_A: 0.589, cycle_A: 0.068, idt_A: 0.151, D_B: 0.028, G_B: 0.976, cycle_B: 0.219, idt_B: 0.062

[Rank 0] (epoch: 681, iters: 792, time: 0.029, data: 0.005) , D_A: 0.047, G_A: 0.621, cycle_A: 0.087, idt_A: 0.133, D_B: 0.001, G_B: 1.008, cycle_B: 0.199, idt_B: 0.085

[Rank 0] (epoch: 681, iters: 992, time: 0.148, data: 0.005) , D_A: 0.039, G_A: 0.876, cycle_A: 0.075, idt_A: 0.129, D_B: 0.001, G_B: 0.970, cycle_B: 0.194, idt_B: 0.070

saving the latest model (epoch 681, total_iters 215000)
[Rank 0] (epoch: 681, iters: 1192, time: 0.030, data: 0.003) , D_A: 0.045, G_A: 0.762, cycle_A: 0.077, idt_A: 0.124, D_B: 0.001, G_B: 1.010, cycle_B: 0.181, idt_B: 0.079

[Rank 0] (epoch: 681, iters: 1392, time: 0.026, data: 0.006) , D_A: 0.050, G_A: 0.802, cycle_A: 0.066, idt_A: 0.125, D_B: 0.001, G_B: 0.988, cycle_B: 0.177, idt_B: 0.062

[Rank 0] (epoch: 681, iters: 1592, time: 0.026, data: 0.178) , D_A: 0.047, G_A: 0.784, cycle_A: 0.103, idt_A: 0.130, D_B: 0.001, G_B: 0.992, cycle_B: 0.195, idt_B: 0.096

[Rank 0] (epoch: 681, iters: 1792, time: 0.029, data: 0.004) , D_A: 0.048, G_A: 0.814, cycle_A: 0.062, idt_A: 0.130, D_B: 0.007, G_B: 0.983, cycle_B: 0.193, idt_B: 0.052

learning rate 0.0000100 -> 0.0000100
saving the model at the end of epoch 681, iters 215936
End of epoch 681 / 950 	 Time Taken: 61 sec
[Rank 0] (epoch: 682, iters: 64, time: 0.131, data: 0.031) , D_A: 0.046, G_A: 0.792, cycle_A: 0.093, idt_A: 0.143, D_B: 0.001, G_B: 0.987, cycle_B: 0.203, idt_B: 0.078

[Rank 0] (epoch: 682, iters: 264, time: 0.026, data: 0.007) , D_A: 0.075, G_A: 0.620, cycle_A: 0.077, idt_A: 0.144, D_B: 0.001, G_B: 0.960, cycle_B: 0.206, idt_B: 0.069

[Rank 0] (epoch: 682, iters: 464, time: 0.030, data: 0.002) , D_A: 0.050, G_A: 0.709, cycle_A: 0.071, idt_A: 0.130, D_B: 0.002, G_B: 0.944, cycle_B: 0.189, idt_B: 0.063

[Rank 0] (epoch: 682, iters: 664, time: 0.026, data: 0.163) , D_A: 0.049, G_A: 0.970, cycle_A: 0.079, idt_A: 0.130, D_B: 0.002, G_B: 0.952, cycle_B: 0.206, idt_B: 0.071

[Rank 0] (epoch: 682, iters: 864, time: 0.030, data: 0.002) , D_A: 0.043, G_A: 0.774, cycle_A: 0.064, idt_A: 0.115, D_B: 0.035, G_B: 0.876, cycle_B: 0.177, idt_B: 0.055

[Rank 0] (epoch: 682, iters: 1064, time: 0.146, data: 0.002) , D_A: 0.041, G_A: 0.690, cycle_A: 0.056, idt_A: 0.121, D_B: 0.003, G_B: 0.962, cycle_B: 0.184, idt_B: 0.051

[Rank 0] (epoch: 682, iters: 1264, time: 0.029, data: 0.002) , D_A: 0.050, G_A: 0.748, cycle_A: 0.072, idt_A: 0.133, D_B: 0.024, G_B: 0.972, cycle_B: 0.201, idt_B: 0.062

[Rank 0] (epoch: 682, iters: 1464, time: 0.030, data: 0.003) , D_A: 0.054, G_A: 0.690, cycle_A: 0.085, idt_A: 0.124, D_B: 0.001, G_B: 0.940, cycle_B: 0.186, idt_B: 0.079

[Rank 0] (epoch: 682, iters: 1664, time: 0.030, data: 0.006) , D_A: 0.055, G_A: 0.747, cycle_A: 0.067, idt_A: 0.131, D_B: 0.002, G_B: 0.944, cycle_B: 0.197, idt_B: 0.062

[Rank 0] (epoch: 682, iters: 1864, time: 0.026, data: 0.174) , D_A: 0.036, G_A: 0.773, cycle_A: 0.077, idt_A: 0.126, D_B: 0.027, G_B: 1.403, cycle_B: 0.250, idt_B: 0.072

learning rate 0.0000100 -> 0.0000100
saving the model at the end of epoch 682, iters 217864
End of epoch 682 / 950 	 Time Taken: 59 sec
[Rank 0] (epoch: 683, iters: 136, time: 0.164, data: 0.002) , D_A: 0.049, G_A: 0.879, cycle_A: 0.060, idt_A: 0.133, D_B: 0.036, G_B: 0.827, cycle_B: 0.221, idt_B: 0.056

[Rank 0] (epoch: 683, iters: 336, time: 0.029, data: 0.005) , D_A: 0.064, G_A: 0.789, cycle_A: 0.074, idt_A: 0.123, D_B: 0.007, G_B: 0.941, cycle_B: 0.210, idt_B: 0.065

[Rank 0] (epoch: 683, iters: 536, time: 0.030, data: 0.003) , D_A: 0.057, G_A: 0.781, cycle_A: 0.099, idt_A: 0.132, D_B: 0.011, G_B: 1.161, cycle_B: 0.242, idt_B: 0.087

[Rank 0] (epoch: 683, iters: 736, time: 0.026, data: 0.142) , D_A: 0.049, G_A: 0.592, cycle_A: 0.096, idt_A: 0.121, D_B: 0.010, G_B: 1.023, cycle_B: 0.215, idt_B: 0.085

[Rank 0] (epoch: 683, iters: 936, time: 0.026, data: 0.163) , D_A: 0.047, G_A: 0.952, cycle_A: 0.059, idt_A: 0.129, D_B: 0.011, G_B: 0.789, cycle_B: 0.242, idt_B: 0.051

[Rank 0] (epoch: 683, iters: 1136, time: 0.153, data: 0.003) , D_A: 0.051, G_A: 0.762, cycle_A: 0.080, idt_A: 0.125, D_B: 0.008, G_B: 0.919, cycle_B: 0.228, idt_B: 0.069

[Rank 0] (epoch: 683, iters: 1336, time: 0.030, data: 0.002) , D_A: 0.059, G_A: 0.845, cycle_A: 0.072, idt_A: 0.126, D_B: 0.006, G_B: 0.942, cycle_B: 0.225, idt_B: 0.063

[Rank 0] (epoch: 683, iters: 1536, time: 0.026, data: 0.005) , D_A: 0.031, G_A: 0.868, cycle_A: 0.068, idt_A: 0.127, D_B: 0.004, G_B: 0.869, cycle_B: 0.231, idt_B: 0.063

[Rank 0] (epoch: 683, iters: 1736, time: 0.026, data: 0.035) , D_A: 0.044, G_A: 0.866, cycle_A: 0.071, idt_A: 0.113, D_B: 0.011, G_B: 0.862, cycle_B: 0.223, idt_B: 0.064

learning rate 0.0000100 -> 0.0000100
saving the model at the end of epoch 683, iters 219792
End of epoch 683 / 950 	 Time Taken: 59 sec
[Rank 0] (epoch: 684, iters: 8, time: 0.130, data: 0.002) , D_A: 0.054, G_A: 0.652, cycle_A: 0.079, idt_A: 0.130, D_B: 0.015, G_B: 1.004, cycle_B: 0.244, idt_B: 0.071

[Rank 0] (epoch: 684, iters: 208, time: 0.158, data: 0.002) , D_A: 0.046, G_A: 0.790, cycle_A: 0.096, idt_A: 0.122, D_B: 0.017, G_B: 0.736, cycle_B: 0.234, idt_B: 0.084

saving the latest model (epoch 684, total_iters 220000)
[Rank 0] (epoch: 684, iters: 408, time: 0.030, data: 0.005) , D_A: 0.068, G_A: 0.710, cycle_A: 0.067, idt_A: 0.127, D_B: 0.012, G_B: 0.834, cycle_B: 0.246, idt_B: 0.052

[Rank 0] (epoch: 684, iters: 608, time: 0.030, data: 0.004) , D_A: 0.040, G_A: 0.995, cycle_A: 0.067, idt_A: 0.124, D_B: 0.041, G_B: 0.843, cycle_B: 0.243, idt_B: 0.055

[Rank 0] (epoch: 684, iters: 808, time: 0.030, data: 0.004) , D_A: 0.050, G_A: 0.813, cycle_A: 0.074, idt_A: 0.118, D_B: 0.009, G_B: 0.906, cycle_B: 0.227, idt_B: 0.067

[Rank 0] (epoch: 684, iters: 1008, time: 0.030, data: 0.002) , D_A: 0.072, G_A: 0.643, cycle_A: 0.074, idt_A: 0.141, D_B: 0.051, G_B: 0.933, cycle_B: 0.263, idt_B: 0.066

[Rank 0] (epoch: 684, iters: 1208, time: 0.147, data: 0.156) , D_A: 0.052, G_A: 0.698, cycle_A: 0.079, idt_A: 0.143, D_B: 0.004, G_B: 0.945, cycle_B: 0.267, idt_B: 0.071

[Rank 0] (epoch: 684, iters: 1408, time: 0.030, data: 0.002) , D_A: 0.041, G_A: 0.898, cycle_A: 0.092, idt_A: 0.126, D_B: 0.004, G_B: 0.964, cycle_B: 0.230, idt_B: 0.083

[Rank 0] (epoch: 684, iters: 1608, time: 0.029, data: 0.032) , D_A: 0.051, G_A: 0.648, cycle_A: 0.086, idt_A: 0.140, D_B: 0.003, G_B: 0.984, cycle_B: 0.244, idt_B: 0.075

[Rank 0] (epoch: 684, iters: 1808, time: 0.030, data: 0.003) , D_A: 0.035, G_A: 0.797, cycle_A: 0.085, idt_A: 0.126, D_B: 0.007, G_B: 0.849, cycle_B: 0.225, idt_B: 0.070

learning rate 0.0000100 -> 0.0000100
saving the model at the end of epoch 684, iters 221720
End of epoch 684 / 950 	 Time Taken: 59 sec
[Rank 0] (epoch: 685, iters: 80, time: 0.142, data: 0.023) , D_A: 0.061, G_A: 0.621, cycle_A: 0.078, idt_A: 0.130, D_B: 0.003, G_B: 1.031, cycle_B: 0.213, idt_B: 0.072

[Rank 0] (epoch: 685, iters: 280, time: 0.144, data: 0.002) , D_A: 0.037, G_A: 0.714, cycle_A: 0.074, idt_A: 0.135, D_B: 0.003, G_B: 0.886, cycle_B: 0.218, idt_B: 0.064

[Rank 0] (epoch: 685, iters: 480, time: 0.029, data: 0.004) , D_A: 0.080, G_A: 0.613, cycle_A: 0.082, idt_A: 0.131, D_B: 0.002, G_B: 0.931, cycle_B: 0.210, idt_B: 0.074

[Rank 0] (epoch: 685, iters: 680, time: 0.026, data: 0.005) , D_A: 0.052, G_A: 0.736, cycle_A: 0.085, idt_A: 0.117, D_B: 0.013, G_B: 0.911, cycle_B: 0.184, idt_B: 0.079

[Rank 0] (epoch: 685, iters: 880, time: 0.026, data: 0.050) , D_A: 0.044, G_A: 0.662, cycle_A: 0.080, idt_A: 0.119, D_B: 0.003, G_B: 0.878, cycle_B: 0.185, idt_B: 0.076

[Rank 0] (epoch: 685, iters: 1080, time: 0.029, data: 0.003) , D_A: 0.052, G_A: 1.082, cycle_A: 0.075, idt_A: 0.111, D_B: 0.048, G_B: 0.995, cycle_B: 0.177, idt_B: 0.066

[Rank 0] (epoch: 685, iters: 1280, time: 0.124, data: 0.018) , D_A: 0.043, G_A: 1.246, cycle_A: 0.096, idt_A: 0.118, D_B: 0.003, G_B: 1.014, cycle_B: 0.188, idt_B: 0.088

[Rank 0] (epoch: 685, iters: 1480, time: 0.030, data: 0.007) , D_A: 0.053, G_A: 0.767, cycle_A: 0.064, idt_A: 0.140, D_B: 0.003, G_B: 0.891, cycle_B: 0.218, idt_B: 0.058

[Rank 0] (epoch: 685, iters: 1680, time: 0.026, data: 0.154) , D_A: 0.048, G_A: 0.652, cycle_A: 0.082, idt_A: 0.130, D_B: 0.010, G_B: 1.060, cycle_B: 0.200, idt_B: 0.071

[Rank 0] (epoch: 685, iters: 1880, time: 0.030, data: 0.003) , D_A: 0.051, G_A: 0.754, cycle_A: 0.077, idt_A: 0.145, D_B: 0.001, G_B: 0.994, cycle_B: 0.226, idt_B: 0.070

learning rate 0.0000100 -> 0.0000100
saving the model at the end of epoch 685, iters 223648
End of epoch 685 / 950 	 Time Taken: 60 sec
[Rank 0] (epoch: 686, iters: 152, time: 0.133, data: 0.003) , D_A: 0.045, G_A: 0.797, cycle_A: 0.063, idt_A: 0.124, D_B: 0.001, G_B: 0.982, cycle_B: 0.190, idt_B: 0.065

[Rank 0] (epoch: 686, iters: 352, time: 0.129, data: 0.004) , D_A: 0.042, G_A: 0.790, cycle_A: 0.068, idt_A: 0.132, D_B: 0.023, G_B: 0.966, cycle_B: 0.207, idt_B: 0.059

[Rank 0] (epoch: 686, iters: 552, time: 0.030, data: 0.002) , D_A: 0.042, G_A: 0.732, cycle_A: 0.069, idt_A: 0.124, D_B: 0.002, G_B: 0.979, cycle_B: 0.193, idt_B: 0.063

[Rank 0] (epoch: 686, iters: 752, time: 0.026, data: 0.101) , D_A: 0.046, G_A: 0.788, cycle_A: 0.093, idt_A: 0.116, D_B: 0.001, G_B: 0.976, cycle_B: 0.184, idt_B: 0.083

[Rank 0] (epoch: 686, iters: 952, time: 0.030, data: 0.002) , D_A: 0.052, G_A: 0.656, cycle_A: 0.094, idt_A: 0.117, D_B: 0.002, G_B: 0.915, cycle_B: 0.188, idt_B: 0.084

[Rank 0] (epoch: 686, iters: 1152, time: 0.026, data: 0.103) , D_A: 0.055, G_A: 0.966, cycle_A: 0.071, idt_A: 0.124, D_B: 0.001, G_B: 1.006, cycle_B: 0.193, idt_B: 0.064

[Rank 0] (epoch: 686, iters: 1352, time: 0.156, data: 0.002) , D_A: 0.043, G_A: 0.656, cycle_A: 0.074, idt_A: 0.114, D_B: 0.001, G_B: 0.966, cycle_B: 0.183, idt_B: 0.067

saving the latest model (epoch 686, total_iters 225000)
[Rank 0] (epoch: 686, iters: 1552, time: 0.030, data: 0.004) , D_A: 0.038, G_A: 0.717, cycle_A: 0.072, idt_A: 0.131, D_B: 0.013, G_B: 0.713, cycle_B: 0.214, idt_B: 0.067

[Rank 0] (epoch: 686, iters: 1752, time: 0.030, data: 0.002) , D_A: 0.052, G_A: 0.614, cycle_A: 0.080, idt_A: 0.129, D_B: 0.002, G_B: 0.973, cycle_B: 0.206, idt_B: 0.072

learning rate 0.0000100 -> 0.0000100
saving the model at the end of epoch 686, iters 225576
End of epoch 686 / 950 	 Time Taken: 61 sec
[Rank 0] (epoch: 687, iters: 24, time: 0.160, data: 0.112) , D_A: 0.032, G_A: 0.802, cycle_A: 0.082, idt_A: 0.125, D_B: 0.002, G_B: 0.953, cycle_B: 0.191, idt_B: 0.064

[Rank 0] (epoch: 687, iters: 224, time: 0.030, data: 0.004) , D_A: 0.052, G_A: 0.769, cycle_A: 0.087, idt_A: 0.125, D_B: 0.002, G_B: 0.949, cycle_B: 0.178, idt_B: 0.084

[Rank 0] (epoch: 687, iters: 424, time: 0.139, data: 0.022) , D_A: 0.071, G_A: 0.566, cycle_A: 0.093, idt_A: 0.136, D_B: 0.001, G_B: 0.951, cycle_B: 0.194, idt_B: 0.085

[Rank 0] (epoch: 687, iters: 624, time: 0.029, data: 0.003) , D_A: 0.045, G_A: 0.653, cycle_A: 0.079, idt_A: 0.126, D_B: 0.001, G_B: 1.021, cycle_B: 0.197, idt_B: 0.068

[Rank 0] (epoch: 687, iters: 824, time: 0.030, data: 0.003) , D_A: 0.053, G_A: 0.590, cycle_A: 0.060, idt_A: 0.140, D_B: 0.001, G_B: 1.020, cycle_B: 0.209, idt_B: 0.048

[Rank 0] (epoch: 687, iters: 1024, time: 0.030, data: 0.002) , D_A: 0.070, G_A: 0.606, cycle_A: 0.073, idt_A: 0.110, D_B: 0.001, G_B: 0.965, cycle_B: 0.162, idt_B: 0.062

[Rank 0] (epoch: 687, iters: 1224, time: 0.030, data: 0.002) , D_A: 0.037, G_A: 0.805, cycle_A: 0.101, idt_A: 0.133, D_B: 0.001, G_B: 0.986, cycle_B: 0.205, idt_B: 0.092

[Rank 0] (epoch: 687, iters: 1424, time: 0.123, data: 0.174) , D_A: 0.041, G_A: 0.847, cycle_A: 0.084, idt_A: 0.113, D_B: 0.001, G_B: 1.006, cycle_B: 0.170, idt_B: 0.073

[Rank 0] (epoch: 687, iters: 1624, time: 0.029, data: 0.002) , D_A: 0.060, G_A: 0.690, cycle_A: 0.092, idt_A: 0.135, D_B: 0.033, G_B: 0.504, cycle_B: 0.222, idt_B: 0.089

[Rank 0] (epoch: 687, iters: 1824, time: 0.030, data: 0.003) , D_A: 0.042, G_A: 0.700, cycle_A: 0.078, idt_A: 0.128, D_B: 0.002, G_B: 0.950, cycle_B: 0.203, idt_B: 0.073

learning rate 0.0000100 -> 0.0000100
saving the model at the end of epoch 687, iters 227504
End of epoch 687 / 950 	 Time Taken: 60 sec
[Rank 0] (epoch: 688, iters: 96, time: 0.149, data: 0.006) , D_A: 0.041, G_A: 1.227, cycle_A: 0.071, idt_A: 0.128, D_B: 0.004, G_B: 0.968, cycle_B: 0.204, idt_B: 0.060

[Rank 0] (epoch: 688, iters: 296, time: 0.026, data: 0.006) , D_A: 0.043, G_A: 0.818, cycle_A: 0.068, idt_A: 0.126, D_B: 0.002, G_B: 0.945, cycle_B: 0.188, idt_B: 0.061

[Rank 0] (epoch: 688, iters: 496, time: 0.148, data: 0.004) , D_A: 0.062, G_A: 0.952, cycle_A: 0.073, idt_A: 0.138, D_B: 0.007, G_B: 0.824, cycle_B: 0.207, idt_B: 0.064

[Rank 0] (epoch: 688, iters: 696, time: 0.030, data: 0.002) , D_A: 0.042, G_A: 0.976, cycle_A: 0.087, idt_A: 0.126, D_B: 0.001, G_B: 0.995, cycle_B: 0.182, idt_B: 0.076

[Rank 0] (epoch: 688, iters: 896, time: 0.030, data: 0.003) , D_A: 0.038, G_A: 1.136, cycle_A: 0.072, idt_A: 0.131, D_B: 0.002, G_B: 0.995, cycle_B: 0.192, idt_B: 0.069

[Rank 0] (epoch: 688, iters: 1096, time: 0.026, data: 0.177) , D_A: 0.059, G_A: 0.727, cycle_A: 0.095, idt_A: 0.137, D_B: 0.001, G_B: 0.951, cycle_B: 0.211, idt_B: 0.078

[Rank 0] (epoch: 688, iters: 1296, time: 0.029, data: 0.003) , D_A: 0.097, G_A: 1.110, cycle_A: 0.083, idt_A: 0.134, D_B: 0.041, G_B: 0.935, cycle_B: 0.207, idt_B: 0.077

[Rank 0] (epoch: 688, iters: 1496, time: 0.124, data: 0.005) , D_A: 0.062, G_A: 0.837, cycle_A: 0.105, idt_A: 0.124, D_B: 0.001, G_B: 0.997, cycle_B: 0.178, idt_B: 0.085

[Rank 0] (epoch: 688, iters: 1696, time: 0.030, data: 0.003) , D_A: 0.059, G_A: 1.527, cycle_A: 0.079, idt_A: 0.128, D_B: 0.001, G_B: 0.973, cycle_B: 0.197, idt_B: 0.067

[Rank 0] (epoch: 688, iters: 1896, time: 0.026, data: 0.193) , D_A: 0.059, G_A: 0.908, cycle_A: 0.082, idt_A: 0.121, D_B: 0.003, G_B: 0.853, cycle_B: 0.173, idt_B: 0.070

learning rate 0.0000100 -> 0.0000100
saving the model at the end of epoch 688, iters 229432
End of epoch 688 / 950 	 Time Taken: 62 sec
[Rank 0] (epoch: 689, iters: 168, time: 0.146, data: 0.002) , D_A: 0.069, G_A: 0.611, cycle_A: 0.086, idt_A: 0.129, D_B: 0.002, G_B: 0.975, cycle_B: 0.189, idt_B: 0.082

[Rank 0] (epoch: 689, iters: 368, time: 0.029, data: 0.002) , D_A: 0.042, G_A: 0.908, cycle_A: 0.096, idt_A: 0.118, D_B: 0.001, G_B: 1.001, cycle_B: 0.166, idt_B: 0.085

[Rank 0] (epoch: 689, iters: 568, time: 0.148, data: 0.004) , D_A: 0.042, G_A: 0.693, cycle_A: 0.073, idt_A: 0.132, D_B: 0.007, G_B: 0.768, cycle_B: 0.210, idt_B: 0.073

saving the latest model (epoch 689, total_iters 230000)
[Rank 0] (epoch: 689, iters: 768, time: 0.030, data: 0.003) , D_A: 0.066, G_A: 0.803, cycle_A: 0.059, idt_A: 0.136, D_B: 0.009, G_B: 0.839, cycle_B: 0.210, idt_B: 0.049

[Rank 0] (epoch: 689, iters: 968, time: 0.030, data: 0.003) , D_A: 0.044, G_A: 0.840, cycle_A: 0.076, idt_A: 0.125, D_B: 0.003, G_B: 0.921, cycle_B: 0.194, idt_B: 0.070

[Rank 0] (epoch: 689, iters: 1168, time: 0.030, data: 0.004) , D_A: 0.046, G_A: 0.659, cycle_A: 0.070, idt_A: 0.159, D_B: 0.002, G_B: 0.962, cycle_B: 0.232, idt_B: 0.069

[Rank 0] (epoch: 689, iters: 1368, time: 0.026, data: 0.147) , D_A: 0.056, G_A: 0.628, cycle_A: 0.085, idt_A: 0.135, D_B: 0.003, G_B: 0.923, cycle_B: 0.198, idt_B: 0.078

[Rank 0] (epoch: 689, iters: 1568, time: 0.144, data: 0.002) , D_A: 0.041, G_A: 1.157, cycle_A: 0.100, idt_A: 0.137, D_B: 0.002, G_B: 0.967, cycle_B: 0.216, idt_B: 0.086

[Rank 0] (epoch: 689, iters: 1768, time: 0.030, data: 0.004) , D_A: 0.040, G_A: 0.810, cycle_A: 0.064, idt_A: 0.139, D_B: 0.002, G_B: 0.970, cycle_B: 0.211, idt_B: 0.060

learning rate 0.0000100 -> 0.0000100
saving the model at the end of epoch 689, iters 231360
End of epoch 689 / 950 	 Time Taken: 61 sec
[Rank 0] (epoch: 690, iters: 40, time: 0.200, data: 0.042) , D_A: 0.088, G_A: 0.493, cycle_A: 0.085, idt_A: 0.128, D_B: 0.002, G_B: 1.005, cycle_B: 0.199, idt_B: 0.071

[Rank 0] (epoch: 690, iters: 240, time: 0.029, data: 0.005) , D_A: 0.056, G_A: 0.894, cycle_A: 0.093, idt_A: 0.128, D_B: 0.001, G_B: 0.987, cycle_B: 0.196, idt_B: 0.088

[Rank 0] (epoch: 690, iters: 440, time: 0.029, data: 0.003) , D_A: 0.046, G_A: 1.177, cycle_A: 0.086, idt_A: 0.128, D_B: 0.002, G_B: 0.929, cycle_B: 0.200, idt_B: 0.080

[Rank 0] (epoch: 690, iters: 640, time: 0.146, data: 0.002) , D_A: 0.050, G_A: 0.771, cycle_A: 0.081, idt_A: 0.126, D_B: 0.001, G_B: 0.991, cycle_B: 0.199, idt_B: 0.068

[Rank 0] (epoch: 690, iters: 840, time: 0.030, data: 0.002) , D_A: 0.058, G_A: 1.173, cycle_A: 0.085, idt_A: 0.128, D_B: 0.004, G_B: 0.927, cycle_B: 0.207, idt_B: 0.071

[Rank 0] (epoch: 690, iters: 1040, time: 0.030, data: 0.003) , D_A: 0.046, G_A: 0.756, cycle_A: 0.090, idt_A: 0.121, D_B: 0.033, G_B: 0.418, cycle_B: 0.218, idt_B: 0.081

[Rank 0] (epoch: 690, iters: 1240, time: 0.026, data: 0.109) , D_A: 0.043, G_A: 0.810, cycle_A: 0.083, idt_A: 0.136, D_B: 0.022, G_B: 1.038, cycle_B: 0.267, idt_B: 0.077

[Rank 0] (epoch: 690, iters: 1440, time: 0.030, data: 0.003) , D_A: 0.055, G_A: 0.687, cycle_A: 0.100, idt_A: 0.123, D_B: 0.037, G_B: 0.811, cycle_B: 0.223, idt_B: 0.086

[Rank 0] (epoch: 690, iters: 1640, time: 0.170, data: 0.002) , D_A: 0.042, G_A: 0.845, cycle_A: 0.092, idt_A: 0.119, D_B: 0.028, G_B: 0.939, cycle_B: 0.230, idt_B: 0.082

[Rank 0] (epoch: 690, iters: 1840, time: 0.030, data: 0.003) , D_A: 0.063, G_A: 0.744, cycle_A: 0.085, idt_A: 0.112, D_B: 0.025, G_B: 0.868, cycle_B: 0.228, idt_B: 0.068

learning rate 0.0000100 -> 0.0000100
saving the model at the end of epoch 690, iters 233288
End of epoch 690 / 950 	 Time Taken: 59 sec
[Rank 0] (epoch: 691, iters: 112, time: 0.153, data: 0.005) , D_A: 0.039, G_A: 1.000, cycle_A: 0.084, idt_A: 0.129, D_B: 0.046, G_B: 0.457, cycle_B: 0.267, idt_B: 0.067

[Rank 0] (epoch: 691, iters: 312, time: 0.030, data: 0.002) , D_A: 0.049, G_A: 0.782, cycle_A: 0.071, idt_A: 0.132, D_B: 0.048, G_B: 0.852, cycle_B: 0.246, idt_B: 0.062

[Rank 0] (epoch: 691, iters: 512, time: 0.029, data: 0.003) , D_A: 0.051, G_A: 0.936, cycle_A: 0.082, idt_A: 0.130, D_B: 0.003, G_B: 0.931, cycle_B: 0.224, idt_B: 0.075

[Rank 0] (epoch: 691, iters: 712, time: 0.207, data: 0.113) , D_A: 0.054, G_A: 0.879, cycle_A: 0.071, idt_A: 0.134, D_B: 0.005, G_B: 0.993, cycle_B: 0.225, idt_B: 0.065

[Rank 0] (epoch: 691, iters: 912, time: 0.028, data: 0.005) , D_A: 0.044, G_A: 0.928, cycle_A: 0.057, idt_A: 0.135, D_B: 0.011, G_B: 0.966, cycle_B: 0.214, idt_B: 0.054

[Rank 0] (epoch: 691, iters: 1112, time: 0.030, data: 0.002) , D_A: 0.033, G_A: 0.885, cycle_A: 0.077, idt_A: 0.126, D_B: 0.003, G_B: 0.957, cycle_B: 0.206, idt_B: 0.069

[Rank 0] (epoch: 691, iters: 1312, time: 0.029, data: 0.004) , D_A: 0.079, G_A: 0.895, cycle_A: 0.077, idt_A: 0.132, D_B: 0.002, G_B: 0.957, cycle_B: 0.229, idt_B: 0.074

[Rank 0] (epoch: 691, iters: 1512, time: 0.026, data: 0.041) , D_A: 0.051, G_A: 0.701, cycle_A: 0.101, idt_A: 0.136, D_B: 0.003, G_B: 1.033, cycle_B: 0.229, idt_B: 0.087

[Rank 0] (epoch: 691, iters: 1712, time: 0.137, data: 0.021) , D_A: 0.082, G_A: 0.793, cycle_A: 0.098, idt_A: 0.116, D_B: 0.009, G_B: 0.912, cycle_B: 0.181, idt_B: 0.086

saving the latest model (epoch 691, total_iters 235000)
[Rank 0] (epoch: 691, iters: 1912, time: 0.029, data: 0.002) , D_A: 0.033, G_A: 1.016, cycle_A: 0.063, idt_A: 0.130, D_B: 0.002, G_B: 0.944, cycle_B: 0.210, idt_B: 0.052

learning rate 0.0000100 -> 0.0000100
saving the model at the end of epoch 691, iters 235216
End of epoch 691 / 950 	 Time Taken: 60 sec
[Rank 0] (epoch: 692, iters: 184, time: 0.132, data: 0.002) , D_A: 0.052, G_A: 1.010, cycle_A: 0.065, idt_A: 0.127, D_B: 0.002, G_B: 1.008, cycle_B: 0.202, idt_B: 0.061

[Rank 0] (epoch: 692, iters: 384, time: 0.029, data: 0.002) , D_A: 0.071, G_A: 0.578, cycle_A: 0.083, idt_A: 0.137, D_B: 0.002, G_B: 0.997, cycle_B: 0.228, idt_B: 0.070

[Rank 0] (epoch: 692, iters: 584, time: 0.026, data: 0.134) , D_A: 0.039, G_A: 0.966, cycle_A: 0.061, idt_A: 0.129, D_B: 0.003, G_B: 1.040, cycle_B: 0.206, idt_B: 0.051

[Rank 0] (epoch: 692, iters: 784, time: 0.144, data: 0.003) , D_A: 0.046, G_A: 0.805, cycle_A: 0.045, idt_A: 0.139, D_B: 0.007, G_B: 0.986, cycle_B: 0.222, idt_B: 0.041

[Rank 0] (epoch: 692, iters: 984, time: 0.030, data: 0.004) , D_A: 0.048, G_A: 0.747, cycle_A: 0.090, idt_A: 0.152, D_B: 0.002, G_B: 0.997, cycle_B: 0.231, idt_B: 0.083

[Rank 0] (epoch: 692, iters: 1184, time: 0.026, data: 0.005) , D_A: 0.038, G_A: 0.735, cycle_A: 0.071, idt_A: 0.138, D_B: 0.003, G_B: 0.977, cycle_B: 0.207, idt_B: 0.070

[Rank 0] (epoch: 692, iters: 1384, time: 0.026, data: 0.128) , D_A: 0.033, G_A: 1.053, cycle_A: 0.052, idt_A: 0.123, D_B: 0.001, G_B: 0.992, cycle_B: 0.190, idt_B: 0.048

[Rank 0] (epoch: 692, iters: 1584, time: 0.029, data: 0.003) , D_A: 0.049, G_A: 1.639, cycle_A: 0.080, idt_A: 0.131, D_B: 0.001, G_B: 0.967, cycle_B: 0.198, idt_B: 0.068

[Rank 0] (epoch: 692, iters: 1784, time: 0.144, data: 0.009) , D_A: 0.071, G_A: 0.694, cycle_A: 0.075, idt_A: 0.130, D_B: 0.002, G_B: 0.944, cycle_B: 0.212, idt_B: 0.065

learning rate 0.0000100 -> 0.0000100
saving the model at the end of epoch 692, iters 237144
End of epoch 692 / 950 	 Time Taken: 59 sec
[Rank 0] (epoch: 693, iters: 56, time: 0.146, data: 0.004) , D_A: 0.042, G_A: 1.414, cycle_A: 0.070, idt_A: 0.128, D_B: 0.001, G_B: 1.040, cycle_B: 0.197, idt_B: 0.066

[Rank 0] (epoch: 693, iters: 256, time: 0.029, data: 0.002) , D_A: 0.064, G_A: 0.737, cycle_A: 0.080, idt_A: 0.138, D_B: 0.001, G_B: 0.990, cycle_B: 0.211, idt_B: 0.071

[Rank 0] (epoch: 693, iters: 456, time: 0.028, data: 0.004) , D_A: 0.041, G_A: 0.891, cycle_A: 0.088, idt_A: 0.138, D_B: 0.001, G_B: 0.998, cycle_B: 0.215, idt_B: 0.075

[Rank 0] (epoch: 693, iters: 656, time: 0.030, data: 0.003) , D_A: 0.068, G_A: 0.518, cycle_A: 0.076, idt_A: 0.123, D_B: 0.001, G_B: 0.982, cycle_B: 0.194, idt_B: 0.079

[Rank 0] (epoch: 693, iters: 856, time: 0.128, data: 0.172) , D_A: 0.060, G_A: 0.719, cycle_A: 0.081, idt_A: 0.133, D_B: 0.001, G_B: 0.978, cycle_B: 0.196, idt_B: 0.079

[Rank 0] (epoch: 693, iters: 1056, time: 0.029, data: 0.002) , D_A: 0.059, G_A: 0.919, cycle_A: 0.070, idt_A: 0.123, D_B: 0.002, G_B: 0.964, cycle_B: 0.189, idt_B: 0.066

[Rank 0] (epoch: 693, iters: 1256, time: 0.026, data: 0.005) , D_A: 0.043, G_A: 0.760, cycle_A: 0.063, idt_A: 0.140, D_B: 0.003, G_B: 0.869, cycle_B: 0.216, idt_B: 0.055

[Rank 0] (epoch: 693, iters: 1456, time: 0.030, data: 0.002) , D_A: 0.043, G_A: 0.944, cycle_A: 0.073, idt_A: 0.126, D_B: 0.064, G_B: 0.944, cycle_B: 0.198, idt_B: 0.065

[Rank 0] (epoch: 693, iters: 1656, time: 0.030, data: 0.003) , D_A: 0.036, G_A: 0.735, cycle_A: 0.084, idt_A: 0.128, D_B: 0.004, G_B: 0.923, cycle_B: 0.197, idt_B: 0.077

[Rank 0] (epoch: 693, iters: 1856, time: 0.155, data: 0.002) , D_A: 0.042, G_A: 0.951, cycle_A: 0.074, idt_A: 0.139, D_B: 0.002, G_B: 0.971, cycle_B: 0.219, idt_B: 0.072

learning rate 0.0000100 -> 0.0000100
saving the model at the end of epoch 693, iters 239072
End of epoch 693 / 950 	 Time Taken: 61 sec
[Rank 0] (epoch: 694, iters: 128, time: 0.139, data: 0.006) , D_A: 0.059, G_A: 0.639, cycle_A: 0.066, idt_A: 0.130, D_B: 0.002, G_B: 1.003, cycle_B: 0.199, idt_B: 0.060

[Rank 0] (epoch: 694, iters: 328, time: 0.030, data: 0.004) , D_A: 0.049, G_A: 1.412, cycle_A: 0.095, idt_A: 0.126, D_B: 0.012, G_B: 0.702, cycle_B: 0.201, idt_B: 0.082

[Rank 0] (epoch: 694, iters: 528, time: 0.027, data: 0.003) , D_A: 0.053, G_A: 0.768, cycle_A: 0.081, idt_A: 0.128, D_B: 0.003, G_B: 0.949, cycle_B: 0.197, idt_B: 0.072

[Rank 0] (epoch: 694, iters: 728, time: 0.026, data: 0.193) , D_A: 0.060, G_A: 0.694, cycle_A: 0.066, idt_A: 0.114, D_B: 0.002, G_B: 0.938, cycle_B: 0.174, idt_B: 0.059

[Rank 0] (epoch: 694, iters: 928, time: 0.145, data: 0.002) , D_A: 0.046, G_A: 0.671, cycle_A: 0.077, idt_A: 0.133, D_B: 0.002, G_B: 0.942, cycle_B: 0.198, idt_B: 0.069

saving the latest model (epoch 694, total_iters 240000)
[Rank 0] (epoch: 694, iters: 1128, time: 0.030, data: 0.002) , D_A: 0.045, G_A: 0.774, cycle_A: 0.083, idt_A: 0.123, D_B: 0.002, G_B: 0.914, cycle_B: 0.192, idt_B: 0.076

[Rank 0] (epoch: 694, iters: 1328, time: 0.030, data: 0.003) , D_A: 0.059, G_A: 0.632, cycle_A: 0.075, idt_A: 0.131, D_B: 0.043, G_B: 1.008, cycle_B: 0.194, idt_B: 0.073

[Rank 0] (epoch: 694, iters: 1528, time: 0.026, data: 0.157) , D_A: 0.058, G_A: 0.704, cycle_A: 0.081, idt_A: 0.133, D_B: 0.001, G_B: 0.978, cycle_B: 0.201, idt_B: 0.075

[Rank 0] (epoch: 694, iters: 1728, time: 0.030, data: 0.002) , D_A: 0.045, G_A: 1.081, cycle_A: 0.058, idt_A: 0.119, D_B: 0.002, G_B: 0.980, cycle_B: 0.193, idt_B: 0.056

[Rank 0] (epoch: 694, iters: 1928, time: 0.141, data: 0.013) , D_A: 0.063, G_A: 0.662, cycle_A: 0.086, idt_A: 0.153, D_B: 0.003, G_B: 0.886, cycle_B: 0.228, idt_B: 0.084

learning rate 0.0000100 -> 0.0000100
saving the model at the end of epoch 694, iters 241000
End of epoch 694 / 950 	 Time Taken: 62 sec
[Rank 0] (epoch: 695, iters: 200, time: 0.193, data: 1.478) , D_A: 0.047, G_A: 0.582, cycle_A: 0.077, idt_A: 0.122, D_B: 0.002, G_B: 0.911, cycle_B: 0.196, idt_B: 0.069

[Rank 0] (epoch: 695, iters: 400, time: 0.029, data: 0.001) , D_A: 0.047, G_A: 0.886, cycle_A: 0.078, idt_A: 0.127, D_B: 0.002, G_B: 0.985, cycle_B: 0.205, idt_B: 0.072

[Rank 0] (epoch: 695, iters: 600, time: 0.029, data: 0.006) , D_A: 0.056, G_A: 0.829, cycle_A: 0.071, idt_A: 0.130, D_B: 0.003, G_B: 0.854, cycle_B: 0.214, idt_B: 0.054

[Rank 0] (epoch: 695, iters: 800, time: 0.026, data: 0.129) , D_A: 0.038, G_A: 0.945, cycle_A: 0.088, idt_A: 0.142, D_B: 0.001, G_B: 0.976, cycle_B: 0.222, idt_B: 0.083

[Rank 0] (epoch: 695, iters: 1000, time: 0.157, data: 0.002) , D_A: 0.067, G_A: 0.799, cycle_A: 0.101, idt_A: 0.138, D_B: 0.005, G_B: 1.019, cycle_B: 0.236, idt_B: 0.091

[Rank 0] (epoch: 695, iters: 1200, time: 0.026, data: 0.005) , D_A: 0.052, G_A: 0.998, cycle_A: 0.105, idt_A: 0.131, D_B: 0.025, G_B: 0.669, cycle_B: 0.224, idt_B: 0.089

[Rank 0] (epoch: 695, iters: 1400, time: 0.030, data: 0.002) , D_A: 0.052, G_A: 1.030, cycle_A: 0.075, idt_A: 0.131, D_B: 0.048, G_B: 0.752, cycle_B: 0.227, idt_B: 0.068

[Rank 0] (epoch: 695, iters: 1600, time: 0.030, data: 0.002) , D_A: 0.048, G_A: 1.084, cycle_A: 0.069, idt_A: 0.144, D_B: 0.070, G_B: 1.022, cycle_B: 0.268, idt_B: 0.062

[Rank 0] (epoch: 695, iters: 1800, time: 0.029, data: 0.006) , D_A: 0.083, G_A: 0.713, cycle_A: 0.084, idt_A: 0.149, D_B: 0.014, G_B: 0.811, cycle_B: 0.289, idt_B: 0.077

learning rate 0.0000100 -> 0.0000100
saving the model at the end of epoch 695, iters 242928
End of epoch 695 / 950 	 Time Taken: 62 sec
[Rank 0] (epoch: 696, iters: 72, time: 0.126, data: 0.144) , D_A: 0.051, G_A: 0.852, cycle_A: 0.065, idt_A: 0.113, D_B: 0.023, G_B: 0.900, cycle_B: 0.195, idt_B: 0.056

[Rank 0] (epoch: 696, iters: 272, time: 0.029, data: 0.002) , D_A: 0.065, G_A: 0.622, cycle_A: 0.076, idt_A: 0.129, D_B: 0.004, G_B: 0.941, cycle_B: 0.225, idt_B: 0.070

[Rank 0] (epoch: 696, iters: 472, time: 0.030, data: 0.003) , D_A: 0.035, G_A: 0.915, cycle_A: 0.081, idt_A: 0.133, D_B: 0.011, G_B: 0.953, cycle_B: 0.219, idt_B: 0.074

[Rank 0] (epoch: 696, iters: 672, time: 0.030, data: 0.003) , D_A: 0.031, G_A: 0.848, cycle_A: 0.093, idt_A: 0.134, D_B: 0.006, G_B: 0.968, cycle_B: 0.207, idt_B: 0.091

[Rank 0] (epoch: 696, iters: 872, time: 0.029, data: 0.004) , D_A: 0.058, G_A: 0.687, cycle_A: 0.065, idt_A: 0.133, D_B: 0.003, G_B: 0.991, cycle_B: 0.219, idt_B: 0.059

[Rank 0] (epoch: 696, iters: 1072, time: 0.155, data: 0.039) , D_A: 0.086, G_A: 0.701, cycle_A: 0.078, idt_A: 0.138, D_B: 0.001, G_B: 1.000, cycle_B: 0.204, idt_B: 0.073

[Rank 0] (epoch: 696, iters: 1272, time: 0.030, data: 0.002) , D_A: 0.056, G_A: 0.722, cycle_A: 0.076, idt_A: 0.122, D_B: 0.003, G_B: 0.898, cycle_B: 0.194, idt_B: 0.070

[Rank 0] (epoch: 696, iters: 1472, time: 0.029, data: 0.004) , D_A: 0.053, G_A: 0.620, cycle_A: 0.091, idt_A: 0.126, D_B: 0.002, G_B: 0.964, cycle_B: 0.209, idt_B: 0.086

[Rank 0] (epoch: 696, iters: 1672, time: 0.026, data: 0.018) , D_A: 0.049, G_A: 1.309, cycle_A: 0.096, idt_A: 0.125, D_B: 0.003, G_B: 0.871, cycle_B: 0.213, idt_B: 0.094

[Rank 0] (epoch: 696, iters: 1872, time: 0.026, data: 0.091) , D_A: 0.043, G_A: 0.776, cycle_A: 0.079, idt_A: 0.127, D_B: 0.003, G_B: 0.948, cycle_B: 0.209, idt_B: 0.072

learning rate 0.0000100 -> 0.0000100
saving the model at the end of epoch 696, iters 244856
End of epoch 696 / 950 	 Time Taken: 56 sec
[Rank 0] (epoch: 697, iters: 144, time: 0.156, data: 0.002) , D_A: 0.054, G_A: 0.698, cycle_A: 0.077, idt_A: 0.130, D_B: 0.003, G_B: 0.956, cycle_B: 0.207, idt_B: 0.078

saving the latest model (epoch 697, total_iters 245000)
[Rank 0] (epoch: 697, iters: 344, time: 0.030, data: 0.003) , D_A: 0.056, G_A: 0.635, cycle_A: 0.072, idt_A: 0.127, D_B: 0.002, G_B: 0.970, cycle_B: 0.206, idt_B: 0.069

[Rank 0] (epoch: 697, iters: 544, time: 0.029, data: 0.006) , D_A: 0.033, G_A: 0.905, cycle_A: 0.099, idt_A: 0.113, D_B: 0.002, G_B: 0.949, cycle_B: 0.186, idt_B: 0.090

[Rank 0] (epoch: 697, iters: 744, time: 0.026, data: 0.121) , D_A: 0.051, G_A: 0.832, cycle_A: 0.058, idt_A: 0.134, D_B: 0.001, G_B: 0.985, cycle_B: 0.222, idt_B: 0.053

[Rank 0] (epoch: 697, iters: 944, time: 0.029, data: 0.002) , D_A: 0.041, G_A: 0.744, cycle_A: 0.084, idt_A: 0.125, D_B: 0.002, G_B: 0.994, cycle_B: 0.213, idt_B: 0.079

[Rank 0] (epoch: 697, iters: 1144, time: 0.142, data: 0.100) , D_A: 0.050, G_A: 0.840, cycle_A: 0.045, idt_A: 0.138, D_B: 0.002, G_B: 0.990, cycle_B: 0.233, idt_B: 0.042

[Rank 0] (epoch: 697, iters: 1344, time: 0.029, data: 0.002) , D_A: 0.059, G_A: 0.640, cycle_A: 0.086, idt_A: 0.117, D_B: 0.002, G_B: 0.934, cycle_B: 0.187, idt_B: 0.074

[Rank 0] (epoch: 697, iters: 1544, time: 0.026, data: 0.003) , D_A: 0.050, G_A: 0.715, cycle_A: 0.073, idt_A: 0.140, D_B: 0.002, G_B: 1.013, cycle_B: 0.230, idt_B: 0.071

[Rank 0] (epoch: 697, iters: 1744, time: 0.026, data: 0.004) , D_A: 0.039, G_A: 0.782, cycle_A: 0.085, idt_A: 0.123, D_B: 0.001, G_B: 0.989, cycle_B: 0.209, idt_B: 0.077

learning rate 0.0000100 -> 0.0000100
saving the model at the end of epoch 697, iters 246784
End of epoch 697 / 950 	 Time Taken: 58 sec
[Rank 0] (epoch: 698, iters: 16, time: 0.171, data: 0.003) , D_A: 0.049, G_A: 0.871, cycle_A: 0.082, idt_A: 0.123, D_B: 0.002, G_B: 0.976, cycle_B: 0.215, idt_B: 0.072

[Rank 0] (epoch: 698, iters: 216, time: 0.148, data: 0.002) , D_A: 0.039, G_A: 0.776, cycle_A: 0.093, idt_A: 0.140, D_B: 0.002, G_B: 0.942, cycle_B: 0.238, idt_B: 0.086

[Rank 0] (epoch: 698, iters: 416, time: 0.026, data: 0.003) , D_A: 0.050, G_A: 0.952, cycle_A: 0.061, idt_A: 0.133, D_B: 0.002, G_B: 0.924, cycle_B: 0.230, idt_B: 0.053

[Rank 0] (epoch: 698, iters: 616, time: 0.026, data: 0.006) , D_A: 0.043, G_A: 0.768, cycle_A: 0.072, idt_A: 0.125, D_B: 0.015, G_B: 0.875, cycle_B: 0.238, idt_B: 0.066

[Rank 0] (epoch: 698, iters: 816, time: 0.030, data: 0.003) , D_A: 0.053, G_A: 0.711, cycle_A: 0.058, idt_A: 0.129, D_B: 0.015, G_B: 1.106, cycle_B: 0.249, idt_B: 0.053

[Rank 0] (epoch: 698, iters: 1016, time: 0.030, data: 0.003) , D_A: 0.051, G_A: 0.992, cycle_A: 0.072, idt_A: 0.132, D_B: 0.005, G_B: 1.003, cycle_B: 0.242, idt_B: 0.065

[Rank 0] (epoch: 698, iters: 1216, time: 0.165, data: 0.004) , D_A: 0.052, G_A: 0.793, cycle_A: 0.090, idt_A: 0.138, D_B: 0.002, G_B: 0.915, cycle_B: 0.246, idt_B: 0.087

[Rank 0] (epoch: 698, iters: 1416, time: 0.029, data: 0.002) , D_A: 0.041, G_A: 0.823, cycle_A: 0.066, idt_A: 0.134, D_B: 0.006, G_B: 0.957, cycle_B: 0.242, idt_B: 0.059

[Rank 0] (epoch: 698, iters: 1616, time: 0.029, data: 0.105) , D_A: 0.054, G_A: 0.830, cycle_A: 0.064, idt_A: 0.130, D_B: 0.004, G_B: 0.866, cycle_B: 0.239, idt_B: 0.057

[Rank 0] (epoch: 698, iters: 1816, time: 0.030, data: 0.002) , D_A: 0.066, G_A: 0.589, cycle_A: 0.085, idt_A: 0.133, D_B: 0.004, G_B: 0.957, cycle_B: 0.242, idt_B: 0.077

learning rate 0.0000100 -> 0.0000100
saving the model at the end of epoch 698, iters 248712
End of epoch 698 / 950 	 Time Taken: 59 sec
[Rank 0] (epoch: 699, iters: 88, time: 0.172, data: 0.004) , D_A: 0.040, G_A: 0.828, cycle_A: 0.085, idt_A: 0.137, D_B: 0.004, G_B: 0.903, cycle_B: 0.245, idt_B: 0.079

[Rank 0] (epoch: 699, iters: 288, time: 0.174, data: 0.006) , D_A: 0.051, G_A: 0.645, cycle_A: 0.087, idt_A: 0.109, D_B: 0.004, G_B: 0.942, cycle_B: 0.203, idt_B: 0.076

[Rank 0] (epoch: 699, iters: 488, time: 0.029, data: 0.003) , D_A: 0.051, G_A: 0.773, cycle_A: 0.097, idt_A: 0.128, D_B: 0.005, G_B: 0.950, cycle_B: 0.230, idt_B: 0.091

[Rank 0] (epoch: 699, iters: 688, time: 0.029, data: 0.003) , D_A: 0.038, G_A: 1.086, cycle_A: 0.062, idt_A: 0.144, D_B: 0.004, G_B: 1.092, cycle_B: 0.263, idt_B: 0.057

[Rank 0] (epoch: 699, iters: 888, time: 0.026, data: 0.146) , D_A: 0.045, G_A: 0.757, cycle_A: 0.055, idt_A: 0.129, D_B: 0.002, G_B: 0.992, cycle_B: 0.251, idt_B: 0.050

[Rank 0] (epoch: 699, iters: 1088, time: 0.030, data: 0.002) , D_A: 0.052, G_A: 1.044, cycle_A: 0.074, idt_A: 0.117, D_B: 0.003, G_B: 1.046, cycle_B: 0.222, idt_B: 0.067

[Rank 0] (epoch: 699, iters: 1288, time: 0.145, data: 0.002) , D_A: 0.054, G_A: 0.668, cycle_A: 0.082, idt_A: 0.120, D_B: 0.005, G_B: 0.830, cycle_B: 0.236, idt_B: 0.073

saving the latest model (epoch 699, total_iters 250000)
[Rank 0] (epoch: 699, iters: 1488, time: 0.029, data: 0.002) , D_A: 0.065, G_A: 0.660, cycle_A: 0.055, idt_A: 0.125, D_B: 0.009, G_B: 0.759, cycle_B: 0.232, idt_B: 0.052

[Rank 0] (epoch: 699, iters: 1688, time: 0.030, data: 0.004) , D_A: 0.081, G_A: 0.501, cycle_A: 0.085, idt_A: 0.121, D_B: 0.004, G_B: 0.944, cycle_B: 0.222, idt_B: 0.075

[Rank 0] (epoch: 699, iters: 1888, time: 0.029, data: 0.002) , D_A: 0.038, G_A: 1.123, cycle_A: 0.086, idt_A: 0.150, D_B: 0.003, G_B: 0.976, cycle_B: 0.291, idt_B: 0.074

learning rate 0.0000100 -> 0.0000100
saving the model at the end of epoch 699, iters 250640
End of epoch 699 / 950 	 Time Taken: 59 sec
[Rank 0] (epoch: 700, iters: 160, time: 0.148, data: 0.004) , D_A: 0.046, G_A: 0.684, cycle_A: 0.071, idt_A: 0.128, D_B: 0.003, G_B: 0.939, cycle_B: 0.241, idt_B: 0.070

[Rank 0] (epoch: 700, iters: 360, time: 0.160, data: 0.006) , D_A: 0.032, G_A: 0.837, cycle_A: 0.067, idt_A: 0.117, D_B: 0.002, G_B: 0.947, cycle_B: 0.209, idt_B: 0.055

[Rank 0] (epoch: 700, iters: 560, time: 0.029, data: 0.006) , D_A: 0.102, G_A: 1.906, cycle_A: 0.064, idt_A: 0.139, D_B: 0.002, G_B: 0.963, cycle_B: 0.256, idt_B: 0.060

[Rank 0] (epoch: 700, iters: 760, time: 0.029, data: 0.003) , D_A: 0.042, G_A: 0.954, cycle_A: 0.093, idt_A: 0.127, D_B: 0.002, G_B: 0.940, cycle_B: 0.210, idt_B: 0.086

[Rank 0] (epoch: 700, iters: 960, time: 0.029, data: 0.003) , D_A: 0.050, G_A: 0.738, cycle_A: 0.089, idt_A: 0.131, D_B: 0.001, G_B: 0.988, cycle_B: 0.224, idt_B: 0.085

[Rank 0] (epoch: 700, iters: 1160, time: 0.030, data: 0.003) , D_A: 0.043, G_A: 0.777, cycle_A: 0.067, idt_A: 0.120, D_B: 0.001, G_B: 0.955, cycle_B: 0.208, idt_B: 0.061

[Rank 0] (epoch: 700, iters: 1360, time: 0.135, data: 0.003) , D_A: 0.052, G_A: 0.756, cycle_A: 0.093, idt_A: 0.130, D_B: 0.001, G_B: 0.989, cycle_B: 0.231, idt_B: 0.077

[Rank 0] (epoch: 700, iters: 1560, time: 0.026, data: 0.005) , D_A: 0.056, G_A: 0.707, cycle_A: 0.070, idt_A: 0.124, D_B: 0.002, G_B: 0.984, cycle_B: 0.213, idt_B: 0.061

[Rank 0] (epoch: 700, iters: 1760, time: 0.030, data: 0.002) , D_A: 0.032, G_A: 1.162, cycle_A: 0.082, idt_A: 0.113, D_B: 0.002, G_B: 0.938, cycle_B: 0.215, idt_B: 0.072

learning rate 0.0000100 -> 0.0000100
saving the model at the end of epoch 700, iters 252568
End of epoch 700 / 950 	 Time Taken: 59 sec
[Rank 0] (epoch: 701, iters: 32, time: 0.173, data: 0.003) , D_A: 0.051, G_A: 0.763, cycle_A: 0.097, idt_A: 0.128, D_B: 0.002, G_B: 0.946, cycle_B: 0.227, idt_B: 0.082

[Rank 0] (epoch: 701, iters: 232, time: 0.029, data: 0.005) , D_A: 0.087, G_A: 0.793, cycle_A: 0.068, idt_A: 0.113, D_B: 0.001, G_B: 0.963, cycle_B: 0.206, idt_B: 0.066

[Rank 0] (epoch: 701, iters: 432, time: 0.128, data: 0.019) , D_A: 0.044, G_A: 1.037, cycle_A: 0.075, idt_A: 0.122, D_B: 0.002, G_B: 0.956, cycle_B: 0.219, idt_B: 0.065

[Rank 0] (epoch: 701, iters: 632, time: 0.030, data: 0.002) , D_A: 0.045, G_A: 0.958, cycle_A: 0.093, idt_A: 0.137, D_B: 0.002, G_B: 0.959, cycle_B: 0.250, idt_B: 0.086

[Rank 0] (epoch: 701, iters: 832, time: 0.029, data: 0.003) , D_A: 0.049, G_A: 0.881, cycle_A: 0.086, idt_A: 0.119, D_B: 0.002, G_B: 0.968, cycle_B: 0.223, idt_B: 0.082

[Rank 0] (epoch: 701, iters: 1032, time: 0.026, data: 0.005) , D_A: 0.056, G_A: 0.884, cycle_A: 0.071, idt_A: 0.123, D_B: 0.002, G_B: 0.953, cycle_B: 0.218, idt_B: 0.070

[Rank 0] (epoch: 701, iters: 1232, time: 0.026, data: 0.003) , D_A: 0.056, G_A: 0.643, cycle_A: 0.071, idt_A: 0.130, D_B: 0.002, G_B: 0.995, cycle_B: 0.239, idt_B: 0.056

[Rank 0] (epoch: 701, iters: 1432, time: 0.131, data: 0.002) , D_A: 0.053, G_A: 0.687, cycle_A: 0.070, idt_A: 0.134, D_B: 0.002, G_B: 0.931, cycle_B: 0.240, idt_B: 0.068

[Rank 0] (epoch: 701, iters: 1632, time: 0.026, data: 0.003) , D_A: 0.032, G_A: 0.838, cycle_A: 0.084, idt_A: 0.112, D_B: 0.004, G_B: 1.067, cycle_B: 0.207, idt_B: 0.079

[Rank 0] (epoch: 701, iters: 1832, time: 0.029, data: 0.002) , D_A: 0.038, G_A: 0.965, cycle_A: 0.103, idt_A: 0.122, D_B: 0.002, G_B: 1.014, cycle_B: 0.224, idt_B: 0.093

learning rate 0.0000100 -> 0.0000100
saving the model at the end of epoch 701, iters 254496
End of epoch 701 / 950 	 Time Taken: 59 sec
[Rank 0] (epoch: 702, iters: 104, time: 0.174, data: 0.161) , D_A: 0.058, G_A: 1.094, cycle_A: 0.068, idt_A: 0.122, D_B: 0.002, G_B: 0.950, cycle_B: 0.225, idt_B: 0.062

[Rank 0] (epoch: 702, iters: 304, time: 0.030, data: 0.002) , D_A: 0.063, G_A: 0.705, cycle_A: 0.069, idt_A: 0.134, D_B: 0.002, G_B: 0.940, cycle_B: 0.245, idt_B: 0.061

[Rank 0] (epoch: 702, iters: 504, time: 0.134, data: 0.003) , D_A: 0.212, G_A: 1.337, cycle_A: 0.094, idt_A: 0.122, D_B: 0.003, G_B: 0.935, cycle_B: 0.229, idt_B: 0.085

saving the latest model (epoch 702, total_iters 255000)
[Rank 0] (epoch: 702, iters: 704, time: 0.029, data: 0.001) , D_A: 0.052, G_A: 0.686, cycle_A: 0.080, idt_A: 0.134, D_B: 0.002, G_B: 0.940, cycle_B: 0.239, idt_B: 0.072

[Rank 0] (epoch: 702, iters: 904, time: 0.030, data: 0.002) , D_A: 0.043, G_A: 0.863, cycle_A: 0.081, idt_A: 0.118, D_B: 0.006, G_B: 0.955, cycle_B: 0.234, idt_B: 0.066

[Rank 0] (epoch: 702, iters: 1104, time: 0.030, data: 0.003) , D_A: 0.042, G_A: 0.863, cycle_A: 0.096, idt_A: 0.130, D_B: 0.004, G_B: 0.960, cycle_B: 0.241, idt_B: 0.088

[Rank 0] (epoch: 702, iters: 1304, time: 0.028, data: 0.017) , D_A: 0.040, G_A: 0.856, cycle_A: 0.070, idt_A: 0.127, D_B: 0.008, G_B: 0.980, cycle_B: 0.231, idt_B: 0.066

[Rank 0] (epoch: 702, iters: 1504, time: 0.115, data: 0.175) , D_A: 0.078, G_A: 0.677, cycle_A: 0.089, idt_A: 0.114, D_B: 0.003, G_B: 0.920, cycle_B: 0.210, idt_B: 0.082

[Rank 0] (epoch: 702, iters: 1704, time: 0.030, data: 0.002) , D_A: 0.066, G_A: 0.685, cycle_A: 0.106, idt_A: 0.127, D_B: 0.009, G_B: 0.784, cycle_B: 0.218, idt_B: 0.094

[Rank 0] (epoch: 702, iters: 1904, time: 0.030, data: 0.002) , D_A: 0.063, G_A: 0.866, cycle_A: 0.083, idt_A: 0.118, D_B: 0.003, G_B: 0.922, cycle_B: 0.212, idt_B: 0.076

learning rate 0.0000100 -> 0.0000100
saving the model at the end of epoch 702, iters 256424
End of epoch 702 / 950 	 Time Taken: 59 sec
[Rank 0] (epoch: 703, iters: 176, time: 0.183, data: 0.103) , D_A: 0.071, G_A: 0.657, cycle_A: 0.088, idt_A: 0.127, D_B: 0.006, G_B: 0.984, cycle_B: 0.247, idt_B: 0.078

[Rank 0] (epoch: 703, iters: 376, time: 0.026, data: 0.005) , D_A: 0.056, G_A: 0.689, cycle_A: 0.057, idt_A: 0.122, D_B: 0.003, G_B: 0.935, cycle_B: 0.214, idt_B: 0.055

[Rank 0] (epoch: 703, iters: 576, time: 0.174, data: 0.003) , D_A: 0.054, G_A: 0.711, cycle_A: 0.069, idt_A: 0.140, D_B: 0.012, G_B: 1.003, cycle_B: 0.251, idt_B: 0.064

[Rank 0] (epoch: 703, iters: 776, time: 0.030, data: 0.002) , D_A: 0.050, G_A: 0.714, cycle_A: 0.084, idt_A: 0.125, D_B: 0.005, G_B: 0.862, cycle_B: 0.259, idt_B: 0.075

[Rank 0] (epoch: 703, iters: 976, time: 0.026, data: 0.118) , D_A: 0.060, G_A: 0.949, cycle_A: 0.065, idt_A: 0.127, D_B: 0.005, G_B: 0.914, cycle_B: 0.238, idt_B: 0.056

[Rank 0] (epoch: 703, iters: 1176, time: 0.030, data: 0.003) , D_A: 0.057, G_A: 0.870, cycle_A: 0.055, idt_A: 0.130, D_B: 0.024, G_B: 0.842, cycle_B: 0.228, idt_B: 0.053

[Rank 0] (epoch: 703, iters: 1376, time: 0.026, data: 0.003) , D_A: 0.050, G_A: 0.724, cycle_A: 0.096, idt_A: 0.132, D_B: 0.009, G_B: 0.874, cycle_B: 0.247, idt_B: 0.084

[Rank 0] (epoch: 703, iters: 1576, time: 0.173, data: 0.002) , D_A: 0.034, G_A: 0.680, cycle_A: 0.086, idt_A: 0.114, D_B: 0.006, G_B: 0.819, cycle_B: 0.214, idt_B: 0.081

[Rank 0] (epoch: 703, iters: 1776, time: 0.029, data: 0.004) , D_A: 0.053, G_A: 0.846, cycle_A: 0.066, idt_A: 0.110, D_B: 0.008, G_B: 0.836, cycle_B: 0.198, idt_B: 0.058

learning rate 0.0000100 -> 0.0000100
saving the model at the end of epoch 703, iters 258352
End of epoch 703 / 950 	 Time Taken: 61 sec
[Rank 0] (epoch: 704, iters: 48, time: 0.181, data: 0.005) , D_A: 0.032, G_A: 0.958, cycle_A: 0.080, idt_A: 0.129, D_B: 0.004, G_B: 0.919, cycle_B: 0.227, idt_B: 0.071

[Rank 0] (epoch: 704, iters: 248, time: 0.029, data: 0.002) , D_A: 0.063, G_A: 0.762, cycle_A: 0.075, idt_A: 0.131, D_B: 0.003, G_B: 0.937, cycle_B: 0.241, idt_B: 0.074

[Rank 0] (epoch: 704, iters: 448, time: 0.029, data: 0.003) , D_A: 0.039, G_A: 0.686, cycle_A: 0.087, idt_A: 0.139, D_B: 0.003, G_B: 0.983, cycle_B: 0.246, idt_B: 0.082

[Rank 0] (epoch: 704, iters: 648, time: 0.194, data: 0.003) , D_A: 0.037, G_A: 0.728, cycle_A: 0.079, idt_A: 0.117, D_B: 0.003, G_B: 0.980, cycle_B: 0.214, idt_B: 0.073

[Rank 0] (epoch: 704, iters: 848, time: 0.026, data: 0.003) , D_A: 0.046, G_A: 1.037, cycle_A: 0.080, idt_A: 0.133, D_B: 0.011, G_B: 1.003, cycle_B: 0.248, idt_B: 0.072

[Rank 0] (epoch: 704, iters: 1048, time: 0.029, data: 0.006) , D_A: 0.048, G_A: 1.057, cycle_A: 0.082, idt_A: 0.137, D_B: 0.010, G_B: 0.748, cycle_B: 0.266, idt_B: 0.072

[Rank 0] (epoch: 704, iters: 1248, time: 0.030, data: 0.002) , D_A: 0.052, G_A: 1.243, cycle_A: 0.090, idt_A: 0.126, D_B: 0.006, G_B: 0.845, cycle_B: 0.231, idt_B: 0.086

[Rank 0] (epoch: 704, iters: 1448, time: 0.030, data: 0.003) , D_A: 0.046, G_A: 0.841, cycle_A: 0.091, idt_A: 0.117, D_B: 0.009, G_B: 0.900, cycle_B: 0.202, idt_B: 0.079

[Rank 0] (epoch: 704, iters: 1648, time: 0.157, data: 0.003) , D_A: 0.041, G_A: 0.607, cycle_A: 0.091, idt_A: 0.127, D_B: 0.002, G_B: 0.981, cycle_B: 0.209, idt_B: 0.083

saving the latest model (epoch 704, total_iters 260000)
[Rank 0] (epoch: 704, iters: 1848, time: 0.030, data: 0.004) , D_A: 0.046, G_A: 0.767, cycle_A: 0.097, idt_A: 0.134, D_B: 0.002, G_B: 0.998, cycle_B: 0.220, idt_B: 0.089

learning rate 0.0000100 -> 0.0000100
saving the model at the end of epoch 704, iters 260280
End of epoch 704 / 950 	 Time Taken: 59 sec
[Rank 0] (epoch: 705, iters: 120, time: 0.143, data: 0.003) , D_A: 0.046, G_A: 0.827, cycle_A: 0.098, idt_A: 0.151, D_B: 0.001, G_B: 0.990, cycle_B: 0.241, idt_B: 0.090

[Rank 0] (epoch: 705, iters: 320, time: 0.030, data: 0.003) , D_A: 0.078, G_A: 0.585, cycle_A: 0.068, idt_A: 0.133, D_B: 0.002, G_B: 0.990, cycle_B: 0.212, idt_B: 0.060

[Rank 0] (epoch: 705, iters: 520, time: 0.026, data: 0.205) , D_A: 0.056, G_A: 0.664, cycle_A: 0.093, idt_A: 0.117, D_B: 0.002, G_B: 0.987, cycle_B: 0.203, idt_B: 0.083

[Rank 0] (epoch: 705, iters: 720, time: 0.129, data: 0.003) , D_A: 0.038, G_A: 0.840, cycle_A: 0.093, idt_A: 0.124, D_B: 0.010, G_B: 0.611, cycle_B: 0.220, idt_B: 0.088

[Rank 0] (epoch: 705, iters: 920, time: 0.030, data: 0.004) , D_A: 0.097, G_A: 0.859, cycle_A: 0.079, idt_A: 0.141, D_B: 0.037, G_B: 0.603, cycle_B: 0.267, idt_B: 0.074

[Rank 0] (epoch: 705, iters: 1120, time: 0.030, data: 0.002) , D_A: 0.037, G_A: 1.288, cycle_A: 0.056, idt_A: 0.127, D_B: 0.018, G_B: 0.859, cycle_B: 0.217, idt_B: 0.054

[Rank 0] (epoch: 705, iters: 1320, time: 0.030, data: 0.002) , D_A: 0.050, G_A: 1.150, cycle_A: 0.077, idt_A: 0.131, D_B: 0.009, G_B: 0.855, cycle_B: 0.233, idt_B: 0.064

[Rank 0] (epoch: 705, iters: 1520, time: 0.026, data: 0.147) , D_A: 0.039, G_A: 0.808, cycle_A: 0.075, idt_A: 0.129, D_B: 0.008, G_B: 1.028, cycle_B: 0.217, idt_B: 0.069

[Rank 0] (epoch: 705, iters: 1720, time: 0.130, data: 0.002) , D_A: 0.042, G_A: 0.838, cycle_A: 0.102, idt_A: 0.120, D_B: 0.003, G_B: 0.972, cycle_B: 0.190, idt_B: 0.086

[Rank 0] (epoch: 705, iters: 1920, time: 0.029, data: 0.002) , D_A: 0.055, G_A: 0.956, cycle_A: 0.075, idt_A: 0.127, D_B: 0.004, G_B: 0.920, cycle_B: 0.212, idt_B: 0.070

learning rate 0.0000100 -> 0.0000100
saving the model at the end of epoch 705, iters 262208
End of epoch 705 / 950 	 Time Taken: 60 sec
[Rank 0] (epoch: 706, iters: 192, time: 0.181, data: 0.001) , D_A: 0.052, G_A: 0.782, cycle_A: 0.085, idt_A: 0.131, D_B: 0.005, G_B: 0.915, cycle_B: 0.235, idt_B: 0.070

[Rank 0] (epoch: 706, iters: 392, time: 0.030, data: 0.004) , D_A: 0.045, G_A: 0.755, cycle_A: 0.102, idt_A: 0.118, D_B: 0.005, G_B: 0.942, cycle_B: 0.210, idt_B: 0.078

[Rank 0] (epoch: 706, iters: 592, time: 0.029, data: 0.003) , D_A: 0.067, G_A: 0.856, cycle_A: 0.068, idt_A: 0.144, D_B: 0.038, G_B: 0.990, cycle_B: 0.254, idt_B: 0.056

[Rank 0] (epoch: 706, iters: 792, time: 0.156, data: 0.002) , D_A: 0.068, G_A: 0.626, cycle_A: 0.087, idt_A: 0.117, D_B: 0.003, G_B: 0.982, cycle_B: 0.206, idt_B: 0.082

[Rank 0] (epoch: 706, iters: 992, time: 0.028, data: 0.004) , D_A: 0.045, G_A: 0.826, cycle_A: 0.079, idt_A: 0.116, D_B: 0.035, G_B: 0.868, cycle_B: 0.191, idt_B: 0.073

[Rank 0] (epoch: 706, iters: 1192, time: 0.030, data: 0.002) , D_A: 0.049, G_A: 1.301, cycle_A: 0.070, idt_A: 0.123, D_B: 0.030, G_B: 0.863, cycle_B: 0.204, idt_B: 0.067

[Rank 0] (epoch: 706, iters: 1392, time: 0.026, data: 0.003) , D_A: 0.043, G_A: 0.781, cycle_A: 0.076, idt_A: 0.120, D_B: 0.002, G_B: 0.981, cycle_B: 0.195, idt_B: 0.063

[Rank 0] (epoch: 706, iters: 1592, time: 0.030, data: 0.001) , D_A: 0.062, G_A: 0.623, cycle_A: 0.070, idt_A: 0.126, D_B: 0.006, G_B: 0.969, cycle_B: 0.202, idt_B: 0.063

[Rank 0] (epoch: 706, iters: 1792, time: 0.150, data: 0.062) , D_A: 0.046, G_A: 1.572, cycle_A: 0.073, idt_A: 0.122, D_B: 0.003, G_B: 0.914, cycle_B: 0.196, idt_B: 0.063

learning rate 0.0000100 -> 0.0000100
saving the model at the end of epoch 706, iters 264136
End of epoch 706 / 950 	 Time Taken: 60 sec
[Rank 0] (epoch: 707, iters: 64, time: 0.139, data: 0.003) , D_A: 0.044, G_A: 0.818, cycle_A: 0.114, idt_A: 0.116, D_B: 0.002, G_B: 0.965, cycle_B: 0.189, idt_B: 0.096

[Rank 0] (epoch: 707, iters: 264, time: 0.026, data: 0.005) , D_A: 0.060, G_A: 0.717, cycle_A: 0.069, idt_A: 0.127, D_B: 0.002, G_B: 0.948, cycle_B: 0.196, idt_B: 0.063

[Rank 0] (epoch: 707, iters: 464, time: 0.030, data: 0.002) , D_A: 0.052, G_A: 0.862, cycle_A: 0.086, idt_A: 0.129, D_B: 0.001, G_B: 1.004, cycle_B: 0.202, idt_B: 0.075

[Rank 0] (epoch: 707, iters: 664, time: 0.030, data: 0.002) , D_A: 0.079, G_A: 1.766, cycle_A: 0.073, idt_A: 0.136, D_B: 0.025, G_B: 0.966, cycle_B: 0.210, idt_B: 0.067

[Rank 0] (epoch: 707, iters: 864, time: 0.149, data: 0.002) , D_A: 0.031, G_A: 1.046, cycle_A: 0.078, idt_A: 0.117, D_B: 0.002, G_B: 0.996, cycle_B: 0.179, idt_B: 0.071

saving the latest model (epoch 707, total_iters 265000)
[Rank 0] (epoch: 707, iters: 1064, time: 0.029, data: 0.005) , D_A: 0.045, G_A: 0.785, cycle_A: 0.073, idt_A: 0.130, D_B: 0.047, G_B: 0.937, cycle_B: 0.207, idt_B: 0.067

[Rank 0] (epoch: 707, iters: 1264, time: 0.029, data: 0.005) , D_A: 0.044, G_A: 0.913, cycle_A: 0.106, idt_A: 0.138, D_B: 0.002, G_B: 0.952, cycle_B: 0.214, idt_B: 0.097

[Rank 0] (epoch: 707, iters: 1464, time: 0.029, data: 0.083) , D_A: 0.062, G_A: 0.842, cycle_A: 0.058, idt_A: 0.145, D_B: 0.001, G_B: 0.990, cycle_B: 0.224, idt_B: 0.053

[Rank 0] (epoch: 707, iters: 1664, time: 0.030, data: 0.006) , D_A: 0.051, G_A: 0.922, cycle_A: 0.087, idt_A: 0.142, D_B: 0.002, G_B: 1.005, cycle_B: 0.215, idt_B: 0.075

[Rank 0] (epoch: 707, iters: 1864, time: 0.151, data: 0.002) , D_A: 0.052, G_A: 0.703, cycle_A: 0.054, idt_A: 0.137, D_B: 0.002, G_B: 0.943, cycle_B: 0.209, idt_B: 0.051

learning rate 0.0000100 -> 0.0000100
saving the model at the end of epoch 707, iters 266064
End of epoch 707 / 950 	 Time Taken: 59 sec
[Rank 0] (epoch: 708, iters: 136, time: 0.112, data: 0.003) , D_A: 0.052, G_A: 0.833, cycle_A: 0.075, idt_A: 0.139, D_B: 0.004, G_B: 0.963, cycle_B: 0.229, idt_B: 0.067

[Rank 0] (epoch: 708, iters: 336, time: 0.030, data: 0.002) , D_A: 0.034, G_A: 0.852, cycle_A: 0.106, idt_A: 0.133, D_B: 0.002, G_B: 0.997, cycle_B: 0.215, idt_B: 0.097

[Rank 0] (epoch: 708, iters: 536, time: 0.029, data: 0.003) , D_A: 0.046, G_A: 1.387, cycle_A: 0.078, idt_A: 0.138, D_B: 0.001, G_B: 0.986, cycle_B: 0.220, idt_B: 0.073

[Rank 0] (epoch: 708, iters: 736, time: 0.029, data: 0.003) , D_A: 0.043, G_A: 0.806, cycle_A: 0.069, idt_A: 0.122, D_B: 0.001, G_B: 0.976, cycle_B: 0.188, idt_B: 0.062

[Rank 0] (epoch: 708, iters: 936, time: 0.130, data: 0.156) , D_A: 0.073, G_A: 0.649, cycle_A: 0.053, idt_A: 0.116, D_B: 0.001, G_B: 0.981, cycle_B: 0.169, idt_B: 0.048

[Rank 0] (epoch: 708, iters: 1136, time: 0.030, data: 0.003) , D_A: 0.046, G_A: 0.898, cycle_A: 0.085, idt_A: 0.143, D_B: 0.002, G_B: 0.936, cycle_B: 0.211, idt_B: 0.079

[Rank 0] (epoch: 708, iters: 1336, time: 0.030, data: 0.003) , D_A: 0.056, G_A: 0.609, cycle_A: 0.072, idt_A: 0.126, D_B: 0.002, G_B: 0.962, cycle_B: 0.202, idt_B: 0.065

[Rank 0] (epoch: 708, iters: 1536, time: 0.030, data: 0.002) , D_A: 0.036, G_A: 0.961, cycle_A: 0.091, idt_A: 0.125, D_B: 0.006, G_B: 0.894, cycle_B: 0.209, idt_B: 0.083

[Rank 0] (epoch: 708, iters: 1736, time: 0.026, data: 0.101) , D_A: 0.063, G_A: 1.712, cycle_A: 0.055, idt_A: 0.133, D_B: 0.054, G_B: 0.821, cycle_B: 0.238, idt_B: 0.043

learning rate 0.0000100 -> 0.0000100
saving the model at the end of epoch 708, iters 267992
End of epoch 708 / 950 	 Time Taken: 59 sec
[Rank 0] (epoch: 709, iters: 8, time: 0.135, data: 0.003) , D_A: 0.061, G_A: 0.548, cycle_A: 0.093, idt_A: 0.152, D_B: 0.015, G_B: 0.895, cycle_B: 0.271, idt_B: 0.085

[Rank 0] (epoch: 709, iters: 208, time: 0.029, data: 0.002) , D_A: 0.057, G_A: 0.590, cycle_A: 0.096, idt_A: 0.129, D_B: 0.028, G_B: 0.841, cycle_B: 0.233, idt_B: 0.083

[Rank 0] (epoch: 709, iters: 408, time: 0.030, data: 0.002) , D_A: 0.052, G_A: 0.792, cycle_A: 0.074, idt_A: 0.129, D_B: 0.012, G_B: 0.798, cycle_B: 0.238, idt_B: 0.068

[Rank 0] (epoch: 709, iters: 608, time: 0.026, data: 0.038) , D_A: 0.061, G_A: 0.621, cycle_A: 0.092, idt_A: 0.134, D_B: 0.012, G_B: 0.917, cycle_B: 0.228, idt_B: 0.085

[Rank 0] (epoch: 709, iters: 808, time: 0.029, data: 0.003) , D_A: 0.049, G_A: 0.700, cycle_A: 0.087, idt_A: 0.150, D_B: 0.005, G_B: 0.878, cycle_B: 0.253, idt_B: 0.076

[Rank 0] (epoch: 709, iters: 1008, time: 0.134, data: 0.002) , D_A: 0.051, G_A: 0.980, cycle_A: 0.074, idt_A: 0.131, D_B: 0.004, G_B: 0.898, cycle_B: 0.242, idt_B: 0.066

[Rank 0] (epoch: 709, iters: 1208, time: 0.029, data: 0.003) , D_A: 0.038, G_A: 0.732, cycle_A: 0.090, idt_A: 0.122, D_B: 0.004, G_B: 0.936, cycle_B: 0.203, idt_B: 0.084

[Rank 0] (epoch: 709, iters: 1408, time: 0.026, data: 0.176) , D_A: 0.032, G_A: 0.879, cycle_A: 0.082, idt_A: 0.140, D_B: 0.004, G_B: 0.922, cycle_B: 0.237, idt_B: 0.071

[Rank 0] (epoch: 709, iters: 1608, time: 0.030, data: 0.002) , D_A: 0.036, G_A: 0.844, cycle_A: 0.067, idt_A: 0.134, D_B: 0.004, G_B: 0.917, cycle_B: 0.222, idt_B: 0.053

[Rank 0] (epoch: 709, iters: 1808, time: 0.029, data: 0.003) , D_A: 0.070, G_A: 0.631, cycle_A: 0.076, idt_A: 0.116, D_B: 0.003, G_B: 0.973, cycle_B: 0.193, idt_B: 0.067

learning rate 0.0000100 -> 0.0000100
saving the model at the end of epoch 709, iters 269920
End of epoch 709 / 950 	 Time Taken: 58 sec
[Rank 0] (epoch: 710, iters: 80, time: 0.153, data: 0.002) , D_A: 0.038, G_A: 0.796, cycle_A: 0.090, idt_A: 0.125, D_B: 0.002, G_B: 0.961, cycle_B: 0.203, idt_B: 0.083

saving the latest model (epoch 710, total_iters 270000)
[Rank 0] (epoch: 710, iters: 280, time: 0.029, data: 0.001) , D_A: 0.047, G_A: 0.774, cycle_A: 0.106, idt_A: 0.126, D_B: 0.002, G_B: 1.046, cycle_B: 0.210, idt_B: 0.101

[Rank 0] (epoch: 710, iters: 480, time: 0.030, data: 0.003) , D_A: 0.092, G_A: 0.668, cycle_A: 0.080, idt_A: 0.122, D_B: 0.002, G_B: 0.993, cycle_B: 0.196, idt_B: 0.077

[Rank 0] (epoch: 710, iters: 680, time: 0.026, data: 0.204) , D_A: 0.051, G_A: 0.893, cycle_A: 0.088, idt_A: 0.112, D_B: 0.002, G_B: 0.989, cycle_B: 0.182, idt_B: 0.088

[Rank 0] (epoch: 710, iters: 880, time: 0.029, data: 0.003) , D_A: 0.048, G_A: 0.920, cycle_A: 0.085, idt_A: 0.124, D_B: 0.002, G_B: 0.988, cycle_B: 0.196, idt_B: 0.077

[Rank 0] (epoch: 710, iters: 1080, time: 0.138, data: 0.004) , D_A: 0.059, G_A: 0.550, cycle_A: 0.085, idt_A: 0.126, D_B: 0.003, G_B: 0.982, cycle_B: 0.214, idt_B: 0.078

[Rank 0] (epoch: 710, iters: 1280, time: 0.029, data: 0.002) , D_A: 0.052, G_A: 0.980, cycle_A: 0.080, idt_A: 0.137, D_B: 0.002, G_B: 0.999, cycle_B: 0.232, idt_B: 0.071

[Rank 0] (epoch: 710, iters: 1480, time: 0.026, data: 0.195) , D_A: 0.072, G_A: 1.525, cycle_A: 0.103, idt_A: 0.127, D_B: 0.005, G_B: 0.846, cycle_B: 0.217, idt_B: 0.090

[Rank 0] (epoch: 710, iters: 1680, time: 0.029, data: 0.002) , D_A: 0.036, G_A: 0.713, cycle_A: 0.098, idt_A: 0.134, D_B: 0.004, G_B: 0.926, cycle_B: 0.225, idt_B: 0.083

[Rank 0] (epoch: 710, iters: 1880, time: 0.029, data: 0.003) , D_A: 0.042, G_A: 0.896, cycle_A: 0.067, idt_A: 0.149, D_B: 0.020, G_B: 0.947, cycle_B: 0.257, idt_B: 0.062

learning rate 0.0000100 -> 0.0000100
saving the model at the end of epoch 710, iters 271848
End of epoch 710 / 950 	 Time Taken: 61 sec
[Rank 0] (epoch: 711, iters: 152, time: 0.137, data: 0.002) , D_A: 0.060, G_A: 0.760, cycle_A: 0.088, idt_A: 0.125, D_B: 0.002, G_B: 0.984, cycle_B: 0.217, idt_B: 0.074

[Rank 0] (epoch: 711, iters: 352, time: 0.029, data: 0.003) , D_A: 0.043, G_A: 0.808, cycle_A: 0.079, idt_A: 0.128, D_B: 0.006, G_B: 0.848, cycle_B: 0.214, idt_B: 0.075

[Rank 0] (epoch: 711, iters: 552, time: 0.029, data: 0.058) , D_A: 0.051, G_A: 0.723, cycle_A: 0.067, idt_A: 0.139, D_B: 0.007, G_B: 0.810, cycle_B: 0.238, idt_B: 0.061

[Rank 0] (epoch: 711, iters: 752, time: 0.030, data: 0.002) , D_A: 0.044, G_A: 0.671, cycle_A: 0.080, idt_A: 0.129, D_B: 0.016, G_B: 0.939, cycle_B: 0.227, idt_B: 0.069

[Rank 0] (epoch: 711, iters: 952, time: 0.026, data: 0.004) , D_A: 0.057, G_A: 0.967, cycle_A: 0.083, idt_A: 0.135, D_B: 0.003, G_B: 0.974, cycle_B: 0.229, idt_B: 0.079

[Rank 0] (epoch: 711, iters: 1152, time: 0.139, data: 0.162) , D_A: 0.045, G_A: 1.021, cycle_A: 0.065, idt_A: 0.137, D_B: 0.035, G_B: 0.946, cycle_B: 0.243, idt_B: 0.057

[Rank 0] (epoch: 711, iters: 1352, time: 0.029, data: 0.002) , D_A: 0.047, G_A: 0.753, cycle_A: 0.054, idt_A: 0.131, D_B: 0.032, G_B: 1.045, cycle_B: 0.260, idt_B: 0.051

[Rank 0] (epoch: 711, iters: 1552, time: 0.029, data: 0.002) , D_A: 0.060, G_A: 1.040, cycle_A: 0.083, idt_A: 0.125, D_B: 0.004, G_B: 0.946, cycle_B: 0.227, idt_B: 0.077

[Rank 0] (epoch: 711, iters: 1752, time: 0.026, data: 0.217) , D_A: 0.052, G_A: 0.720, cycle_A: 0.082, idt_A: 0.131, D_B: 0.021, G_B: 0.705, cycle_B: 0.240, idt_B: 0.069

learning rate 0.0000100 -> 0.0000100
saving the model at the end of epoch 711, iters 273776
End of epoch 711 / 950 	 Time Taken: 60 sec
[Rank 0] (epoch: 712, iters: 24, time: 0.154, data: 0.002) , D_A: 0.040, G_A: 1.124, cycle_A: 0.084, idt_A: 0.129, D_B: 0.008, G_B: 0.906, cycle_B: 0.221, idt_B: 0.072

[Rank 0] (epoch: 712, iters: 224, time: 0.131, data: 0.003) , D_A: 0.102, G_A: 1.862, cycle_A: 0.070, idt_A: 0.123, D_B: 0.006, G_B: 0.956, cycle_B: 0.216, idt_B: 0.064

[Rank 0] (epoch: 712, iters: 424, time: 0.026, data: 0.004) , D_A: 0.045, G_A: 0.789, cycle_A: 0.098, idt_A: 0.135, D_B: 0.007, G_B: 0.806, cycle_B: 0.227, idt_B: 0.089

[Rank 0] (epoch: 712, iters: 624, time: 0.029, data: 0.002) , D_A: 0.054, G_A: 0.739, cycle_A: 0.075, idt_A: 0.115, D_B: 0.002, G_B: 0.969, cycle_B: 0.200, idt_B: 0.063

[Rank 0] (epoch: 712, iters: 824, time: 0.026, data: 0.003) , D_A: 0.044, G_A: 1.008, cycle_A: 0.082, idt_A: 0.134, D_B: 0.017, G_B: 1.023, cycle_B: 0.221, idt_B: 0.078

[Rank 0] (epoch: 712, iters: 1024, time: 0.026, data: 0.032) , D_A: 0.054, G_A: 1.266, cycle_A: 0.085, idt_A: 0.130, D_B: 0.016, G_B: 0.693, cycle_B: 0.231, idt_B: 0.081

[Rank 0] (epoch: 712, iters: 1224, time: 0.121, data: 0.106) , D_A: 0.047, G_A: 0.721, cycle_A: 0.083, idt_A: 0.145, D_B: 0.003, G_B: 0.949, cycle_B: 0.259, idt_B: 0.076

saving the latest model (epoch 712, total_iters 275000)
[Rank 0] (epoch: 712, iters: 1424, time: 0.030, data: 0.003) , D_A: 0.043, G_A: 0.852, cycle_A: 0.067, idt_A: 0.128, D_B: 0.022, G_B: 0.910, cycle_B: 0.227, idt_B: 0.064

[Rank 0] (epoch: 712, iters: 1624, time: 0.030, data: 0.003) , D_A: 0.052, G_A: 0.867, cycle_A: 0.095, idt_A: 0.132, D_B: 0.013, G_B: 0.759, cycle_B: 0.242, idt_B: 0.078

[Rank 0] (epoch: 712, iters: 1824, time: 0.026, data: 0.062) , D_A: 0.059, G_A: 1.079, cycle_A: 0.091, idt_A: 0.126, D_B: 0.030, G_B: 1.061, cycle_B: 0.214, idt_B: 0.088

learning rate 0.0000100 -> 0.0000100
saving the model at the end of epoch 712, iters 275704
End of epoch 712 / 950 	 Time Taken: 60 sec
[Rank 0] (epoch: 713, iters: 96, time: 0.167, data: 0.094) , D_A: 0.048, G_A: 0.619, cycle_A: 0.078, idt_A: 0.133, D_B: 0.006, G_B: 0.951, cycle_B: 0.237, idt_B: 0.068

[Rank 0] (epoch: 713, iters: 296, time: 0.168, data: 0.005) , D_A: 0.044, G_A: 0.705, cycle_A: 0.057, idt_A: 0.137, D_B: 0.007, G_B: 0.961, cycle_B: 0.237, idt_B: 0.054

[Rank 0] (epoch: 713, iters: 496, time: 0.030, data: 0.002) , D_A: 0.088, G_A: 1.028, cycle_A: 0.071, idt_A: 0.118, D_B: 0.017, G_B: 0.919, cycle_B: 0.203, idt_B: 0.065

[Rank 0] (epoch: 713, iters: 696, time: 0.030, data: 0.003) , D_A: 0.058, G_A: 0.736, cycle_A: 0.101, idt_A: 0.116, D_B: 0.003, G_B: 0.917, cycle_B: 0.193, idt_B: 0.094

[Rank 0] (epoch: 713, iters: 896, time: 0.029, data: 0.150) , D_A: 0.043, G_A: 0.751, cycle_A: 0.074, idt_A: 0.110, D_B: 0.010, G_B: 0.825, cycle_B: 0.199, idt_B: 0.058

[Rank 0] (epoch: 713, iters: 1096, time: 0.029, data: 0.002) , D_A: 0.032, G_A: 1.092, cycle_A: 0.073, idt_A: 0.115, D_B: 0.006, G_B: 0.871, cycle_B: 0.206, idt_B: 0.064

[Rank 0] (epoch: 713, iters: 1296, time: 0.138, data: 0.002) , D_A: 0.095, G_A: 0.938, cycle_A: 0.062, idt_A: 0.129, D_B: 0.004, G_B: 0.899, cycle_B: 0.237, idt_B: 0.055

[Rank 0] (epoch: 713, iters: 1496, time: 0.029, data: 0.004) , D_A: 0.047, G_A: 0.678, cycle_A: 0.075, idt_A: 0.129, D_B: 0.003, G_B: 1.045, cycle_B: 0.233, idt_B: 0.068

[Rank 0] (epoch: 713, iters: 1696, time: 0.030, data: 0.002) , D_A: 0.047, G_A: 1.009, cycle_A: 0.067, idt_A: 0.134, D_B: 0.010, G_B: 0.790, cycle_B: 0.240, idt_B: 0.062

[Rank 0] (epoch: 713, iters: 1896, time: 0.029, data: 0.003) , D_A: 0.045, G_A: 0.975, cycle_A: 0.107, idt_A: 0.126, D_B: 0.007, G_B: 0.936, cycle_B: 0.224, idt_B: 0.103

learning rate 0.0000100 -> 0.0000100
saving the model at the end of epoch 713, iters 277632
End of epoch 713 / 950 	 Time Taken: 59 sec
[Rank 0] (epoch: 714, iters: 168, time: 0.162, data: 0.001) , D_A: 0.076, G_A: 1.389, cycle_A: 0.067, idt_A: 0.120, D_B: 0.003, G_B: 0.925, cycle_B: 0.214, idt_B: 0.060

[Rank 0] (epoch: 714, iters: 368, time: 0.147, data: 0.001) , D_A: 0.064, G_A: 0.821, cycle_A: 0.057, idt_A: 0.134, D_B: 0.014, G_B: 0.987, cycle_B: 0.235, idt_B: 0.051

[Rank 0] (epoch: 714, iters: 568, time: 0.030, data: 0.002) , D_A: 0.069, G_A: 1.104, cycle_A: 0.095, idt_A: 0.132, D_B: 0.003, G_B: 1.022, cycle_B: 0.239, idt_B: 0.084

[Rank 0] (epoch: 714, iters: 768, time: 0.030, data: 0.002) , D_A: 0.059, G_A: 0.672, cycle_A: 0.061, idt_A: 0.117, D_B: 0.006, G_B: 1.119, cycle_B: 0.209, idt_B: 0.053

[Rank 0] (epoch: 714, iters: 968, time: 0.030, data: 0.024) , D_A: 0.037, G_A: 1.001, cycle_A: 0.072, idt_A: 0.131, D_B: 0.003, G_B: 0.939, cycle_B: 0.238, idt_B: 0.067

[Rank 0] (epoch: 714, iters: 1168, time: 0.028, data: 0.003) , D_A: 0.039, G_A: 0.799, cycle_A: 0.081, idt_A: 0.136, D_B: 0.022, G_B: 0.916, cycle_B: 0.252, idt_B: 0.072

[Rank 0] (epoch: 714, iters: 1368, time: 0.155, data: 0.106) , D_A: 0.050, G_A: 0.872, cycle_A: 0.084, idt_A: 0.122, D_B: 0.004, G_B: 0.896, cycle_B: 0.215, idt_B: 0.071

[Rank 0] (epoch: 714, iters: 1568, time: 0.029, data: 0.002) , D_A: 0.033, G_A: 0.802, cycle_A: 0.086, idt_A: 0.135, D_B: 0.003, G_B: 1.057, cycle_B: 0.237, idt_B: 0.077

[Rank 0] (epoch: 714, iters: 1768, time: 0.026, data: 0.193) , D_A: 0.045, G_A: 0.956, cycle_A: 0.060, idt_A: 0.129, D_B: 0.018, G_B: 0.941, cycle_B: 0.230, idt_B: 0.059

learning rate 0.0000100 -> 0.0000100
saving the model at the end of epoch 714, iters 279560
End of epoch 714 / 950 	 Time Taken: 61 sec
[Rank 0] (epoch: 715, iters: 40, time: 0.167, data: 0.008) , D_A: 0.045, G_A: 0.795, cycle_A: 0.064, idt_A: 0.126, D_B: 0.003, G_B: 0.955, cycle_B: 0.225, idt_B: 0.059

[Rank 0] (epoch: 715, iters: 240, time: 0.028, data: 0.003) , D_A: 0.041, G_A: 1.073, cycle_A: 0.099, idt_A: 0.120, D_B: 0.008, G_B: 0.925, cycle_B: 0.224, idt_B: 0.092

[Rank 0] (epoch: 715, iters: 440, time: 0.181, data: 0.002) , D_A: 0.038, G_A: 0.798, cycle_A: 0.079, idt_A: 0.118, D_B: 0.024, G_B: 0.963, cycle_B: 0.204, idt_B: 0.067

saving the latest model (epoch 715, total_iters 280000)
[Rank 0] (epoch: 715, iters: 640, time: 0.030, data: 0.002) , D_A: 0.049, G_A: 1.050, cycle_A: 0.074, idt_A: 0.120, D_B: 0.004, G_B: 0.964, cycle_B: 0.204, idt_B: 0.071

[Rank 0] (epoch: 715, iters: 840, time: 0.030, data: 0.003) , D_A: 0.056, G_A: 0.600, cycle_A: 0.071, idt_A: 0.136, D_B: 0.007, G_B: 0.895, cycle_B: 0.230, idt_B: 0.068

[Rank 0] (epoch: 715, iters: 1040, time: 0.029, data: 0.003) , D_A: 0.042, G_A: 0.786, cycle_A: 0.071, idt_A: 0.133, D_B: 0.004, G_B: 0.966, cycle_B: 0.222, idt_B: 0.071

[Rank 0] (epoch: 715, iters: 1240, time: 0.026, data: 0.087) , D_A: 0.047, G_A: 0.905, cycle_A: 0.072, idt_A: 0.128, D_B: 0.014, G_B: 0.704, cycle_B: 0.224, idt_B: 0.069

[Rank 0] (epoch: 715, iters: 1440, time: 0.139, data: 0.002) , D_A: 0.063, G_A: 0.762, cycle_A: 0.074, idt_A: 0.128, D_B: 0.019, G_B: 1.003, cycle_B: 0.224, idt_B: 0.070

[Rank 0] (epoch: 715, iters: 1640, time: 0.029, data: 0.002) , D_A: 0.110, G_A: 0.496, cycle_A: 0.084, idt_A: 0.128, D_B: 0.008, G_B: 0.935, cycle_B: 0.222, idt_B: 0.075

[Rank 0] (epoch: 715, iters: 1840, time: 0.029, data: 0.003) , D_A: 0.034, G_A: 0.773, cycle_A: 0.094, idt_A: 0.128, D_B: 0.002, G_B: 0.966, cycle_B: 0.214, idt_B: 0.087

learning rate 0.0000100 -> 0.0000100
saving the model at the end of epoch 715, iters 281488
End of epoch 715 / 950 	 Time Taken: 60 sec
[Rank 0] (epoch: 716, iters: 112, time: 0.142, data: 0.002) , D_A: 0.035, G_A: 0.587, cycle_A: 0.082, idt_A: 0.117, D_B: 0.005, G_B: 1.175, cycle_B: 0.210, idt_B: 0.077

[Rank 0] (epoch: 716, iters: 312, time: 0.030, data: 0.003) , D_A: 0.064, G_A: 0.561, cycle_A: 0.078, idt_A: 0.146, D_B: 0.008, G_B: 1.011, cycle_B: 0.264, idt_B: 0.078

[Rank 0] (epoch: 716, iters: 512, time: 0.142, data: 0.002) , D_A: 0.049, G_A: 0.634, cycle_A: 0.103, idt_A: 0.124, D_B: 0.003, G_B: 1.014, cycle_B: 0.221, idt_B: 0.100

[Rank 0] (epoch: 716, iters: 712, time: 0.029, data: 0.005) , D_A: 0.044, G_A: 0.716, cycle_A: 0.080, idt_A: 0.115, D_B: 0.006, G_B: 0.886, cycle_B: 0.196, idt_B: 0.067

[Rank 0] (epoch: 716, iters: 912, time: 0.029, data: 0.004) , D_A: 0.067, G_A: 0.750, cycle_A: 0.083, idt_A: 0.133, D_B: 0.024, G_B: 0.873, cycle_B: 0.218, idt_B: 0.077

[Rank 0] (epoch: 716, iters: 1112, time: 0.030, data: 0.003) , D_A: 0.061, G_A: 0.718, cycle_A: 0.093, idt_A: 0.118, D_B: 0.001, G_B: 0.980, cycle_B: 0.192, idt_B: 0.084

[Rank 0] (epoch: 716, iters: 1312, time: 0.030, data: 0.004) , D_A: 0.049, G_A: 0.869, cycle_A: 0.087, idt_A: 0.132, D_B: 0.002, G_B: 0.979, cycle_B: 0.213, idt_B: 0.082

[Rank 0] (epoch: 716, iters: 1512, time: 0.143, data: 0.001) , D_A: 0.042, G_A: 0.815, cycle_A: 0.065, idt_A: 0.139, D_B: 0.002, G_B: 0.968, cycle_B: 0.220, idt_B: 0.061

[Rank 0] (epoch: 716, iters: 1712, time: 0.029, data: 0.005) , D_A: 0.043, G_A: 0.808, cycle_A: 0.107, idt_A: 0.127, D_B: 0.002, G_B: 0.969, cycle_B: 0.210, idt_B: 0.099

[Rank 0] (epoch: 716, iters: 1912, time: 0.030, data: 0.003) , D_A: 0.098, G_A: 1.036, cycle_A: 0.070, idt_A: 0.134, D_B: 0.004, G_B: 0.908, cycle_B: 0.228, idt_B: 0.070

learning rate 0.0000100 -> 0.0000100
saving the model at the end of epoch 716, iters 283416
End of epoch 716 / 950 	 Time Taken: 59 sec
[Rank 0] (epoch: 717, iters: 184, time: 0.161, data: 0.003) , D_A: 0.049, G_A: 0.791, cycle_A: 0.064, idt_A: 0.138, D_B: 0.033, G_B: 0.977, cycle_B: 0.242, idt_B: 0.055

[Rank 0] (epoch: 717, iters: 384, time: 0.029, data: 0.001) , D_A: 0.047, G_A: 1.109, cycle_A: 0.076, idt_A: 0.153, D_B: 0.023, G_B: 0.935, cycle_B: 0.248, idt_B: 0.068

[Rank 0] (epoch: 717, iters: 584, time: 0.154, data: 0.003) , D_A: 0.064, G_A: 0.931, cycle_A: 0.082, idt_A: 0.121, D_B: 0.021, G_B: 0.976, cycle_B: 0.202, idt_B: 0.071

[Rank 0] (epoch: 717, iters: 784, time: 0.029, data: 0.002) , D_A: 0.045, G_A: 0.633, cycle_A: 0.102, idt_A: 0.119, D_B: 0.003, G_B: 0.934, cycle_B: 0.196, idt_B: 0.091

[Rank 0] (epoch: 717, iters: 984, time: 0.030, data: 0.003) , D_A: 0.065, G_A: 0.786, cycle_A: 0.072, idt_A: 0.107, D_B: 0.007, G_B: 0.928, cycle_B: 0.175, idt_B: 0.072

[Rank 0] (epoch: 717, iters: 1184, time: 0.030, data: 0.003) , D_A: 0.055, G_A: 0.536, cycle_A: 0.045, idt_A: 0.124, D_B: 0.036, G_B: 1.006, cycle_B: 0.209, idt_B: 0.039

[Rank 0] (epoch: 717, iters: 1384, time: 0.026, data: 0.261) , D_A: 0.035, G_A: 0.744, cycle_A: 0.101, idt_A: 0.141, D_B: 0.002, G_B: 0.929, cycle_B: 0.235, idt_B: 0.088

[Rank 0] (epoch: 717, iters: 1584, time: 0.157, data: 0.002) , D_A: 0.052, G_A: 0.839, cycle_A: 0.078, idt_A: 0.133, D_B: 0.002, G_B: 0.964, cycle_B: 0.218, idt_B: 0.067

saving the latest model (epoch 717, total_iters 285000)
[Rank 0] (epoch: 717, iters: 1784, time: 0.029, data: 0.004) , D_A: 0.049, G_A: 0.616, cycle_A: 0.081, idt_A: 0.120, D_B: 0.004, G_B: 1.002, cycle_B: 0.199, idt_B: 0.073

learning rate 0.0000100 -> 0.0000100
saving the model at the end of epoch 717, iters 285344
End of epoch 717 / 950 	 Time Taken: 59 sec
[Rank 0] (epoch: 718, iters: 56, time: 0.142, data: 0.003) , D_A: 0.041, G_A: 0.765, cycle_A: 0.066, idt_A: 0.115, D_B: 0.016, G_B: 0.973, cycle_B: 0.193, idt_B: 0.055

[Rank 0] (epoch: 718, iters: 256, time: 0.029, data: 0.004) , D_A: 0.041, G_A: 0.851, cycle_A: 0.088, idt_A: 0.127, D_B: 0.002, G_B: 0.963, cycle_B: 0.221, idt_B: 0.080

[Rank 0] (epoch: 718, iters: 456, time: 0.026, data: 0.004) , D_A: 0.054, G_A: 0.631, cycle_A: 0.085, idt_A: 0.123, D_B: 0.015, G_B: 0.994, cycle_B: 0.191, idt_B: 0.075

[Rank 0] (epoch: 718, iters: 656, time: 0.125, data: 0.069) , D_A: 0.046, G_A: 0.764, cycle_A: 0.066, idt_A: 0.128, D_B: 0.002, G_B: 0.958, cycle_B: 0.209, idt_B: 0.056

[Rank 0] (epoch: 718, iters: 856, time: 0.030, data: 0.002) , D_A: 0.044, G_A: 0.730, cycle_A: 0.083, idt_A: 0.136, D_B: 0.020, G_B: 0.956, cycle_B: 0.218, idt_B: 0.078

[Rank 0] (epoch: 718, iters: 1056, time: 0.029, data: 0.003) , D_A: 0.047, G_A: 0.817, cycle_A: 0.068, idt_A: 0.153, D_B: 0.038, G_B: 0.908, cycle_B: 0.265, idt_B: 0.062

[Rank 0] (epoch: 718, iters: 1256, time: 0.026, data: 0.096) , D_A: 0.037, G_A: 0.843, cycle_A: 0.067, idt_A: 0.118, D_B: 0.003, G_B: 0.991, cycle_B: 0.204, idt_B: 0.062

[Rank 0] (epoch: 718, iters: 1456, time: 0.026, data: 0.052) , D_A: 0.031, G_A: 1.082, cycle_A: 0.082, idt_A: 0.150, D_B: 0.005, G_B: 0.858, cycle_B: 0.248, idt_B: 0.068

[Rank 0] (epoch: 718, iters: 1656, time: 0.137, data: 0.002) , D_A: 0.049, G_A: 0.791, cycle_A: 0.066, idt_A: 0.114, D_B: 0.003, G_B: 0.896, cycle_B: 0.190, idt_B: 0.055

[Rank 0] (epoch: 718, iters: 1856, time: 0.030, data: 0.003) , D_A: 0.045, G_A: 0.620, cycle_A: 0.089, idt_A: 0.125, D_B: 0.004, G_B: 0.873, cycle_B: 0.206, idt_B: 0.079

learning rate 0.0000100 -> 0.0000100
saving the model at the end of epoch 718, iters 287272
End of epoch 718 / 950 	 Time Taken: 59 sec
[Rank 0] (epoch: 719, iters: 128, time: 0.142, data: 0.005) , D_A: 0.071, G_A: 0.805, cycle_A: 0.076, idt_A: 0.143, D_B: 0.002, G_B: 0.987, cycle_B: 0.243, idt_B: 0.065

[Rank 0] (epoch: 719, iters: 328, time: 0.030, data: 0.004) , D_A: 0.054, G_A: 0.763, cycle_A: 0.062, idt_A: 0.148, D_B: 0.019, G_B: 0.959, cycle_B: 0.235, idt_B: 0.055

[Rank 0] (epoch: 719, iters: 528, time: 0.029, data: 0.003) , D_A: 0.044, G_A: 0.882, cycle_A: 0.068, idt_A: 0.144, D_B: 0.002, G_B: 1.000, cycle_B: 0.235, idt_B: 0.059

[Rank 0] (epoch: 719, iters: 728, time: 0.128, data: 0.151) , D_A: 0.074, G_A: 0.676, cycle_A: 0.098, idt_A: 0.124, D_B: 0.005, G_B: 0.886, cycle_B: 0.210, idt_B: 0.087

[Rank 0] (epoch: 719, iters: 928, time: 0.026, data: 0.003) , D_A: 0.037, G_A: 0.911, cycle_A: 0.089, idt_A: 0.140, D_B: 0.002, G_B: 0.940, cycle_B: 0.217, idt_B: 0.081

[Rank 0] (epoch: 719, iters: 1128, time: 0.030, data: 0.004) , D_A: 0.073, G_A: 0.779, cycle_A: 0.070, idt_A: 0.135, D_B: 0.065, G_B: 0.963, cycle_B: 0.212, idt_B: 0.059

[Rank 0] (epoch: 719, iters: 1328, time: 0.030, data: 0.002) , D_A: 0.044, G_A: 0.742, cycle_A: 0.087, idt_A: 0.148, D_B: 0.001, G_B: 0.989, cycle_B: 0.237, idt_B: 0.076

[Rank 0] (epoch: 719, iters: 1528, time: 0.030, data: 0.002) , D_A: 0.053, G_A: 1.063, cycle_A: 0.086, idt_A: 0.128, D_B: 0.005, G_B: 1.021, cycle_B: 0.231, idt_B: 0.080

[Rank 0] (epoch: 719, iters: 1728, time: 0.121, data: 0.058) , D_A: 0.081, G_A: 0.514, cycle_A: 0.083, idt_A: 0.129, D_B: 0.002, G_B: 0.986, cycle_B: 0.225, idt_B: 0.078

[Rank 0] (epoch: 719, iters: 1928, time: 0.024, data: 0.002) , D_A: 0.061, G_A: 1.017, cycle_A: 0.090, idt_A: 0.119, D_B: 0.004, G_B: 0.933, cycle_B: 0.194, idt_B: 0.074

learning rate 0.0000100 -> 0.0000100
saving the model at the end of epoch 719, iters 289200
End of epoch 719 / 950 	 Time Taken: 58 sec
[Rank 0] (epoch: 720, iters: 200, time: 0.141, data: 1.353) , D_A: 0.064, G_A: 0.586, cycle_A: 0.085, idt_A: 0.145, D_B: 0.014, G_B: 0.935, cycle_B: 0.226, idt_B: 0.074

[Rank 0] (epoch: 720, iters: 400, time: 0.029, data: 0.003) , D_A: 0.047, G_A: 0.592, cycle_A: 0.077, idt_A: 0.124, D_B: 0.002, G_B: 0.929, cycle_B: 0.195, idt_B: 0.072

[Rank 0] (epoch: 720, iters: 600, time: 0.029, data: 0.004) , D_A: 0.058, G_A: 0.826, cycle_A: 0.054, idt_A: 0.126, D_B: 0.006, G_B: 0.818, cycle_B: 0.210, idt_B: 0.052

[Rank 0] (epoch: 720, iters: 800, time: 0.143, data: 0.002) , D_A: 0.061, G_A: 0.718, cycle_A: 0.064, idt_A: 0.115, D_B: 0.052, G_B: 0.981, cycle_B: 0.189, idt_B: 0.054

saving the latest model (epoch 720, total_iters 290000)
[Rank 0] (epoch: 720, iters: 1000, time: 0.029, data: 0.002) , D_A: 0.052, G_A: 0.728, cycle_A: 0.085, idt_A: 0.115, D_B: 0.002, G_B: 0.957, cycle_B: 0.192, idt_B: 0.076

[Rank 0] (epoch: 720, iters: 1200, time: 0.029, data: 0.005) , D_A: 0.051, G_A: 0.749, cycle_A: 0.081, idt_A: 0.138, D_B: 0.002, G_B: 0.981, cycle_B: 0.216, idt_B: 0.071

[Rank 0] (epoch: 720, iters: 1400, time: 0.026, data: 0.075) , D_A: 0.083, G_A: 0.640, cycle_A: 0.090, idt_A: 0.125, D_B: 0.004, G_B: 0.890, cycle_B: 0.195, idt_B: 0.080

[Rank 0] (epoch: 720, iters: 1600, time: 0.030, data: 0.003) , D_A: 0.065, G_A: 0.829, cycle_A: 0.096, idt_A: 0.128, D_B: 0.004, G_B: 0.854, cycle_B: 0.197, idt_B: 0.090

[Rank 0] (epoch: 720, iters: 1800, time: 0.141, data: 0.004) , D_A: 0.046, G_A: 1.117, cycle_A: 0.071, idt_A: 0.119, D_B: 0.023, G_B: 0.920, cycle_B: 0.181, idt_B: 0.068

learning rate 0.0000100 -> 0.0000100
saving the model at the end of epoch 720, iters 291128
End of epoch 720 / 950 	 Time Taken: 57 sec
[Rank 0] (epoch: 721, iters: 72, time: 0.177, data: 0.004) , D_A: 0.038, G_A: 0.835, cycle_A: 0.076, idt_A: 0.127, D_B: 0.002, G_B: 0.963, cycle_B: 0.196, idt_B: 0.067

[Rank 0] (epoch: 721, iters: 272, time: 0.030, data: 0.006) , D_A: 0.052, G_A: 0.886, cycle_A: 0.069, idt_A: 0.123, D_B: 0.003, G_B: 0.920, cycle_B: 0.194, idt_B: 0.060

[Rank 0] (epoch: 721, iters: 472, time: 0.026, data: 0.005) , D_A: 0.040, G_A: 0.733, cycle_A: 0.091, idt_A: 0.129, D_B: 0.002, G_B: 0.939, cycle_B: 0.202, idt_B: 0.086

[Rank 0] (epoch: 721, iters: 672, time: 0.029, data: 0.003) , D_A: 0.049, G_A: 0.620, cycle_A: 0.067, idt_A: 0.136, D_B: 0.015, G_B: 0.945, cycle_B: 0.218, idt_B: 0.061

[Rank 0] (epoch: 721, iters: 872, time: 0.158, data: 0.005) , D_A: 0.042, G_A: 0.826, cycle_A: 0.077, idt_A: 0.146, D_B: 0.003, G_B: 0.946, cycle_B: 0.238, idt_B: 0.065

[Rank 0] (epoch: 721, iters: 1072, time: 0.029, data: 0.005) , D_A: 0.053, G_A: 0.983, cycle_A: 0.090, idt_A: 0.146, D_B: 0.004, G_B: 0.887, cycle_B: 0.237, idt_B: 0.083

[Rank 0] (epoch: 721, iters: 1272, time: 0.030, data: 0.003) , D_A: 0.059, G_A: 0.722, cycle_A: 0.065, idt_A: 0.135, D_B: 0.004, G_B: 0.875, cycle_B: 0.219, idt_B: 0.059

[Rank 0] (epoch: 721, iters: 1472, time: 0.030, data: 0.003) , D_A: 0.065, G_A: 0.615, cycle_A: 0.110, idt_A: 0.126, D_B: 0.002, G_B: 0.968, cycle_B: 0.204, idt_B: 0.100

[Rank 0] (epoch: 721, iters: 1672, time: 0.026, data: 0.059) , D_A: 0.042, G_A: 0.642, cycle_A: 0.082, idt_A: 0.126, D_B: 0.003, G_B: 0.865, cycle_B: 0.201, idt_B: 0.068

[Rank 0] (epoch: 721, iters: 1872, time: 0.152, data: 0.088) , D_A: 0.059, G_A: 0.651, cycle_A: 0.077, idt_A: 0.140, D_B: 0.001, G_B: 0.980, cycle_B: 0.224, idt_B: 0.067

learning rate 0.0000100 -> 0.0000100
saving the model at the end of epoch 721, iters 293056
End of epoch 721 / 950 	 Time Taken: 60 sec
[Rank 0] (epoch: 722, iters: 144, time: 0.141, data: 0.002) , D_A: 0.047, G_A: 0.797, cycle_A: 0.070, idt_A: 0.123, D_B: 0.002, G_B: 0.951, cycle_B: 0.192, idt_B: 0.064

[Rank 0] (epoch: 722, iters: 344, time: 0.030, data: 0.002) , D_A: 0.042, G_A: 0.832, cycle_A: 0.060, idt_A: 0.139, D_B: 0.001, G_B: 0.982, cycle_B: 0.210, idt_B: 0.051

[Rank 0] (epoch: 722, iters: 544, time: 0.029, data: 0.003) , D_A: 0.057, G_A: 1.020, cycle_A: 0.083, idt_A: 0.132, D_B: 0.018, G_B: 0.683, cycle_B: 0.213, idt_B: 0.075

[Rank 0] (epoch: 722, iters: 744, time: 0.026, data: 0.075) , D_A: 0.107, G_A: 0.767, cycle_A: 0.088, idt_A: 0.134, D_B: 0.001, G_B: 0.936, cycle_B: 0.206, idt_B: 0.077

[Rank 0] (epoch: 722, iters: 944, time: 0.142, data: 0.004) , D_A: 0.046, G_A: 1.126, cycle_A: 0.085, idt_A: 0.119, D_B: 0.004, G_B: 0.889, cycle_B: 0.194, idt_B: 0.070

[Rank 0] (epoch: 722, iters: 1144, time: 0.029, data: 0.002) , D_A: 0.048, G_A: 0.636, cycle_A: 0.070, idt_A: 0.129, D_B: 0.032, G_B: 1.028, cycle_B: 0.211, idt_B: 0.065

[Rank 0] (epoch: 722, iters: 1344, time: 0.026, data: 0.004) , D_A: 0.038, G_A: 0.938, cycle_A: 0.074, idt_A: 0.136, D_B: 0.003, G_B: 0.984, cycle_B: 0.213, idt_B: 0.064

[Rank 0] (epoch: 722, iters: 1544, time: 0.030, data: 0.002) , D_A: 0.062, G_A: 0.529, cycle_A: 0.066, idt_A: 0.136, D_B: 0.003, G_B: 0.915, cycle_B: 0.223, idt_B: 0.057

[Rank 0] (epoch: 722, iters: 1744, time: 0.029, data: 0.003) , D_A: 0.047, G_A: 0.717, cycle_A: 0.084, idt_A: 0.118, D_B: 0.006, G_B: 0.913, cycle_B: 0.217, idt_B: 0.079

learning rate 0.0000100 -> 0.0000100
saving the model at the end of epoch 722, iters 294984
End of epoch 722 / 950 	 Time Taken: 60 sec
[Rank 0] (epoch: 723, iters: 16, time: 0.137, data: 0.107) , D_A: 0.038, G_A: 0.865, cycle_A: 0.068, idt_A: 0.134, D_B: 0.004, G_B: 0.840, cycle_B: 0.226, idt_B: 0.065

saving the latest model (epoch 723, total_iters 295000)
[Rank 0] (epoch: 723, iters: 216, time: 0.030, data: 0.002) , D_A: 0.043, G_A: 0.715, cycle_A: 0.090, idt_A: 0.131, D_B: 0.004, G_B: 0.946, cycle_B: 0.219, idt_B: 0.082

[Rank 0] (epoch: 723, iters: 416, time: 0.029, data: 0.004) , D_A: 0.043, G_A: 0.667, cycle_A: 0.082, idt_A: 0.150, D_B: 0.002, G_B: 0.942, cycle_B: 0.242, idt_B: 0.077

[Rank 0] (epoch: 723, iters: 616, time: 0.029, data: 0.003) , D_A: 0.066, G_A: 0.501, cycle_A: 0.071, idt_A: 0.129, D_B: 0.035, G_B: 0.977, cycle_B: 0.205, idt_B: 0.066

[Rank 0] (epoch: 723, iters: 816, time: 0.030, data: 0.003) , D_A: 0.057, G_A: 0.909, cycle_A: 0.088, idt_A: 0.128, D_B: 0.001, G_B: 1.020, cycle_B: 0.194, idt_B: 0.078

[Rank 0] (epoch: 723, iters: 1016, time: 0.155, data: 0.002) , D_A: 0.055, G_A: 0.661, cycle_A: 0.073, idt_A: 0.113, D_B: 0.001, G_B: 0.984, cycle_B: 0.174, idt_B: 0.061

[Rank 0] (epoch: 723, iters: 1216, time: 0.026, data: 0.005) , D_A: 0.057, G_A: 1.213, cycle_A: 0.089, idt_A: 0.125, D_B: 0.001, G_B: 0.951, cycle_B: 0.196, idt_B: 0.083

[Rank 0] (epoch: 723, iters: 1416, time: 0.030, data: 0.003) , D_A: 0.040, G_A: 0.893, cycle_A: 0.088, idt_A: 0.108, D_B: 0.001, G_B: 0.986, cycle_B: 0.163, idt_B: 0.085

[Rank 0] (epoch: 723, iters: 1616, time: 0.029, data: 0.005) , D_A: 0.051, G_A: 0.852, cycle_A: 0.080, idt_A: 0.145, D_B: 0.002, G_B: 0.984, cycle_B: 0.217, idt_B: 0.070

[Rank 0] (epoch: 723, iters: 1816, time: 0.030, data: 0.003) , D_A: 0.039, G_A: 0.682, cycle_A: 0.079, idt_A: 0.123, D_B: 0.001, G_B: 0.987, cycle_B: 0.187, idt_B: 0.077

learning rate 0.0000100 -> 0.0000100
saving the model at the end of epoch 723, iters 296912
End of epoch 723 / 950 	 Time Taken: 59 sec
[Rank 0] (epoch: 724, iters: 88, time: 0.166, data: 0.186) , D_A: 0.070, G_A: 0.961, cycle_A: 0.094, idt_A: 0.151, D_B: 0.002, G_B: 0.995, cycle_B: 0.225, idt_B: 0.095

[Rank 0] (epoch: 724, iters: 288, time: 0.029, data: 0.003) , D_A: 0.060, G_A: 0.498, cycle_A: 0.062, idt_A: 0.130, D_B: 0.001, G_B: 0.983, cycle_B: 0.205, idt_B: 0.055

[Rank 0] (epoch: 724, iters: 488, time: 0.026, data: 0.003) , D_A: 0.084, G_A: 0.948, cycle_A: 0.070, idt_A: 0.141, D_B: 0.006, G_B: 0.869, cycle_B: 0.212, idt_B: 0.061

[Rank 0] (epoch: 724, iters: 688, time: 0.026, data: 0.151) , D_A: 0.042, G_A: 0.698, cycle_A: 0.085, idt_A: 0.113, D_B: 0.001, G_B: 0.964, cycle_B: 0.169, idt_B: 0.072

[Rank 0] (epoch: 724, iters: 888, time: 0.030, data: 0.002) , D_A: 0.042, G_A: 0.834, cycle_A: 0.086, idt_A: 0.138, D_B: 0.001, G_B: 0.943, cycle_B: 0.210, idt_B: 0.075

[Rank 0] (epoch: 724, iters: 1088, time: 0.158, data: 0.003) , D_A: 0.058, G_A: 0.921, cycle_A: 0.086, idt_A: 0.142, D_B: 0.001, G_B: 0.958, cycle_B: 0.225, idt_B: 0.083

[Rank 0] (epoch: 724, iters: 1288, time: 0.030, data: 0.004) , D_A: 0.088, G_A: 0.924, cycle_A: 0.087, idt_A: 0.116, D_B: 0.002, G_B: 0.974, cycle_B: 0.191, idt_B: 0.074

[Rank 0] (epoch: 724, iters: 1488, time: 0.030, data: 0.003) , D_A: 0.048, G_A: 0.666, cycle_A: 0.074, idt_A: 0.123, D_B: 0.001, G_B: 0.988, cycle_B: 0.193, idt_B: 0.064

[Rank 0] (epoch: 724, iters: 1688, time: 0.029, data: 0.002) , D_A: 0.038, G_A: 0.704, cycle_A: 0.066, idt_A: 0.127, D_B: 0.002, G_B: 0.992, cycle_B: 0.203, idt_B: 0.058

[Rank 0] (epoch: 724, iters: 1888, time: 0.029, data: 0.003) , D_A: 0.050, G_A: 0.774, cycle_A: 0.059, idt_A: 0.111, D_B: 0.001, G_B: 1.008, cycle_B: 0.181, idt_B: 0.055

learning rate 0.0000100 -> 0.0000100
saving the model at the end of epoch 724, iters 298840
End of epoch 724 / 950 	 Time Taken: 56 sec
[Rank 0] (epoch: 725, iters: 160, time: 0.155, data: 0.003) , D_A: 0.061, G_A: 0.764, cycle_A: 0.085, idt_A: 0.127, D_B: 0.003, G_B: 0.905, cycle_B: 0.204, idt_B: 0.079

[Rank 0] (epoch: 725, iters: 360, time: 0.029, data: 0.003) , D_A: 0.046, G_A: 0.720, cycle_A: 0.061, idt_A: 0.137, D_B: 0.001, G_B: 0.987, cycle_B: 0.214, idt_B: 0.054

[Rank 0] (epoch: 725, iters: 560, time: 0.030, data: 0.002) , D_A: 0.070, G_A: 0.740, cycle_A: 0.062, idt_A: 0.148, D_B: 0.002, G_B: 0.964, cycle_B: 0.242, idt_B: 0.058

[Rank 0] (epoch: 725, iters: 760, time: 0.030, data: 0.003) , D_A: 0.080, G_A: 0.870, cycle_A: 0.090, idt_A: 0.124, D_B: 0.001, G_B: 0.984, cycle_B: 0.193, idt_B: 0.083

[Rank 0] (epoch: 725, iters: 960, time: 0.026, data: 0.068) , D_A: 0.060, G_A: 0.953, cycle_A: 0.067, idt_A: 0.131, D_B: 0.001, G_B: 0.972, cycle_B: 0.206, idt_B: 0.058

[Rank 0] (epoch: 725, iters: 1160, time: 0.149, data: 0.002) , D_A: 0.057, G_A: 0.756, cycle_A: 0.083, idt_A: 0.141, D_B: 0.001, G_B: 0.974, cycle_B: 0.229, idt_B: 0.070

saving the latest model (epoch 725, total_iters 300000)
[Rank 0] (epoch: 725, iters: 1360, time: 0.029, data: 0.002) , D_A: 0.034, G_A: 0.940, cycle_A: 0.057, idt_A: 0.125, D_B: 0.002, G_B: 0.914, cycle_B: 0.206, idt_B: 0.049

[Rank 0] (epoch: 725, iters: 1560, time: 0.029, data: 0.002) , D_A: 0.052, G_A: 0.644, cycle_A: 0.080, idt_A: 0.121, D_B: 0.002, G_B: 0.973, cycle_B: 0.193, idt_B: 0.071

[Rank 0] (epoch: 725, iters: 1760, time: 0.030, data: 0.003) , D_A: 0.056, G_A: 0.838, cycle_A: 0.070, idt_A: 0.134, D_B: 0.001, G_B: 0.966, cycle_B: 0.210, idt_B: 0.063

learning rate 0.0000100 -> 0.0000100
saving the model at the end of epoch 725, iters 300768
End of epoch 725 / 950 	 Time Taken: 56 sec
[Rank 0] (epoch: 726, iters: 32, time: 0.185, data: 0.140) , D_A: 0.053, G_A: 0.672, cycle_A: 0.086, idt_A: 0.116, D_B: 0.002, G_B: 0.933, cycle_B: 0.191, idt_B: 0.076

[Rank 0] (epoch: 726, iters: 232, time: 0.193, data: 0.005) , D_A: 0.046, G_A: 0.931, cycle_A: 0.079, idt_A: 0.143, D_B: 0.032, G_B: 0.867, cycle_B: 0.241, idt_B: 0.073

[Rank 0] (epoch: 726, iters: 432, time: 0.030, data: 0.002) , D_A: 0.046, G_A: 0.710, cycle_A: 0.073, idt_A: 0.125, D_B: 0.012, G_B: 0.714, cycle_B: 0.206, idt_B: 0.066

[Rank 0] (epoch: 726, iters: 632, time: 0.030, data: 0.002) , D_A: 0.062, G_A: 0.560, cycle_A: 0.080, idt_A: 0.136, D_B: 0.003, G_B: 0.892, cycle_B: 0.224, idt_B: 0.075

[Rank 0] (epoch: 726, iters: 832, time: 0.030, data: 0.006) , D_A: 0.038, G_A: 0.757, cycle_A: 0.062, idt_A: 0.133, D_B: 0.013, G_B: 0.983, cycle_B: 0.215, idt_B: 0.055

[Rank 0] (epoch: 726, iters: 1032, time: 0.030, data: 0.006) , D_A: 0.045, G_A: 0.904, cycle_A: 0.068, idt_A: 0.133, D_B: 0.002, G_B: 0.939, cycle_B: 0.217, idt_B: 0.058

[Rank 0] (epoch: 726, iters: 1232, time: 0.146, data: 0.101) , D_A: 0.074, G_A: 0.777, cycle_A: 0.095, idt_A: 0.137, D_B: 0.003, G_B: 0.991, cycle_B: 0.216, idt_B: 0.081

[Rank 0] (epoch: 726, iters: 1432, time: 0.030, data: 0.002) , D_A: 0.037, G_A: 0.814, cycle_A: 0.060, idt_A: 0.132, D_B: 0.004, G_B: 1.100, cycle_B: 0.207, idt_B: 0.055

[Rank 0] (epoch: 726, iters: 1632, time: 0.030, data: 0.004) , D_A: 0.057, G_A: 0.834, cycle_A: 0.073, idt_A: 0.133, D_B: 0.002, G_B: 0.901, cycle_B: 0.215, idt_B: 0.065

[Rank 0] (epoch: 726, iters: 1832, time: 0.030, data: 0.002) , D_A: 0.040, G_A: 0.691, cycle_A: 0.072, idt_A: 0.133, D_B: 0.002, G_B: 0.938, cycle_B: 0.224, idt_B: 0.058

learning rate 0.0000100 -> 0.0000100
saving the model at the end of epoch 726, iters 302696
End of epoch 726 / 950 	 Time Taken: 59 sec
[Rank 0] (epoch: 727, iters: 104, time: 0.130, data: 0.010) , D_A: 0.065, G_A: 1.112, cycle_A: 0.076, idt_A: 0.128, D_B: 0.007, G_B: 0.976, cycle_B: 0.201, idt_B: 0.065

[Rank 0] (epoch: 727, iters: 304, time: 0.144, data: 0.001) , D_A: 0.041, G_A: 0.811, cycle_A: 0.104, idt_A: 0.129, D_B: 0.003, G_B: 0.873, cycle_B: 0.203, idt_B: 0.090

[Rank 0] (epoch: 727, iters: 504, time: 0.029, data: 0.003) , D_A: 0.053, G_A: 1.111, cycle_A: 0.073, idt_A: 0.125, D_B: 0.004, G_B: 0.883, cycle_B: 0.189, idt_B: 0.063

[Rank 0] (epoch: 727, iters: 704, time: 0.030, data: 0.003) , D_A: 0.051, G_A: 1.032, cycle_A: 0.068, idt_A: 0.125, D_B: 0.001, G_B: 0.984, cycle_B: 0.196, idt_B: 0.066

[Rank 0] (epoch: 727, iters: 904, time: 0.029, data: 0.003) , D_A: 0.040, G_A: 0.761, cycle_A: 0.086, idt_A: 0.128, D_B: 0.002, G_B: 0.915, cycle_B: 0.197, idt_B: 0.074

[Rank 0] (epoch: 727, iters: 1104, time: 0.030, data: 0.003) , D_A: 0.058, G_A: 0.949, cycle_A: 0.089, idt_A: 0.137, D_B: 0.002, G_B: 0.910, cycle_B: 0.217, idt_B: 0.078

[Rank 0] (epoch: 727, iters: 1304, time: 0.131, data: 0.003) , D_A: 0.062, G_A: 0.669, cycle_A: 0.073, idt_A: 0.139, D_B: 0.006, G_B: 0.927, cycle_B: 0.218, idt_B: 0.065

[Rank 0] (epoch: 727, iters: 1504, time: 0.030, data: 0.002) , D_A: 0.048, G_A: 0.713, cycle_A: 0.093, idt_A: 0.129, D_B: 0.002, G_B: 0.957, cycle_B: 0.204, idt_B: 0.081

[Rank 0] (epoch: 727, iters: 1704, time: 0.027, data: 0.005) , D_A: 0.046, G_A: 0.700, cycle_A: 0.088, idt_A: 0.121, D_B: 0.016, G_B: 0.911, cycle_B: 0.189, idt_B: 0.082

[Rank 0] (epoch: 727, iters: 1904, time: 0.030, data: 0.002) , D_A: 0.045, G_A: 0.836, cycle_A: 0.091, idt_A: 0.132, D_B: 0.003, G_B: 0.884, cycle_B: 0.208, idt_B: 0.079

learning rate 0.0000100 -> 0.0000100
saving the model at the end of epoch 727, iters 304624
End of epoch 727 / 950 	 Time Taken: 55 sec
[Rank 0] (epoch: 728, iters: 176, time: 0.177, data: 0.002) , D_A: 0.030, G_A: 0.831, cycle_A: 0.093, idt_A: 0.133, D_B: 0.001, G_B: 0.995, cycle_B: 0.211, idt_B: 0.086

[Rank 0] (epoch: 728, iters: 376, time: 0.188, data: 0.002) , D_A: 0.055, G_A: 1.332, cycle_A: 0.086, idt_A: 0.137, D_B: 0.003, G_B: 0.886, cycle_B: 0.202, idt_B: 0.082

saving the latest model (epoch 728, total_iters 305000)
[Rank 0] (epoch: 728, iters: 576, time: 0.030, data: 0.003) , D_A: 0.050, G_A: 0.883, cycle_A: 0.063, idt_A: 0.125, D_B: 0.001, G_B: 0.963, cycle_B: 0.187, idt_B: 0.058

[Rank 0] (epoch: 728, iters: 776, time: 0.026, data: 0.003) , D_A: 0.055, G_A: 0.644, cycle_A: 0.083, idt_A: 0.118, D_B: 0.002, G_B: 0.894, cycle_B: 0.176, idt_B: 0.075

[Rank 0] (epoch: 728, iters: 976, time: 0.030, data: 0.003) , D_A: 0.033, G_A: 0.829, cycle_A: 0.085, idt_A: 0.145, D_B: 0.003, G_B: 0.947, cycle_B: 0.224, idt_B: 0.079

[Rank 0] (epoch: 728, iters: 1176, time: 0.030, data: 0.002) , D_A: 0.070, G_A: 1.022, cycle_A: 0.082, idt_A: 0.124, D_B: 0.003, G_B: 0.882, cycle_B: 0.185, idt_B: 0.076

[Rank 0] (epoch: 728, iters: 1376, time: 0.170, data: 0.004) , D_A: 0.041, G_A: 0.786, cycle_A: 0.084, idt_A: 0.133, D_B: 0.001, G_B: 1.007, cycle_B: 0.205, idt_B: 0.078

[Rank 0] (epoch: 728, iters: 1576, time: 0.029, data: 0.005) , D_A: 0.047, G_A: 0.806, cycle_A: 0.063, idt_A: 0.129, D_B: 0.006, G_B: 0.986, cycle_B: 0.211, idt_B: 0.060

[Rank 0] (epoch: 728, iters: 1776, time: 0.026, data: 0.165) , D_A: 0.041, G_A: 0.838, cycle_A: 0.084, idt_A: 0.132, D_B: 0.003, G_B: 0.929, cycle_B: 0.219, idt_B: 0.076

learning rate 0.0000100 -> 0.0000100
saving the model at the end of epoch 728, iters 306552
End of epoch 728 / 950 	 Time Taken: 61 sec
[Rank 0] (epoch: 729, iters: 48, time: 0.132, data: 0.002) , D_A: 0.054, G_A: 0.527, cycle_A: 0.085, idt_A: 0.128, D_B: 0.037, G_B: 0.799, cycle_B: 0.228, idt_B: 0.074

[Rank 0] (epoch: 729, iters: 248, time: 0.030, data: 0.002) , D_A: 0.058, G_A: 0.644, cycle_A: 0.087, idt_A: 0.112, D_B: 0.015, G_B: 0.780, cycle_B: 0.207, idt_B: 0.071

[Rank 0] (epoch: 729, iters: 448, time: 0.160, data: 0.002) , D_A: 0.065, G_A: 0.487, cycle_A: 0.060, idt_A: 0.121, D_B: 0.046, G_B: 0.810, cycle_B: 0.239, idt_B: 0.055

[Rank 0] (epoch: 729, iters: 648, time: 0.029, data: 0.002) , D_A: 0.047, G_A: 0.878, cycle_A: 0.072, idt_A: 0.134, D_B: 0.013, G_B: 0.851, cycle_B: 0.247, idt_B: 0.062

[Rank 0] (epoch: 729, iters: 848, time: 0.026, data: 0.004) , D_A: 0.039, G_A: 0.786, cycle_A: 0.076, idt_A: 0.149, D_B: 0.015, G_B: 0.958, cycle_B: 0.292, idt_B: 0.066

[Rank 0] (epoch: 729, iters: 1048, time: 0.030, data: 0.002) , D_A: 0.051, G_A: 0.684, cycle_A: 0.079, idt_A: 0.127, D_B: 0.012, G_B: 0.846, cycle_B: 0.264, idt_B: 0.069

[Rank 0] (epoch: 729, iters: 1248, time: 0.030, data: 0.002) , D_A: 0.038, G_A: 0.985, cycle_A: 0.067, idt_A: 0.135, D_B: 0.008, G_B: 0.875, cycle_B: 0.272, idt_B: 0.059

[Rank 0] (epoch: 729, iters: 1448, time: 0.146, data: 0.004) , D_A: 0.042, G_A: 0.713, cycle_A: 0.071, idt_A: 0.130, D_B: 0.019, G_B: 0.842, cycle_B: 0.265, idt_B: 0.061

[Rank 0] (epoch: 729, iters: 1648, time: 0.029, data: 0.004) , D_A: 0.050, G_A: 0.716, cycle_A: 0.078, idt_A: 0.131, D_B: 0.011, G_B: 0.800, cycle_B: 0.279, idt_B: 0.069

[Rank 0] (epoch: 729, iters: 1848, time: 0.030, data: 0.002) , D_A: 0.052, G_A: 0.755, cycle_A: 0.096, idt_A: 0.120, D_B: 0.010, G_B: 0.806, cycle_B: 0.255, idt_B: 0.094

learning rate 0.0000100 -> 0.0000100
saving the model at the end of epoch 729, iters 308480
End of epoch 729 / 950 	 Time Taken: 58 sec
[Rank 0] (epoch: 730, iters: 120, time: 0.199, data: 0.004) , D_A: 0.041, G_A: 0.895, cycle_A: 0.076, idt_A: 0.126, D_B: 0.012, G_B: 0.848, cycle_B: 0.288, idt_B: 0.071

[Rank 0] (epoch: 730, iters: 320, time: 0.030, data: 0.002) , D_A: 0.039, G_A: 0.837, cycle_A: 0.094, idt_A: 0.130, D_B: 0.018, G_B: 0.787, cycle_B: 0.300, idt_B: 0.085

[Rank 0] (epoch: 730, iters: 520, time: 0.150, data: 0.027) , D_A: 0.042, G_A: 0.695, cycle_A: 0.088, idt_A: 0.119, D_B: 0.013, G_B: 0.876, cycle_B: 0.268, idt_B: 0.080

[Rank 0] (epoch: 730, iters: 720, time: 0.029, data: 0.001) , D_A: 0.044, G_A: 1.067, cycle_A: 0.072, idt_A: 0.116, D_B: 0.025, G_B: 0.781, cycle_B: 0.263, idt_B: 0.067

[Rank 0] (epoch: 730, iters: 920, time: 0.029, data: 0.003) , D_A: 0.043, G_A: 0.736, cycle_A: 0.086, idt_A: 0.136, D_B: 0.010, G_B: 0.976, cycle_B: 0.277, idt_B: 0.077

[Rank 0] (epoch: 730, iters: 1120, time: 0.029, data: 0.003) , D_A: 0.052, G_A: 0.707, cycle_A: 0.072, idt_A: 0.144, D_B: 0.019, G_B: 0.758, cycle_B: 0.310, idt_B: 0.064

[Rank 0] (epoch: 730, iters: 1320, time: 0.030, data: 0.003) , D_A: 0.041, G_A: 0.634, cycle_A: 0.088, idt_A: 0.118, D_B: 0.032, G_B: 0.867, cycle_B: 0.263, idt_B: 0.081

[Rank 0] (epoch: 730, iters: 1520, time: 0.169, data: 0.065) , D_A: 0.036, G_A: 1.038, cycle_A: 0.077, idt_A: 0.104, D_B: 0.030, G_B: 0.805, cycle_B: 0.225, idt_B: 0.068

saving the latest model (epoch 730, total_iters 310000)
[Rank 0] (epoch: 730, iters: 1720, time: 0.030, data: 0.001) , D_A: 0.045, G_A: 0.838, cycle_A: 0.071, idt_A: 0.125, D_B: 0.020, G_B: 0.951, cycle_B: 0.269, idt_B: 0.067

[Rank 0] (epoch: 730, iters: 1920, time: 0.030, data: 0.004) , D_A: 0.039, G_A: 0.930, cycle_A: 0.076, idt_A: 0.112, D_B: 0.015, G_B: 0.828, cycle_B: 0.255, idt_B: 0.066

learning rate 0.0000100 -> 0.0000100
saving the model at the end of epoch 730, iters 310408
End of epoch 730 / 950 	 Time Taken: 59 sec
[Rank 0] (epoch: 731, iters: 192, time: 0.149, data: 0.001) , D_A: 0.050, G_A: 0.639, cycle_A: 0.073, idt_A: 0.130, D_B: 0.008, G_B: 0.950, cycle_B: 0.301, idt_B: 0.067

[Rank 0] (epoch: 731, iters: 392, time: 0.028, data: 0.005) , D_A: 0.049, G_A: 0.690, cycle_A: 0.071, idt_A: 0.140, D_B: 0.005, G_B: 0.955, cycle_B: 0.298, idt_B: 0.060

[Rank 0] (epoch: 731, iters: 592, time: 0.165, data: 0.002) , D_A: 0.043, G_A: 1.312, cycle_A: 0.091, idt_A: 0.131, D_B: 0.012, G_B: 0.822, cycle_B: 0.282, idt_B: 0.082

[Rank 0] (epoch: 731, iters: 792, time: 0.029, data: 0.002) , D_A: 0.046, G_A: 1.366, cycle_A: 0.070, idt_A: 0.134, D_B: 0.010, G_B: 0.929, cycle_B: 0.277, idt_B: 0.063

[Rank 0] (epoch: 731, iters: 992, time: 0.030, data: 0.002) , D_A: 0.067, G_A: 0.436, cycle_A: 0.094, idt_A: 0.123, D_B: 0.008, G_B: 0.964, cycle_B: 0.255, idt_B: 0.091

[Rank 0] (epoch: 731, iters: 1192, time: 0.026, data: 0.125) , D_A: 0.041, G_A: 0.843, cycle_A: 0.087, idt_A: 0.135, D_B: 0.003, G_B: 1.015, cycle_B: 0.272, idt_B: 0.075

[Rank 0] (epoch: 731, iters: 1392, time: 0.030, data: 0.002) , D_A: 0.060, G_A: 0.603, cycle_A: 0.086, idt_A: 0.127, D_B: 0.003, G_B: 0.946, cycle_B: 0.245, idt_B: 0.078

[Rank 0] (epoch: 731, iters: 1592, time: 0.124, data: 0.033) , D_A: 0.040, G_A: 0.736, cycle_A: 0.082, idt_A: 0.143, D_B: 0.003, G_B: 0.927, cycle_B: 0.277, idt_B: 0.076

[Rank 0] (epoch: 731, iters: 1792, time: 0.030, data: 0.002) , D_A: 0.080, G_A: 0.796, cycle_A: 0.100, idt_A: 0.133, D_B: 0.005, G_B: 0.916, cycle_B: 0.262, idt_B: 0.088

learning rate 0.0000100 -> 0.0000100
saving the model at the end of epoch 731, iters 312336
End of epoch 731 / 950 	 Time Taken: 58 sec
[Rank 0] (epoch: 732, iters: 64, time: 0.194, data: 0.002) , D_A: 0.048, G_A: 0.641, cycle_A: 0.085, idt_A: 0.119, D_B: 0.003, G_B: 0.981, cycle_B: 0.219, idt_B: 0.075

[Rank 0] (epoch: 732, iters: 264, time: 0.029, data: 0.005) , D_A: 0.037, G_A: 1.108, cycle_A: 0.076, idt_A: 0.122, D_B: 0.002, G_B: 0.985, cycle_B: 0.225, idt_B: 0.071

[Rank 0] (epoch: 732, iters: 464, time: 0.028, data: 0.004) , D_A: 0.037, G_A: 1.025, cycle_A: 0.055, idt_A: 0.123, D_B: 0.018, G_B: 1.018, cycle_B: 0.216, idt_B: 0.050

[Rank 0] (epoch: 732, iters: 664, time: 0.191, data: 0.123) , D_A: 0.062, G_A: 1.513, cycle_A: 0.106, idt_A: 0.145, D_B: 0.003, G_B: 0.996, cycle_B: 0.253, idt_B: 0.097

[Rank 0] (epoch: 732, iters: 864, time: 0.026, data: 0.003) , D_A: 0.038, G_A: 0.770, cycle_A: 0.085, idt_A: 0.134, D_B: 0.003, G_B: 0.958, cycle_B: 0.250, idt_B: 0.076

[Rank 0] (epoch: 732, iters: 1064, time: 0.030, data: 0.002) , D_A: 0.040, G_A: 0.715, cycle_A: 0.071, idt_A: 0.127, D_B: 0.002, G_B: 0.969, cycle_B: 0.223, idt_B: 0.064

[Rank 0] (epoch: 732, iters: 1264, time: 0.030, data: 0.002) , D_A: 0.051, G_A: 0.685, cycle_A: 0.088, idt_A: 0.116, D_B: 0.003, G_B: 0.922, cycle_B: 0.206, idt_B: 0.081

[Rank 0] (epoch: 732, iters: 1464, time: 0.030, data: 0.004) , D_A: 0.088, G_A: 0.795, cycle_A: 0.077, idt_A: 0.128, D_B: 0.007, G_B: 0.912, cycle_B: 0.232, idt_B: 0.064

[Rank 0] (epoch: 732, iters: 1664, time: 0.149, data: 0.054) , D_A: 0.043, G_A: 1.379, cycle_A: 0.083, idt_A: 0.113, D_B: 0.002, G_B: 0.979, cycle_B: 0.200, idt_B: 0.074

[Rank 0] (epoch: 732, iters: 1864, time: 0.029, data: 0.002) , D_A: 0.047, G_A: 0.751, cycle_A: 0.096, idt_A: 0.121, D_B: 0.002, G_B: 0.973, cycle_B: 0.207, idt_B: 0.086

learning rate 0.0000100 -> 0.0000100
saving the model at the end of epoch 732, iters 314264
End of epoch 732 / 950 	 Time Taken: 59 sec
[Rank 0] (epoch: 733, iters: 136, time: 0.156, data: 0.004) , D_A: 0.035, G_A: 0.946, cycle_A: 0.076, idt_A: 0.134, D_B: 0.030, G_B: 0.874, cycle_B: 0.230, idt_B: 0.066

[Rank 0] (epoch: 733, iters: 336, time: 0.030, data: 0.002) , D_A: 0.060, G_A: 0.893, cycle_A: 0.087, idt_A: 0.124, D_B: 0.052, G_B: 0.945, cycle_B: 0.208, idt_B: 0.081

[Rank 0] (epoch: 733, iters: 536, time: 0.029, data: 0.003) , D_A: 0.061, G_A: 0.710, cycle_A: 0.082, idt_A: 0.120, D_B: 0.003, G_B: 0.931, cycle_B: 0.196, idt_B: 0.073

[Rank 0] (epoch: 733, iters: 736, time: 0.171, data: 0.056) , D_A: 0.040, G_A: 0.637, cycle_A: 0.063, idt_A: 0.126, D_B: 0.004, G_B: 0.971, cycle_B: 0.209, idt_B: 0.054

saving the latest model (epoch 733, total_iters 315000)
[Rank 0] (epoch: 733, iters: 936, time: 0.026, data: 0.003) , D_A: 0.052, G_A: 1.653, cycle_A: 0.077, idt_A: 0.116, D_B: 0.002, G_B: 0.961, cycle_B: 0.186, idt_B: 0.069

[Rank 0] (epoch: 733, iters: 1136, time: 0.029, data: 0.002) , D_A: 0.069, G_A: 0.614, cycle_A: 0.068, idt_A: 0.126, D_B: 0.002, G_B: 0.974, cycle_B: 0.207, idt_B: 0.064

[Rank 0] (epoch: 733, iters: 1336, time: 0.030, data: 0.002) , D_A: 0.039, G_A: 0.826, cycle_A: 0.066, idt_A: 0.117, D_B: 0.002, G_B: 0.953, cycle_B: 0.196, idt_B: 0.058

[Rank 0] (epoch: 733, iters: 1536, time: 0.026, data: 0.197) , D_A: 0.055, G_A: 0.931, cycle_A: 0.093, idt_A: 0.115, D_B: 0.008, G_B: 0.808, cycle_B: 0.225, idt_B: 0.084

[Rank 0] (epoch: 733, iters: 1736, time: 0.154, data: 0.002) , D_A: 0.032, G_A: 0.808, cycle_A: 0.085, idt_A: 0.124, D_B: 0.006, G_B: 0.891, cycle_B: 0.229, idt_B: 0.080

learning rate 0.0000100 -> 0.0000100
saving the model at the end of epoch 733, iters 316192
End of epoch 733 / 950 	 Time Taken: 61 sec
[Rank 0] (epoch: 734, iters: 8, time: 0.182, data: 0.002) , D_A: 0.040, G_A: 0.735, cycle_A: 0.070, idt_A: 0.125, D_B: 0.005, G_B: 0.933, cycle_B: 0.230, idt_B: 0.058

[Rank 0] (epoch: 734, iters: 208, time: 0.029, data: 0.003) , D_A: 0.040, G_A: 0.799, cycle_A: 0.078, idt_A: 0.113, D_B: 0.005, G_B: 0.924, cycle_B: 0.198, idt_B: 0.067

[Rank 0] (epoch: 734, iters: 408, time: 0.026, data: 0.003) , D_A: 0.044, G_A: 0.847, cycle_A: 0.077, idt_A: 0.120, D_B: 0.011, G_B: 0.953, cycle_B: 0.215, idt_B: 0.061

[Rank 0] (epoch: 734, iters: 608, time: 0.029, data: 0.002) , D_A: 0.048, G_A: 0.713, cycle_A: 0.095, idt_A: 0.130, D_B: 0.004, G_B: 0.944, cycle_B: 0.234, idt_B: 0.081

[Rank 0] (epoch: 734, iters: 808, time: 0.144, data: 0.003) , D_A: 0.083, G_A: 0.747, cycle_A: 0.088, idt_A: 0.141, D_B: 0.006, G_B: 0.967, cycle_B: 0.248, idt_B: 0.079

[Rank 0] (epoch: 734, iters: 1008, time: 0.026, data: 0.003) , D_A: 0.056, G_A: 0.661, cycle_A: 0.095, idt_A: 0.113, D_B: 0.003, G_B: 0.952, cycle_B: 0.212, idt_B: 0.086

[Rank 0] (epoch: 734, iters: 1208, time: 0.026, data: 0.183) , D_A: 0.089, G_A: 1.084, cycle_A: 0.094, idt_A: 0.131, D_B: 0.002, G_B: 0.977, cycle_B: 0.242, idt_B: 0.082

[Rank 0] (epoch: 734, iters: 1408, time: 0.029, data: 0.002) , D_A: 0.034, G_A: 1.032, cycle_A: 0.071, idt_A: 0.121, D_B: 0.004, G_B: 1.080, cycle_B: 0.235, idt_B: 0.064

[Rank 0] (epoch: 734, iters: 1608, time: 0.030, data: 0.002) , D_A: 0.061, G_A: 0.546, cycle_A: 0.093, idt_A: 0.113, D_B: 0.015, G_B: 0.826, cycle_B: 0.214, idt_B: 0.082

[Rank 0] (epoch: 734, iters: 1808, time: 0.128, data: 0.044) , D_A: 0.070, G_A: 0.611, cycle_A: 0.064, idt_A: 0.126, D_B: 0.009, G_B: 0.945, cycle_B: 0.223, idt_B: 0.061

learning rate 0.0000100 -> 0.0000100
saving the model at the end of epoch 734, iters 318120
End of epoch 734 / 950 	 Time Taken: 62 sec
[Rank 0] (epoch: 735, iters: 80, time: 0.171, data: 0.004) , D_A: 0.047, G_A: 0.992, cycle_A: 0.091, idt_A: 0.120, D_B: 0.002, G_B: 0.945, cycle_B: 0.208, idt_B: 0.077

[Rank 0] (epoch: 735, iters: 280, time: 0.030, data: 0.002) , D_A: 0.082, G_A: 0.615, cycle_A: 0.075, idt_A: 0.136, D_B: 0.002, G_B: 0.973, cycle_B: 0.239, idt_B: 0.069

[Rank 0] (epoch: 735, iters: 480, time: 0.030, data: 0.003) , D_A: 0.042, G_A: 0.777, cycle_A: 0.056, idt_A: 0.133, D_B: 0.005, G_B: 0.900, cycle_B: 0.224, idt_B: 0.052

[Rank 0] (epoch: 735, iters: 680, time: 0.029, data: 0.003) , D_A: 0.046, G_A: 0.807, cycle_A: 0.094, idt_A: 0.131, D_B: 0.003, G_B: 0.914, cycle_B: 0.209, idt_B: 0.090

[Rank 0] (epoch: 735, iters: 880, time: 0.166, data: 0.003) , D_A: 0.069, G_A: 0.555, cycle_A: 0.095, idt_A: 0.128, D_B: 0.008, G_B: 0.857, cycle_B: 0.219, idt_B: 0.089

[Rank 0] (epoch: 735, iters: 1080, time: 0.029, data: 0.003) , D_A: 0.049, G_A: 0.845, cycle_A: 0.084, idt_A: 0.128, D_B: 0.003, G_B: 0.985, cycle_B: 0.212, idt_B: 0.070

[Rank 0] (epoch: 735, iters: 1280, time: 0.029, data: 0.007) , D_A: 0.039, G_A: 0.823, cycle_A: 0.096, idt_A: 0.131, D_B: 0.002, G_B: 0.988, cycle_B: 0.210, idt_B: 0.084

[Rank 0] (epoch: 735, iters: 1480, time: 0.029, data: 0.002) , D_A: 0.062, G_A: 0.916, cycle_A: 0.098, idt_A: 0.127, D_B: 0.001, G_B: 0.987, cycle_B: 0.209, idt_B: 0.084

[Rank 0] (epoch: 735, iters: 1680, time: 0.030, data: 0.004) , D_A: 0.060, G_A: 0.693, cycle_A: 0.077, idt_A: 0.119, D_B: 0.002, G_B: 0.965, cycle_B: 0.199, idt_B: 0.069

[Rank 0] (epoch: 735, iters: 1880, time: 0.141, data: 0.183) , D_A: 0.056, G_A: 0.842, cycle_A: 0.068, idt_A: 0.143, D_B: 0.002, G_B: 0.982, cycle_B: 0.235, idt_B: 0.061

saving the latest model (epoch 735, total_iters 320000)
learning rate 0.0000100 -> 0.0000100
saving the model at the end of epoch 735, iters 320048
End of epoch 735 / 950 	 Time Taken: 58 sec
[Rank 0] (epoch: 736, iters: 152, time: 0.171, data: 0.002) , D_A: 0.042, G_A: 0.627, cycle_A: 0.083, idt_A: 0.120, D_B: 0.001, G_B: 0.989, cycle_B: 0.194, idt_B: 0.075

[Rank 0] (epoch: 736, iters: 352, time: 0.030, data: 0.002) , D_A: 0.080, G_A: 0.549, cycle_A: 0.071, idt_A: 0.142, D_B: 0.059, G_B: 0.986, cycle_B: 0.226, idt_B: 0.066

[Rank 0] (epoch: 736, iters: 552, time: 0.030, data: 0.003) , D_A: 0.060, G_A: 1.600, cycle_A: 0.100, idt_A: 0.125, D_B: 0.002, G_B: 1.001, cycle_B: 0.207, idt_B: 0.093

[Rank 0] (epoch: 736, iters: 752, time: 0.029, data: 0.003) , D_A: 0.044, G_A: 0.863, cycle_A: 0.089, idt_A: 0.129, D_B: 0.001, G_B: 0.979, cycle_B: 0.207, idt_B: 0.078

[Rank 0] (epoch: 736, iters: 952, time: 0.153, data: 0.002) , D_A: 0.053, G_A: 0.777, cycle_A: 0.058, idt_A: 0.132, D_B: 0.001, G_B: 1.004, cycle_B: 0.207, idt_B: 0.051

[Rank 0] (epoch: 736, iters: 1152, time: 0.026, data: 0.003) , D_A: 0.052, G_A: 1.154, cycle_A: 0.064, idt_A: 0.135, D_B: 0.002, G_B: 0.994, cycle_B: 0.222, idt_B: 0.059

[Rank 0] (epoch: 736, iters: 1352, time: 0.026, data: 0.011) , D_A: 0.073, G_A: 1.391, cycle_A: 0.097, idt_A: 0.124, D_B: 0.002, G_B: 0.978, cycle_B: 0.190, idt_B: 0.087

[Rank 0] (epoch: 736, iters: 1552, time: 0.030, data: 0.003) , D_A: 0.049, G_A: 0.720, cycle_A: 0.090, idt_A: 0.130, D_B: 0.001, G_B: 1.001, cycle_B: 0.217, idt_B: 0.084

[Rank 0] (epoch: 736, iters: 1752, time: 0.029, data: 0.002) , D_A: 0.048, G_A: 0.766, cycle_A: 0.056, idt_A: 0.138, D_B: 0.001, G_B: 0.991, cycle_B: 0.227, idt_B: 0.050

learning rate 0.0000100 -> 0.0000100
saving the model at the end of epoch 736, iters 321976
End of epoch 736 / 950 	 Time Taken: 60 sec
[Rank 0] (epoch: 737, iters: 24, time: 0.140, data: 0.110) , D_A: 0.047, G_A: 1.214, cycle_A: 0.061, idt_A: 0.119, D_B: 0.001, G_B: 0.965, cycle_B: 0.188, idt_B: 0.055

[Rank 0] (epoch: 737, iters: 224, time: 0.029, data: 0.002) , D_A: 0.050, G_A: 1.245, cycle_A: 0.088, idt_A: 0.135, D_B: 0.001, G_B: 0.997, cycle_B: 0.225, idt_B: 0.079

[Rank 0] (epoch: 737, iters: 424, time: 0.026, data: 0.135) , D_A: 0.068, G_A: 0.547, cycle_A: 0.081, idt_A: 0.120, D_B: 0.002, G_B: 0.953, cycle_B: 0.212, idt_B: 0.072

[Rank 0] (epoch: 737, iters: 624, time: 0.030, data: 0.002) , D_A: 0.061, G_A: 0.600, cycle_A: 0.073, idt_A: 0.128, D_B: 0.001, G_B: 0.993, cycle_B: 0.225, idt_B: 0.062

[Rank 0] (epoch: 737, iters: 824, time: 0.029, data: 0.004) , D_A: 0.073, G_A: 0.514, cycle_A: 0.057, idt_A: 0.113, D_B: 0.002, G_B: 1.006, cycle_B: 0.202, idt_B: 0.054

[Rank 0] (epoch: 737, iters: 1024, time: 0.169, data: 0.003) , D_A: 0.058, G_A: 0.680, cycle_A: 0.090, idt_A: 0.131, D_B: 0.002, G_B: 0.925, cycle_B: 0.229, idt_B: 0.079

[Rank 0] (epoch: 737, iters: 1224, time: 0.029, data: 0.003) , D_A: 0.054, G_A: 0.695, cycle_A: 0.074, idt_A: 0.140, D_B: 0.003, G_B: 0.931, cycle_B: 0.243, idt_B: 0.069

[Rank 0] (epoch: 737, iters: 1424, time: 0.030, data: 0.003) , D_A: 0.045, G_A: 0.785, cycle_A: 0.080, idt_A: 0.134, D_B: 0.001, G_B: 0.979, cycle_B: 0.232, idt_B: 0.073

[Rank 0] (epoch: 737, iters: 1624, time: 0.029, data: 0.002) , D_A: 0.057, G_A: 0.729, cycle_A: 0.088, idt_A: 0.126, D_B: 0.003, G_B: 0.985, cycle_B: 0.224, idt_B: 0.072

[Rank 0] (epoch: 737, iters: 1824, time: 0.030, data: 0.003) , D_A: 0.154, G_A: 0.907, cycle_A: 0.085, idt_A: 0.118, D_B: 0.009, G_B: 0.916, cycle_B: 0.222, idt_B: 0.075

learning rate 0.0000100 -> 0.0000100
saving the model at the end of epoch 737, iters 323904
End of epoch 737 / 950 	 Time Taken: 60 sec
[Rank 0] (epoch: 738, iters: 96, time: 0.147, data: 0.184) , D_A: 0.063, G_A: 0.625, cycle_A: 0.072, idt_A: 0.137, D_B: 0.004, G_B: 0.889, cycle_B: 0.238, idt_B: 0.069

[Rank 0] (epoch: 738, iters: 296, time: 0.029, data: 0.003) , D_A: 0.066, G_A: 0.711, cycle_A: 0.091, idt_A: 0.122, D_B: 0.003, G_B: 0.936, cycle_B: 0.213, idt_B: 0.082

[Rank 0] (epoch: 738, iters: 496, time: 0.030, data: 0.078) , D_A: 0.069, G_A: 0.777, cycle_A: 0.091, idt_A: 0.137, D_B: 0.003, G_B: 0.956, cycle_B: 0.241, idt_B: 0.079

[Rank 0] (epoch: 738, iters: 696, time: 0.030, data: 0.003) , D_A: 0.047, G_A: 0.619, cycle_A: 0.071, idt_A: 0.128, D_B: 0.003, G_B: 0.962, cycle_B: 0.213, idt_B: 0.068

[Rank 0] (epoch: 738, iters: 896, time: 0.026, data: 0.186) , D_A: 0.043, G_A: 0.940, cycle_A: 0.082, idt_A: 0.116, D_B: 0.002, G_B: 0.966, cycle_B: 0.187, idt_B: 0.075

[Rank 0] (epoch: 738, iters: 1096, time: 0.161, data: 0.003) , D_A: 0.058, G_A: 0.706, cycle_A: 0.074, idt_A: 0.134, D_B: 0.002, G_B: 0.908, cycle_B: 0.229, idt_B: 0.064

saving the latest model (epoch 738, total_iters 325000)
[Rank 0] (epoch: 738, iters: 1296, time: 0.029, data: 0.002) , D_A: 0.064, G_A: 1.022, cycle_A: 0.103, idt_A: 0.128, D_B: 0.002, G_B: 0.910, cycle_B: 0.212, idt_B: 0.090

[Rank 0] (epoch: 738, iters: 1496, time: 0.030, data: 0.006) , D_A: 0.069, G_A: 0.805, cycle_A: 0.082, idt_A: 0.142, D_B: 0.002, G_B: 0.994, cycle_B: 0.236, idt_B: 0.077

[Rank 0] (epoch: 738, iters: 1696, time: 0.026, data: 0.108) , D_A: 0.055, G_A: 1.087, cycle_A: 0.097, idt_A: 0.118, D_B: 0.055, G_B: 0.972, cycle_B: 0.189, idt_B: 0.084

[Rank 0] (epoch: 738, iters: 1896, time: 0.030, data: 0.003) , D_A: 0.043, G_A: 0.706, cycle_A: 0.093, idt_A: 0.119, D_B: 0.002, G_B: 0.971, cycle_B: 0.185, idt_B: 0.091

learning rate 0.0000100 -> 0.0000100
saving the model at the end of epoch 738, iters 325832
End of epoch 738 / 950 	 Time Taken: 61 sec
[Rank 0] (epoch: 739, iters: 168, time: 0.147, data: 0.002) , D_A: 0.044, G_A: 0.740, cycle_A: 0.096, idt_A: 0.125, D_B: 0.002, G_B: 0.943, cycle_B: 0.197, idt_B: 0.079

[Rank 0] (epoch: 739, iters: 368, time: 0.029, data: 0.002) , D_A: 0.061, G_A: 0.642, cycle_A: 0.067, idt_A: 0.119, D_B: 0.001, G_B: 0.992, cycle_B: 0.188, idt_B: 0.062

[Rank 0] (epoch: 739, iters: 568, time: 0.030, data: 0.003) , D_A: 0.039, G_A: 0.748, cycle_A: 0.085, idt_A: 0.130, D_B: 0.001, G_B: 0.966, cycle_B: 0.202, idt_B: 0.077

[Rank 0] (epoch: 739, iters: 768, time: 0.029, data: 0.003) , D_A: 0.050, G_A: 0.798, cycle_A: 0.090, idt_A: 0.124, D_B: 0.001, G_B: 0.994, cycle_B: 0.188, idt_B: 0.082

[Rank 0] (epoch: 739, iters: 968, time: 0.030, data: 0.114) , D_A: 0.050, G_A: 0.623, cycle_A: 0.065, idt_A: 0.115, D_B: 0.001, G_B: 1.002, cycle_B: 0.184, idt_B: 0.061

[Rank 0] (epoch: 739, iters: 1168, time: 0.175, data: 0.160) , D_A: 0.056, G_A: 0.694, cycle_A: 0.058, idt_A: 0.119, D_B: 0.002, G_B: 1.055, cycle_B: 0.188, idt_B: 0.052

[Rank 0] (epoch: 739, iters: 1368, time: 0.030, data: 0.004) , D_A: 0.038, G_A: 1.128, cycle_A: 0.083, idt_A: 0.120, D_B: 0.003, G_B: 0.914, cycle_B: 0.198, idt_B: 0.073

[Rank 0] (epoch: 739, iters: 1568, time: 0.026, data: 0.004) , D_A: 0.063, G_A: 0.722, cycle_A: 0.100, idt_A: 0.129, D_B: 0.004, G_B: 0.838, cycle_B: 0.217, idt_B: 0.090

[Rank 0] (epoch: 739, iters: 1768, time: 0.026, data: 0.066) , D_A: 0.046, G_A: 0.951, cycle_A: 0.070, idt_A: 0.122, D_B: 0.002, G_B: 0.992, cycle_B: 0.189, idt_B: 0.058

learning rate 0.0000100 -> 0.0000100
saving the model at the end of epoch 739, iters 327760
End of epoch 739 / 950 	 Time Taken: 61 sec
[Rank 0] (epoch: 740, iters: 40, time: 0.160, data: 0.002) , D_A: 0.069, G_A: 0.770, cycle_A: 0.065, idt_A: 0.121, D_B: 0.002, G_B: 0.989, cycle_B: 0.196, idt_B: 0.056

[Rank 0] (epoch: 740, iters: 240, time: 0.162, data: 0.003) , D_A: 0.069, G_A: 0.648, cycle_A: 0.077, idt_A: 0.129, D_B: 0.003, G_B: 0.887, cycle_B: 0.195, idt_B: 0.064

[Rank 0] (epoch: 740, iters: 440, time: 0.030, data: 0.003) , D_A: 0.052, G_A: 0.780, cycle_A: 0.075, idt_A: 0.135, D_B: 0.004, G_B: 1.014, cycle_B: 0.218, idt_B: 0.069

[Rank 0] (epoch: 740, iters: 640, time: 0.026, data: 0.006) , D_A: 0.049, G_A: 0.643, cycle_A: 0.072, idt_A: 0.135, D_B: 0.002, G_B: 0.948, cycle_B: 0.202, idt_B: 0.064

[Rank 0] (epoch: 740, iters: 840, time: 0.030, data: 0.056) , D_A: 0.038, G_A: 0.978, cycle_A: 0.084, idt_A: 0.117, D_B: 0.008, G_B: 0.770, cycle_B: 0.185, idt_B: 0.074

[Rank 0] (epoch: 740, iters: 1040, time: 0.030, data: 0.002) , D_A: 0.071, G_A: 0.749, cycle_A: 0.076, idt_A: 0.119, D_B: 0.004, G_B: 0.849, cycle_B: 0.195, idt_B: 0.064

[Rank 0] (epoch: 740, iters: 1240, time: 0.177, data: 0.002) , D_A: 0.043, G_A: 0.960, cycle_A: 0.067, idt_A: 0.133, D_B: 0.003, G_B: 0.943, cycle_B: 0.212, idt_B: 0.060

[Rank 0] (epoch: 740, iters: 1440, time: 0.029, data: 0.005) , D_A: 0.036, G_A: 0.829, cycle_A: 0.088, idt_A: 0.125, D_B: 0.042, G_B: 0.996, cycle_B: 0.205, idt_B: 0.071

[Rank 0] (epoch: 740, iters: 1640, time: 0.026, data: 0.004) , D_A: 0.092, G_A: 0.675, cycle_A: 0.065, idt_A: 0.128, D_B: 0.016, G_B: 0.986, cycle_B: 0.202, idt_B: 0.060

[Rank 0] (epoch: 740, iters: 1840, time: 0.030, data: 0.001) , D_A: 0.055, G_A: 0.699, cycle_A: 0.078, idt_A: 0.119, D_B: 0.028, G_B: 0.977, cycle_B: 0.191, idt_B: 0.072

learning rate 0.0000100 -> 0.0000100
saving the model at the end of epoch 740, iters 329688
End of epoch 740 / 950 	 Time Taken: 61 sec
[Rank 0] (epoch: 741, iters: 112, time: 0.144, data: 0.002) , D_A: 0.053, G_A: 0.524, cycle_A: 0.092, idt_A: 0.133, D_B: 0.002, G_B: 0.901, cycle_B: 0.217, idt_B: 0.085

[Rank 0] (epoch: 741, iters: 312, time: 0.134, data: 0.002) , D_A: 0.077, G_A: 0.445, cycle_A: 0.089, idt_A: 0.132, D_B: 0.001, G_B: 0.998, cycle_B: 0.206, idt_B: 0.075

saving the latest model (epoch 741, total_iters 330000)
[Rank 0] (epoch: 741, iters: 512, time: 0.030, data: 0.002) , D_A: 0.085, G_A: 0.397, cycle_A: 0.093, idt_A: 0.120, D_B: 0.004, G_B: 1.106, cycle_B: 0.190, idt_B: 0.088

[Rank 0] (epoch: 741, iters: 712, time: 0.027, data: 0.021) , D_A: 0.051, G_A: 0.658, cycle_A: 0.098, idt_A: 0.123, D_B: 0.003, G_B: 0.975, cycle_B: 0.203, idt_B: 0.089

[Rank 0] (epoch: 741, iters: 912, time: 0.026, data: 0.188) , D_A: 0.044, G_A: 0.638, cycle_A: 0.084, idt_A: 0.119, D_B: 0.001, G_B: 0.970, cycle_B: 0.198, idt_B: 0.074

[Rank 0] (epoch: 741, iters: 1112, time: 0.029, data: 0.002) , D_A: 0.039, G_A: 0.963, cycle_A: 0.089, idt_A: 0.133, D_B: 0.006, G_B: 0.791, cycle_B: 0.223, idt_B: 0.078

[Rank 0] (epoch: 741, iters: 1312, time: 0.170, data: 0.001) , D_A: 0.038, G_A: 0.826, cycle_A: 0.099, idt_A: 0.120, D_B: 0.002, G_B: 0.962, cycle_B: 0.193, idt_B: 0.085

[Rank 0] (epoch: 741, iters: 1512, time: 0.030, data: 0.004) , D_A: 0.052, G_A: 0.594, cycle_A: 0.083, idt_A: 0.140, D_B: 0.001, G_B: 0.992, cycle_B: 0.226, idt_B: 0.072

[Rank 0] (epoch: 741, iters: 1712, time: 0.026, data: 0.003) , D_A: 0.044, G_A: 1.175, cycle_A: 0.068, idt_A: 0.128, D_B: 0.001, G_B: 0.981, cycle_B: 0.216, idt_B: 0.058

[Rank 0] (epoch: 741, iters: 1912, time: 0.026, data: 0.116) , D_A: 0.086, G_A: 0.648, cycle_A: 0.071, idt_A: 0.138, D_B: 0.005, G_B: 1.004, cycle_B: 0.247, idt_B: 0.069

learning rate 0.0000100 -> 0.0000100
saving the model at the end of epoch 741, iters 331616
End of epoch 741 / 950 	 Time Taken: 62 sec
[Rank 0] (epoch: 742, iters: 184, time: 0.144, data: 0.025) , D_A: 0.064, G_A: 0.705, cycle_A: 0.087, idt_A: 0.140, D_B: 0.023, G_B: 0.987, cycle_B: 0.257, idt_B: 0.079

[Rank 0] (epoch: 742, iters: 384, time: 0.132, data: 0.003) , D_A: 0.081, G_A: 1.901, cycle_A: 0.069, idt_A: 0.115, D_B: 0.007, G_B: 0.812, cycle_B: 0.194, idt_B: 0.060

[Rank 0] (epoch: 742, iters: 584, time: 0.029, data: 0.003) , D_A: 0.059, G_A: 0.684, cycle_A: 0.090, idt_A: 0.130, D_B: 0.003, G_B: 0.900, cycle_B: 0.213, idt_B: 0.086

[Rank 0] (epoch: 742, iters: 784, time: 0.026, data: 0.065) , D_A: 0.048, G_A: 0.741, cycle_A: 0.055, idt_A: 0.120, D_B: 0.088, G_B: 0.966, cycle_B: 0.186, idt_B: 0.050

[Rank 0] (epoch: 742, iters: 984, time: 0.029, data: 0.003) , D_A: 0.034, G_A: 1.055, cycle_A: 0.077, idt_A: 0.146, D_B: 0.022, G_B: 0.954, cycle_B: 0.236, idt_B: 0.066

[Rank 0] (epoch: 742, iters: 1184, time: 0.030, data: 0.003) , D_A: 0.068, G_A: 0.589, cycle_A: 0.075, idt_A: 0.129, D_B: 0.004, G_B: 0.954, cycle_B: 0.205, idt_B: 0.058

[Rank 0] (epoch: 742, iters: 1384, time: 0.132, data: 0.001) , D_A: 0.031, G_A: 0.871, cycle_A: 0.087, idt_A: 0.134, D_B: 0.002, G_B: 0.959, cycle_B: 0.209, idt_B: 0.075

[Rank 0] (epoch: 742, iters: 1584, time: 0.026, data: 0.003) , D_A: 0.082, G_A: 0.474, cycle_A: 0.076, idt_A: 0.128, D_B: 0.002, G_B: 0.921, cycle_B: 0.198, idt_B: 0.073

[Rank 0] (epoch: 742, iters: 1784, time: 0.030, data: 0.002) , D_A: 0.039, G_A: 0.878, cycle_A: 0.072, idt_A: 0.137, D_B: 0.003, G_B: 0.898, cycle_B: 0.214, idt_B: 0.061

learning rate 0.0000100 -> 0.0000100
saving the model at the end of epoch 742, iters 333544
End of epoch 742 / 950 	 Time Taken: 62 sec
[Rank 0] (epoch: 743, iters: 56, time: 0.183, data: 0.003) , D_A: 0.036, G_A: 0.846, cycle_A: 0.044, idt_A: 0.136, D_B: 0.002, G_B: 0.976, cycle_B: 0.209, idt_B: 0.039

[Rank 0] (epoch: 743, iters: 256, time: 0.029, data: 0.004) , D_A: 0.041, G_A: 0.975, cycle_A: 0.086, idt_A: 0.148, D_B: 0.001, G_B: 1.005, cycle_B: 0.222, idt_B: 0.072

[Rank 0] (epoch: 743, iters: 456, time: 0.162, data: 0.005) , D_A: 0.050, G_A: 0.431, cycle_A: 0.072, idt_A: 0.114, D_B: 0.001, G_B: 0.992, cycle_B: 0.175, idt_B: 0.068

[Rank 0] (epoch: 743, iters: 656, time: 0.026, data: 0.003) , D_A: 0.059, G_A: 0.612, cycle_A: 0.093, idt_A: 0.119, D_B: 0.005, G_B: 0.859, cycle_B: 0.187, idt_B: 0.078

[Rank 0] (epoch: 743, iters: 856, time: 0.030, data: 0.003) , D_A: 0.051, G_A: 0.545, cycle_A: 0.083, idt_A: 0.117, D_B: 0.048, G_B: 0.861, cycle_B: 0.183, idt_B: 0.073

[Rank 0] (epoch: 743, iters: 1056, time: 0.030, data: 0.003) , D_A: 0.042, G_A: 1.044, cycle_A: 0.085, idt_A: 0.123, D_B: 0.002, G_B: 0.963, cycle_B: 0.192, idt_B: 0.075

[Rank 0] (epoch: 743, iters: 1256, time: 0.029, data: 0.005) , D_A: 0.075, G_A: 0.807, cycle_A: 0.080, idt_A: 0.107, D_B: 0.002, G_B: 0.906, cycle_B: 0.156, idt_B: 0.070

[Rank 0] (epoch: 743, iters: 1456, time: 0.165, data: 0.089) , D_A: 0.055, G_A: 0.744, cycle_A: 0.056, idt_A: 0.129, D_B: 0.005, G_B: 0.880, cycle_B: 0.197, idt_B: 0.052

saving the latest model (epoch 743, total_iters 335000)
[Rank 0] (epoch: 743, iters: 1656, time: 0.029, data: 0.002) , D_A: 0.044, G_A: 0.526, cycle_A: 0.084, idt_A: 0.119, D_B: 0.003, G_B: 0.878, cycle_B: 0.183, idt_B: 0.072

[Rank 0] (epoch: 743, iters: 1856, time: 0.030, data: 0.004) , D_A: 0.044, G_A: 1.196, cycle_A: 0.081, idt_A: 0.134, D_B: 0.002, G_B: 0.972, cycle_B: 0.208, idt_B: 0.070

learning rate 0.0000100 -> 0.0000100
saving the model at the end of epoch 743, iters 335472
End of epoch 743 / 950 	 Time Taken: 59 sec
[Rank 0] (epoch: 744, iters: 128, time: 0.146, data: 0.003) , D_A: 0.053, G_A: 0.748, cycle_A: 0.077, idt_A: 0.141, D_B: 0.001, G_B: 0.998, cycle_B: 0.216, idt_B: 0.068

[Rank 0] (epoch: 744, iters: 328, time: 0.026, data: 0.005) , D_A: 0.064, G_A: 0.619, cycle_A: 0.066, idt_A: 0.134, D_B: 0.003, G_B: 0.918, cycle_B: 0.200, idt_B: 0.063

[Rank 0] (epoch: 744, iters: 528, time: 0.148, data: 0.002) , D_A: 0.067, G_A: 0.619, cycle_A: 0.070, idt_A: 0.124, D_B: 0.044, G_B: 0.935, cycle_B: 0.184, idt_B: 0.066

[Rank 0] (epoch: 744, iters: 728, time: 0.030, data: 0.003) , D_A: 0.032, G_A: 0.945, cycle_A: 0.081, idt_A: 0.126, D_B: 0.002, G_B: 0.970, cycle_B: 0.193, idt_B: 0.079

[Rank 0] (epoch: 744, iters: 928, time: 0.029, data: 0.005) , D_A: 0.057, G_A: 1.272, cycle_A: 0.088, idt_A: 0.120, D_B: 0.003, G_B: 0.947, cycle_B: 0.190, idt_B: 0.075

[Rank 0] (epoch: 744, iters: 1128, time: 0.026, data: 0.170) , D_A: 0.062, G_A: 0.671, cycle_A: 0.055, idt_A: 0.137, D_B: 0.001, G_B: 1.006, cycle_B: 0.199, idt_B: 0.052

[Rank 0] (epoch: 744, iters: 1328, time: 0.030, data: 0.002) , D_A: 0.042, G_A: 0.630, cycle_A: 0.082, idt_A: 0.114, D_B: 0.001, G_B: 0.981, cycle_B: 0.167, idt_B: 0.074

[Rank 0] (epoch: 744, iters: 1528, time: 0.151, data: 0.002) , D_A: 0.028, G_A: 0.933, cycle_A: 0.098, idt_A: 0.119, D_B: 0.002, G_B: 0.971, cycle_B: 0.181, idt_B: 0.089

[Rank 0] (epoch: 744, iters: 1728, time: 0.029, data: 0.004) , D_A: 0.059, G_A: 1.070, cycle_A: 0.092, idt_A: 0.139, D_B: 0.002, G_B: 0.985, cycle_B: 0.211, idt_B: 0.082

[Rank 0] (epoch: 744, iters: 1928, time: 0.024, data: 0.003) , D_A: 0.067, G_A: 0.957, cycle_A: 0.037, idt_A: 0.117, D_B: 0.001, G_B: 1.021, cycle_B: 0.169, idt_B: 0.033

learning rate 0.0000100 -> 0.0000100
saving the model at the end of epoch 744, iters 337400
End of epoch 744 / 950 	 Time Taken: 60 sec
[Rank 0] (epoch: 745, iters: 200, time: 0.148, data: 1.373) , D_A: 0.052, G_A: 0.894, cycle_A: 0.105, idt_A: 0.122, D_B: 0.002, G_B: 0.994, cycle_B: 0.184, idt_B: 0.095

[Rank 0] (epoch: 745, iters: 400, time: 0.026, data: 0.005) , D_A: 0.039, G_A: 1.099, cycle_A: 0.072, idt_A: 0.131, D_B: 0.001, G_B: 0.998, cycle_B: 0.190, idt_B: 0.064

[Rank 0] (epoch: 745, iters: 600, time: 0.160, data: 0.002) , D_A: 0.041, G_A: 0.690, cycle_A: 0.070, idt_A: 0.130, D_B: 0.006, G_B: 0.883, cycle_B: 0.188, idt_B: 0.059

[Rank 0] (epoch: 745, iters: 800, time: 0.030, data: 0.002) , D_A: 0.079, G_A: 1.163, cycle_A: 0.068, idt_A: 0.134, D_B: 0.001, G_B: 0.985, cycle_B: 0.185, idt_B: 0.063

[Rank 0] (epoch: 745, iters: 1000, time: 0.027, data: 0.004) , D_A: 0.042, G_A: 0.766, cycle_A: 0.051, idt_A: 0.120, D_B: 0.026, G_B: 0.985, cycle_B: 0.183, idt_B: 0.046

[Rank 0] (epoch: 745, iters: 1200, time: 0.026, data: 0.093) , D_A: 0.044, G_A: 0.817, cycle_A: 0.085, idt_A: 0.133, D_B: 0.002, G_B: 0.973, cycle_B: 0.190, idt_B: 0.077

[Rank 0] (epoch: 745, iters: 1400, time: 0.026, data: 0.101) , D_A: 0.072, G_A: 0.740, cycle_A: 0.089, idt_A: 0.143, D_B: 0.007, G_B: 0.855, cycle_B: 0.220, idt_B: 0.076

[Rank 0] (epoch: 745, iters: 1600, time: 0.158, data: 0.003) , D_A: 0.061, G_A: 0.534, cycle_A: 0.054, idt_A: 0.115, D_B: 0.049, G_B: 0.966, cycle_B: 0.177, idt_B: 0.047

[Rank 0] (epoch: 745, iters: 1800, time: 0.030, data: 0.004) , D_A: 0.042, G_A: 0.644, cycle_A: 0.060, idt_A: 0.135, D_B: 0.002, G_B: 0.974, cycle_B: 0.198, idt_B: 0.058

learning rate 0.0000100 -> 0.0000100
saving the model at the end of epoch 745, iters 339328
End of epoch 745 / 950 	 Time Taken: 60 sec
[Rank 0] (epoch: 746, iters: 72, time: 0.148, data: 0.003) , D_A: 0.087, G_A: 1.884, cycle_A: 0.098, idt_A: 0.137, D_B: 0.006, G_B: 0.823, cycle_B: 0.221, idt_B: 0.081

[Rank 0] (epoch: 746, iters: 272, time: 0.030, data: 0.002) , D_A: 0.094, G_A: 1.120, cycle_A: 0.068, idt_A: 0.139, D_B: 0.022, G_B: 0.770, cycle_B: 0.219, idt_B: 0.058

[Rank 0] (epoch: 746, iters: 472, time: 0.026, data: 0.218) , D_A: 0.047, G_A: 0.750, cycle_A: 0.070, idt_A: 0.140, D_B: 0.005, G_B: 0.896, cycle_B: 0.204, idt_B: 0.056

[Rank 0] (epoch: 746, iters: 672, time: 0.137, data: 0.004) , D_A: 0.060, G_A: 0.757, cycle_A: 0.056, idt_A: 0.139, D_B: 0.005, G_B: 0.964, cycle_B: 0.227, idt_B: 0.045

saving the latest model (epoch 746, total_iters 340000)
[Rank 0] (epoch: 746, iters: 872, time: 0.030, data: 0.003) , D_A: 0.065, G_A: 0.516, cycle_A: 0.060, idt_A: 0.134, D_B: 0.002, G_B: 0.968, cycle_B: 0.210, idt_B: 0.055

[Rank 0] (epoch: 746, iters: 1072, time: 0.030, data: 0.002) , D_A: 0.085, G_A: 0.962, cycle_A: 0.082, idt_A: 0.137, D_B: 0.001, G_B: 0.982, cycle_B: 0.214, idt_B: 0.068

[Rank 0] (epoch: 746, iters: 1272, time: 0.030, data: 0.001) , D_A: 0.045, G_A: 0.771, cycle_A: 0.074, idt_A: 0.128, D_B: 0.002, G_B: 0.949, cycle_B: 0.196, idt_B: 0.070

[Rank 0] (epoch: 746, iters: 1472, time: 0.026, data: 0.208) , D_A: 0.068, G_A: 0.583, cycle_A: 0.086, idt_A: 0.131, D_B: 0.001, G_B: 0.953, cycle_B: 0.206, idt_B: 0.073

[Rank 0] (epoch: 746, iters: 1672, time: 0.141, data: 0.002) , D_A: 0.072, G_A: 0.487, cycle_A: 0.067, idt_A: 0.122, D_B: 0.005, G_B: 0.871, cycle_B: 0.195, idt_B: 0.061

[Rank 0] (epoch: 746, iters: 1872, time: 0.028, data: 0.002) , D_A: 0.048, G_A: 0.637, cycle_A: 0.084, idt_A: 0.137, D_B: 0.003, G_B: 1.006, cycle_B: 0.209, idt_B: 0.075

learning rate 0.0000100 -> 0.0000100
saving the model at the end of epoch 746, iters 341256
End of epoch 746 / 950 	 Time Taken: 62 sec
[Rank 0] (epoch: 747, iters: 144, time: 0.143, data: 0.002) , D_A: 0.064, G_A: 0.474, cycle_A: 0.097, idt_A: 0.119, D_B: 0.002, G_B: 1.023, cycle_B: 0.177, idt_B: 0.088

[Rank 0] (epoch: 747, iters: 344, time: 0.030, data: 0.002) , D_A: 0.062, G_A: 0.523, cycle_A: 0.063, idt_A: 0.131, D_B: 0.054, G_B: 0.995, cycle_B: 0.215, idt_B: 0.064

[Rank 0] (epoch: 747, iters: 544, time: 0.030, data: 0.002) , D_A: 0.031, G_A: 0.933, cycle_A: 0.069, idt_A: 0.124, D_B: 0.004, G_B: 0.866, cycle_B: 0.186, idt_B: 0.066

[Rank 0] (epoch: 747, iters: 744, time: 0.138, data: 0.034) , D_A: 0.037, G_A: 0.733, cycle_A: 0.070, idt_A: 0.151, D_B: 0.019, G_B: 0.846, cycle_B: 0.244, idt_B: 0.064

[Rank 0] (epoch: 747, iters: 944, time: 0.026, data: 0.004) , D_A: 0.054, G_A: 0.649, cycle_A: 0.068, idt_A: 0.124, D_B: 0.032, G_B: 0.901, cycle_B: 0.209, idt_B: 0.064

[Rank 0] (epoch: 747, iters: 1144, time: 0.029, data: 0.003) , D_A: 0.044, G_A: 1.069, cycle_A: 0.067, idt_A: 0.122, D_B: 0.013, G_B: 0.738, cycle_B: 0.215, idt_B: 0.065

[Rank 0] (epoch: 747, iters: 1344, time: 0.030, data: 0.002) , D_A: 0.048, G_A: 0.538, cycle_A: 0.066, idt_A: 0.124, D_B: 0.057, G_B: 0.717, cycle_B: 0.218, idt_B: 0.058

[Rank 0] (epoch: 747, iters: 1544, time: 0.030, data: 0.003) , D_A: 0.049, G_A: 0.837, cycle_A: 0.065, idt_A: 0.131, D_B: 0.008, G_B: 0.909, cycle_B: 0.218, idt_B: 0.063

[Rank 0] (epoch: 747, iters: 1744, time: 0.139, data: 0.008) , D_A: 0.080, G_A: 0.442, cycle_A: 0.082, idt_A: 0.125, D_B: 0.013, G_B: 0.684, cycle_B: 0.195, idt_B: 0.076

learning rate 0.0000100 -> 0.0000100
saving the model at the end of epoch 747, iters 343184
End of epoch 747 / 950 	 Time Taken: 62 sec
[Rank 0] (epoch: 748, iters: 16, time: 0.179, data: 0.003) , D_A: 0.038, G_A: 0.827, cycle_A: 0.066, idt_A: 0.129, D_B: 0.002, G_B: 0.969, cycle_B: 0.203, idt_B: 0.060

[Rank 0] (epoch: 748, iters: 216, time: 0.029, data: 0.002) , D_A: 0.079, G_A: 1.893, cycle_A: 0.056, idt_A: 0.124, D_B: 0.006, G_B: 0.992, cycle_B: 0.195, idt_B: 0.050

[Rank 0] (epoch: 748, iters: 416, time: 0.029, data: 0.002) , D_A: 0.053, G_A: 0.844, cycle_A: 0.074, idt_A: 0.121, D_B: 0.002, G_B: 0.995, cycle_B: 0.208, idt_B: 0.067

[Rank 0] (epoch: 748, iters: 616, time: 0.030, data: 0.005) , D_A: 0.037, G_A: 0.888, cycle_A: 0.083, idt_A: 0.123, D_B: 0.002, G_B: 0.963, cycle_B: 0.197, idt_B: 0.076

[Rank 0] (epoch: 748, iters: 816, time: 0.196, data: 0.003) , D_A: 0.058, G_A: 0.548, cycle_A: 0.089, idt_A: 0.136, D_B: 0.002, G_B: 1.003, cycle_B: 0.218, idt_B: 0.086

[Rank 0] (epoch: 748, iters: 1016, time: 0.029, data: 0.003) , D_A: 0.056, G_A: 0.877, cycle_A: 0.080, idt_A: 0.140, D_B: 0.002, G_B: 0.970, cycle_B: 0.226, idt_B: 0.076

[Rank 0] (epoch: 748, iters: 1216, time: 0.029, data: 0.004) , D_A: 0.061, G_A: 1.652, cycle_A: 0.090, idt_A: 0.120, D_B: 0.003, G_B: 0.930, cycle_B: 0.196, idt_B: 0.084

[Rank 0] (epoch: 748, iters: 1416, time: 0.030, data: 0.005) , D_A: 0.046, G_A: 0.742, cycle_A: 0.075, idt_A: 0.138, D_B: 0.003, G_B: 0.968, cycle_B: 0.223, idt_B: 0.066

[Rank 0] (epoch: 748, iters: 1616, time: 0.026, data: 0.003) , D_A: 0.063, G_A: 0.665, cycle_A: 0.067, idt_A: 0.122, D_B: 0.001, G_B: 0.954, cycle_B: 0.189, idt_B: 0.060

[Rank 0] (epoch: 748, iters: 1816, time: 0.166, data: 0.102) , D_A: 0.052, G_A: 0.597, cycle_A: 0.077, idt_A: 0.134, D_B: 0.002, G_B: 0.927, cycle_B: 0.210, idt_B: 0.076

saving the latest model (epoch 748, total_iters 345000)
learning rate 0.0000100 -> 0.0000100
saving the model at the end of epoch 748, iters 345112
End of epoch 748 / 950 	 Time Taken: 61 sec
[Rank 0] (epoch: 749, iters: 88, time: 0.186, data: 0.003) , D_A: 0.060, G_A: 1.060, cycle_A: 0.067, idt_A: 0.121, D_B: 0.003, G_B: 0.926, cycle_B: 0.193, idt_B: 0.056

[Rank 0] (epoch: 749, iters: 288, time: 0.026, data: 0.002) , D_A: 0.038, G_A: 0.897, cycle_A: 0.089, idt_A: 0.139, D_B: 0.003, G_B: 0.907, cycle_B: 0.222, idt_B: 0.085

[Rank 0] (epoch: 749, iters: 488, time: 0.029, data: 0.002) , D_A: 0.032, G_A: 0.933, cycle_A: 0.074, idt_A: 0.133, D_B: 0.029, G_B: 0.752, cycle_B: 0.320, idt_B: 0.062

[Rank 0] (epoch: 749, iters: 688, time: 0.029, data: 0.002) , D_A: 0.078, G_A: 0.685, cycle_A: 0.081, idt_A: 0.144, D_B: 0.010, G_B: 0.848, cycle_B: 0.287, idt_B: 0.063

[Rank 0] (epoch: 749, iters: 888, time: 0.181, data: 0.002) , D_A: 0.037, G_A: 0.851, cycle_A: 0.077, idt_A: 0.126, D_B: 0.039, G_B: 1.060, cycle_B: 0.251, idt_B: 0.067

[Rank 0] (epoch: 749, iters: 1088, time: 0.030, data: 0.006) , D_A: 0.057, G_A: 1.053, cycle_A: 0.080, idt_A: 0.126, D_B: 0.006, G_B: 1.043, cycle_B: 0.240, idt_B: 0.072

[Rank 0] (epoch: 749, iters: 1288, time: 0.030, data: 0.005) , D_A: 0.041, G_A: 0.690, cycle_A: 0.089, idt_A: 0.128, D_B: 0.050, G_B: 1.057, cycle_B: 0.257, idt_B: 0.085

[Rank 0] (epoch: 749, iters: 1488, time: 0.026, data: 0.185) , D_A: 0.037, G_A: 0.795, cycle_A: 0.088, idt_A: 0.129, D_B: 0.008, G_B: 0.902, cycle_B: 0.260, idt_B: 0.077

[Rank 0] (epoch: 749, iters: 1688, time: 0.030, data: 0.003) , D_A: 0.047, G_A: 0.679, cycle_A: 0.072, idt_A: 0.127, D_B: 0.008, G_B: 0.918, cycle_B: 0.240, idt_B: 0.063

[Rank 0] (epoch: 749, iters: 1888, time: 0.130, data: 0.003) , D_A: 0.052, G_A: 0.562, cycle_A: 0.093, idt_A: 0.152, D_B: 0.004, G_B: 0.931, cycle_B: 0.268, idt_B: 0.084

learning rate 0.0000100 -> 0.0000100
saving the model at the end of epoch 749, iters 347040
End of epoch 749 / 950 	 Time Taken: 61 sec
[Rank 0] (epoch: 750, iters: 160, time: 0.196, data: 0.001) , D_A: 0.064, G_A: 0.655, cycle_A: 0.090, idt_A: 0.135, D_B: 0.007, G_B: 0.872, cycle_B: 0.229, idt_B: 0.084

[Rank 0] (epoch: 750, iters: 360, time: 0.030, data: 0.004) , D_A: 0.046, G_A: 0.730, cycle_A: 0.053, idt_A: 0.125, D_B: 0.004, G_B: 0.942, cycle_B: 0.204, idt_B: 0.047

[Rank 0] (epoch: 750, iters: 560, time: 0.029, data: 0.008) , D_A: 0.049, G_A: 0.949, cycle_A: 0.096, idt_A: 0.122, D_B: 0.004, G_B: 0.945, cycle_B: 0.198, idt_B: 0.089

[Rank 0] (epoch: 750, iters: 760, time: 0.026, data: 0.150) , D_A: 0.045, G_A: 0.732, cycle_A: 0.066, idt_A: 0.135, D_B: 0.004, G_B: 0.885, cycle_B: 0.211, idt_B: 0.059

[Rank 0] (epoch: 750, iters: 960, time: 0.161, data: 0.003) , D_A: 0.041, G_A: 0.851, cycle_A: 0.076, idt_A: 0.130, D_B: 0.003, G_B: 0.938, cycle_B: 0.209, idt_B: 0.069

[Rank 0] (epoch: 750, iters: 1160, time: 0.029, data: 0.003) , D_A: 0.040, G_A: 0.885, cycle_A: 0.073, idt_A: 0.137, D_B: 0.003, G_B: 0.905, cycle_B: 0.205, idt_B: 0.065

[Rank 0] (epoch: 750, iters: 1360, time: 0.026, data: 0.003) , D_A: 0.060, G_A: 1.413, cycle_A: 0.076, idt_A: 0.127, D_B: 0.002, G_B: 0.973, cycle_B: 0.202, idt_B: 0.068

[Rank 0] (epoch: 750, iters: 1560, time: 0.030, data: 0.002) , D_A: 0.066, G_A: 0.700, cycle_A: 0.098, idt_A: 0.125, D_B: 0.001, G_B: 0.979, cycle_B: 0.194, idt_B: 0.082

[Rank 0] (epoch: 750, iters: 1760, time: 0.029, data: 0.121) , D_A: 0.053, G_A: 0.552, cycle_A: 0.075, idt_A: 0.124, D_B: 0.002, G_B: 0.989, cycle_B: 0.188, idt_B: 0.066

learning rate 0.0000100 -> 0.0000100
saving the model at the end of epoch 750, iters 348968
End of epoch 750 / 950 	 Time Taken: 61 sec
[Rank 0] (epoch: 751, iters: 32, time: 0.174, data: 0.012) , D_A: 0.042, G_A: 0.692, cycle_A: 0.078, idt_A: 0.129, D_B: 0.001, G_B: 0.937, cycle_B: 0.197, idt_B: 0.064

[Rank 0] (epoch: 751, iters: 232, time: 0.029, data: 0.003) , D_A: 0.064, G_A: 0.554, cycle_A: 0.071, idt_A: 0.130, D_B: 0.001, G_B: 0.965, cycle_B: 0.199, idt_B: 0.066

[Rank 0] (epoch: 751, iters: 432, time: 0.026, data: 0.005) , D_A: 0.084, G_A: 0.485, cycle_A: 0.069, idt_A: 0.117, D_B: 0.001, G_B: 0.995, cycle_B: 0.183, idt_B: 0.060

[Rank 0] (epoch: 751, iters: 632, time: 0.026, data: 0.024) , D_A: 0.040, G_A: 0.610, cycle_A: 0.074, idt_A: 0.131, D_B: 0.002, G_B: 0.909, cycle_B: 0.202, idt_B: 0.068

[Rank 0] (epoch: 751, iters: 832, time: 0.029, data: 0.002) , D_A: 0.036, G_A: 0.765, cycle_A: 0.072, idt_A: 0.130, D_B: 0.001, G_B: 1.003, cycle_B: 0.193, idt_B: 0.059

[Rank 0] (epoch: 751, iters: 1032, time: 0.168, data: 0.002) , D_A: 0.036, G_A: 0.765, cycle_A: 0.070, idt_A: 0.129, D_B: 0.002, G_B: 0.976, cycle_B: 0.197, idt_B: 0.068

saving the latest model (epoch 751, total_iters 350000)
[Rank 0] (epoch: 751, iters: 1232, time: 0.030, data: 0.003) , D_A: 0.040, G_A: 0.946, cycle_A: 0.073, idt_A: 0.138, D_B: 0.002, G_B: 1.002, cycle_B: 0.201, idt_B: 0.068

[Rank 0] (epoch: 751, iters: 1432, time: 0.030, data: 0.001) , D_A: 0.037, G_A: 0.712, cycle_A: 0.078, idt_A: 0.120, D_B: 0.015, G_B: 0.790, cycle_B: 0.175, idt_B: 0.063

[Rank 0] (epoch: 751, iters: 1632, time: 0.030, data: 0.004) , D_A: 0.051, G_A: 0.849, cycle_A: 0.092, idt_A: 0.132, D_B: 0.001, G_B: 1.009, cycle_B: 0.196, idt_B: 0.076

[Rank 0] (epoch: 751, iters: 1832, time: 0.030, data: 0.002) , D_A: 0.045, G_A: 0.526, cycle_A: 0.091, idt_A: 0.140, D_B: 0.001, G_B: 1.005, cycle_B: 0.201, idt_B: 0.084

learning rate 0.0000100 -> 0.0000100
saving the model at the end of epoch 751, iters 350896
End of epoch 751 / 950 	 Time Taken: 59 sec
[Rank 0] (epoch: 752, iters: 104, time: 0.177, data: 0.003) , D_A: 0.065, G_A: 1.555, cycle_A: 0.082, idt_A: 0.119, D_B: 0.001, G_B: 1.023, cycle_B: 0.178, idt_B: 0.073

[Rank 0] (epoch: 752, iters: 304, time: 0.030, data: 0.002) , D_A: 0.042, G_A: 0.723, cycle_A: 0.091, idt_A: 0.134, D_B: 0.001, G_B: 0.975, cycle_B: 0.199, idt_B: 0.081

[Rank 0] (epoch: 752, iters: 504, time: 0.029, data: 0.003) , D_A: 0.042, G_A: 0.764, cycle_A: 0.093, idt_A: 0.146, D_B: 0.002, G_B: 0.958, cycle_B: 0.222, idt_B: 0.084

[Rank 0] (epoch: 752, iters: 704, time: 0.029, data: 0.002) , D_A: 0.056, G_A: 0.633, cycle_A: 0.079, idt_A: 0.143, D_B: 0.001, G_B: 0.991, cycle_B: 0.200, idt_B: 0.069

[Rank 0] (epoch: 752, iters: 904, time: 0.030, data: 0.003) , D_A: 0.052, G_A: 0.961, cycle_A: 0.075, idt_A: 0.161, D_B: 0.001, G_B: 1.009, cycle_B: 0.225, idt_B: 0.069

[Rank 0] (epoch: 752, iters: 1104, time: 0.129, data: 0.007) , D_A: 0.060, G_A: 0.659, cycle_A: 0.065, idt_A: 0.138, D_B: 0.002, G_B: 1.062, cycle_B: 0.206, idt_B: 0.061

[Rank 0] (epoch: 752, iters: 1304, time: 0.030, data: 0.002) , D_A: 0.048, G_A: 0.577, cycle_A: 0.088, idt_A: 0.121, D_B: 0.003, G_B: 0.933, cycle_B: 0.176, idt_B: 0.077

[Rank 0] (epoch: 752, iters: 1504, time: 0.030, data: 0.003) , D_A: 0.051, G_A: 0.831, cycle_A: 0.074, idt_A: 0.107, D_B: 0.001, G_B: 0.984, cycle_B: 0.162, idt_B: 0.066

[Rank 0] (epoch: 752, iters: 1704, time: 0.030, data: 0.003) , D_A: 0.034, G_A: 0.934, cycle_A: 0.084, idt_A: 0.120, D_B: 0.002, G_B: 0.980, cycle_B: 0.179, idt_B: 0.071

[Rank 0] (epoch: 752, iters: 1904, time: 0.030, data: 0.003) , D_A: 0.061, G_A: 0.932, cycle_A: 0.092, idt_A: 0.126, D_B: 0.004, G_B: 1.194, cycle_B: 0.194, idt_B: 0.085

learning rate 0.0000100 -> 0.0000100
saving the model at the end of epoch 752, iters 352824
End of epoch 752 / 950 	 Time Taken: 53 sec
[Rank 0] (epoch: 753, iters: 176, time: 0.133, data: 0.002) , D_A: 0.069, G_A: 0.504, cycle_A: 0.086, idt_A: 0.140, D_B: 0.005, G_B: 0.914, cycle_B: 0.211, idt_B: 0.077

[Rank 0] (epoch: 753, iters: 376, time: 0.029, data: 0.003) , D_A: 0.054, G_A: 1.117, cycle_A: 0.067, idt_A: 0.123, D_B: 0.002, G_B: 1.001, cycle_B: 0.178, idt_B: 0.055

[Rank 0] (epoch: 753, iters: 576, time: 0.030, data: 0.002) , D_A: 0.052, G_A: 0.634, cycle_A: 0.066, idt_A: 0.122, D_B: 0.001, G_B: 1.033, cycle_B: 0.190, idt_B: 0.057

[Rank 0] (epoch: 753, iters: 776, time: 0.029, data: 0.003) , D_A: 0.049, G_A: 0.750, cycle_A: 0.056, idt_A: 0.128, D_B: 0.001, G_B: 0.969, cycle_B: 0.183, idt_B: 0.048

[Rank 0] (epoch: 753, iters: 976, time: 0.030, data: 0.002) , D_A: 0.041, G_A: 0.757, cycle_A: 0.080, idt_A: 0.143, D_B: 0.001, G_B: 0.957, cycle_B: 0.214, idt_B: 0.075

[Rank 0] (epoch: 753, iters: 1176, time: 0.129, data: 0.003) , D_A: 0.052, G_A: 0.624, cycle_A: 0.079, idt_A: 0.135, D_B: 0.002, G_B: 0.983, cycle_B: 0.189, idt_B: 0.068

[Rank 0] (epoch: 753, iters: 1376, time: 0.030, data: 0.002) , D_A: 0.057, G_A: 0.644, cycle_A: 0.056, idt_A: 0.120, D_B: 0.001, G_B: 0.991, cycle_B: 0.175, idt_B: 0.050

[Rank 0] (epoch: 753, iters: 1576, time: 0.029, data: 0.003) , D_A: 0.041, G_A: 0.679, cycle_A: 0.057, idt_A: 0.143, D_B: 0.002, G_B: 0.897, cycle_B: 0.224, idt_B: 0.054

[Rank 0] (epoch: 753, iters: 1776, time: 0.029, data: 0.002) , D_A: 0.042, G_A: 0.845, cycle_A: 0.094, idt_A: 0.131, D_B: 0.006, G_B: 0.967, cycle_B: 0.199, idt_B: 0.084

learning rate 0.0000100 -> 0.0000100
saving the model at the end of epoch 753, iters 354752
End of epoch 753 / 950 	 Time Taken: 52 sec
[Rank 0] (epoch: 754, iters: 48, time: 0.173, data: 0.002) , D_A: 0.039, G_A: 0.836, cycle_A: 0.098, idt_A: 0.120, D_B: 0.002, G_B: 0.966, cycle_B: 0.185, idt_B: 0.084

[Rank 0] (epoch: 754, iters: 248, time: 0.146, data: 0.002) , D_A: 0.052, G_A: 0.563, cycle_A: 0.075, idt_A: 0.118, D_B: 0.003, G_B: 0.909, cycle_B: 0.192, idt_B: 0.070

saving the latest model (epoch 754, total_iters 355000)
[Rank 0] (epoch: 754, iters: 448, time: 0.029, data: 0.003) , D_A: 0.038, G_A: 0.837, cycle_A: 0.082, idt_A: 0.112, D_B: 0.006, G_B: 0.856, cycle_B: 0.167, idt_B: 0.066

[Rank 0] (epoch: 754, iters: 648, time: 0.029, data: 0.002) , D_A: 0.045, G_A: 0.846, cycle_A: 0.076, idt_A: 0.129, D_B: 0.009, G_B: 0.794, cycle_B: 0.202, idt_B: 0.072

[Rank 0] (epoch: 754, iters: 848, time: 0.030, data: 0.002) , D_A: 0.039, G_A: 0.791, cycle_A: 0.072, idt_A: 0.110, D_B: 0.003, G_B: 0.941, cycle_B: 0.182, idt_B: 0.070

[Rank 0] (epoch: 754, iters: 1048, time: 0.029, data: 0.003) , D_A: 0.077, G_A: 0.619, cycle_A: 0.094, idt_A: 0.122, D_B: 0.003, G_B: 0.957, cycle_B: 0.195, idt_B: 0.080

[Rank 0] (epoch: 754, iters: 1248, time: 0.125, data: 0.002) , D_A: 0.068, G_A: 0.474, cycle_A: 0.070, idt_A: 0.123, D_B: 0.020, G_B: 0.944, cycle_B: 0.191, idt_B: 0.063

[Rank 0] (epoch: 754, iters: 1448, time: 0.030, data: 0.003) , D_A: 0.040, G_A: 1.192, cycle_A: 0.072, idt_A: 0.126, D_B: 0.003, G_B: 0.943, cycle_B: 0.199, idt_B: 0.067

[Rank 0] (epoch: 754, iters: 1648, time: 0.029, data: 0.002) , D_A: 0.033, G_A: 0.666, cycle_A: 0.081, idt_A: 0.125, D_B: 0.004, G_B: 0.874, cycle_B: 0.197, idt_B: 0.073

[Rank 0] (epoch: 754, iters: 1848, time: 0.030, data: 0.002) , D_A: 0.033, G_A: 0.942, cycle_A: 0.082, idt_A: 0.112, D_B: 0.002, G_B: 0.958, cycle_B: 0.174, idt_B: 0.074

learning rate 0.0000100 -> 0.0000100
saving the model at the end of epoch 754, iters 356680
End of epoch 754 / 950 	 Time Taken: 54 sec
[Rank 0] (epoch: 755, iters: 120, time: 0.122, data: 0.003) , D_A: 0.062, G_A: 0.950, cycle_A: 0.079, idt_A: 0.118, D_B: 0.006, G_B: 0.965, cycle_B: 0.242, idt_B: 0.067

[Rank 0] (epoch: 755, iters: 320, time: 0.116, data: 0.002) , D_A: 0.081, G_A: 0.708, cycle_A: 0.072, idt_A: 0.140, D_B: 0.043, G_B: 0.891, cycle_B: 0.232, idt_B: 0.063

[Rank 0] (epoch: 755, iters: 520, time: 0.029, data: 0.003) , D_A: 0.054, G_A: 0.785, cycle_A: 0.097, idt_A: 0.127, D_B: 0.013, G_B: 0.868, cycle_B: 0.212, idt_B: 0.084

[Rank 0] (epoch: 755, iters: 720, time: 0.030, data: 0.002) , D_A: 0.047, G_A: 0.562, cycle_A: 0.070, idt_A: 0.132, D_B: 0.021, G_B: 0.910, cycle_B: 0.204, idt_B: 0.064

[Rank 0] (epoch: 755, iters: 920, time: 0.029, data: 0.003) , D_A: 0.053, G_A: 0.593, cycle_A: 0.091, idt_A: 0.125, D_B: 0.002, G_B: 0.962, cycle_B: 0.186, idt_B: 0.086

[Rank 0] (epoch: 755, iters: 1120, time: 0.030, data: 0.003) , D_A: 0.072, G_A: 0.513, cycle_A: 0.074, idt_A: 0.135, D_B: 0.003, G_B: 0.894, cycle_B: 0.211, idt_B: 0.070

[Rank 0] (epoch: 755, iters: 1320, time: 0.145, data: 0.006) , D_A: 0.064, G_A: 0.579, cycle_A: 0.059, idt_A: 0.115, D_B: 0.025, G_B: 0.860, cycle_B: 0.177, idt_B: 0.054

[Rank 0] (epoch: 755, iters: 1520, time: 0.030, data: 0.002) , D_A: 0.058, G_A: 0.674, cycle_A: 0.081, idt_A: 0.146, D_B: 0.012, G_B: 0.793, cycle_B: 0.223, idt_B: 0.071

[Rank 0] (epoch: 755, iters: 1720, time: 0.026, data: 0.004) , D_A: 0.037, G_A: 0.891, cycle_A: 0.078, idt_A: 0.134, D_B: 0.006, G_B: 0.968, cycle_B: 0.208, idt_B: 0.066

[Rank 0] (epoch: 755, iters: 1920, time: 0.030, data: 0.002) , D_A: 0.056, G_A: 0.610, cycle_A: 0.068, idt_A: 0.133, D_B: 0.002, G_B: 0.974, cycle_B: 0.207, idt_B: 0.062

learning rate 0.0000100 -> 0.0000100
saving the model at the end of epoch 755, iters 358608
End of epoch 755 / 950 	 Time Taken: 54 sec
[Rank 0] (epoch: 756, iters: 192, time: 0.130, data: 0.001) , D_A: 0.042, G_A: 0.749, cycle_A: 0.086, idt_A: 0.134, D_B: 0.018, G_B: 0.989, cycle_B: 0.218, idt_B: 0.073

[Rank 0] (epoch: 756, iters: 392, time: 0.116, data: 0.003) , D_A: 0.081, G_A: 1.124, cycle_A: 0.070, idt_A: 0.132, D_B: 0.001, G_B: 0.985, cycle_B: 0.212, idt_B: 0.066

[Rank 0] (epoch: 756, iters: 592, time: 0.029, data: 0.002) , D_A: 0.068, G_A: 0.653, cycle_A: 0.090, idt_A: 0.110, D_B: 0.002, G_B: 0.918, cycle_B: 0.186, idt_B: 0.080

[Rank 0] (epoch: 756, iters: 792, time: 0.030, data: 0.002) , D_A: 0.076, G_A: 0.813, cycle_A: 0.078, idt_A: 0.110, D_B: 0.004, G_B: 0.966, cycle_B: 0.215, idt_B: 0.069

[Rank 0] (epoch: 756, iters: 992, time: 0.030, data: 0.002) , D_A: 0.042, G_A: 0.873, cycle_A: 0.102, idt_A: 0.122, D_B: 0.005, G_B: 0.890, cycle_B: 0.235, idt_B: 0.091

[Rank 0] (epoch: 756, iters: 1192, time: 0.030, data: 0.004) , D_A: 0.035, G_A: 0.988, cycle_A: 0.096, idt_A: 0.132, D_B: 0.054, G_B: 0.894, cycle_B: 0.259, idt_B: 0.087

[Rank 0] (epoch: 756, iters: 1392, time: 0.145, data: 0.005) , D_A: 0.049, G_A: 0.731, cycle_A: 0.082, idt_A: 0.140, D_B: 0.004, G_B: 0.875, cycle_B: 0.271, idt_B: 0.076

saving the latest model (epoch 756, total_iters 360000)
[Rank 0] (epoch: 756, iters: 1592, time: 0.029, data: 0.002) , D_A: 0.053, G_A: 0.646, cycle_A: 0.070, idt_A: 0.133, D_B: 0.004, G_B: 0.911, cycle_B: 0.253, idt_B: 0.061

[Rank 0] (epoch: 756, iters: 1792, time: 0.030, data: 0.004) , D_A: 0.069, G_A: 0.849, cycle_A: 0.089, idt_A: 0.132, D_B: 0.006, G_B: 1.165, cycle_B: 0.268, idt_B: 0.083

learning rate 0.0000100 -> 0.0000100
saving the model at the end of epoch 756, iters 360536
End of epoch 756 / 950 	 Time Taken: 53 sec
[Rank 0] (epoch: 757, iters: 64, time: 0.145, data: 0.004) , D_A: 0.078, G_A: 0.996, cycle_A: 0.077, idt_A: 0.125, D_B: 0.005, G_B: 0.985, cycle_B: 0.237, idt_B: 0.070

[Rank 0] (epoch: 757, iters: 264, time: 0.029, data: 0.004) , D_A: 0.076, G_A: 0.570, cycle_A: 0.075, idt_A: 0.119, D_B: 0.006, G_B: 0.945, cycle_B: 0.206, idt_B: 0.069

[Rank 0] (epoch: 757, iters: 464, time: 0.124, data: 0.003) , D_A: 0.036, G_A: 0.909, cycle_A: 0.107, idt_A: 0.149, D_B: 0.004, G_B: 0.911, cycle_B: 0.241, idt_B: 0.082

[Rank 0] (epoch: 757, iters: 664, time: 0.030, data: 0.001) , D_A: 0.056, G_A: 0.543, cycle_A: 0.066, idt_A: 0.128, D_B: 0.044, G_B: 0.983, cycle_B: 0.205, idt_B: 0.054

[Rank 0] (epoch: 757, iters: 864, time: 0.029, data: 0.002) , D_A: 0.055, G_A: 0.650, cycle_A: 0.082, idt_A: 0.139, D_B: 0.002, G_B: 0.953, cycle_B: 0.215, idt_B: 0.075

[Rank 0] (epoch: 757, iters: 1064, time: 0.030, data: 0.003) , D_A: 0.062, G_A: 0.519, cycle_A: 0.064, idt_A: 0.140, D_B: 0.002, G_B: 1.017, cycle_B: 0.215, idt_B: 0.061

[Rank 0] (epoch: 757, iters: 1264, time: 0.029, data: 0.003) , D_A: 0.062, G_A: 0.541, cycle_A: 0.063, idt_A: 0.127, D_B: 0.015, G_B: 0.958, cycle_B: 0.195, idt_B: 0.057

[Rank 0] (epoch: 757, iters: 1464, time: 0.122, data: 0.002) , D_A: 0.058, G_A: 1.173, cycle_A: 0.075, idt_A: 0.112, D_B: 0.002, G_B: 0.992, cycle_B: 0.176, idt_B: 0.067

[Rank 0] (epoch: 757, iters: 1664, time: 0.029, data: 0.002) , D_A: 0.080, G_A: 0.482, cycle_A: 0.078, idt_A: 0.124, D_B: 0.001, G_B: 0.960, cycle_B: 0.194, idt_B: 0.073

[Rank 0] (epoch: 757, iters: 1864, time: 0.030, data: 0.003) , D_A: 0.040, G_A: 0.656, cycle_A: 0.094, idt_A: 0.117, D_B: 0.002, G_B: 0.948, cycle_B: 0.192, idt_B: 0.084

learning rate 0.0000100 -> 0.0000100
saving the model at the end of epoch 757, iters 362464
End of epoch 757 / 950 	 Time Taken: 53 sec
[Rank 0] (epoch: 758, iters: 136, time: 0.125, data: 0.003) , D_A: 0.061, G_A: 0.800, cycle_A: 0.065, idt_A: 0.128, D_B: 0.005, G_B: 0.844, cycle_B: 0.194, idt_B: 0.064

[Rank 0] (epoch: 758, iters: 336, time: 0.030, data: 0.001) , D_A: 0.064, G_A: 0.817, cycle_A: 0.093, idt_A: 0.124, D_B: 0.056, G_B: 0.973, cycle_B: 0.195, idt_B: 0.078

[Rank 0] (epoch: 758, iters: 536, time: 0.122, data: 0.003) , D_A: 0.059, G_A: 0.670, cycle_A: 0.059, idt_A: 0.119, D_B: 0.009, G_B: 0.654, cycle_B: 0.203, idt_B: 0.057

[Rank 0] (epoch: 758, iters: 736, time: 0.029, data: 0.002) , D_A: 0.040, G_A: 0.806, cycle_A: 0.092, idt_A: 0.119, D_B: 0.031, G_B: 0.851, cycle_B: 0.195, idt_B: 0.079

[Rank 0] (epoch: 758, iters: 936, time: 0.029, data: 0.006) , D_A: 0.035, G_A: 0.702, cycle_A: 0.097, idt_A: 0.130, D_B: 0.002, G_B: 0.974, cycle_B: 0.186, idt_B: 0.092

[Rank 0] (epoch: 758, iters: 1136, time: 0.030, data: 0.002) , D_A: 0.040, G_A: 0.733, cycle_A: 0.071, idt_A: 0.130, D_B: 0.001, G_B: 0.968, cycle_B: 0.209, idt_B: 0.061

[Rank 0] (epoch: 758, iters: 1336, time: 0.029, data: 0.002) , D_A: 0.107, G_A: 1.084, cycle_A: 0.084, idt_A: 0.143, D_B: 0.001, G_B: 0.993, cycle_B: 0.212, idt_B: 0.077

[Rank 0] (epoch: 758, iters: 1536, time: 0.128, data: 0.003) , D_A: 0.058, G_A: 0.911, cycle_A: 0.071, idt_A: 0.116, D_B: 0.002, G_B: 0.943, cycle_B: 0.187, idt_B: 0.063

[Rank 0] (epoch: 758, iters: 1736, time: 0.029, data: 0.002) , D_A: 0.037, G_A: 0.763, cycle_A: 0.097, idt_A: 0.126, D_B: 0.003, G_B: 1.012, cycle_B: 0.203, idt_B: 0.086

learning rate 0.0000100 -> 0.0000100
saving the model at the end of epoch 758, iters 364392
End of epoch 758 / 950 	 Time Taken: 53 sec
[Rank 0] (epoch: 759, iters: 8, time: 0.155, data: 0.002) , D_A: 0.062, G_A: 1.671, cycle_A: 0.074, idt_A: 0.133, D_B: 0.006, G_B: 0.790, cycle_B: 0.210, idt_B: 0.066

[Rank 0] (epoch: 759, iters: 208, time: 0.030, data: 0.002) , D_A: 0.049, G_A: 0.759, cycle_A: 0.073, idt_A: 0.117, D_B: 0.010, G_B: 0.922, cycle_B: 0.188, idt_B: 0.062

[Rank 0] (epoch: 759, iters: 408, time: 0.029, data: 0.003) , D_A: 0.059, G_A: 0.791, cycle_A: 0.099, idt_A: 0.112, D_B: 0.003, G_B: 1.005, cycle_B: 0.177, idt_B: 0.089

[Rank 0] (epoch: 759, iters: 608, time: 0.131, data: 0.003) , D_A: 0.052, G_A: 0.790, cycle_A: 0.076, idt_A: 0.115, D_B: 0.002, G_B: 0.916, cycle_B: 0.179, idt_B: 0.067

saving the latest model (epoch 759, total_iters 365000)
[Rank 0] (epoch: 759, iters: 808, time: 0.029, data: 0.002) , D_A: 0.057, G_A: 0.870, cycle_A: 0.101, idt_A: 0.122, D_B: 0.001, G_B: 0.984, cycle_B: 0.188, idt_B: 0.098

[Rank 0] (epoch: 759, iters: 1008, time: 0.030, data: 0.003) , D_A: 0.045, G_A: 0.721, cycle_A: 0.060, idt_A: 0.116, D_B: 0.014, G_B: 0.873, cycle_B: 0.184, idt_B: 0.055

[Rank 0] (epoch: 759, iters: 1208, time: 0.030, data: 0.003) , D_A: 0.033, G_A: 0.979, cycle_A: 0.062, idt_A: 0.135, D_B: 0.001, G_B: 0.908, cycle_B: 0.210, idt_B: 0.053

[Rank 0] (epoch: 759, iters: 1408, time: 0.029, data: 0.003) , D_A: 0.045, G_A: 0.652, cycle_A: 0.064, idt_A: 0.126, D_B: 0.003, G_B: 0.995, cycle_B: 0.196, idt_B: 0.061

[Rank 0] (epoch: 759, iters: 1608, time: 0.124, data: 0.003) , D_A: 0.034, G_A: 0.931, cycle_A: 0.081, idt_A: 0.151, D_B: 0.003, G_B: 0.981, cycle_B: 0.235, idt_B: 0.070

[Rank 0] (epoch: 759, iters: 1808, time: 0.030, data: 0.002) , D_A: 0.032, G_A: 1.013, cycle_A: 0.073, idt_A: 0.131, D_B: 0.054, G_B: 1.124, cycle_B: 0.238, idt_B: 0.069

learning rate 0.0000100 -> 0.0000100
saving the model at the end of epoch 759, iters 366320
End of epoch 759 / 950 	 Time Taken: 53 sec
[Rank 0] (epoch: 760, iters: 80, time: 0.121, data: 0.003) , D_A: 0.039, G_A: 0.885, cycle_A: 0.097, idt_A: 0.120, D_B: 0.010, G_B: 0.869, cycle_B: 0.202, idt_B: 0.091

[Rank 0] (epoch: 760, iters: 280, time: 0.030, data: 0.001) , D_A: 0.044, G_A: 0.992, cycle_A: 0.079, idt_A: 0.140, D_B: 0.012, G_B: 0.788, cycle_B: 0.240, idt_B: 0.070

[Rank 0] (epoch: 760, iters: 480, time: 0.030, data: 0.003) , D_A: 0.028, G_A: 0.845, cycle_A: 0.076, idt_A: 0.136, D_B: 0.011, G_B: 0.801, cycle_B: 0.263, idt_B: 0.069

[Rank 0] (epoch: 760, iters: 680, time: 0.116, data: 0.003) , D_A: 0.089, G_A: 1.113, cycle_A: 0.099, idt_A: 0.127, D_B: 0.003, G_B: 1.007, cycle_B: 0.241, idt_B: 0.093

[Rank 0] (epoch: 760, iters: 880, time: 0.030, data: 0.002) , D_A: 0.051, G_A: 0.807, cycle_A: 0.078, idt_A: 0.136, D_B: 0.005, G_B: 0.938, cycle_B: 0.247, idt_B: 0.077

[Rank 0] (epoch: 760, iters: 1080, time: 0.029, data: 0.003) , D_A: 0.041, G_A: 0.712, cycle_A: 0.086, idt_A: 0.127, D_B: 0.029, G_B: 0.950, cycle_B: 0.219, idt_B: 0.078

[Rank 0] (epoch: 760, iters: 1280, time: 0.030, data: 0.002) , D_A: 0.052, G_A: 0.611, cycle_A: 0.086, idt_A: 0.135, D_B: 0.007, G_B: 0.923, cycle_B: 0.220, idt_B: 0.079

[Rank 0] (epoch: 760, iters: 1480, time: 0.029, data: 0.003) , D_A: 0.042, G_A: 0.820, cycle_A: 0.090, idt_A: 0.140, D_B: 0.003, G_B: 0.958, cycle_B: 0.225, idt_B: 0.083

[Rank 0] (epoch: 760, iters: 1680, time: 0.131, data: 0.002) , D_A: 0.032, G_A: 0.874, cycle_A: 0.062, idt_A: 0.132, D_B: 0.011, G_B: 0.953, cycle_B: 0.201, idt_B: 0.060

[Rank 0] (epoch: 760, iters: 1880, time: 0.029, data: 0.002) , D_A: 0.038, G_A: 0.779, cycle_A: 0.070, idt_A: 0.116, D_B: 0.024, G_B: 1.066, cycle_B: 0.171, idt_B: 0.061

learning rate 0.0000100 -> 0.0000100
saving the model at the end of epoch 760, iters 368248
End of epoch 760 / 950 	 Time Taken: 53 sec
[Rank 0] (epoch: 761, iters: 152, time: 0.149, data: 0.001) , D_A: 0.052, G_A: 0.788, cycle_A: 0.087, idt_A: 0.138, D_B: 0.002, G_B: 1.008, cycle_B: 0.210, idt_B: 0.080

[Rank 0] (epoch: 761, iters: 352, time: 0.029, data: 0.001) , D_A: 0.047, G_A: 0.698, cycle_A: 0.106, idt_A: 0.129, D_B: 0.003, G_B: 1.070, cycle_B: 0.202, idt_B: 0.094

[Rank 0] (epoch: 761, iters: 552, time: 0.029, data: 0.003) , D_A: 0.048, G_A: 1.119, cycle_A: 0.093, idt_A: 0.121, D_B: 0.008, G_B: 1.137, cycle_B: 0.198, idt_B: 0.089

[Rank 0] (epoch: 761, iters: 752, time: 0.153, data: 0.010) , D_A: 0.033, G_A: 0.925, cycle_A: 0.083, idt_A: 0.117, D_B: 0.003, G_B: 0.975, cycle_B: 0.177, idt_B: 0.080

[Rank 0] (epoch: 761, iters: 952, time: 0.029, data: 0.003) , D_A: 0.061, G_A: 1.327, cycle_A: 0.059, idt_A: 0.115, D_B: 0.008, G_B: 1.037, cycle_B: 0.184, idt_B: 0.056

[Rank 0] (epoch: 761, iters: 1152, time: 0.030, data: 0.002) , D_A: 0.051, G_A: 0.876, cycle_A: 0.070, idt_A: 0.123, D_B: 0.012, G_B: 0.960, cycle_B: 0.197, idt_B: 0.067

[Rank 0] (epoch: 761, iters: 1352, time: 0.028, data: 0.003) , D_A: 0.049, G_A: 0.879, cycle_A: 0.108, idt_A: 0.118, D_B: 0.002, G_B: 0.994, cycle_B: 0.183, idt_B: 0.092

[Rank 0] (epoch: 761, iters: 1552, time: 0.030, data: 0.002) , D_A: 0.052, G_A: 0.665, cycle_A: 0.092, idt_A: 0.121, D_B: 0.002, G_B: 0.948, cycle_B: 0.187, idt_B: 0.089

[Rank 0] (epoch: 761, iters: 1752, time: 0.122, data: 0.009) , D_A: 0.065, G_A: 0.639, cycle_A: 0.044, idt_A: 0.134, D_B: 0.002, G_B: 0.926, cycle_B: 0.209, idt_B: 0.040

saving the latest model (epoch 761, total_iters 370000)
learning rate 0.0000100 -> 0.0000100
saving the model at the end of epoch 761, iters 370176
End of epoch 761 / 950 	 Time Taken: 54 sec
[Rank 0] (epoch: 762, iters: 24, time: 0.132, data: 0.002) , D_A: 0.043, G_A: 1.362, cycle_A: 0.102, idt_A: 0.124, D_B: 0.008, G_B: 0.772, cycle_B: 0.252, idt_B: 0.095

[Rank 0] (epoch: 762, iters: 224, time: 0.030, data: 0.002) , D_A: 0.034, G_A: 1.224, cycle_A: 0.083, idt_A: 0.123, D_B: 0.003, G_B: 0.954, cycle_B: 0.195, idt_B: 0.074

[Rank 0] (epoch: 762, iters: 424, time: 0.029, data: 0.003) , D_A: 0.043, G_A: 0.829, cycle_A: 0.081, idt_A: 0.139, D_B: 0.002, G_B: 0.942, cycle_B: 0.215, idt_B: 0.064

[Rank 0] (epoch: 762, iters: 624, time: 0.030, data: 0.002) , D_A: 0.040, G_A: 0.701, cycle_A: 0.081, idt_A: 0.130, D_B: 0.003, G_B: 0.900, cycle_B: 0.201, idt_B: 0.077

[Rank 0] (epoch: 762, iters: 824, time: 0.121, data: 0.027) , D_A: 0.063, G_A: 0.840, cycle_A: 0.057, idt_A: 0.133, D_B: 0.018, G_B: 0.980, cycle_B: 0.205, idt_B: 0.052

[Rank 0] (epoch: 762, iters: 1024, time: 0.030, data: 0.001) , D_A: 0.067, G_A: 0.576, cycle_A: 0.072, idt_A: 0.132, D_B: 0.013, G_B: 1.013, cycle_B: 0.201, idt_B: 0.068

[Rank 0] (epoch: 762, iters: 1224, time: 0.026, data: 0.009) , D_A: 0.051, G_A: 0.605, cycle_A: 0.078, idt_A: 0.125, D_B: 0.004, G_B: 0.927, cycle_B: 0.193, idt_B: 0.070

[Rank 0] (epoch: 762, iters: 1424, time: 0.030, data: 0.006) , D_A: 0.052, G_A: 0.697, cycle_A: 0.114, idt_A: 0.132, D_B: 0.031, G_B: 0.921, cycle_B: 0.201, idt_B: 0.098

[Rank 0] (epoch: 762, iters: 1624, time: 0.030, data: 0.002) , D_A: 0.036, G_A: 0.751, cycle_A: 0.058, idt_A: 0.124, D_B: 0.010, G_B: 0.899, cycle_B: 0.195, idt_B: 0.051

[Rank 0] (epoch: 762, iters: 1824, time: 0.175, data: 0.002) , D_A: 0.047, G_A: 0.935, cycle_A: 0.087, idt_A: 0.116, D_B: 0.011, G_B: 0.942, cycle_B: 0.183, idt_B: 0.075

learning rate 0.0000100 -> 0.0000100
saving the model at the end of epoch 762, iters 372104
End of epoch 762 / 950 	 Time Taken: 56 sec
[Rank 0] (epoch: 763, iters: 96, time: 0.137, data: 0.002) , D_A: 0.043, G_A: 0.777, cycle_A: 0.086, idt_A: 0.131, D_B: 0.021, G_B: 1.109, cycle_B: 0.231, idt_B: 0.078

[Rank 0] (epoch: 763, iters: 296, time: 0.029, data: 0.003) , D_A: 0.082, G_A: 0.966, cycle_A: 0.126, idt_A: 0.140, D_B: 0.006, G_B: 0.977, cycle_B: 0.272, idt_B: 0.116

[Rank 0] (epoch: 763, iters: 496, time: 0.030, data: 0.002) , D_A: 0.061, G_A: 0.664, cycle_A: 0.087, idt_A: 0.128, D_B: 0.006, G_B: 0.830, cycle_B: 0.221, idt_B: 0.074

[Rank 0] (epoch: 763, iters: 696, time: 0.029, data: 0.003) , D_A: 0.052, G_A: 0.590, cycle_A: 0.076, idt_A: 0.128, D_B: 0.012, G_B: 0.937, cycle_B: 0.214, idt_B: 0.065

[Rank 0] (epoch: 763, iters: 896, time: 0.118, data: 0.002) , D_A: 0.053, G_A: 0.901, cycle_A: 0.081, idt_A: 0.116, D_B: 0.003, G_B: 0.949, cycle_B: 0.182, idt_B: 0.074

[Rank 0] (epoch: 763, iters: 1096, time: 0.029, data: 0.002) , D_A: 0.052, G_A: 0.702, cycle_A: 0.063, idt_A: 0.136, D_B: 0.002, G_B: 0.964, cycle_B: 0.203, idt_B: 0.056

[Rank 0] (epoch: 763, iters: 1296, time: 0.030, data: 0.003) , D_A: 0.043, G_A: 1.039, cycle_A: 0.104, idt_A: 0.141, D_B: 0.002, G_B: 0.974, cycle_B: 0.214, idt_B: 0.098

[Rank 0] (epoch: 763, iters: 1496, time: 0.029, data: 0.003) , D_A: 0.086, G_A: 1.230, cycle_A: 0.083, idt_A: 0.129, D_B: 0.004, G_B: 0.977, cycle_B: 0.195, idt_B: 0.074

[Rank 0] (epoch: 763, iters: 1696, time: 0.030, data: 0.002) , D_A: 0.039, G_A: 0.781, cycle_A: 0.067, idt_A: 0.129, D_B: 0.028, G_B: 1.006, cycle_B: 0.190, idt_B: 0.061

[Rank 0] (epoch: 763, iters: 1896, time: 0.114, data: 0.002) , D_A: 0.034, G_A: 1.042, cycle_A: 0.097, idt_A: 0.129, D_B: 0.002, G_B: 0.961, cycle_B: 0.199, idt_B: 0.085

learning rate 0.0000100 -> 0.0000100
saving the model at the end of epoch 763, iters 374032
End of epoch 763 / 950 	 Time Taken: 53 sec
[Rank 0] (epoch: 764, iters: 168, time: 0.124, data: 0.003) , D_A: 0.065, G_A: 0.607, cycle_A: 0.079, idt_A: 0.125, D_B: 0.002, G_B: 0.958, cycle_B: 0.185, idt_B: 0.073

[Rank 0] (epoch: 764, iters: 368, time: 0.029, data: 0.005) , D_A: 0.045, G_A: 0.742, cycle_A: 0.070, idt_A: 0.119, D_B: 0.005, G_B: 0.850, cycle_B: 0.177, idt_B: 0.065

[Rank 0] (epoch: 764, iters: 568, time: 0.029, data: 0.002) , D_A: 0.044, G_A: 0.808, cycle_A: 0.088, idt_A: 0.121, D_B: 0.002, G_B: 1.021, cycle_B: 0.176, idt_B: 0.086

[Rank 0] (epoch: 764, iters: 768, time: 0.029, data: 0.003) , D_A: 0.054, G_A: 0.586, cycle_A: 0.078, idt_A: 0.144, D_B: 0.002, G_B: 0.959, cycle_B: 0.211, idt_B: 0.073

[Rank 0] (epoch: 764, iters: 968, time: 0.121, data: 0.002) , D_A: 0.039, G_A: 1.113, cycle_A: 0.095, idt_A: 0.147, D_B: 0.001, G_B: 1.006, cycle_B: 0.220, idt_B: 0.084

saving the latest model (epoch 764, total_iters 375000)
[Rank 0] (epoch: 764, iters: 1168, time: 0.030, data: 0.004) , D_A: 0.061, G_A: 0.537, cycle_A: 0.076, idt_A: 0.140, D_B: 0.001, G_B: 0.983, cycle_B: 0.207, idt_B: 0.063

[Rank 0] (epoch: 764, iters: 1368, time: 0.029, data: 0.003) , D_A: 0.041, G_A: 0.567, cycle_A: 0.086, idt_A: 0.113, D_B: 0.001, G_B: 0.953, cycle_B: 0.166, idt_B: 0.084

[Rank 0] (epoch: 764, iters: 1568, time: 0.029, data: 0.003) , D_A: 0.050, G_A: 0.841, cycle_A: 0.083, idt_A: 0.135, D_B: 0.004, G_B: 0.912, cycle_B: 0.196, idt_B: 0.073

[Rank 0] (epoch: 764, iters: 1768, time: 0.030, data: 0.002) , D_A: 0.070, G_A: 0.435, cycle_A: 0.056, idt_A: 0.117, D_B: 0.072, G_B: 0.993, cycle_B: 0.174, idt_B: 0.049

learning rate 0.0000100 -> 0.0000100
saving the model at the end of epoch 764, iters 375960
End of epoch 764 / 950 	 Time Taken: 52 sec
[Rank 0] (epoch: 765, iters: 40, time: 0.137, data: 0.003) , D_A: 0.047, G_A: 0.574, cycle_A: 0.094, idt_A: 0.132, D_B: 0.002, G_B: 1.007, cycle_B: 0.197, idt_B: 0.085

[Rank 0] (epoch: 765, iters: 240, time: 0.029, data: 0.002) , D_A: 0.057, G_A: 0.776, cycle_A: 0.070, idt_A: 0.124, D_B: 0.003, G_B: 0.965, cycle_B: 0.179, idt_B: 0.062

[Rank 0] (epoch: 765, iters: 440, time: 0.030, data: 0.002) , D_A: 0.075, G_A: 0.556, cycle_A: 0.077, idt_A: 0.119, D_B: 0.001, G_B: 1.036, cycle_B: 0.185, idt_B: 0.068

[Rank 0] (epoch: 765, iters: 640, time: 0.029, data: 0.003) , D_A: 0.032, G_A: 0.926, cycle_A: 0.070, idt_A: 0.123, D_B: 0.002, G_B: 0.982, cycle_B: 0.187, idt_B: 0.062

[Rank 0] (epoch: 765, iters: 840, time: 0.029, data: 0.003) , D_A: 0.033, G_A: 0.726, cycle_A: 0.059, idt_A: 0.131, D_B: 0.037, G_B: 0.993, cycle_B: 0.188, idt_B: 0.053

[Rank 0] (epoch: 765, iters: 1040, time: 0.129, data: 0.003) , D_A: 0.054, G_A: 1.119, cycle_A: 0.065, idt_A: 0.135, D_B: 0.002, G_B: 0.928, cycle_B: 0.200, idt_B: 0.056

[Rank 0] (epoch: 765, iters: 1240, time: 0.030, data: 0.002) , D_A: 0.051, G_A: 0.678, cycle_A: 0.077, idt_A: 0.128, D_B: 0.002, G_B: 0.995, cycle_B: 0.187, idt_B: 0.073

[Rank 0] (epoch: 765, iters: 1440, time: 0.029, data: 0.004) , D_A: 0.052, G_A: 0.880, cycle_A: 0.087, idt_A: 0.137, D_B: 0.003, G_B: 0.856, cycle_B: 0.203, idt_B: 0.075

[Rank 0] (epoch: 765, iters: 1640, time: 0.029, data: 0.003) , D_A: 0.055, G_A: 0.839, cycle_A: 0.086, idt_A: 0.135, D_B: 0.001, G_B: 0.992, cycle_B: 0.201, idt_B: 0.074

[Rank 0] (epoch: 765, iters: 1840, time: 0.029, data: 0.002) , D_A: 0.065, G_A: 0.709, cycle_A: 0.060, idt_A: 0.127, D_B: 0.001, G_B: 1.004, cycle_B: 0.190, idt_B: 0.053

learning rate 0.0000100 -> 0.0000100
saving the model at the end of epoch 765, iters 377888
End of epoch 765 / 950 	 Time Taken: 52 sec
[Rank 0] (epoch: 766, iters: 112, time: 0.132, data: 0.003) , D_A: 0.098, G_A: 0.728, cycle_A: 0.073, idt_A: 0.118, D_B: 0.001, G_B: 0.985, cycle_B: 0.175, idt_B: 0.057

[Rank 0] (epoch: 766, iters: 312, time: 0.029, data: 0.004) , D_A: 0.060, G_A: 0.814, cycle_A: 0.101, idt_A: 0.132, D_B: 0.001, G_B: 0.989, cycle_B: 0.190, idt_B: 0.091

[Rank 0] (epoch: 766, iters: 512, time: 0.030, data: 0.003) , D_A: 0.042, G_A: 0.744, cycle_A: 0.076, idt_A: 0.131, D_B: 0.054, G_B: 0.992, cycle_B: 0.183, idt_B: 0.070

[Rank 0] (epoch: 766, iters: 712, time: 0.029, data: 0.003) , D_A: 0.031, G_A: 1.106, cycle_A: 0.087, idt_A: 0.117, D_B: 0.001, G_B: 1.015, cycle_B: 0.176, idt_B: 0.073

[Rank 0] (epoch: 766, iters: 912, time: 0.030, data: 0.004) , D_A: 0.062, G_A: 0.700, cycle_A: 0.080, idt_A: 0.117, D_B: 0.002, G_B: 0.972, cycle_B: 0.185, idt_B: 0.069

[Rank 0] (epoch: 766, iters: 1112, time: 0.129, data: 0.002) , D_A: 0.077, G_A: 0.941, cycle_A: 0.071, idt_A: 0.116, D_B: 0.001, G_B: 1.016, cycle_B: 0.180, idt_B: 0.062

[Rank 0] (epoch: 766, iters: 1312, time: 0.030, data: 0.002) , D_A: 0.032, G_A: 0.878, cycle_A: 0.099, idt_A: 0.124, D_B: 0.015, G_B: 0.697, cycle_B: 0.180, idt_B: 0.080

[Rank 0] (epoch: 766, iters: 1512, time: 0.030, data: 0.005) , D_A: 0.035, G_A: 0.922, cycle_A: 0.061, idt_A: 0.128, D_B: 0.010, G_B: 0.990, cycle_B: 0.191, idt_B: 0.050

[Rank 0] (epoch: 766, iters: 1712, time: 0.029, data: 0.003) , D_A: 0.034, G_A: 0.892, cycle_A: 0.081, idt_A: 0.127, D_B: 0.002, G_B: 0.819, cycle_B: 0.184, idt_B: 0.071

[Rank 0] (epoch: 766, iters: 1912, time: 0.030, data: 0.002) , D_A: 0.043, G_A: 1.025, cycle_A: 0.081, idt_A: 0.131, D_B: 0.004, G_B: 0.875, cycle_B: 0.200, idt_B: 0.074

learning rate 0.0000100 -> 0.0000100
saving the model at the end of epoch 766, iters 379816
End of epoch 766 / 950 	 Time Taken: 53 sec
[Rank 0] (epoch: 767, iters: 184, time: 0.121, data: 0.002) , D_A: 0.041, G_A: 0.867, cycle_A: 0.070, idt_A: 0.125, D_B: 0.001, G_B: 0.989, cycle_B: 0.186, idt_B: 0.063

saving the latest model (epoch 767, total_iters 380000)
[Rank 0] (epoch: 767, iters: 384, time: 0.030, data: 0.002) , D_A: 0.060, G_A: 0.636, cycle_A: 0.087, idt_A: 0.134, D_B: 0.001, G_B: 0.985, cycle_B: 0.199, idt_B: 0.076

[Rank 0] (epoch: 767, iters: 584, time: 0.030, data: 0.002) , D_A: 0.042, G_A: 0.748, cycle_A: 0.090, idt_A: 0.129, D_B: 0.004, G_B: 0.935, cycle_B: 0.195, idt_B: 0.081

[Rank 0] (epoch: 767, iters: 784, time: 0.030, data: 0.003) , D_A: 0.067, G_A: 0.490, cycle_A: 0.084, idt_A: 0.124, D_B: 0.003, G_B: 0.910, cycle_B: 0.179, idt_B: 0.076

[Rank 0] (epoch: 767, iters: 984, time: 0.029, data: 0.004) , D_A: 0.043, G_A: 0.806, cycle_A: 0.077, idt_A: 0.125, D_B: 0.002, G_B: 1.031, cycle_B: 0.181, idt_B: 0.072

[Rank 0] (epoch: 767, iters: 1184, time: 0.133, data: 0.007) , D_A: 0.029, G_A: 0.901, cycle_A: 0.082, idt_A: 0.130, D_B: 0.004, G_B: 0.905, cycle_B: 0.191, idt_B: 0.070

[Rank 0] (epoch: 767, iters: 1384, time: 0.029, data: 0.003) , D_A: 0.043, G_A: 0.811, cycle_A: 0.088, idt_A: 0.126, D_B: 0.002, G_B: 0.916, cycle_B: 0.201, idt_B: 0.083

[Rank 0] (epoch: 767, iters: 1584, time: 0.030, data: 0.004) , D_A: 0.056, G_A: 0.687, cycle_A: 0.085, idt_A: 0.117, D_B: 0.002, G_B: 0.962, cycle_B: 0.183, idt_B: 0.078

[Rank 0] (epoch: 767, iters: 1784, time: 0.030, data: 0.002) , D_A: 0.048, G_A: 0.842, cycle_A: 0.086, idt_A: 0.122, D_B: 0.012, G_B: 0.708, cycle_B: 0.206, idt_B: 0.079

learning rate 0.0000100 -> 0.0000100
saving the model at the end of epoch 767, iters 381744
End of epoch 767 / 950 	 Time Taken: 52 sec
[Rank 0] (epoch: 768, iters: 56, time: 0.132, data: 0.003) , D_A: 0.054, G_A: 0.890, cycle_A: 0.086, idt_A: 0.126, D_B: 0.002, G_B: 0.940, cycle_B: 0.193, idt_B: 0.076

[Rank 0] (epoch: 768, iters: 256, time: 0.150, data: 0.003) , D_A: 0.044, G_A: 0.744, cycle_A: 0.087, idt_A: 0.148, D_B: 0.003, G_B: 0.882, cycle_B: 0.243, idt_B: 0.076

[Rank 0] (epoch: 768, iters: 456, time: 0.029, data: 0.002) , D_A: 0.035, G_A: 0.821, cycle_A: 0.086, idt_A: 0.122, D_B: 0.003, G_B: 0.884, cycle_B: 0.189, idt_B: 0.073

[Rank 0] (epoch: 768, iters: 656, time: 0.029, data: 0.003) , D_A: 0.028, G_A: 1.006, cycle_A: 0.079, idt_A: 0.138, D_B: 0.001, G_B: 0.964, cycle_B: 0.204, idt_B: 0.065

[Rank 0] (epoch: 768, iters: 856, time: 0.029, data: 0.003) , D_A: 0.025, G_A: 0.973, cycle_A: 0.088, idt_A: 0.119, D_B: 0.001, G_B: 0.983, cycle_B: 0.183, idt_B: 0.077

[Rank 0] (epoch: 768, iters: 1056, time: 0.030, data: 0.003) , D_A: 0.028, G_A: 0.815, cycle_A: 0.062, idt_A: 0.136, D_B: 0.002, G_B: 1.024, cycle_B: 0.209, idt_B: 0.058

[Rank 0] (epoch: 768, iters: 1256, time: 0.134, data: 0.003) , D_A: 0.025, G_A: 1.061, cycle_A: 0.091, idt_A: 0.124, D_B: 0.018, G_B: 0.961, cycle_B: 0.193, idt_B: 0.085

[Rank 0] (epoch: 768, iters: 1456, time: 0.030, data: 0.002) , D_A: 0.031, G_A: 1.087, cycle_A: 0.085, idt_A: 0.132, D_B: 0.067, G_B: 1.145, cycle_B: 0.227, idt_B: 0.076

[Rank 0] (epoch: 768, iters: 1656, time: 0.029, data: 0.004) , D_A: 0.027, G_A: 0.996, cycle_A: 0.092, idt_A: 0.127, D_B: 0.004, G_B: 0.889, cycle_B: 0.211, idt_B: 0.082

[Rank 0] (epoch: 768, iters: 1856, time: 0.030, data: 0.003) , D_A: 0.029, G_A: 0.910, cycle_A: 0.078, idt_A: 0.120, D_B: 0.011, G_B: 1.103, cycle_B: 0.197, idt_B: 0.072

learning rate 0.0000100 -> 0.0000100
saving the model at the end of epoch 768, iters 383672
End of epoch 768 / 950 	 Time Taken: 54 sec
[Rank 0] (epoch: 769, iters: 128, time: 0.136, data: 0.003) , D_A: 0.026, G_A: 0.975, cycle_A: 0.079, idt_A: 0.134, D_B: 0.004, G_B: 0.927, cycle_B: 0.217, idt_B: 0.068

[Rank 0] (epoch: 769, iters: 328, time: 0.115, data: 0.005) , D_A: 0.025, G_A: 1.184, cycle_A: 0.079, idt_A: 0.113, D_B: 0.021, G_B: 0.884, cycle_B: 0.197, idt_B: 0.070

[Rank 0] (epoch: 769, iters: 528, time: 0.030, data: 0.002) , D_A: 0.047, G_A: 0.766, cycle_A: 0.086, idt_A: 0.124, D_B: 0.006, G_B: 0.875, cycle_B: 0.226, idt_B: 0.076

[Rank 0] (epoch: 769, iters: 728, time: 0.029, data: 0.003) , D_A: 0.024, G_A: 1.028, cycle_A: 0.081, idt_A: 0.133, D_B: 0.007, G_B: 0.959, cycle_B: 0.248, idt_B: 0.070

[Rank 0] (epoch: 769, iters: 928, time: 0.030, data: 0.002) , D_A: 0.035, G_A: 0.956, cycle_A: 0.082, idt_A: 0.132, D_B: 0.010, G_B: 0.898, cycle_B: 0.243, idt_B: 0.065

[Rank 0] (epoch: 769, iters: 1128, time: 0.029, data: 0.003) , D_A: 0.043, G_A: 0.920, cycle_A: 0.095, idt_A: 0.124, D_B: 0.007, G_B: 0.855, cycle_B: 0.227, idt_B: 0.086

[Rank 0] (epoch: 769, iters: 1328, time: 0.126, data: 0.003) , D_A: 0.036, G_A: 0.862, cycle_A: 0.104, idt_A: 0.133, D_B: 0.016, G_B: 0.888, cycle_B: 0.248, idt_B: 0.091

saving the latest model (epoch 769, total_iters 385000)
[Rank 0] (epoch: 769, iters: 1528, time: 0.029, data: 0.003) , D_A: 0.035, G_A: 1.107, cycle_A: 0.089, idt_A: 0.126, D_B: 0.007, G_B: 0.879, cycle_B: 0.239, idt_B: 0.087

[Rank 0] (epoch: 769, iters: 1728, time: 0.030, data: 0.002) , D_A: 0.048, G_A: 0.911, cycle_A: 0.086, idt_A: 0.131, D_B: 0.012, G_B: 0.954, cycle_B: 0.275, idt_B: 0.078

[Rank 0] (epoch: 769, iters: 1928, time: 0.023, data: 0.004) , D_A: 0.036, G_A: 1.040, cycle_A: 0.081, idt_A: 0.136, D_B: 0.008, G_B: 0.997, cycle_B: 0.277, idt_B: 0.072

learning rate 0.0000100 -> 0.0000100
saving the model at the end of epoch 769, iters 385600
End of epoch 769 / 950 	 Time Taken: 53 sec
[Rank 0] (epoch: 770, iters: 200, time: 0.134, data: 0.937) , D_A: 0.031, G_A: 0.870, cycle_A: 0.070, idt_A: 0.117, D_B: 0.013, G_B: 0.931, cycle_B: 0.231, idt_B: 0.065

[Rank 0] (epoch: 770, iters: 400, time: 0.117, data: 0.002) , D_A: 0.054, G_A: 0.500, cycle_A: 0.091, idt_A: 0.124, D_B: 0.010, G_B: 0.837, cycle_B: 0.237, idt_B: 0.081

[Rank 0] (epoch: 770, iters: 600, time: 0.030, data: 0.002) , D_A: 0.051, G_A: 0.928, cycle_A: 0.057, idt_A: 0.123, D_B: 0.008, G_B: 0.847, cycle_B: 0.227, idt_B: 0.048

[Rank 0] (epoch: 770, iters: 800, time: 0.030, data: 0.003) , D_A: 0.049, G_A: 0.672, cycle_A: 0.066, idt_A: 0.125, D_B: 0.009, G_B: 0.786, cycle_B: 0.226, idt_B: 0.060

[Rank 0] (epoch: 770, iters: 1000, time: 0.029, data: 0.004) , D_A: 0.035, G_A: 0.724, cycle_A: 0.054, idt_A: 0.122, D_B: 0.008, G_B: 0.862, cycle_B: 0.220, idt_B: 0.049

[Rank 0] (epoch: 770, iters: 1200, time: 0.030, data: 0.003) , D_A: 0.040, G_A: 0.659, cycle_A: 0.097, idt_A: 0.137, D_B: 0.007, G_B: 0.920, cycle_B: 0.251, idt_B: 0.088

[Rank 0] (epoch: 770, iters: 1400, time: 0.139, data: 0.003) , D_A: 0.055, G_A: 0.628, cycle_A: 0.067, idt_A: 0.135, D_B: 0.008, G_B: 0.952, cycle_B: 0.238, idt_B: 0.063

[Rank 0] (epoch: 770, iters: 1600, time: 0.030, data: 0.001) , D_A: 0.037, G_A: 0.874, cycle_A: 0.098, idt_A: 0.128, D_B: 0.005, G_B: 0.977, cycle_B: 0.230, idt_B: 0.098

[Rank 0] (epoch: 770, iters: 1800, time: 0.029, data: 0.003) , D_A: 0.027, G_A: 0.882, cycle_A: 0.085, idt_A: 0.133, D_B: 0.005, G_B: 0.941, cycle_B: 0.240, idt_B: 0.079

learning rate 0.0000100 -> 0.0000100
saving the model at the end of epoch 770, iters 387528
End of epoch 770 / 950 	 Time Taken: 53 sec
[Rank 0] (epoch: 771, iters: 72, time: 0.158, data: 0.002) , D_A: 0.039, G_A: 0.746, cycle_A: 0.109, idt_A: 0.130, D_B: 0.005, G_B: 0.947, cycle_B: 0.238, idt_B: 0.106

[Rank 0] (epoch: 771, iters: 272, time: 0.030, data: 0.002) , D_A: 0.037, G_A: 1.041, cycle_A: 0.083, idt_A: 0.117, D_B: 0.003, G_B: 0.941, cycle_B: 0.212, idt_B: 0.071

[Rank 0] (epoch: 771, iters: 472, time: 0.118, data: 0.004) , D_A: 0.033, G_A: 0.726, cycle_A: 0.087, idt_A: 0.141, D_B: 0.003, G_B: 0.983, cycle_B: 0.258, idt_B: 0.081

[Rank 0] (epoch: 771, iters: 672, time: 0.029, data: 0.003) , D_A: 0.027, G_A: 1.011, cycle_A: 0.084, idt_A: 0.128, D_B: 0.003, G_B: 0.955, cycle_B: 0.233, idt_B: 0.074

[Rank 0] (epoch: 771, iters: 872, time: 0.029, data: 0.003) , D_A: 0.041, G_A: 0.893, cycle_A: 0.084, idt_A: 0.134, D_B: 0.003, G_B: 0.948, cycle_B: 0.241, idt_B: 0.071

[Rank 0] (epoch: 771, iters: 1072, time: 0.030, data: 0.002) , D_A: 0.035, G_A: 0.717, cycle_A: 0.082, idt_A: 0.136, D_B: 0.003, G_B: 0.996, cycle_B: 0.242, idt_B: 0.073

[Rank 0] (epoch: 771, iters: 1272, time: 0.029, data: 0.003) , D_A: 0.045, G_A: 0.604, cycle_A: 0.084, idt_A: 0.125, D_B: 0.002, G_B: 0.981, cycle_B: 0.229, idt_B: 0.075

[Rank 0] (epoch: 771, iters: 1472, time: 0.139, data: 0.002) , D_A: 0.034, G_A: 1.039, cycle_A: 0.077, idt_A: 0.134, D_B: 0.003, G_B: 0.955, cycle_B: 0.256, idt_B: 0.067

[Rank 0] (epoch: 771, iters: 1672, time: 0.029, data: 0.003) , D_A: 0.049, G_A: 0.695, cycle_A: 0.060, idt_A: 0.132, D_B: 0.001, G_B: 0.987, cycle_B: 0.243, idt_B: 0.054

[Rank 0] (epoch: 771, iters: 1872, time: 0.030, data: 0.002) , D_A: 0.052, G_A: 0.936, cycle_A: 0.070, idt_A: 0.137, D_B: 0.002, G_B: 0.990, cycle_B: 0.256, idt_B: 0.069

learning rate 0.0000100 -> 0.0000100
saving the model at the end of epoch 771, iters 389456
End of epoch 771 / 950 	 Time Taken: 53 sec
[Rank 0] (epoch: 772, iters: 144, time: 0.145, data: 0.003) , D_A: 0.031, G_A: 1.086, cycle_A: 0.072, idt_A: 0.129, D_B: 0.002, G_B: 0.936, cycle_B: 0.231, idt_B: 0.065

[Rank 0] (epoch: 772, iters: 344, time: 0.029, data: 0.002) , D_A: 0.028, G_A: 0.788, cycle_A: 0.084, idt_A: 0.128, D_B: 0.004, G_B: 0.966, cycle_B: 0.220, idt_B: 0.073

[Rank 0] (epoch: 772, iters: 544, time: 0.115, data: 0.002) , D_A: 0.033, G_A: 0.917, cycle_A: 0.079, idt_A: 0.127, D_B: 0.003, G_B: 0.944, cycle_B: 0.232, idt_B: 0.074

saving the latest model (epoch 772, total_iters 390000)
[Rank 0] (epoch: 772, iters: 744, time: 0.029, data: 0.004) , D_A: 0.032, G_A: 0.863, cycle_A: 0.083, idt_A: 0.134, D_B: 0.006, G_B: 0.882, cycle_B: 0.255, idt_B: 0.070

[Rank 0] (epoch: 772, iters: 944, time: 0.029, data: 0.003) , D_A: 0.035, G_A: 1.020, cycle_A: 0.072, idt_A: 0.142, D_B: 0.005, G_B: 0.971, cycle_B: 0.269, idt_B: 0.065

[Rank 0] (epoch: 772, iters: 1144, time: 0.029, data: 0.003) , D_A: 0.034, G_A: 0.868, cycle_A: 0.076, idt_A: 0.125, D_B: 0.005, G_B: 0.913, cycle_B: 0.231, idt_B: 0.074

[Rank 0] (epoch: 772, iters: 1344, time: 0.030, data: 0.002) , D_A: 0.032, G_A: 0.895, cycle_A: 0.073, idt_A: 0.127, D_B: 0.003, G_B: 0.918, cycle_B: 0.244, idt_B: 0.065

[Rank 0] (epoch: 772, iters: 1544, time: 0.120, data: 0.004) , D_A: 0.026, G_A: 0.835, cycle_A: 0.091, idt_A: 0.132, D_B: 0.005, G_B: 1.032, cycle_B: 0.249, idt_B: 0.082

[Rank 0] (epoch: 772, iters: 1744, time: 0.030, data: 0.002) , D_A: 0.035, G_A: 0.755, cycle_A: 0.074, idt_A: 0.123, D_B: 0.005, G_B: 0.876, cycle_B: 0.230, idt_B: 0.070

learning rate 0.0000100 -> 0.0000100
saving the model at the end of epoch 772, iters 391384
End of epoch 772 / 950 	 Time Taken: 53 sec
[Rank 0] (epoch: 773, iters: 16, time: 0.156, data: 0.003) , D_A: 0.039, G_A: 0.906, cycle_A: 0.089, idt_A: 0.135, D_B: 0.005, G_B: 1.010, cycle_B: 0.256, idt_B: 0.082

[Rank 0] (epoch: 773, iters: 216, time: 0.029, data: 0.003) , D_A: 0.031, G_A: 0.769, cycle_A: 0.076, idt_A: 0.128, D_B: 0.003, G_B: 0.989, cycle_B: 0.234, idt_B: 0.067

[Rank 0] (epoch: 773, iters: 416, time: 0.029, data: 0.002) , D_A: 0.037, G_A: 0.804, cycle_A: 0.081, idt_A: 0.121, D_B: 0.007, G_B: 0.948, cycle_B: 0.219, idt_B: 0.069

[Rank 0] (epoch: 773, iters: 616, time: 0.138, data: 0.003) , D_A: 0.026, G_A: 0.918, cycle_A: 0.064, idt_A: 0.130, D_B: 0.003, G_B: 0.989, cycle_B: 0.243, idt_B: 0.055

[Rank 0] (epoch: 773, iters: 816, time: 0.030, data: 0.001) , D_A: 0.034, G_A: 0.934, cycle_A: 0.068, idt_A: 0.129, D_B: 0.002, G_B: 1.024, cycle_B: 0.247, idt_B: 0.056

[Rank 0] (epoch: 773, iters: 1016, time: 0.029, data: 0.004) , D_A: 0.048, G_A: 0.789, cycle_A: 0.081, idt_A: 0.125, D_B: 0.003, G_B: 0.986, cycle_B: 0.245, idt_B: 0.070

[Rank 0] (epoch: 773, iters: 1216, time: 0.029, data: 0.003) , D_A: 0.026, G_A: 0.966, cycle_A: 0.063, idt_A: 0.142, D_B: 0.003, G_B: 0.917, cycle_B: 0.261, idt_B: 0.055

[Rank 0] (epoch: 773, iters: 1416, time: 0.029, data: 0.003) , D_A: 0.023, G_A: 0.963, cycle_A: 0.064, idt_A: 0.125, D_B: 0.003, G_B: 0.926, cycle_B: 0.218, idt_B: 0.062

[Rank 0] (epoch: 773, iters: 1616, time: 0.115, data: 0.002) , D_A: 0.031, G_A: 0.766, cycle_A: 0.099, idt_A: 0.140, D_B: 0.003, G_B: 0.945, cycle_B: 0.270, idt_B: 0.084

[Rank 0] (epoch: 773, iters: 1816, time: 0.029, data: 0.003) , D_A: 0.044, G_A: 0.996, cycle_A: 0.106, idt_A: 0.120, D_B: 0.004, G_B: 0.958, cycle_B: 0.221, idt_B: 0.098

learning rate 0.0000100 -> 0.0000100
saving the model at the end of epoch 773, iters 393312
End of epoch 773 / 950 	 Time Taken: 53 sec
[Rank 0] (epoch: 774, iters: 88, time: 0.140, data: 0.003) , D_A: 0.033, G_A: 1.021, cycle_A: 0.074, idt_A: 0.123, D_B: 0.002, G_B: 0.990, cycle_B: 0.233, idt_B: 0.071

[Rank 0] (epoch: 774, iters: 288, time: 0.030, data: 0.002) , D_A: 0.033, G_A: 0.804, cycle_A: 0.069, idt_A: 0.142, D_B: 0.002, G_B: 0.998, cycle_B: 0.258, idt_B: 0.059

[Rank 0] (epoch: 774, iters: 488, time: 0.029, data: 0.003) , D_A: 0.030, G_A: 0.830, cycle_A: 0.084, idt_A: 0.131, D_B: 0.003, G_B: 1.050, cycle_B: 0.250, idt_B: 0.072

[Rank 0] (epoch: 774, iters: 688, time: 0.145, data: 0.007) , D_A: 0.028, G_A: 0.907, cycle_A: 0.069, idt_A: 0.144, D_B: 0.002, G_B: 1.005, cycle_B: 0.259, idt_B: 0.063

[Rank 0] (epoch: 774, iters: 888, time: 0.030, data: 0.001) , D_A: 0.030, G_A: 0.860, cycle_A: 0.076, idt_A: 0.118, D_B: 0.003, G_B: 1.011, cycle_B: 0.219, idt_B: 0.065

[Rank 0] (epoch: 774, iters: 1088, time: 0.029, data: 0.004) , D_A: 0.027, G_A: 1.059, cycle_A: 0.077, idt_A: 0.147, D_B: 0.002, G_B: 0.948, cycle_B: 0.268, idt_B: 0.070

[Rank 0] (epoch: 774, iters: 1288, time: 0.029, data: 0.003) , D_A: 0.036, G_A: 1.073, cycle_A: 0.071, idt_A: 0.130, D_B: 0.003, G_B: 0.926, cycle_B: 0.232, idt_B: 0.059

[Rank 0] (epoch: 774, iters: 1488, time: 0.029, data: 0.003) , D_A: 0.023, G_A: 1.003, cycle_A: 0.083, idt_A: 0.133, D_B: 0.003, G_B: 0.939, cycle_B: 0.247, idt_B: 0.075

[Rank 0] (epoch: 774, iters: 1688, time: 0.118, data: 0.002) , D_A: 0.037, G_A: 1.187, cycle_A: 0.080, idt_A: 0.137, D_B: 0.005, G_B: 0.895, cycle_B: 0.243, idt_B: 0.074

saving the latest model (epoch 774, total_iters 395000)
[Rank 0] (epoch: 774, iters: 1888, time: 0.029, data: 0.003) , D_A: 0.026, G_A: 0.890, cycle_A: 0.095, idt_A: 0.143, D_B: 0.003, G_B: 0.924, cycle_B: 0.263, idt_B: 0.083

learning rate 0.0000100 -> 0.0000100
saving the model at the end of epoch 774, iters 395240
End of epoch 774 / 950 	 Time Taken: 53 sec
[Rank 0] (epoch: 775, iters: 160, time: 0.164, data: 0.002) , D_A: 0.028, G_A: 0.827, cycle_A: 0.094, idt_A: 0.146, D_B: 0.004, G_B: 1.027, cycle_B: 0.274, idt_B: 0.083

[Rank 0] (epoch: 775, iters: 360, time: 0.030, data: 0.002) , D_A: 0.027, G_A: 1.072, cycle_A: 0.078, idt_A: 0.134, D_B: 0.002, G_B: 1.011, cycle_B: 0.246, idt_B: 0.066

[Rank 0] (epoch: 775, iters: 560, time: 0.029, data: 0.010) , D_A: 0.024, G_A: 0.756, cycle_A: 0.071, idt_A: 0.115, D_B: 0.002, G_B: 0.981, cycle_B: 0.199, idt_B: 0.061

[Rank 0] (epoch: 775, iters: 760, time: 0.144, data: 0.003) , D_A: 0.031, G_A: 0.939, cycle_A: 0.065, idt_A: 0.117, D_B: 0.002, G_B: 0.981, cycle_B: 0.221, idt_B: 0.055

[Rank 0] (epoch: 775, iters: 960, time: 0.030, data: 0.003) , D_A: 0.021, G_A: 0.942, cycle_A: 0.057, idt_A: 0.117, D_B: 0.002, G_B: 0.984, cycle_B: 0.211, idt_B: 0.050

[Rank 0] (epoch: 775, iters: 1160, time: 0.029, data: 0.003) , D_A: 0.026, G_A: 1.019, cycle_A: 0.076, idt_A: 0.115, D_B: 0.002, G_B: 1.033, cycle_B: 0.207, idt_B: 0.074

[Rank 0] (epoch: 775, iters: 1360, time: 0.029, data: 0.003) , D_A: 0.018, G_A: 0.908, cycle_A: 0.069, idt_A: 0.117, D_B: 0.002, G_B: 0.944, cycle_B: 0.206, idt_B: 0.064

[Rank 0] (epoch: 775, iters: 1560, time: 0.029, data: 0.009) , D_A: 0.024, G_A: 1.138, cycle_A: 0.076, idt_A: 0.142, D_B: 0.003, G_B: 1.002, cycle_B: 0.258, idt_B: 0.065

[Rank 0] (epoch: 775, iters: 1760, time: 0.132, data: 0.003) , D_A: 0.064, G_A: 0.760, cycle_A: 0.068, idt_A: 0.109, D_B: 0.003, G_B: 0.992, cycle_B: 0.191, idt_B: 0.060

learning rate 0.0000100 -> 0.0000100
saving the model at the end of epoch 775, iters 397168
End of epoch 775 / 950 	 Time Taken: 54 sec
[Rank 0] (epoch: 776, iters: 32, time: 0.182, data: 0.003) , D_A: 0.051, G_A: 0.646, cycle_A: 0.080, idt_A: 0.119, D_B: 0.002, G_B: 0.980, cycle_B: 0.219, idt_B: 0.072

[Rank 0] (epoch: 776, iters: 232, time: 0.030, data: 0.002) , D_A: 0.034, G_A: 0.793, cycle_A: 0.095, idt_A: 0.136, D_B: 0.003, G_B: 1.021, cycle_B: 0.237, idt_B: 0.083

[Rank 0] (epoch: 776, iters: 432, time: 0.029, data: 0.003) , D_A: 0.024, G_A: 0.979, cycle_A: 0.102, idt_A: 0.124, D_B: 0.002, G_B: 0.982, cycle_B: 0.225, idt_B: 0.090

[Rank 0] (epoch: 776, iters: 632, time: 0.030, data: 0.003) , D_A: 0.027, G_A: 0.906, cycle_A: 0.104, idt_A: 0.126, D_B: 0.004, G_B: 0.935, cycle_B: 0.240, idt_B: 0.097

[Rank 0] (epoch: 776, iters: 832, time: 0.134, data: 0.003) , D_A: 0.035, G_A: 1.055, cycle_A: 0.065, idt_A: 0.125, D_B: 0.002, G_B: 0.940, cycle_B: 0.232, idt_B: 0.061

[Rank 0] (epoch: 776, iters: 1032, time: 0.030, data: 0.003) , D_A: 0.027, G_A: 1.093, cycle_A: 0.073, idt_A: 0.119, D_B: 0.005, G_B: 0.841, cycle_B: 0.224, idt_B: 0.070

[Rank 0] (epoch: 776, iters: 1232, time: 0.030, data: 0.003) , D_A: 0.029, G_A: 0.845, cycle_A: 0.088, idt_A: 0.118, D_B: 0.005, G_B: 0.951, cycle_B: 0.217, idt_B: 0.078

[Rank 0] (epoch: 776, iters: 1432, time: 0.029, data: 0.002) , D_A: 0.018, G_A: 1.027, cycle_A: 0.127, idt_A: 0.117, D_B: 0.006, G_B: 0.891, cycle_B: 0.212, idt_B: 0.108

[Rank 0] (epoch: 776, iters: 1632, time: 0.030, data: 0.003) , D_A: 0.024, G_A: 0.911, cycle_A: 0.094, idt_A: 0.127, D_B: 0.013, G_B: 0.961, cycle_B: 0.241, idt_B: 0.087

[Rank 0] (epoch: 776, iters: 1832, time: 0.149, data: 0.004) , D_A: 0.032, G_A: 0.735, cycle_A: 0.086, idt_A: 0.134, D_B: 0.004, G_B: 0.966, cycle_B: 0.242, idt_B: 0.078

learning rate 0.0000100 -> 0.0000100
saving the model at the end of epoch 776, iters 399096
End of epoch 776 / 950 	 Time Taken: 54 sec
[Rank 0] (epoch: 777, iters: 104, time: 0.150, data: 0.002) , D_A: 0.022, G_A: 0.966, cycle_A: 0.071, idt_A: 0.144, D_B: 0.003, G_B: 1.021, cycle_B: 0.261, idt_B: 0.061

[Rank 0] (epoch: 777, iters: 304, time: 0.029, data: 0.003) , D_A: 0.018, G_A: 0.886, cycle_A: 0.070, idt_A: 0.109, D_B: 0.003, G_B: 0.891, cycle_B: 0.198, idt_B: 0.063

[Rank 0] (epoch: 777, iters: 504, time: 0.030, data: 0.002) , D_A: 0.024, G_A: 0.814, cycle_A: 0.072, idt_A: 0.113, D_B: 0.003, G_B: 0.917, cycle_B: 0.214, idt_B: 0.067

[Rank 0] (epoch: 777, iters: 704, time: 0.029, data: 0.004) , D_A: 0.029, G_A: 0.891, cycle_A: 0.072, idt_A: 0.152, D_B: 0.004, G_B: 1.043, cycle_B: 0.284, idt_B: 0.062

[Rank 0] (epoch: 777, iters: 904, time: 0.128, data: 0.003) , D_A: 0.032, G_A: 1.130, cycle_A: 0.073, idt_A: 0.129, D_B: 0.004, G_B: 0.898, cycle_B: 0.245, idt_B: 0.061

saving the latest model (epoch 777, total_iters 400000)
[Rank 0] (epoch: 777, iters: 1104, time: 0.029, data: 0.003) , D_A: 0.019, G_A: 0.884, cycle_A: 0.085, idt_A: 0.121, D_B: 0.008, G_B: 0.960, cycle_B: 0.223, idt_B: 0.079

[Rank 0] (epoch: 777, iters: 1304, time: 0.030, data: 0.003) , D_A: 0.025, G_A: 0.846, cycle_A: 0.087, idt_A: 0.129, D_B: 0.019, G_B: 1.054, cycle_B: 0.259, idt_B: 0.082

[Rank 0] (epoch: 777, iters: 1504, time: 0.029, data: 0.004) , D_A: 0.028, G_A: 0.840, cycle_A: 0.081, idt_A: 0.137, D_B: 0.003, G_B: 1.018, cycle_B: 0.262, idt_B: 0.072

[Rank 0] (epoch: 777, iters: 1704, time: 0.029, data: 0.002) , D_A: 0.026, G_A: 0.889, cycle_A: 0.079, idt_A: 0.138, D_B: 0.006, G_B: 1.033, cycle_B: 0.265, idt_B: 0.076

[Rank 0] (epoch: 777, iters: 1904, time: 0.115, data: 0.003) , D_A: 0.023, G_A: 0.961, cycle_A: 0.093, idt_A: 0.144, D_B: 0.004, G_B: 0.899, cycle_B: 0.266, idt_B: 0.085

learning rate 0.0000100 -> 0.0000100
saving the model at the end of epoch 777, iters 401024
End of epoch 777 / 950 	 Time Taken: 53 sec
[Rank 0] (epoch: 778, iters: 176, time: 0.133, data: 0.001) , D_A: 0.028, G_A: 1.231, cycle_A: 0.098, idt_A: 0.123, D_B: 0.010, G_B: 0.912, cycle_B: 0.231, idt_B: 0.083

[Rank 0] (epoch: 778, iters: 376, time: 0.030, data: 0.003) , D_A: 0.030, G_A: 1.075, cycle_A: 0.074, idt_A: 0.133, D_B: 0.005, G_B: 0.890, cycle_B: 0.251, idt_B: 0.063

[Rank 0] (epoch: 778, iters: 576, time: 0.029, data: 0.003) , D_A: 0.022, G_A: 0.981, cycle_A: 0.084, idt_A: 0.118, D_B: 0.004, G_B: 0.867, cycle_B: 0.222, idt_B: 0.084

[Rank 0] (epoch: 778, iters: 776, time: 0.030, data: 0.002) , D_A: 0.025, G_A: 1.401, cycle_A: 0.076, idt_A: 0.120, D_B: 0.008, G_B: 0.966, cycle_B: 0.225, idt_B: 0.068

[Rank 0] (epoch: 778, iters: 976, time: 0.124, data: 0.002) , D_A: 0.031, G_A: 0.751, cycle_A: 0.094, idt_A: 0.136, D_B: 0.023, G_B: 0.994, cycle_B: 0.258, idt_B: 0.086

[Rank 0] (epoch: 778, iters: 1176, time: 0.030, data: 0.002) , D_A: 0.022, G_A: 1.007, cycle_A: 0.077, idt_A: 0.124, D_B: 0.008, G_B: 0.996, cycle_B: 0.257, idt_B: 0.061

[Rank 0] (epoch: 778, iters: 1376, time: 0.030, data: 0.003) , D_A: 0.023, G_A: 0.864, cycle_A: 0.060, idt_A: 0.120, D_B: 0.005, G_B: 0.925, cycle_B: 0.237, idt_B: 0.054

[Rank 0] (epoch: 778, iters: 1576, time: 0.030, data: 0.003) , D_A: 0.022, G_A: 0.946, cycle_A: 0.072, idt_A: 0.123, D_B: 0.004, G_B: 0.995, cycle_B: 0.233, idt_B: 0.061

[Rank 0] (epoch: 778, iters: 1776, time: 0.029, data: 0.003) , D_A: 0.019, G_A: 1.051, cycle_A: 0.062, idt_A: 0.123, D_B: 0.006, G_B: 0.990, cycle_B: 0.223, idt_B: 0.050

learning rate 0.0000100 -> 0.0000100
saving the model at the end of epoch 778, iters 402952
End of epoch 778 / 950 	 Time Taken: 52 sec
[Rank 0] (epoch: 779, iters: 48, time: 0.146, data: 0.003) , D_A: 0.020, G_A: 0.946, cycle_A: 0.090, idt_A: 0.125, D_B: 0.008, G_B: 1.042, cycle_B: 0.231, idt_B: 0.079

[Rank 0] (epoch: 779, iters: 248, time: 0.030, data: 0.001) , D_A: 0.022, G_A: 1.022, cycle_A: 0.084, idt_A: 0.126, D_B: 0.004, G_B: 0.899, cycle_B: 0.238, idt_B: 0.078

[Rank 0] (epoch: 779, iters: 448, time: 0.029, data: 0.003) , D_A: 0.021, G_A: 0.868, cycle_A: 0.087, idt_A: 0.126, D_B: 0.003, G_B: 1.017, cycle_B: 0.218, idt_B: 0.075

[Rank 0] (epoch: 779, iters: 648, time: 0.029, data: 0.003) , D_A: 0.018, G_A: 1.053, cycle_A: 0.094, idt_A: 0.138, D_B: 0.004, G_B: 0.884, cycle_B: 0.230, idt_B: 0.077

[Rank 0] (epoch: 779, iters: 848, time: 0.030, data: 0.003) , D_A: 0.027, G_A: 0.874, cycle_A: 0.071, idt_A: 0.124, D_B: 0.003, G_B: 0.967, cycle_B: 0.201, idt_B: 0.063

[Rank 0] (epoch: 779, iters: 1048, time: 0.130, data: 0.003) , D_A: 0.027, G_A: 0.812, cycle_A: 0.103, idt_A: 0.133, D_B: 0.003, G_B: 0.907, cycle_B: 0.233, idt_B: 0.091

[Rank 0] (epoch: 779, iters: 1248, time: 0.030, data: 0.003) , D_A: 0.025, G_A: 0.821, cycle_A: 0.079, idt_A: 0.117, D_B: 0.003, G_B: 0.960, cycle_B: 0.205, idt_B: 0.064

[Rank 0] (epoch: 779, iters: 1448, time: 0.030, data: 0.003) , D_A: 0.021, G_A: 0.873, cycle_A: 0.070, idt_A: 0.147, D_B: 0.005, G_B: 0.978, cycle_B: 0.238, idt_B: 0.065

[Rank 0] (epoch: 779, iters: 1648, time: 0.030, data: 0.003) , D_A: 0.026, G_A: 0.839, cycle_A: 0.081, idt_A: 0.119, D_B: 0.005, G_B: 0.881, cycle_B: 0.194, idt_B: 0.070

[Rank 0] (epoch: 779, iters: 1848, time: 0.029, data: 0.003) , D_A: 0.019, G_A: 0.900, cycle_A: 0.093, idt_A: 0.131, D_B: 0.010, G_B: 0.845, cycle_B: 0.252, idt_B: 0.082

learning rate 0.0000100 -> 0.0000100
saving the model at the end of epoch 779, iters 404880
End of epoch 779 / 950 	 Time Taken: 53 sec
[Rank 0] (epoch: 780, iters: 120, time: 0.130, data: 0.003) , D_A: 0.022, G_A: 0.874, cycle_A: 0.082, idt_A: 0.138, D_B: 0.004, G_B: 0.933, cycle_B: 0.237, idt_B: 0.071

saving the latest model (epoch 780, total_iters 405000)
[Rank 0] (epoch: 780, iters: 320, time: 0.030, data: 0.002) , D_A: 0.050, G_A: 0.950, cycle_A: 0.076, idt_A: 0.149, D_B: 0.005, G_B: 1.006, cycle_B: 0.282, idt_B: 0.065

[Rank 0] (epoch: 780, iters: 520, time: 0.030, data: 0.003) , D_A: 0.019, G_A: 0.883, cycle_A: 0.082, idt_A: 0.134, D_B: 0.007, G_B: 0.941, cycle_B: 0.218, idt_B: 0.069

[Rank 0] (epoch: 780, iters: 720, time: 0.030, data: 0.003) , D_A: 0.025, G_A: 0.835, cycle_A: 0.094, idt_A: 0.138, D_B: 0.003, G_B: 1.037, cycle_B: 0.235, idt_B: 0.080

[Rank 0] (epoch: 780, iters: 920, time: 0.030, data: 0.003) , D_A: 0.019, G_A: 0.915, cycle_A: 0.081, idt_A: 0.124, D_B: 0.003, G_B: 0.983, cycle_B: 0.197, idt_B: 0.075

[Rank 0] (epoch: 780, iters: 1120, time: 0.130, data: 0.003) , D_A: 0.026, G_A: 0.981, cycle_A: 0.095, idt_A: 0.136, D_B: 0.003, G_B: 0.982, cycle_B: 0.225, idt_B: 0.086

[Rank 0] (epoch: 780, iters: 1320, time: 0.029, data: 0.003) , D_A: 0.021, G_A: 0.837, cycle_A: 0.074, idt_A: 0.122, D_B: 0.001, G_B: 0.988, cycle_B: 0.197, idt_B: 0.070

[Rank 0] (epoch: 780, iters: 1520, time: 0.030, data: 0.002) , D_A: 0.026, G_A: 1.075, cycle_A: 0.090, idt_A: 0.135, D_B: 0.003, G_B: 0.880, cycle_B: 0.203, idt_B: 0.081

[Rank 0] (epoch: 780, iters: 1720, time: 0.030, data: 0.002) , D_A: 0.024, G_A: 1.031, cycle_A: 0.084, idt_A: 0.121, D_B: 0.005, G_B: 0.802, cycle_B: 0.195, idt_B: 0.067

[Rank 0] (epoch: 780, iters: 1920, time: 0.030, data: 0.003) , D_A: 0.027, G_A: 0.775, cycle_A: 0.068, idt_A: 0.144, D_B: 0.003, G_B: 0.927, cycle_B: 0.244, idt_B: 0.059

learning rate 0.0000100 -> 0.0000100
saving the model at the end of epoch 780, iters 406808
End of epoch 780 / 950 	 Time Taken: 53 sec
[Rank 0] (epoch: 781, iters: 192, time: 0.130, data: 0.002) , D_A: 0.029, G_A: 1.030, cycle_A: 0.068, idt_A: 0.135, D_B: 0.002, G_B: 0.924, cycle_B: 0.226, idt_B: 0.059

[Rank 0] (epoch: 781, iters: 392, time: 0.029, data: 0.004) , D_A: 0.018, G_A: 0.864, cycle_A: 0.070, idt_A: 0.133, D_B: 0.002, G_B: 0.951, cycle_B: 0.217, idt_B: 0.061

[Rank 0] (epoch: 781, iters: 592, time: 0.029, data: 0.003) , D_A: 0.092, G_A: 0.283, cycle_A: 0.065, idt_A: 0.121, D_B: 0.002, G_B: 0.937, cycle_B: 0.202, idt_B: 0.059

[Rank 0] (epoch: 781, iters: 792, time: 0.029, data: 0.004) , D_A: 0.062, G_A: 0.516, cycle_A: 0.085, idt_A: 0.130, D_B: 0.002, G_B: 0.948, cycle_B: 0.212, idt_B: 0.079

[Rank 0] (epoch: 781, iters: 992, time: 0.030, data: 0.003) , D_A: 0.023, G_A: 1.020, cycle_A: 0.098, idt_A: 0.116, D_B: 0.002, G_B: 0.962, cycle_B: 0.185, idt_B: 0.090

[Rank 0] (epoch: 781, iters: 1192, time: 0.128, data: 0.003) , D_A: 0.039, G_A: 0.925, cycle_A: 0.102, idt_A: 0.118, D_B: 0.024, G_B: 0.980, cycle_B: 0.183, idt_B: 0.089

[Rank 0] (epoch: 781, iters: 1392, time: 0.029, data: 0.002) , D_A: 0.070, G_A: 0.705, cycle_A: 0.091, idt_A: 0.141, D_B: 0.002, G_B: 0.972, cycle_B: 0.215, idt_B: 0.077

[Rank 0] (epoch: 781, iters: 1592, time: 0.029, data: 0.003) , D_A: 0.087, G_A: 0.713, cycle_A: 0.086, idt_A: 0.131, D_B: 0.002, G_B: 0.966, cycle_B: 0.204, idt_B: 0.079

[Rank 0] (epoch: 781, iters: 1792, time: 0.029, data: 0.002) , D_A: 0.043, G_A: 0.859, cycle_A: 0.068, idt_A: 0.134, D_B: 0.001, G_B: 0.996, cycle_B: 0.212, idt_B: 0.059

learning rate 0.0000100 -> 0.0000100
saving the model at the end of epoch 781, iters 408736
End of epoch 781 / 950 	 Time Taken: 52 sec
[Rank 0] (epoch: 782, iters: 64, time: 0.123, data: 0.003) , D_A: 0.039, G_A: 0.663, cycle_A: 0.078, idt_A: 0.132, D_B: 0.002, G_B: 0.963, cycle_B: 0.213, idt_B: 0.068

[Rank 0] (epoch: 782, iters: 264, time: 0.141, data: 0.003) , D_A: 0.034, G_A: 0.796, cycle_A: 0.093, idt_A: 0.132, D_B: 0.002, G_B: 0.969, cycle_B: 0.207, idt_B: 0.086

[Rank 0] (epoch: 782, iters: 464, time: 0.030, data: 0.003) , D_A: 0.058, G_A: 0.609, cycle_A: 0.076, idt_A: 0.122, D_B: 0.034, G_B: 0.940, cycle_B: 0.188, idt_B: 0.075

[Rank 0] (epoch: 782, iters: 664, time: 0.029, data: 0.004) , D_A: 0.044, G_A: 0.678, cycle_A: 0.085, idt_A: 0.116, D_B: 0.002, G_B: 0.942, cycle_B: 0.182, idt_B: 0.079

[Rank 0] (epoch: 782, iters: 864, time: 0.030, data: 0.003) , D_A: 0.041, G_A: 0.904, cycle_A: 0.058, idt_A: 0.131, D_B: 0.001, G_B: 1.012, cycle_B: 0.200, idt_B: 0.053

[Rank 0] (epoch: 782, iters: 1064, time: 0.029, data: 0.003) , D_A: 0.029, G_A: 0.844, cycle_A: 0.058, idt_A: 0.123, D_B: 0.001, G_B: 0.994, cycle_B: 0.183, idt_B: 0.055

[Rank 0] (epoch: 782, iters: 1264, time: 0.120, data: 0.002) , D_A: 0.035, G_A: 0.831, cycle_A: 0.073, idt_A: 0.147, D_B: 0.002, G_B: 1.007, cycle_B: 0.230, idt_B: 0.065

saving the latest model (epoch 782, total_iters 410000)
[Rank 0] (epoch: 782, iters: 1464, time: 0.029, data: 0.004) , D_A: 0.020, G_A: 0.879, cycle_A: 0.093, idt_A: 0.119, D_B: 0.002, G_B: 0.944, cycle_B: 0.183, idt_B: 0.084

[Rank 0] (epoch: 782, iters: 1664, time: 0.030, data: 0.002) , D_A: 0.031, G_A: 0.813, cycle_A: 0.079, idt_A: 0.119, D_B: 0.002, G_B: 0.978, cycle_B: 0.197, idt_B: 0.075

[Rank 0] (epoch: 782, iters: 1864, time: 0.029, data: 0.003) , D_A: 0.030, G_A: 0.758, cycle_A: 0.095, idt_A: 0.136, D_B: 0.033, G_B: 0.633, cycle_B: 0.243, idt_B: 0.079

learning rate 0.0000100 -> 0.0000100
saving the model at the end of epoch 782, iters 410664
End of epoch 782 / 950 	 Time Taken: 53 sec
[Rank 0] (epoch: 783, iters: 136, time: 0.137, data: 0.002) , D_A: 0.049, G_A: 0.761, cycle_A: 0.092, idt_A: 0.133, D_B: 0.004, G_B: 0.964, cycle_B: 0.229, idt_B: 0.077

[Rank 0] (epoch: 783, iters: 336, time: 0.124, data: 0.003) , D_A: 0.065, G_A: 0.846, cycle_A: 0.093, idt_A: 0.137, D_B: 0.003, G_B: 0.937, cycle_B: 0.215, idt_B: 0.087

[Rank 0] (epoch: 783, iters: 536, time: 0.029, data: 0.003) , D_A: 0.035, G_A: 0.710, cycle_A: 0.079, idt_A: 0.133, D_B: 0.007, G_B: 0.908, cycle_B: 0.218, idt_B: 0.069

[Rank 0] (epoch: 783, iters: 736, time: 0.029, data: 0.003) , D_A: 0.030, G_A: 0.851, cycle_A: 0.083, idt_A: 0.121, D_B: 0.004, G_B: 0.952, cycle_B: 0.199, idt_B: 0.078

[Rank 0] (epoch: 783, iters: 936, time: 0.029, data: 0.003) , D_A: 0.045, G_A: 0.613, cycle_A: 0.056, idt_A: 0.118, D_B: 0.049, G_B: 1.035, cycle_B: 0.185, idt_B: 0.048

[Rank 0] (epoch: 783, iters: 1136, time: 0.030, data: 0.002) , D_A: 0.037, G_A: 0.683, cycle_A: 0.075, idt_A: 0.129, D_B: 0.002, G_B: 0.915, cycle_B: 0.207, idt_B: 0.067

[Rank 0] (epoch: 783, iters: 1336, time: 0.119, data: 0.003) , D_A: 0.037, G_A: 0.693, cycle_A: 0.064, idt_A: 0.127, D_B: 0.001, G_B: 0.923, cycle_B: 0.196, idt_B: 0.057

[Rank 0] (epoch: 783, iters: 1536, time: 0.030, data: 0.003) , D_A: 0.035, G_A: 0.732, cycle_A: 0.079, idt_A: 0.135, D_B: 0.002, G_B: 0.840, cycle_B: 0.205, idt_B: 0.077

[Rank 0] (epoch: 783, iters: 1736, time: 0.030, data: 0.003) , D_A: 0.067, G_A: 0.596, cycle_A: 0.069, idt_A: 0.131, D_B: 0.002, G_B: 1.054, cycle_B: 0.193, idt_B: 0.061

learning rate 0.0000100 -> 0.0000100
saving the model at the end of epoch 783, iters 412592
End of epoch 783 / 950 	 Time Taken: 53 sec
[Rank 0] (epoch: 784, iters: 8, time: 0.142, data: 0.003) , D_A: 0.034, G_A: 0.818, cycle_A: 0.082, idt_A: 0.124, D_B: 0.002, G_B: 0.961, cycle_B: 0.193, idt_B: 0.069

[Rank 0] (epoch: 784, iters: 208, time: 0.029, data: 0.003) , D_A: 0.032, G_A: 0.656, cycle_A: 0.074, idt_A: 0.119, D_B: 0.043, G_B: 0.930, cycle_B: 0.179, idt_B: 0.063

[Rank 0] (epoch: 784, iters: 408, time: 0.127, data: 0.003) , D_A: 0.027, G_A: 1.198, cycle_A: 0.081, idt_A: 0.132, D_B: 0.005, G_B: 0.916, cycle_B: 0.204, idt_B: 0.077

[Rank 0] (epoch: 784, iters: 608, time: 0.029, data: 0.002) , D_A: 0.042, G_A: 0.868, cycle_A: 0.090, idt_A: 0.124, D_B: 0.002, G_B: 0.985, cycle_B: 0.198, idt_B: 0.085

[Rank 0] (epoch: 784, iters: 808, time: 0.030, data: 0.003) , D_A: 0.025, G_A: 0.728, cycle_A: 0.073, idt_A: 0.135, D_B: 0.031, G_B: 0.999, cycle_B: 0.196, idt_B: 0.069

[Rank 0] (epoch: 784, iters: 1008, time: 0.029, data: 0.002) , D_A: 0.024, G_A: 0.856, cycle_A: 0.091, idt_A: 0.124, D_B: 0.002, G_B: 1.013, cycle_B: 0.192, idt_B: 0.079

[Rank 0] (epoch: 784, iters: 1208, time: 0.030, data: 0.005) , D_A: 0.028, G_A: 1.078, cycle_A: 0.076, idt_A: 0.131, D_B: 0.005, G_B: 0.980, cycle_B: 0.203, idt_B: 0.072

[Rank 0] (epoch: 784, iters: 1408, time: 0.136, data: 0.003) , D_A: 0.026, G_A: 0.809, cycle_A: 0.078, idt_A: 0.129, D_B: 0.001, G_B: 0.964, cycle_B: 0.195, idt_B: 0.069

[Rank 0] (epoch: 784, iters: 1608, time: 0.029, data: 0.003) , D_A: 0.029, G_A: 0.781, cycle_A: 0.072, idt_A: 0.156, D_B: 0.001, G_B: 0.955, cycle_B: 0.247, idt_B: 0.064

[Rank 0] (epoch: 784, iters: 1808, time: 0.029, data: 0.002) , D_A: 0.024, G_A: 0.811, cycle_A: 0.095, idt_A: 0.121, D_B: 0.002, G_B: 0.926, cycle_B: 0.182, idt_B: 0.082

learning rate 0.0000100 -> 0.0000100
saving the model at the end of epoch 784, iters 414520
End of epoch 784 / 950 	 Time Taken: 54 sec
[Rank 0] (epoch: 785, iters: 80, time: 0.146, data: 0.003) , D_A: 0.018, G_A: 0.898, cycle_A: 0.068, idt_A: 0.132, D_B: 0.026, G_B: 0.988, cycle_B: 0.207, idt_B: 0.059

[Rank 0] (epoch: 785, iters: 280, time: 0.029, data: 0.005) , D_A: 0.027, G_A: 0.753, cycle_A: 0.056, idt_A: 0.130, D_B: 0.060, G_B: 0.990, cycle_B: 0.199, idt_B: 0.051

[Rank 0] (epoch: 785, iters: 480, time: 0.130, data: 0.002) , D_A: 0.037, G_A: 0.696, cycle_A: 0.082, idt_A: 0.133, D_B: 0.002, G_B: 0.959, cycle_B: 0.202, idt_B: 0.077

saving the latest model (epoch 785, total_iters 415000)
[Rank 0] (epoch: 785, iters: 680, time: 0.029, data: 0.003) , D_A: 0.027, G_A: 0.830, cycle_A: 0.082, idt_A: 0.114, D_B: 0.002, G_B: 0.987, cycle_B: 0.175, idt_B: 0.074

[Rank 0] (epoch: 785, iters: 880, time: 0.030, data: 0.002) , D_A: 0.065, G_A: 0.909, cycle_A: 0.093, idt_A: 0.124, D_B: 0.002, G_B: 0.912, cycle_B: 0.183, idt_B: 0.089

[Rank 0] (epoch: 785, iters: 1080, time: 0.029, data: 0.003) , D_A: 0.031, G_A: 0.901, cycle_A: 0.084, idt_A: 0.135, D_B: 0.002, G_B: 0.957, cycle_B: 0.205, idt_B: 0.073

[Rank 0] (epoch: 785, iters: 1280, time: 0.030, data: 0.003) , D_A: 0.051, G_A: 0.851, cycle_A: 0.077, idt_A: 0.128, D_B: 0.004, G_B: 0.986, cycle_B: 0.201, idt_B: 0.072

[Rank 0] (epoch: 785, iters: 1480, time: 0.122, data: 0.003) , D_A: 0.067, G_A: 0.825, cycle_A: 0.082, idt_A: 0.129, D_B: 0.001, G_B: 0.967, cycle_B: 0.188, idt_B: 0.074

[Rank 0] (epoch: 785, iters: 1680, time: 0.030, data: 0.001) , D_A: 0.044, G_A: 0.775, cycle_A: 0.076, idt_A: 0.115, D_B: 0.003, G_B: 0.891, cycle_B: 0.174, idt_B: 0.061

[Rank 0] (epoch: 785, iters: 1880, time: 0.029, data: 0.003) , D_A: 0.025, G_A: 0.900, cycle_A: 0.091, idt_A: 0.127, D_B: 0.002, G_B: 0.971, cycle_B: 0.188, idt_B: 0.078

learning rate 0.0000100 -> 0.0000100
saving the model at the end of epoch 785, iters 416448
End of epoch 785 / 950 	 Time Taken: 53 sec
[Rank 0] (epoch: 786, iters: 152, time: 0.134, data: 0.002) , D_A: 0.024, G_A: 0.978, cycle_A: 0.077, idt_A: 0.124, D_B: 0.001, G_B: 1.021, cycle_B: 0.186, idt_B: 0.070

[Rank 0] (epoch: 786, iters: 352, time: 0.030, data: 0.003) , D_A: 0.028, G_A: 0.742, cycle_A: 0.066, idt_A: 0.133, D_B: 0.001, G_B: 0.990, cycle_B: 0.184, idt_B: 0.055

[Rank 0] (epoch: 786, iters: 552, time: 0.119, data: 0.002) , D_A: 0.035, G_A: 0.751, cycle_A: 0.089, idt_A: 0.127, D_B: 0.001, G_B: 0.935, cycle_B: 0.191, idt_B: 0.079

[Rank 0] (epoch: 786, iters: 752, time: 0.030, data: 0.003) , D_A: 0.035, G_A: 0.748, cycle_A: 0.061, idt_A: 0.124, D_B: 0.002, G_B: 0.897, cycle_B: 0.184, idt_B: 0.055

[Rank 0] (epoch: 786, iters: 952, time: 0.030, data: 0.002) , D_A: 0.030, G_A: 0.750, cycle_A: 0.066, idt_A: 0.123, D_B: 0.001, G_B: 0.977, cycle_B: 0.181, idt_B: 0.060

[Rank 0] (epoch: 786, iters: 1152, time: 0.030, data: 0.003) , D_A: 0.027, G_A: 0.819, cycle_A: 0.096, idt_A: 0.124, D_B: 0.001, G_B: 0.997, cycle_B: 0.184, idt_B: 0.085

[Rank 0] (epoch: 786, iters: 1352, time: 0.030, data: 0.003) , D_A: 0.025, G_A: 0.863, cycle_A: 0.077, idt_A: 0.121, D_B: 0.002, G_B: 1.099, cycle_B: 0.183, idt_B: 0.072

[Rank 0] (epoch: 786, iters: 1552, time: 0.134, data: 0.002) , D_A: 0.029, G_A: 0.748, cycle_A: 0.087, idt_A: 0.127, D_B: 0.001, G_B: 0.969, cycle_B: 0.178, idt_B: 0.076

[Rank 0] (epoch: 786, iters: 1752, time: 0.030, data: 0.002) , D_A: 0.028, G_A: 0.848, cycle_A: 0.096, idt_A: 0.132, D_B: 0.001, G_B: 1.019, cycle_B: 0.193, idt_B: 0.078

learning rate 0.0000100 -> 0.0000100
saving the model at the end of epoch 786, iters 418376
End of epoch 786 / 950 	 Time Taken: 53 sec
[Rank 0] (epoch: 787, iters: 24, time: 0.129, data: 0.003) , D_A: 0.031, G_A: 0.775, cycle_A: 0.080, idt_A: 0.143, D_B: 0.003, G_B: 0.882, cycle_B: 0.219, idt_B: 0.070

[Rank 0] (epoch: 787, iters: 224, time: 0.030, data: 0.002) , D_A: 0.052, G_A: 0.884, cycle_A: 0.058, idt_A: 0.136, D_B: 0.011, G_B: 1.038, cycle_B: 0.210, idt_B: 0.051

[Rank 0] (epoch: 787, iters: 424, time: 0.029, data: 0.003) , D_A: 0.058, G_A: 0.875, cycle_A: 0.068, idt_A: 0.119, D_B: 0.002, G_B: 0.987, cycle_B: 0.189, idt_B: 0.061

[Rank 0] (epoch: 787, iters: 624, time: 0.142, data: 0.002) , D_A: 0.030, G_A: 1.070, cycle_A: 0.062, idt_A: 0.137, D_B: 0.004, G_B: 0.978, cycle_B: 0.214, idt_B: 0.053

[Rank 0] (epoch: 787, iters: 824, time: 0.030, data: 0.003) , D_A: 0.020, G_A: 0.929, cycle_A: 0.068, idt_A: 0.130, D_B: 0.002, G_B: 0.978, cycle_B: 0.194, idt_B: 0.061

[Rank 0] (epoch: 787, iters: 1024, time: 0.030, data: 0.003) , D_A: 0.029, G_A: 0.801, cycle_A: 0.072, idt_A: 0.133, D_B: 0.002, G_B: 0.982, cycle_B: 0.208, idt_B: 0.066

[Rank 0] (epoch: 787, iters: 1224, time: 0.030, data: 0.004) , D_A: 0.028, G_A: 0.895, cycle_A: 0.080, idt_A: 0.123, D_B: 0.003, G_B: 0.914, cycle_B: 0.193, idt_B: 0.071

[Rank 0] (epoch: 787, iters: 1424, time: 0.029, data: 0.004) , D_A: 0.027, G_A: 0.786, cycle_A: 0.073, idt_A: 0.133, D_B: 0.026, G_B: 0.929, cycle_B: 0.204, idt_B: 0.064

[Rank 0] (epoch: 787, iters: 1624, time: 0.135, data: 0.001) , D_A: 0.050, G_A: 0.952, cycle_A: 0.090, idt_A: 0.118, D_B: 0.048, G_B: 1.006, cycle_B: 0.198, idt_B: 0.078

saving the latest model (epoch 787, total_iters 420000)
[Rank 0] (epoch: 787, iters: 1824, time: 0.030, data: 0.002) , D_A: 0.051, G_A: 0.913, cycle_A: 0.080, idt_A: 0.127, D_B: 0.007, G_B: 0.772, cycle_B: 0.230, idt_B: 0.071

learning rate 0.0000100 -> 0.0000100
saving the model at the end of epoch 787, iters 420304
End of epoch 787 / 950 	 Time Taken: 53 sec
[Rank 0] (epoch: 788, iters: 96, time: 0.143, data: 0.003) , D_A: 0.026, G_A: 0.850, cycle_A: 0.064, idt_A: 0.122, D_B: 0.006, G_B: 0.986, cycle_B: 0.219, idt_B: 0.051

[Rank 0] (epoch: 788, iters: 296, time: 0.030, data: 0.004) , D_A: 0.027, G_A: 0.720, cycle_A: 0.093, idt_A: 0.107, D_B: 0.005, G_B: 0.817, cycle_B: 0.177, idt_B: 0.082

[Rank 0] (epoch: 788, iters: 496, time: 0.030, data: 0.003) , D_A: 0.057, G_A: 0.731, cycle_A: 0.084, idt_A: 0.128, D_B: 0.012, G_B: 0.995, cycle_B: 0.192, idt_B: 0.078

[Rank 0] (epoch: 788, iters: 696, time: 0.143, data: 0.002) , D_A: 0.025, G_A: 0.826, cycle_A: 0.078, idt_A: 0.114, D_B: 0.003, G_B: 0.897, cycle_B: 0.167, idt_B: 0.070

[Rank 0] (epoch: 788, iters: 896, time: 0.030, data: 0.003) , D_A: 0.027, G_A: 0.839, cycle_A: 0.059, idt_A: 0.127, D_B: 0.021, G_B: 0.882, cycle_B: 0.191, idt_B: 0.054

[Rank 0] (epoch: 788, iters: 1096, time: 0.029, data: 0.003) , D_A: 0.028, G_A: 0.769, cycle_A: 0.070, idt_A: 0.123, D_B: 0.012, G_B: 0.744, cycle_B: 0.189, idt_B: 0.060

[Rank 0] (epoch: 788, iters: 1296, time: 0.029, data: 0.006) , D_A: 0.026, G_A: 1.039, cycle_A: 0.074, idt_A: 0.128, D_B: 0.002, G_B: 0.888, cycle_B: 0.204, idt_B: 0.061

[Rank 0] (epoch: 788, iters: 1496, time: 0.029, data: 0.003) , D_A: 0.028, G_A: 0.970, cycle_A: 0.086, idt_A: 0.134, D_B: 0.004, G_B: 1.148, cycle_B: 0.211, idt_B: 0.075

[Rank 0] (epoch: 788, iters: 1696, time: 0.142, data: 0.002) , D_A: 0.034, G_A: 0.851, cycle_A: 0.056, idt_A: 0.134, D_B: 0.081, G_B: 0.885, cycle_B: 0.242, idt_B: 0.053

[Rank 0] (epoch: 788, iters: 1896, time: 0.029, data: 0.003) , D_A: 0.031, G_A: 0.830, cycle_A: 0.055, idt_A: 0.122, D_B: 0.005, G_B: 0.963, cycle_B: 0.233, idt_B: 0.049

learning rate 0.0000100 -> 0.0000100
saving the model at the end of epoch 788, iters 422232
End of epoch 788 / 950 	 Time Taken: 54 sec
[Rank 0] (epoch: 789, iters: 168, time: 0.174, data: 0.002) , D_A: 0.029, G_A: 0.742, cycle_A: 0.067, idt_A: 0.133, D_B: 0.007, G_B: 0.938, cycle_B: 0.210, idt_B: 0.059

[Rank 0] (epoch: 789, iters: 368, time: 0.029, data: 0.002) , D_A: 0.038, G_A: 0.856, cycle_A: 0.069, idt_A: 0.126, D_B: 0.004, G_B: 0.827, cycle_B: 0.199, idt_B: 0.064

[Rank 0] (epoch: 789, iters: 568, time: 0.030, data: 0.003) , D_A: 0.049, G_A: 0.873, cycle_A: 0.088, idt_A: 0.133, D_B: 0.018, G_B: 0.880, cycle_B: 0.262, idt_B: 0.079

[Rank 0] (epoch: 789, iters: 768, time: 0.148, data: 0.003) , D_A: 0.024, G_A: 0.939, cycle_A: 0.077, idt_A: 0.116, D_B: 0.014, G_B: 0.814, cycle_B: 0.212, idt_B: 0.063

[Rank 0] (epoch: 789, iters: 968, time: 0.029, data: 0.004) , D_A: 0.021, G_A: 0.901, cycle_A: 0.086, idt_A: 0.137, D_B: 0.005, G_B: 0.883, cycle_B: 0.234, idt_B: 0.073

[Rank 0] (epoch: 789, iters: 1168, time: 0.030, data: 0.001) , D_A: 0.039, G_A: 0.894, cycle_A: 0.066, idt_A: 0.134, D_B: 0.003, G_B: 0.982, cycle_B: 0.219, idt_B: 0.059

[Rank 0] (epoch: 789, iters: 1368, time: 0.029, data: 0.006) , D_A: 0.026, G_A: 0.966, cycle_A: 0.104, idt_A: 0.136, D_B: 0.004, G_B: 0.944, cycle_B: 0.227, idt_B: 0.095

[Rank 0] (epoch: 789, iters: 1568, time: 0.030, data: 0.003) , D_A: 0.021, G_A: 0.909, cycle_A: 0.081, idt_A: 0.130, D_B: 0.014, G_B: 0.898, cycle_B: 0.246, idt_B: 0.071

[Rank 0] (epoch: 789, iters: 1768, time: 0.138, data: 0.002) , D_A: 0.058, G_A: 0.826, cycle_A: 0.114, idt_A: 0.142, D_B: 0.122, G_B: 0.803, cycle_B: 0.272, idt_B: 0.099

learning rate 0.0000100 -> 0.0000100
saving the model at the end of epoch 789, iters 424160
End of epoch 789 / 950 	 Time Taken: 54 sec
[Rank 0] (epoch: 790, iters: 40, time: 0.146, data: 0.003) , D_A: 0.020, G_A: 0.835, cycle_A: 0.081, idt_A: 0.119, D_B: 0.033, G_B: 0.619, cycle_B: 0.239, idt_B: 0.075

[Rank 0] (epoch: 790, iters: 240, time: 0.030, data: 0.003) , D_A: 0.021, G_A: 0.901, cycle_A: 0.073, idt_A: 0.124, D_B: 0.016, G_B: 0.812, cycle_B: 0.253, idt_B: 0.064

[Rank 0] (epoch: 790, iters: 440, time: 0.029, data: 0.003) , D_A: 0.026, G_A: 0.959, cycle_A: 0.090, idt_A: 0.155, D_B: 0.019, G_B: 0.663, cycle_B: 0.256, idt_B: 0.079

[Rank 0] (epoch: 790, iters: 640, time: 0.030, data: 0.003) , D_A: 0.049, G_A: 0.728, cycle_A: 0.087, idt_A: 0.114, D_B: 0.008, G_B: 0.813, cycle_B: 0.197, idt_B: 0.081

[Rank 0] (epoch: 790, iters: 840, time: 0.121, data: 0.003) , D_A: 0.065, G_A: 0.937, cycle_A: 0.090, idt_A: 0.114, D_B: 0.005, G_B: 1.003, cycle_B: 0.173, idt_B: 0.083

saving the latest model (epoch 790, total_iters 425000)
[Rank 0] (epoch: 790, iters: 1040, time: 0.029, data: 0.002) , D_A: 0.036, G_A: 0.729, cycle_A: 0.091, idt_A: 0.114, D_B: 0.006, G_B: 1.021, cycle_B: 0.187, idt_B: 0.081

[Rank 0] (epoch: 790, iters: 1240, time: 0.029, data: 0.003) , D_A: 0.020, G_A: 0.875, cycle_A: 0.076, idt_A: 0.136, D_B: 0.004, G_B: 0.852, cycle_B: 0.216, idt_B: 0.071

[Rank 0] (epoch: 790, iters: 1440, time: 0.029, data: 0.003) , D_A: 0.049, G_A: 0.864, cycle_A: 0.101, idt_A: 0.127, D_B: 0.005, G_B: 1.082, cycle_B: 0.204, idt_B: 0.092

[Rank 0] (epoch: 790, iters: 1640, time: 0.030, data: 0.003) , D_A: 0.017, G_A: 0.839, cycle_A: 0.062, idt_A: 0.117, D_B: 0.057, G_B: 0.898, cycle_B: 0.192, idt_B: 0.052

[Rank 0] (epoch: 790, iters: 1840, time: 0.140, data: 0.003) , D_A: 0.021, G_A: 0.978, cycle_A: 0.086, idt_A: 0.126, D_B: 0.002, G_B: 0.989, cycle_B: 0.194, idt_B: 0.076

learning rate 0.0000100 -> 0.0000100
saving the model at the end of epoch 790, iters 426088
End of epoch 790 / 950 	 Time Taken: 53 sec
[Rank 0] (epoch: 791, iters: 112, time: 0.124, data: 0.002) , D_A: 0.019, G_A: 0.962, cycle_A: 0.084, idt_A: 0.107, D_B: 0.002, G_B: 0.946, cycle_B: 0.164, idt_B: 0.078

[Rank 0] (epoch: 791, iters: 312, time: 0.029, data: 0.001) , D_A: 0.027, G_A: 0.938, cycle_A: 0.077, idt_A: 0.137, D_B: 0.001, G_B: 0.951, cycle_B: 0.207, idt_B: 0.069

[Rank 0] (epoch: 791, iters: 512, time: 0.029, data: 0.003) , D_A: 0.040, G_A: 0.861, cycle_A: 0.093, idt_A: 0.127, D_B: 0.002, G_B: 0.993, cycle_B: 0.190, idt_B: 0.081

[Rank 0] (epoch: 791, iters: 712, time: 0.030, data: 0.003) , D_A: 0.023, G_A: 0.901, cycle_A: 0.083, idt_A: 0.134, D_B: 0.002, G_B: 0.964, cycle_B: 0.197, idt_B: 0.082

[Rank 0] (epoch: 791, iters: 912, time: 0.131, data: 0.004) , D_A: 0.022, G_A: 0.841, cycle_A: 0.060, idt_A: 0.129, D_B: 0.003, G_B: 0.932, cycle_B: 0.195, idt_B: 0.051

[Rank 0] (epoch: 791, iters: 1112, time: 0.029, data: 0.003) , D_A: 0.017, G_A: 0.852, cycle_A: 0.084, idt_A: 0.126, D_B: 0.002, G_B: 0.978, cycle_B: 0.183, idt_B: 0.073

[Rank 0] (epoch: 791, iters: 1312, time: 0.029, data: 0.003) , D_A: 0.022, G_A: 0.813, cycle_A: 0.102, idt_A: 0.132, D_B: 0.005, G_B: 0.838, cycle_B: 0.205, idt_B: 0.087

[Rank 0] (epoch: 791, iters: 1512, time: 0.029, data: 0.002) , D_A: 0.026, G_A: 0.790, cycle_A: 0.096, idt_A: 0.133, D_B: 0.002, G_B: 0.980, cycle_B: 0.194, idt_B: 0.085

[Rank 0] (epoch: 791, iters: 1712, time: 0.029, data: 0.002) , D_A: 0.027, G_A: 0.878, cycle_A: 0.057, idt_A: 0.124, D_B: 0.043, G_B: 0.999, cycle_B: 0.189, idt_B: 0.046

[Rank 0] (epoch: 791, iters: 1912, time: 0.124, data: 0.002) , D_A: 0.037, G_A: 0.995, cycle_A: 0.107, idt_A: 0.128, D_B: 0.002, G_B: 0.979, cycle_B: 0.191, idt_B: 0.091

learning rate 0.0000100 -> 0.0000100
saving the model at the end of epoch 791, iters 428016
End of epoch 791 / 950 	 Time Taken: 53 sec
[Rank 0] (epoch: 792, iters: 184, time: 0.121, data: 0.002) , D_A: 0.022, G_A: 0.922, cycle_A: 0.086, idt_A: 0.130, D_B: 0.002, G_B: 0.970, cycle_B: 0.191, idt_B: 0.077

[Rank 0] (epoch: 792, iters: 384, time: 0.029, data: 0.003) , D_A: 0.043, G_A: 1.016, cycle_A: 0.067, idt_A: 0.138, D_B: 0.002, G_B: 0.994, cycle_B: 0.199, idt_B: 0.063

[Rank 0] (epoch: 792, iters: 584, time: 0.030, data: 0.002) , D_A: 0.024, G_A: 0.892, cycle_A: 0.096, idt_A: 0.125, D_B: 0.002, G_B: 0.917, cycle_B: 0.186, idt_B: 0.091

[Rank 0] (epoch: 792, iters: 784, time: 0.029, data: 0.002) , D_A: 0.023, G_A: 0.787, cycle_A: 0.090, idt_A: 0.137, D_B: 0.002, G_B: 0.969, cycle_B: 0.208, idt_B: 0.085

[Rank 0] (epoch: 792, iters: 984, time: 0.121, data: 0.002) , D_A: 0.018, G_A: 0.850, cycle_A: 0.096, idt_A: 0.122, D_B: 0.001, G_B: 0.982, cycle_B: 0.175, idt_B: 0.094

[Rank 0] (epoch: 792, iters: 1184, time: 0.029, data: 0.002) , D_A: 0.031, G_A: 1.048, cycle_A: 0.075, idt_A: 0.135, D_B: 0.002, G_B: 0.999, cycle_B: 0.207, idt_B: 0.070

[Rank 0] (epoch: 792, iters: 1384, time: 0.029, data: 0.002) , D_A: 0.024, G_A: 0.814, cycle_A: 0.066, idt_A: 0.112, D_B: 0.003, G_B: 0.871, cycle_B: 0.166, idt_B: 0.062

[Rank 0] (epoch: 792, iters: 1584, time: 0.030, data: 0.003) , D_A: 0.043, G_A: 0.837, cycle_A: 0.089, idt_A: 0.140, D_B: 0.001, G_B: 0.963, cycle_B: 0.208, idt_B: 0.077

[Rank 0] (epoch: 792, iters: 1784, time: 0.030, data: 0.003) , D_A: 0.022, G_A: 1.127, cycle_A: 0.067, idt_A: 0.122, D_B: 0.002, G_B: 1.080, cycle_B: 0.179, idt_B: 0.063

learning rate 0.0000100 -> 0.0000100
saving the model at the end of epoch 792, iters 429944
End of epoch 792 / 950 	 Time Taken: 52 sec
[Rank 0] (epoch: 793, iters: 56, time: 0.123, data: 0.003) , D_A: 0.019, G_A: 0.871, cycle_A: 0.088, idt_A: 0.118, D_B: 0.002, G_B: 1.008, cycle_B: 0.174, idt_B: 0.084

saving the latest model (epoch 793, total_iters 430000)
[Rank 0] (epoch: 793, iters: 256, time: 0.030, data: 0.002) , D_A: 0.017, G_A: 0.944, cycle_A: 0.082, idt_A: 0.125, D_B: 0.002, G_B: 1.061, cycle_B: 0.188, idt_B: 0.079

[Rank 0] (epoch: 793, iters: 456, time: 0.029, data: 0.002) , D_A: 0.024, G_A: 0.824, cycle_A: 0.082, idt_A: 0.109, D_B: 0.002, G_B: 0.957, cycle_B: 0.161, idt_B: 0.077

[Rank 0] (epoch: 793, iters: 656, time: 0.030, data: 0.003) , D_A: 0.036, G_A: 0.834, cycle_A: 0.086, idt_A: 0.121, D_B: 0.009, G_B: 0.768, cycle_B: 0.182, idt_B: 0.086

[Rank 0] (epoch: 793, iters: 856, time: 0.029, data: 0.003) , D_A: 0.051, G_A: 0.720, cycle_A: 0.075, idt_A: 0.129, D_B: 0.003, G_B: 0.920, cycle_B: 0.206, idt_B: 0.064

[Rank 0] (epoch: 793, iters: 1056, time: 0.132, data: 0.003) , D_A: 0.027, G_A: 0.779, cycle_A: 0.087, idt_A: 0.137, D_B: 0.002, G_B: 0.970, cycle_B: 0.201, idt_B: 0.076

[Rank 0] (epoch: 793, iters: 1256, time: 0.029, data: 0.003) , D_A: 0.021, G_A: 0.813, cycle_A: 0.080, idt_A: 0.135, D_B: 0.001, G_B: 0.966, cycle_B: 0.201, idt_B: 0.068

[Rank 0] (epoch: 793, iters: 1456, time: 0.030, data: 0.002) , D_A: 0.017, G_A: 0.903, cycle_A: 0.085, idt_A: 0.125, D_B: 0.002, G_B: 0.969, cycle_B: 0.190, idt_B: 0.077

[Rank 0] (epoch: 793, iters: 1656, time: 0.029, data: 0.004) , D_A: 0.031, G_A: 1.227, cycle_A: 0.083, idt_A: 0.123, D_B: 0.001, G_B: 0.991, cycle_B: 0.174, idt_B: 0.080

[Rank 0] (epoch: 793, iters: 1856, time: 0.029, data: 0.003) , D_A: 0.025, G_A: 0.873, cycle_A: 0.097, idt_A: 0.137, D_B: 0.002, G_B: 1.036, cycle_B: 0.198, idt_B: 0.082

learning rate 0.0000100 -> 0.0000100
saving the model at the end of epoch 793, iters 431872
End of epoch 793 / 950 	 Time Taken: 52 sec
[Rank 0] (epoch: 794, iters: 128, time: 0.130, data: 0.003) , D_A: 0.030, G_A: 0.876, cycle_A: 0.079, idt_A: 0.130, D_B: 0.002, G_B: 0.956, cycle_B: 0.203, idt_B: 0.071

[Rank 0] (epoch: 794, iters: 328, time: 0.029, data: 0.002) , D_A: 0.031, G_A: 0.928, cycle_A: 0.085, idt_A: 0.137, D_B: 0.020, G_B: 0.925, cycle_B: 0.208, idt_B: 0.077

[Rank 0] (epoch: 794, iters: 528, time: 0.030, data: 0.003) , D_A: 0.022, G_A: 0.745, cycle_A: 0.088, idt_A: 0.117, D_B: 0.001, G_B: 0.938, cycle_B: 0.168, idt_B: 0.076

[Rank 0] (epoch: 794, iters: 728, time: 0.029, data: 0.004) , D_A: 0.018, G_A: 0.943, cycle_A: 0.076, idt_A: 0.120, D_B: 0.002, G_B: 0.935, cycle_B: 0.184, idt_B: 0.071

[Rank 0] (epoch: 794, iters: 928, time: 0.029, data: 0.002) , D_A: 0.016, G_A: 0.948, cycle_A: 0.078, idt_A: 0.124, D_B: 0.010, G_B: 0.856, cycle_B: 0.197, idt_B: 0.069

[Rank 0] (epoch: 794, iters: 1128, time: 0.125, data: 0.003) , D_A: 0.019, G_A: 0.889, cycle_A: 0.057, idt_A: 0.121, D_B: 0.003, G_B: 0.910, cycle_B: 0.189, idt_B: 0.048

[Rank 0] (epoch: 794, iters: 1328, time: 0.029, data: 0.002) , D_A: 0.019, G_A: 0.800, cycle_A: 0.088, idt_A: 0.130, D_B: 0.002, G_B: 1.053, cycle_B: 0.201, idt_B: 0.081

[Rank 0] (epoch: 794, iters: 1528, time: 0.029, data: 0.003) , D_A: 0.022, G_A: 1.074, cycle_A: 0.082, idt_A: 0.129, D_B: 0.001, G_B: 0.984, cycle_B: 0.204, idt_B: 0.078

[Rank 0] (epoch: 794, iters: 1728, time: 0.029, data: 0.002) , D_A: 0.017, G_A: 0.887, cycle_A: 0.084, idt_A: 0.130, D_B: 0.002, G_B: 0.968, cycle_B: 0.199, idt_B: 0.074

[Rank 0] (epoch: 794, iters: 1928, time: 0.023, data: 0.003) , D_A: 0.054, G_A: 0.970, cycle_A: 0.085, idt_A: 0.139, D_B: 0.001, G_B: 1.000, cycle_B: 0.207, idt_B: 0.074

learning rate 0.0000100 -> 0.0000100
saving the model at the end of epoch 794, iters 433800
End of epoch 794 / 950 	 Time Taken: 52 sec
[Rank 0] (epoch: 795, iters: 200, time: 0.128, data: 0.925) , D_A: 0.028, G_A: 0.963, cycle_A: 0.064, idt_A: 0.136, D_B: 0.002, G_B: 0.989, cycle_B: 0.215, idt_B: 0.061

[Rank 0] (epoch: 795, iters: 400, time: 0.029, data: 0.003) , D_A: 0.018, G_A: 0.948, cycle_A: 0.082, idt_A: 0.136, D_B: 0.002, G_B: 0.987, cycle_B: 0.205, idt_B: 0.073

[Rank 0] (epoch: 795, iters: 600, time: 0.029, data: 0.003) , D_A: 0.020, G_A: 0.801, cycle_A: 0.089, idt_A: 0.135, D_B: 0.001, G_B: 1.016, cycle_B: 0.215, idt_B: 0.070

[Rank 0] (epoch: 795, iters: 800, time: 0.030, data: 0.003) , D_A: 0.020, G_A: 0.932, cycle_A: 0.083, idt_A: 0.116, D_B: 0.002, G_B: 1.089, cycle_B: 0.172, idt_B: 0.072

[Rank 0] (epoch: 795, iters: 1000, time: 0.029, data: 0.004) , D_A: 0.024, G_A: 0.768, cycle_A: 0.083, idt_A: 0.131, D_B: 0.002, G_B: 0.976, cycle_B: 0.196, idt_B: 0.069

[Rank 0] (epoch: 795, iters: 1200, time: 0.132, data: 0.003) , D_A: 0.026, G_A: 0.892, cycle_A: 0.116, idt_A: 0.128, D_B: 0.001, G_B: 0.964, cycle_B: 0.187, idt_B: 0.100

saving the latest model (epoch 795, total_iters 435000)
[Rank 0] (epoch: 795, iters: 1400, time: 0.030, data: 0.003) , D_A: 0.022, G_A: 0.806, cycle_A: 0.087, idt_A: 0.113, D_B: 0.002, G_B: 1.057, cycle_B: 0.178, idt_B: 0.083

[Rank 0] (epoch: 795, iters: 1600, time: 0.029, data: 0.003) , D_A: 0.025, G_A: 0.824, cycle_A: 0.082, idt_A: 0.142, D_B: 0.003, G_B: 0.995, cycle_B: 0.223, idt_B: 0.074

[Rank 0] (epoch: 795, iters: 1800, time: 0.029, data: 0.002) , D_A: 0.027, G_A: 1.097, cycle_A: 0.074, idt_A: 0.115, D_B: 0.001, G_B: 1.023, cycle_B: 0.185, idt_B: 0.064

learning rate 0.0000100 -> 0.0000100
saving the model at the end of epoch 795, iters 435728
End of epoch 795 / 950 	 Time Taken: 52 sec
[Rank 0] (epoch: 796, iters: 72, time: 0.146, data: 0.003) , D_A: 0.015, G_A: 0.985, cycle_A: 0.083, idt_A: 0.105, D_B: 0.001, G_B: 0.964, cycle_B: 0.163, idt_B: 0.076

[Rank 0] (epoch: 796, iters: 272, time: 0.136, data: 0.003) , D_A: 0.017, G_A: 0.833, cycle_A: 0.080, idt_A: 0.136, D_B: 0.001, G_B: 0.998, cycle_B: 0.210, idt_B: 0.075

[Rank 0] (epoch: 796, iters: 472, time: 0.030, data: 0.002) , D_A: 0.020, G_A: 0.872, cycle_A: 0.095, idt_A: 0.129, D_B: 0.001, G_B: 1.031, cycle_B: 0.200, idt_B: 0.087

[Rank 0] (epoch: 796, iters: 672, time: 0.030, data: 0.003) , D_A: 0.021, G_A: 0.859, cycle_A: 0.067, idt_A: 0.125, D_B: 0.001, G_B: 0.969, cycle_B: 0.192, idt_B: 0.054

[Rank 0] (epoch: 796, iters: 872, time: 0.029, data: 0.003) , D_A: 0.017, G_A: 0.933, cycle_A: 0.085, idt_A: 0.109, D_B: 0.001, G_B: 0.959, cycle_B: 0.172, idt_B: 0.075

[Rank 0] (epoch: 796, iters: 1072, time: 0.030, data: 0.003) , D_A: 0.019, G_A: 0.841, cycle_A: 0.081, idt_A: 0.157, D_B: 0.001, G_B: 0.997, cycle_B: 0.229, idt_B: 0.074

[Rank 0] (epoch: 796, iters: 1272, time: 0.118, data: 0.003) , D_A: 0.040, G_A: 0.982, cycle_A: 0.060, idt_A: 0.131, D_B: 0.001, G_B: 1.001, cycle_B: 0.202, idt_B: 0.056

[Rank 0] (epoch: 796, iters: 1472, time: 0.029, data: 0.003) , D_A: 0.030, G_A: 0.896, cycle_A: 0.072, idt_A: 0.136, D_B: 0.001, G_B: 1.059, cycle_B: 0.213, idt_B: 0.062

[Rank 0] (epoch: 796, iters: 1672, time: 0.030, data: 0.002) , D_A: 0.016, G_A: 0.960, cycle_A: 0.071, idt_A: 0.128, D_B: 0.001, G_B: 0.987, cycle_B: 0.197, idt_B: 0.063

[Rank 0] (epoch: 796, iters: 1872, time: 0.029, data: 0.004) , D_A: 0.016, G_A: 0.957, cycle_A: 0.099, idt_A: 0.111, D_B: 0.001, G_B: 0.999, cycle_B: 0.165, idt_B: 0.082

learning rate 0.0000100 -> 0.0000100
saving the model at the end of epoch 796, iters 437656
End of epoch 796 / 950 	 Time Taken: 54 sec
[Rank 0] (epoch: 797, iters: 144, time: 0.125, data: 0.002) , D_A: 0.023, G_A: 0.811, cycle_A: 0.072, idt_A: 0.142, D_B: 0.001, G_B: 0.953, cycle_B: 0.220, idt_B: 0.060

[Rank 0] (epoch: 797, iters: 344, time: 0.141, data: 0.003) , D_A: 0.028, G_A: 0.797, cycle_A: 0.072, idt_A: 0.130, D_B: 0.001, G_B: 1.025, cycle_B: 0.201, idt_B: 0.061

[Rank 0] (epoch: 797, iters: 544, time: 0.030, data: 0.002) , D_A: 0.021, G_A: 0.834, cycle_A: 0.093, idt_A: 0.118, D_B: 0.001, G_B: 1.023, cycle_B: 0.185, idt_B: 0.078

[Rank 0] (epoch: 797, iters: 744, time: 0.030, data: 0.002) , D_A: 0.022, G_A: 0.969, cycle_A: 0.103, idt_A: 0.121, D_B: 0.001, G_B: 0.979, cycle_B: 0.193, idt_B: 0.091

[Rank 0] (epoch: 797, iters: 944, time: 0.030, data: 0.002) , D_A: 0.017, G_A: 0.895, cycle_A: 0.086, idt_A: 0.109, D_B: 0.001, G_B: 1.002, cycle_B: 0.176, idt_B: 0.078

[Rank 0] (epoch: 797, iters: 1144, time: 0.030, data: 0.002) , D_A: 0.051, G_A: 0.872, cycle_A: 0.070, idt_A: 0.126, D_B: 0.001, G_B: 0.988, cycle_B: 0.198, idt_B: 0.058

[Rank 0] (epoch: 797, iters: 1344, time: 0.136, data: 0.002) , D_A: 0.035, G_A: 0.932, cycle_A: 0.090, idt_A: 0.119, D_B: 0.001, G_B: 0.991, cycle_B: 0.184, idt_B: 0.079

[Rank 0] (epoch: 797, iters: 1544, time: 0.030, data: 0.002) , D_A: 0.025, G_A: 0.907, cycle_A: 0.051, idt_A: 0.125, D_B: 0.001, G_B: 0.983, cycle_B: 0.199, idt_B: 0.044

[Rank 0] (epoch: 797, iters: 1744, time: 0.030, data: 0.003) , D_A: 0.018, G_A: 1.022, cycle_A: 0.098, idt_A: 0.126, D_B: 0.001, G_B: 0.990, cycle_B: 0.197, idt_B: 0.089

learning rate 0.0000100 -> 0.0000100
saving the model at the end of epoch 797, iters 439584
End of epoch 797 / 950 	 Time Taken: 53 sec
[Rank 0] (epoch: 798, iters: 16, time: 0.125, data: 0.003) , D_A: 0.022, G_A: 0.869, cycle_A: 0.090, idt_A: 0.133, D_B: 0.001, G_B: 0.974, cycle_B: 0.204, idt_B: 0.089

[Rank 0] (epoch: 798, iters: 216, time: 0.029, data: 0.002) , D_A: 0.016, G_A: 1.138, cycle_A: 0.075, idt_A: 0.123, D_B: 0.001, G_B: 0.978, cycle_B: 0.193, idt_B: 0.067

[Rank 0] (epoch: 798, iters: 416, time: 0.129, data: 0.003) , D_A: 0.017, G_A: 0.850, cycle_A: 0.060, idt_A: 0.143, D_B: 0.001, G_B: 0.992, cycle_B: 0.222, idt_B: 0.054

saving the latest model (epoch 798, total_iters 440000)
[Rank 0] (epoch: 798, iters: 616, time: 0.029, data: 0.003) , D_A: 0.018, G_A: 0.972, cycle_A: 0.080, idt_A: 0.132, D_B: 0.001, G_B: 0.979, cycle_B: 0.213, idt_B: 0.071

[Rank 0] (epoch: 798, iters: 816, time: 0.030, data: 0.002) , D_A: 0.018, G_A: 1.016, cycle_A: 0.081, idt_A: 0.122, D_B: 0.001, G_B: 1.012, cycle_B: 0.194, idt_B: 0.073

[Rank 0] (epoch: 798, iters: 1016, time: 0.029, data: 0.004) , D_A: 0.019, G_A: 0.959, cycle_A: 0.083, idt_A: 0.134, D_B: 0.001, G_B: 1.048, cycle_B: 0.216, idt_B: 0.073

[Rank 0] (epoch: 798, iters: 1216, time: 0.029, data: 0.003) , D_A: 0.016, G_A: 1.002, cycle_A: 0.056, idt_A: 0.119, D_B: 0.001, G_B: 0.982, cycle_B: 0.182, idt_B: 0.052

[Rank 0] (epoch: 798, iters: 1416, time: 0.125, data: 0.003) , D_A: 0.027, G_A: 1.016, cycle_A: 0.081, idt_A: 0.137, D_B: 0.001, G_B: 0.996, cycle_B: 0.219, idt_B: 0.074

[Rank 0] (epoch: 798, iters: 1616, time: 0.030, data: 0.003) , D_A: 0.025, G_A: 0.912, cycle_A: 0.063, idt_A: 0.128, D_B: 0.001, G_B: 0.991, cycle_B: 0.199, idt_B: 0.052

[Rank 0] (epoch: 798, iters: 1816, time: 0.029, data: 0.003) , D_A: 0.017, G_A: 0.904, cycle_A: 0.069, idt_A: 0.139, D_B: 0.001, G_B: 0.976, cycle_B: 0.216, idt_B: 0.064

learning rate 0.0000100 -> 0.0000100
saving the model at the end of epoch 798, iters 441512
End of epoch 798 / 950 	 Time Taken: 53 sec
[Rank 0] (epoch: 799, iters: 88, time: 0.136, data: 0.003) , D_A: 0.019, G_A: 0.872, cycle_A: 0.087, idt_A: 0.123, D_B: 0.001, G_B: 0.990, cycle_B: 0.184, idt_B: 0.076

[Rank 0] (epoch: 799, iters: 288, time: 0.030, data: 0.002) , D_A: 0.016, G_A: 0.921, cycle_A: 0.078, idt_A: 0.113, D_B: 0.001, G_B: 1.031, cycle_B: 0.174, idt_B: 0.073

[Rank 0] (epoch: 799, iters: 488, time: 0.123, data: 0.003) , D_A: 0.026, G_A: 0.905, cycle_A: 0.059, idt_A: 0.120, D_B: 0.001, G_B: 0.995, cycle_B: 0.195, idt_B: 0.053

[Rank 0] (epoch: 799, iters: 688, time: 0.030, data: 0.003) , D_A: 0.018, G_A: 0.847, cycle_A: 0.071, idt_A: 0.121, D_B: 0.001, G_B: 0.954, cycle_B: 0.180, idt_B: 0.064

[Rank 0] (epoch: 799, iters: 888, time: 0.030, data: 0.003) , D_A: 0.028, G_A: 0.829, cycle_A: 0.049, idt_A: 0.126, D_B: 0.001, G_B: 0.980, cycle_B: 0.198, idt_B: 0.047

[Rank 0] (epoch: 799, iters: 1088, time: 0.030, data: 0.003) , D_A: 0.020, G_A: 0.980, cycle_A: 0.105, idt_A: 0.139, D_B: 0.001, G_B: 1.003, cycle_B: 0.222, idt_B: 0.090

[Rank 0] (epoch: 799, iters: 1288, time: 0.030, data: 0.003) , D_A: 0.018, G_A: 0.862, cycle_A: 0.062, idt_A: 0.132, D_B: 0.001, G_B: 0.989, cycle_B: 0.224, idt_B: 0.058

[Rank 0] (epoch: 799, iters: 1488, time: 0.123, data: 0.003) , D_A: 0.014, G_A: 0.889, cycle_A: 0.085, idt_A: 0.117, D_B: 0.001, G_B: 0.985, cycle_B: 0.186, idt_B: 0.072

[Rank 0] (epoch: 799, iters: 1688, time: 0.030, data: 0.003) , D_A: 0.013, G_A: 0.890, cycle_A: 0.052, idt_A: 0.118, D_B: 0.001, G_B: 0.982, cycle_B: 0.190, idt_B: 0.045

[Rank 0] (epoch: 799, iters: 1888, time: 0.030, data: 0.003) , D_A: 0.018, G_A: 0.986, cycle_A: 0.066, idt_A: 0.128, D_B: 0.001, G_B: 1.024, cycle_B: 0.210, idt_B: 0.061

learning rate 0.0000100 -> 0.0000100
saving the model at the end of epoch 799, iters 443440
End of epoch 799 / 950 	 Time Taken: 53 sec
[Rank 0] (epoch: 800, iters: 160, time: 0.132, data: 0.002) , D_A: 0.021, G_A: 0.873, cycle_A: 0.085, idt_A: 0.123, D_B: 0.001, G_B: 0.983, cycle_B: 0.200, idt_B: 0.070

[Rank 0] (epoch: 800, iters: 360, time: 0.030, data: 0.004) , D_A: 0.018, G_A: 0.883, cycle_A: 0.073, idt_A: 0.129, D_B: 0.001, G_B: 0.995, cycle_B: 0.223, idt_B: 0.061

[Rank 0] (epoch: 800, iters: 560, time: 0.127, data: 0.003) , D_A: 0.033, G_A: 1.043, cycle_A: 0.096, idt_A: 0.121, D_B: 0.001, G_B: 0.978, cycle_B: 0.198, idt_B: 0.086

[Rank 0] (epoch: 800, iters: 760, time: 0.030, data: 0.003) , D_A: 0.015, G_A: 0.903, cycle_A: 0.100, idt_A: 0.121, D_B: 0.001, G_B: 0.964, cycle_B: 0.199, idt_B: 0.088

[Rank 0] (epoch: 800, iters: 960, time: 0.030, data: 0.003) , D_A: 0.033, G_A: 0.861, cycle_A: 0.067, idt_A: 0.131, D_B: 0.001, G_B: 0.974, cycle_B: 0.221, idt_B: 0.061

[Rank 0] (epoch: 800, iters: 1160, time: 0.030, data: 0.002) , D_A: 0.028, G_A: 0.995, cycle_A: 0.081, idt_A: 0.143, D_B: 0.001, G_B: 0.975, cycle_B: 0.232, idt_B: 0.073

[Rank 0] (epoch: 800, iters: 1360, time: 0.030, data: 0.003) , D_A: 0.016, G_A: 0.879, cycle_A: 0.076, idt_A: 0.110, D_B: 0.001, G_B: 0.991, cycle_B: 0.183, idt_B: 0.072

[Rank 0] (epoch: 800, iters: 1560, time: 0.113, data: 0.003) , D_A: 0.020, G_A: 0.909, cycle_A: 0.061, idt_A: 0.138, D_B: 0.001, G_B: 0.939, cycle_B: 0.228, idt_B: 0.054

saving the latest model (epoch 800, total_iters 445000)
[Rank 0] (epoch: 800, iters: 1760, time: 0.030, data: 0.003) , D_A: 0.016, G_A: 1.002, cycle_A: 0.096, idt_A: 0.124, D_B: 0.001, G_B: 0.974, cycle_B: 0.219, idt_B: 0.087

learning rate 0.0000100 -> 0.0000100
saving the model at the end of epoch 800, iters 445368
End of epoch 800 / 950 	 Time Taken: 53 sec
[Rank 0] (epoch: 801, iters: 32, time: 0.169, data: 0.003) , D_A: 0.030, G_A: 0.883, cycle_A: 0.086, idt_A: 0.111, D_B: 0.001, G_B: 0.969, cycle_B: 0.200, idt_B: 0.081

[Rank 0] (epoch: 801, iters: 232, time: 0.029, data: 0.006) , D_A: 0.022, G_A: 0.923, cycle_A: 0.076, idt_A: 0.122, D_B: 0.001, G_B: 0.999, cycle_B: 0.206, idt_B: 0.068

[Rank 0] (epoch: 801, iters: 432, time: 0.030, data: 0.002) , D_A: 0.032, G_A: 0.854, cycle_A: 0.077, idt_A: 0.127, D_B: 0.001, G_B: 0.974, cycle_B: 0.210, idt_B: 0.071

[Rank 0] (epoch: 801, iters: 632, time: 0.132, data: 0.003) , D_A: 0.025, G_A: 0.908, cycle_A: 0.092, idt_A: 0.137, D_B: 0.001, G_B: 0.972, cycle_B: 0.224, idt_B: 0.079

[Rank 0] (epoch: 801, iters: 832, time: 0.030, data: 0.002) , D_A: 0.016, G_A: 0.884, cycle_A: 0.062, idt_A: 0.126, D_B: 0.001, G_B: 1.005, cycle_B: 0.209, idt_B: 0.061

[Rank 0] (epoch: 801, iters: 1032, time: 0.030, data: 0.002) , D_A: 0.023, G_A: 0.945, cycle_A: 0.075, idt_A: 0.116, D_B: 0.001, G_B: 1.050, cycle_B: 0.204, idt_B: 0.068

[Rank 0] (epoch: 801, iters: 1232, time: 0.030, data: 0.003) , D_A: 0.019, G_A: 0.859, cycle_A: 0.081, idt_A: 0.120, D_B: 0.001, G_B: 0.942, cycle_B: 0.207, idt_B: 0.082

[Rank 0] (epoch: 801, iters: 1432, time: 0.029, data: 0.004) , D_A: 0.028, G_A: 0.879, cycle_A: 0.070, idt_A: 0.135, D_B: 0.001, G_B: 0.997, cycle_B: 0.217, idt_B: 0.061

[Rank 0] (epoch: 801, iters: 1632, time: 0.126, data: 0.002) , D_A: 0.049, G_A: 0.914, cycle_A: 0.074, idt_A: 0.122, D_B: 0.001, G_B: 1.012, cycle_B: 0.211, idt_B: 0.070

[Rank 0] (epoch: 801, iters: 1832, time: 0.029, data: 0.003) , D_A: 0.013, G_A: 0.869, cycle_A: 0.049, idt_A: 0.129, D_B: 0.001, G_B: 0.938, cycle_B: 0.210, idt_B: 0.047

learning rate 0.0000100 -> 0.0000100
saving the model at the end of epoch 801, iters 447296
End of epoch 801 / 950 	 Time Taken: 54 sec
[Rank 0] (epoch: 802, iters: 104, time: 0.154, data: 0.002) , D_A: 0.023, G_A: 1.073, cycle_A: 0.079, idt_A: 0.126, D_B: 0.001, G_B: 1.016, cycle_B: 0.214, idt_B: 0.071

[Rank 0] (epoch: 802, iters: 304, time: 0.030, data: 0.003) , D_A: 0.026, G_A: 0.786, cycle_A: 0.073, idt_A: 0.130, D_B: 0.001, G_B: 0.946, cycle_B: 0.226, idt_B: 0.069

[Rank 0] (epoch: 802, iters: 504, time: 0.029, data: 0.006) , D_A: 0.030, G_A: 0.800, cycle_A: 0.049, idt_A: 0.124, D_B: 0.001, G_B: 0.984, cycle_B: 0.215, idt_B: 0.045

[Rank 0] (epoch: 802, iters: 704, time: 0.143, data: 0.003) , D_A: 0.034, G_A: 1.075, cycle_A: 0.100, idt_A: 0.127, D_B: 0.001, G_B: 0.946, cycle_B: 0.231, idt_B: 0.092

[Rank 0] (epoch: 802, iters: 904, time: 0.030, data: 0.001) , D_A: 0.032, G_A: 0.839, cycle_A: 0.075, idt_A: 0.133, D_B: 0.001, G_B: 1.017, cycle_B: 0.228, idt_B: 0.068

[Rank 0] (epoch: 802, iters: 1104, time: 0.029, data: 0.003) , D_A: 0.034, G_A: 0.869, cycle_A: 0.080, idt_A: 0.116, D_B: 0.001, G_B: 0.948, cycle_B: 0.201, idt_B: 0.068

[Rank 0] (epoch: 802, iters: 1304, time: 0.029, data: 0.005) , D_A: 0.018, G_A: 0.834, cycle_A: 0.080, idt_A: 0.131, D_B: 0.001, G_B: 0.946, cycle_B: 0.222, idt_B: 0.073

[Rank 0] (epoch: 802, iters: 1504, time: 0.029, data: 0.002) , D_A: 0.041, G_A: 0.952, cycle_A: 0.086, idt_A: 0.118, D_B: 0.001, G_B: 0.978, cycle_B: 0.199, idt_B: 0.078

[Rank 0] (epoch: 802, iters: 1704, time: 0.138, data: 0.003) , D_A: 0.018, G_A: 0.758, cycle_A: 0.058, idt_A: 0.128, D_B: 0.001, G_B: 0.970, cycle_B: 0.221, idt_B: 0.049

[Rank 0] (epoch: 802, iters: 1904, time: 0.030, data: 0.002) , D_A: 0.020, G_A: 0.880, cycle_A: 0.089, idt_A: 0.125, D_B: 0.001, G_B: 0.965, cycle_B: 0.214, idt_B: 0.088

learning rate 0.0000100 -> 0.0000100
saving the model at the end of epoch 802, iters 449224
End of epoch 802 / 950 	 Time Taken: 54 sec
[Rank 0] (epoch: 803, iters: 176, time: 0.131, data: 0.002) , D_A: 0.025, G_A: 0.936, cycle_A: 0.092, idt_A: 0.127, D_B: 0.001, G_B: 1.002, cycle_B: 0.228, idt_B: 0.086

[Rank 0] (epoch: 803, iters: 376, time: 0.029, data: 0.002) , D_A: 0.020, G_A: 0.892, cycle_A: 0.072, idt_A: 0.119, D_B: 0.001, G_B: 0.966, cycle_B: 0.204, idt_B: 0.065

[Rank 0] (epoch: 803, iters: 576, time: 0.030, data: 0.003) , D_A: 0.026, G_A: 0.824, cycle_A: 0.082, idt_A: 0.129, D_B: 0.001, G_B: 0.976, cycle_B: 0.225, idt_B: 0.069

[Rank 0] (epoch: 803, iters: 776, time: 0.139, data: 0.004) , D_A: 0.019, G_A: 0.836, cycle_A: 0.076, idt_A: 0.127, D_B: 0.001, G_B: 0.978, cycle_B: 0.210, idt_B: 0.072

saving the latest model (epoch 803, total_iters 450000)
[Rank 0] (epoch: 803, iters: 976, time: 0.030, data: 0.002) , D_A: 0.018, G_A: 0.956, cycle_A: 0.082, idt_A: 0.132, D_B: 0.002, G_B: 0.976, cycle_B: 0.225, idt_B: 0.076

[Rank 0] (epoch: 803, iters: 1176, time: 0.029, data: 0.004) , D_A: 0.020, G_A: 0.942, cycle_A: 0.080, idt_A: 0.137, D_B: 0.001, G_B: 0.980, cycle_B: 0.243, idt_B: 0.077

[Rank 0] (epoch: 803, iters: 1376, time: 0.030, data: 0.002) , D_A: 0.027, G_A: 0.918, cycle_A: 0.078, idt_A: 0.109, D_B: 0.002, G_B: 1.078, cycle_B: 0.188, idt_B: 0.070

[Rank 0] (epoch: 803, iters: 1576, time: 0.029, data: 0.003) , D_A: 0.020, G_A: 1.007, cycle_A: 0.095, idt_A: 0.125, D_B: 0.001, G_B: 1.035, cycle_B: 0.215, idt_B: 0.085

[Rank 0] (epoch: 803, iters: 1776, time: 0.140, data: 0.003) , D_A: 0.029, G_A: 0.828, cycle_A: 0.097, idt_A: 0.136, D_B: 0.001, G_B: 0.993, cycle_B: 0.231, idt_B: 0.090

learning rate 0.0000100 -> 0.0000100
saving the model at the end of epoch 803, iters 451152
End of epoch 803 / 950 	 Time Taken: 53 sec
[Rank 0] (epoch: 804, iters: 48, time: 0.123, data: 0.003) , D_A: 0.033, G_A: 0.869, cycle_A: 0.082, idt_A: 0.113, D_B: 0.001, G_B: 0.969, cycle_B: 0.204, idt_B: 0.074

[Rank 0] (epoch: 804, iters: 248, time: 0.030, data: 0.002) , D_A: 0.017, G_A: 0.806, cycle_A: 0.066, idt_A: 0.122, D_B: 0.001, G_B: 0.956, cycle_B: 0.208, idt_B: 0.064

[Rank 0] (epoch: 804, iters: 448, time: 0.030, data: 0.002) , D_A: 0.029, G_A: 0.921, cycle_A: 0.087, idt_A: 0.130, D_B: 0.001, G_B: 0.978, cycle_B: 0.215, idt_B: 0.080

[Rank 0] (epoch: 804, iters: 648, time: 0.030, data: 0.004) , D_A: 0.019, G_A: 0.882, cycle_A: 0.075, idt_A: 0.132, D_B: 0.001, G_B: 0.993, cycle_B: 0.227, idt_B: 0.073

[Rank 0] (epoch: 804, iters: 848, time: 0.138, data: 0.003) , D_A: 0.027, G_A: 0.838, cycle_A: 0.072, idt_A: 0.131, D_B: 0.001, G_B: 0.965, cycle_B: 0.230, idt_B: 0.069

[Rank 0] (epoch: 804, iters: 1048, time: 0.029, data: 0.003) , D_A: 0.015, G_A: 0.986, cycle_A: 0.071, idt_A: 0.131, D_B: 0.001, G_B: 0.991, cycle_B: 0.214, idt_B: 0.065

[Rank 0] (epoch: 804, iters: 1248, time: 0.029, data: 0.003) , D_A: 0.015, G_A: 0.861, cycle_A: 0.062, idt_A: 0.134, D_B: 0.001, G_B: 0.986, cycle_B: 0.218, idt_B: 0.057

[Rank 0] (epoch: 804, iters: 1448, time: 0.030, data: 0.002) , D_A: 0.019, G_A: 0.894, cycle_A: 0.084, idt_A: 0.120, D_B: 0.001, G_B: 0.976, cycle_B: 0.203, idt_B: 0.078

[Rank 0] (epoch: 804, iters: 1648, time: 0.029, data: 0.003) , D_A: 0.017, G_A: 0.864, cycle_A: 0.081, idt_A: 0.130, D_B: 0.001, G_B: 0.980, cycle_B: 0.210, idt_B: 0.072

[Rank 0] (epoch: 804, iters: 1848, time: 0.130, data: 0.003) , D_A: 0.017, G_A: 0.862, cycle_A: 0.072, idt_A: 0.139, D_B: 0.001, G_B: 1.021, cycle_B: 0.234, idt_B: 0.066

learning rate 0.0000100 -> 0.0000100
saving the model at the end of epoch 804, iters 453080
End of epoch 804 / 950 	 Time Taken: 53 sec
[Rank 0] (epoch: 805, iters: 120, time: 0.123, data: 0.002) , D_A: 0.020, G_A: 0.879, cycle_A: 0.075, idt_A: 0.134, D_B: 0.001, G_B: 1.006, cycle_B: 0.225, idt_B: 0.072

[Rank 0] (epoch: 805, iters: 320, time: 0.030, data: 0.002) , D_A: 0.020, G_A: 1.016, cycle_A: 0.065, idt_A: 0.138, D_B: 0.001, G_B: 0.972, cycle_B: 0.236, idt_B: 0.057

[Rank 0] (epoch: 805, iters: 520, time: 0.029, data: 0.003) , D_A: 0.021, G_A: 1.075, cycle_A: 0.097, idt_A: 0.124, D_B: 0.001, G_B: 1.052, cycle_B: 0.211, idt_B: 0.085

[Rank 0] (epoch: 805, iters: 720, time: 0.030, data: 0.002) , D_A: 0.013, G_A: 0.915, cycle_A: 0.071, idt_A: 0.117, D_B: 0.001, G_B: 0.954, cycle_B: 0.194, idt_B: 0.068

[Rank 0] (epoch: 805, iters: 920, time: 0.128, data: 0.003) , D_A: 0.025, G_A: 0.932, cycle_A: 0.107, idt_A: 0.122, D_B: 0.001, G_B: 0.978, cycle_B: 0.209, idt_B: 0.098

[Rank 0] (epoch: 805, iters: 1120, time: 0.029, data: 0.002) , D_A: 0.037, G_A: 0.877, cycle_A: 0.091, idt_A: 0.127, D_B: 0.001, G_B: 0.979, cycle_B: 0.216, idt_B: 0.088

[Rank 0] (epoch: 805, iters: 1320, time: 0.029, data: 0.003) , D_A: 0.017, G_A: 0.841, cycle_A: 0.067, idt_A: 0.133, D_B: 0.001, G_B: 0.981, cycle_B: 0.229, idt_B: 0.061

[Rank 0] (epoch: 805, iters: 1520, time: 0.030, data: 0.002) , D_A: 0.020, G_A: 0.898, cycle_A: 0.050, idt_A: 0.120, D_B: 0.001, G_B: 0.971, cycle_B: 0.205, idt_B: 0.044

[Rank 0] (epoch: 805, iters: 1720, time: 0.029, data: 0.003) , D_A: 0.016, G_A: 0.849, cycle_A: 0.075, idt_A: 0.129, D_B: 0.001, G_B: 0.969, cycle_B: 0.201, idt_B: 0.068

[Rank 0] (epoch: 805, iters: 1920, time: 0.117, data: 0.003) , D_A: 0.016, G_A: 0.844, cycle_A: 0.052, idt_A: 0.138, D_B: 0.001, G_B: 1.039, cycle_B: 0.226, idt_B: 0.047

saving the latest model (epoch 805, total_iters 455000)
learning rate 0.0000100 -> 0.0000100
saving the model at the end of epoch 805, iters 455008
End of epoch 805 / 950 	 Time Taken: 53 sec
[Rank 0] (epoch: 806, iters: 192, time: 0.145, data: 0.002) , D_A: 0.028, G_A: 0.820, cycle_A: 0.065, idt_A: 0.147, D_B: 0.001, G_B: 0.982, cycle_B: 0.255, idt_B: 0.058

[Rank 0] (epoch: 806, iters: 392, time: 0.029, data: 0.004) , D_A: 0.029, G_A: 0.864, cycle_A: 0.069, idt_A: 0.142, D_B: 0.001, G_B: 1.005, cycle_B: 0.232, idt_B: 0.068

[Rank 0] (epoch: 806, iters: 592, time: 0.029, data: 0.006) , D_A: 0.020, G_A: 0.934, cycle_A: 0.079, idt_A: 0.130, D_B: 0.001, G_B: 0.979, cycle_B: 0.215, idt_B: 0.072

[Rank 0] (epoch: 806, iters: 792, time: 0.029, data: 0.002) , D_A: 0.012, G_A: 0.999, cycle_A: 0.092, idt_A: 0.122, D_B: 0.001, G_B: 0.972, cycle_B: 0.202, idt_B: 0.084

[Rank 0] (epoch: 806, iters: 992, time: 0.127, data: 0.003) , D_A: 0.016, G_A: 0.979, cycle_A: 0.068, idt_A: 0.153, D_B: 0.001, G_B: 0.979, cycle_B: 0.255, idt_B: 0.063

[Rank 0] (epoch: 806, iters: 1192, time: 0.030, data: 0.001) , D_A: 0.013, G_A: 0.872, cycle_A: 0.073, idt_A: 0.117, D_B: 0.001, G_B: 0.997, cycle_B: 0.194, idt_B: 0.069

[Rank 0] (epoch: 806, iters: 1392, time: 0.029, data: 0.004) , D_A: 0.013, G_A: 0.940, cycle_A: 0.097, idt_A: 0.129, D_B: 0.001, G_B: 0.970, cycle_B: 0.215, idt_B: 0.085

[Rank 0] (epoch: 806, iters: 1592, time: 0.029, data: 0.003) , D_A: 0.022, G_A: 0.916, cycle_A: 0.085, idt_A: 0.103, D_B: 0.001, G_B: 0.928, cycle_B: 0.169, idt_B: 0.075

[Rank 0] (epoch: 806, iters: 1792, time: 0.029, data: 0.003) , D_A: 0.016, G_A: 0.848, cycle_A: 0.077, idt_A: 0.135, D_B: 0.001, G_B: 0.992, cycle_B: 0.234, idt_B: 0.069

learning rate 0.0000100 -> 0.0000100
saving the model at the end of epoch 806, iters 456936
End of epoch 806 / 950 	 Time Taken: 53 sec
[Rank 0] (epoch: 807, iters: 64, time: 0.145, data: 0.002) , D_A: 0.026, G_A: 0.790, cycle_A: 0.065, idt_A: 0.127, D_B: 0.001, G_B: 1.006, cycle_B: 0.214, idt_B: 0.062

[Rank 0] (epoch: 807, iters: 264, time: 0.029, data: 0.002) , D_A: 0.014, G_A: 0.912, cycle_A: 0.077, idt_A: 0.129, D_B: 0.001, G_B: 0.969, cycle_B: 0.217, idt_B: 0.066

[Rank 0] (epoch: 807, iters: 464, time: 0.030, data: 0.002) , D_A: 0.014, G_A: 0.901, cycle_A: 0.078, idt_A: 0.141, D_B: 0.001, G_B: 0.995, cycle_B: 0.247, idt_B: 0.071

[Rank 0] (epoch: 807, iters: 664, time: 0.029, data: 0.003) , D_A: 0.037, G_A: 0.834, cycle_A: 0.060, idt_A: 0.146, D_B: 0.001, G_B: 1.000, cycle_B: 0.244, idt_B: 0.058

[Rank 0] (epoch: 807, iters: 864, time: 0.029, data: 0.003) , D_A: 0.014, G_A: 0.879, cycle_A: 0.054, idt_A: 0.129, D_B: 0.001, G_B: 0.984, cycle_B: 0.209, idt_B: 0.049

[Rank 0] (epoch: 807, iters: 1064, time: 0.140, data: 0.003) , D_A: 0.021, G_A: 0.951, cycle_A: 0.084, idt_A: 0.121, D_B: 0.001, G_B: 0.971, cycle_B: 0.209, idt_B: 0.076

[Rank 0] (epoch: 807, iters: 1264, time: 0.030, data: 0.002) , D_A: 0.014, G_A: 0.881, cycle_A: 0.074, idt_A: 0.113, D_B: 0.001, G_B: 0.993, cycle_B: 0.192, idt_B: 0.071

[Rank 0] (epoch: 807, iters: 1464, time: 0.029, data: 0.003) , D_A: 0.015, G_A: 0.875, cycle_A: 0.081, idt_A: 0.126, D_B: 0.001, G_B: 0.962, cycle_B: 0.210, idt_B: 0.075

[Rank 0] (epoch: 807, iters: 1664, time: 0.030, data: 0.002) , D_A: 0.024, G_A: 0.811, cycle_A: 0.069, idt_A: 0.150, D_B: 0.001, G_B: 0.996, cycle_B: 0.268, idt_B: 0.059

[Rank 0] (epoch: 807, iters: 1864, time: 0.029, data: 0.003) , D_A: 0.023, G_A: 0.921, cycle_A: 0.083, idt_A: 0.140, D_B: 0.001, G_B: 0.999, cycle_B: 0.242, idt_B: 0.078

learning rate 0.0000100 -> 0.0000100
saving the model at the end of epoch 807, iters 458864
End of epoch 807 / 950 	 Time Taken: 52 sec
[Rank 0] (epoch: 808, iters: 136, time: 0.135, data: 0.002) , D_A: 0.021, G_A: 0.841, cycle_A: 0.081, idt_A: 0.119, D_B: 0.001, G_B: 0.987, cycle_B: 0.214, idt_B: 0.073

[Rank 0] (epoch: 808, iters: 336, time: 0.030, data: 0.002) , D_A: 0.018, G_A: 1.168, cycle_A: 0.080, idt_A: 0.131, D_B: 0.002, G_B: 1.095, cycle_B: 0.230, idt_B: 0.073

[Rank 0] (epoch: 808, iters: 536, time: 0.029, data: 0.006) , D_A: 0.025, G_A: 0.943, cycle_A: 0.075, idt_A: 0.120, D_B: 0.001, G_B: 1.008, cycle_B: 0.209, idt_B: 0.068

[Rank 0] (epoch: 808, iters: 736, time: 0.030, data: 0.002) , D_A: 0.013, G_A: 0.886, cycle_A: 0.087, idt_A: 0.133, D_B: 0.001, G_B: 0.977, cycle_B: 0.230, idt_B: 0.079

[Rank 0] (epoch: 808, iters: 936, time: 0.030, data: 0.004) , D_A: 0.027, G_A: 0.827, cycle_A: 0.060, idt_A: 0.131, D_B: 0.001, G_B: 0.994, cycle_B: 0.230, idt_B: 0.053

[Rank 0] (epoch: 808, iters: 1136, time: 0.125, data: 0.002) , D_A: 0.016, G_A: 1.083, cycle_A: 0.084, idt_A: 0.115, D_B: 0.001, G_B: 0.982, cycle_B: 0.188, idt_B: 0.076

saving the latest model (epoch 808, total_iters 460000)
[Rank 0] (epoch: 808, iters: 1336, time: 0.030, data: 0.002) , D_A: 0.012, G_A: 0.944, cycle_A: 0.084, idt_A: 0.133, D_B: 0.001, G_B: 0.997, cycle_B: 0.238, idt_B: 0.076

[Rank 0] (epoch: 808, iters: 1536, time: 0.030, data: 0.003) , D_A: 0.014, G_A: 0.931, cycle_A: 0.056, idt_A: 0.129, D_B: 0.001, G_B: 0.978, cycle_B: 0.227, idt_B: 0.053

[Rank 0] (epoch: 808, iters: 1736, time: 0.029, data: 0.003) , D_A: 0.026, G_A: 0.869, cycle_A: 0.076, idt_A: 0.126, D_B: 0.001, G_B: 0.991, cycle_B: 0.221, idt_B: 0.067

learning rate 0.0000100 -> 0.0000100
saving the model at the end of epoch 808, iters 460792
End of epoch 808 / 950 	 Time Taken: 53 sec
[Rank 0] (epoch: 809, iters: 8, time: 0.122, data: 0.003) , D_A: 0.020, G_A: 0.885, cycle_A: 0.074, idt_A: 0.136, D_B: 0.001, G_B: 0.997, cycle_B: 0.239, idt_B: 0.067

[Rank 0] (epoch: 809, iters: 208, time: 0.141, data: 0.003) , D_A: 0.036, G_A: 0.992, cycle_A: 0.066, idt_A: 0.121, D_B: 0.001, G_B: 0.968, cycle_B: 0.215, idt_B: 0.062

[Rank 0] (epoch: 809, iters: 408, time: 0.030, data: 0.002) , D_A: 0.013, G_A: 0.934, cycle_A: 0.080, idt_A: 0.149, D_B: 0.001, G_B: 0.999, cycle_B: 0.249, idt_B: 0.075

[Rank 0] (epoch: 809, iters: 608, time: 0.029, data: 0.003) , D_A: 0.013, G_A: 0.863, cycle_A: 0.073, idt_A: 0.124, D_B: 0.001, G_B: 1.013, cycle_B: 0.213, idt_B: 0.066

[Rank 0] (epoch: 809, iters: 808, time: 0.030, data: 0.002) , D_A: 0.034, G_A: 1.021, cycle_A: 0.091, idt_A: 0.141, D_B: 0.001, G_B: 0.965, cycle_B: 0.252, idt_B: 0.082

[Rank 0] (epoch: 809, iters: 1008, time: 0.029, data: 0.003) , D_A: 0.026, G_A: 0.943, cycle_A: 0.101, idt_A: 0.141, D_B: 0.001, G_B: 0.992, cycle_B: 0.232, idt_B: 0.093

[Rank 0] (epoch: 809, iters: 1208, time: 0.123, data: 0.002) , D_A: 0.014, G_A: 0.930, cycle_A: 0.076, idt_A: 0.129, D_B: 0.001, G_B: 0.999, cycle_B: 0.226, idt_B: 0.071

[Rank 0] (epoch: 809, iters: 1408, time: 0.029, data: 0.003) , D_A: 0.025, G_A: 0.872, cycle_A: 0.068, idt_A: 0.127, D_B: 0.001, G_B: 1.029, cycle_B: 0.218, idt_B: 0.067

[Rank 0] (epoch: 809, iters: 1608, time: 0.029, data: 0.003) , D_A: 0.017, G_A: 0.873, cycle_A: 0.093, idt_A: 0.137, D_B: 0.001, G_B: 0.995, cycle_B: 0.229, idt_B: 0.079

[Rank 0] (epoch: 809, iters: 1808, time: 0.029, data: 0.006) , D_A: 0.037, G_A: 0.794, cycle_A: 0.074, idt_A: 0.135, D_B: 0.001, G_B: 0.987, cycle_B: 0.238, idt_B: 0.069

learning rate 0.0000100 -> 0.0000100
saving the model at the end of epoch 809, iters 462720
End of epoch 809 / 950 	 Time Taken: 53 sec
[Rank 0] (epoch: 810, iters: 80, time: 0.127, data: 0.002) , D_A: 0.028, G_A: 0.938, cycle_A: 0.087, idt_A: 0.118, D_B: 0.001, G_B: 0.994, cycle_B: 0.211, idt_B: 0.084

[Rank 0] (epoch: 810, iters: 280, time: 0.124, data: 0.004) , D_A: 0.030, G_A: 0.777, cycle_A: 0.073, idt_A: 0.124, D_B: 0.001, G_B: 0.967, cycle_B: 0.214, idt_B: 0.072

[Rank 0] (epoch: 810, iters: 480, time: 0.029, data: 0.003) , D_A: 0.021, G_A: 1.012, cycle_A: 0.058, idt_A: 0.114, D_B: 0.001, G_B: 1.021, cycle_B: 0.203, idt_B: 0.057

[Rank 0] (epoch: 810, iters: 680, time: 0.030, data: 0.003) , D_A: 0.019, G_A: 0.826, cycle_A: 0.073, idt_A: 0.146, D_B: 0.001, G_B: 1.017, cycle_B: 0.247, idt_B: 0.069

[Rank 0] (epoch: 810, iters: 880, time: 0.029, data: 0.003) , D_A: 0.026, G_A: 0.984, cycle_A: 0.079, idt_A: 0.138, D_B: 0.001, G_B: 0.970, cycle_B: 0.235, idt_B: 0.073

[Rank 0] (epoch: 810, iters: 1080, time: 0.030, data: 0.002) , D_A: 0.013, G_A: 0.969, cycle_A: 0.087, idt_A: 0.130, D_B: 0.001, G_B: 1.019, cycle_B: 0.234, idt_B: 0.077

[Rank 0] (epoch: 810, iters: 1280, time: 0.119, data: 0.003) , D_A: 0.033, G_A: 1.230, cycle_A: 0.066, idt_A: 0.135, D_B: 0.001, G_B: 0.990, cycle_B: 0.241, idt_B: 0.056

[Rank 0] (epoch: 810, iters: 1480, time: 0.030, data: 0.002) , D_A: 0.014, G_A: 0.996, cycle_A: 0.090, idt_A: 0.139, D_B: 0.001, G_B: 0.995, cycle_B: 0.244, idt_B: 0.085

[Rank 0] (epoch: 810, iters: 1680, time: 0.029, data: 0.003) , D_A: 0.017, G_A: 0.839, cycle_A: 0.072, idt_A: 0.140, D_B: 0.001, G_B: 0.994, cycle_B: 0.238, idt_B: 0.063

[Rank 0] (epoch: 810, iters: 1880, time: 0.030, data: 0.002) , D_A: 0.011, G_A: 0.922, cycle_A: 0.074, idt_A: 0.135, D_B: 0.001, G_B: 0.987, cycle_B: 0.233, idt_B: 0.066

learning rate 0.0000100 -> 0.0000100
saving the model at the end of epoch 810, iters 464648
End of epoch 810 / 950 	 Time Taken: 53 sec
[Rank 0] (epoch: 811, iters: 152, time: 0.167, data: 0.003) , D_A: 0.012, G_A: 0.904, cycle_A: 0.085, idt_A: 0.124, D_B: 0.001, G_B: 0.972, cycle_B: 0.216, idt_B: 0.078

[Rank 0] (epoch: 811, iters: 352, time: 0.136, data: 0.001) , D_A: 0.010, G_A: 0.926, cycle_A: 0.069, idt_A: 0.117, D_B: 0.001, G_B: 0.952, cycle_B: 0.212, idt_B: 0.063

saving the latest model (epoch 811, total_iters 465000)
[Rank 0] (epoch: 811, iters: 552, time: 0.029, data: 0.002) , D_A: 0.022, G_A: 1.003, cycle_A: 0.092, idt_A: 0.147, D_B: 0.001, G_B: 0.987, cycle_B: 0.260, idt_B: 0.083

[Rank 0] (epoch: 811, iters: 752, time: 0.030, data: 0.002) , D_A: 0.037, G_A: 1.250, cycle_A: 0.087, idt_A: 0.123, D_B: 0.001, G_B: 0.967, cycle_B: 0.224, idt_B: 0.081

[Rank 0] (epoch: 811, iters: 952, time: 0.030, data: 0.006) , D_A: 0.027, G_A: 0.931, cycle_A: 0.064, idt_A: 0.147, D_B: 0.001, G_B: 1.025, cycle_B: 0.263, idt_B: 0.061

[Rank 0] (epoch: 811, iters: 1152, time: 0.030, data: 0.006) , D_A: 0.049, G_A: 0.707, cycle_A: 0.089, idt_A: 0.134, D_B: 0.001, G_B: 0.957, cycle_B: 0.241, idt_B: 0.076

[Rank 0] (epoch: 811, iters: 1352, time: 0.140, data: 0.001) , D_A: 0.051, G_A: 0.916, cycle_A: 0.075, idt_A: 0.130, D_B: 0.001, G_B: 0.981, cycle_B: 0.231, idt_B: 0.065

[Rank 0] (epoch: 811, iters: 1552, time: 0.029, data: 0.003) , D_A: 0.047, G_A: 0.768, cycle_A: 0.064, idt_A: 0.140, D_B: 0.002, G_B: 1.040, cycle_B: 0.252, idt_B: 0.060

[Rank 0] (epoch: 811, iters: 1752, time: 0.029, data: 0.003) , D_A: 0.053, G_A: 0.541, cycle_A: 0.077, idt_A: 0.144, D_B: 0.001, G_B: 0.997, cycle_B: 0.267, idt_B: 0.072

learning rate 0.0000100 -> 0.0000100
saving the model at the end of epoch 811, iters 466576
End of epoch 811 / 950 	 Time Taken: 54 sec
[Rank 0] (epoch: 812, iters: 24, time: 0.140, data: 0.003) , D_A: 0.140, G_A: 0.852, cycle_A: 0.079, idt_A: 0.117, D_B: 0.001, G_B: 0.957, cycle_B: 0.215, idt_B: 0.075

[Rank 0] (epoch: 812, iters: 224, time: 0.029, data: 0.002) , D_A: 0.065, G_A: 0.774, cycle_A: 0.098, idt_A: 0.124, D_B: 0.001, G_B: 0.996, cycle_B: 0.230, idt_B: 0.098

[Rank 0] (epoch: 812, iters: 424, time: 0.124, data: 0.003) , D_A: 0.026, G_A: 0.944, cycle_A: 0.060, idt_A: 0.137, D_B: 0.002, G_B: 0.941, cycle_B: 0.251, idt_B: 0.050

[Rank 0] (epoch: 812, iters: 624, time: 0.030, data: 0.003) , D_A: 0.041, G_A: 0.717, cycle_A: 0.076, idt_A: 0.142, D_B: 0.001, G_B: 1.027, cycle_B: 0.274, idt_B: 0.068

[Rank 0] (epoch: 812, iters: 824, time: 0.029, data: 0.002) , D_A: 0.048, G_A: 0.617, cycle_A: 0.073, idt_A: 0.122, D_B: 0.001, G_B: 0.957, cycle_B: 0.229, idt_B: 0.065

[Rank 0] (epoch: 812, iters: 1024, time: 0.029, data: 0.003) , D_A: 0.032, G_A: 0.813, cycle_A: 0.090, idt_A: 0.142, D_B: 0.001, G_B: 1.001, cycle_B: 0.280, idt_B: 0.079

[Rank 0] (epoch: 812, iters: 1224, time: 0.029, data: 0.005) , D_A: 0.045, G_A: 0.792, cycle_A: 0.090, idt_A: 0.139, D_B: 0.001, G_B: 0.984, cycle_B: 0.266, idt_B: 0.081

[Rank 0] (epoch: 812, iters: 1424, time: 0.138, data: 0.003) , D_A: 0.036, G_A: 0.870, cycle_A: 0.084, idt_A: 0.127, D_B: 0.002, G_B: 0.897, cycle_B: 0.253, idt_B: 0.077

[Rank 0] (epoch: 812, iters: 1624, time: 0.030, data: 0.003) , D_A: 0.090, G_A: 0.852, cycle_A: 0.072, idt_A: 0.136, D_B: 0.002, G_B: 1.017, cycle_B: 0.273, idt_B: 0.066

[Rank 0] (epoch: 812, iters: 1824, time: 0.029, data: 0.003) , D_A: 0.041, G_A: 0.709, cycle_A: 0.067, idt_A: 0.137, D_B: 0.002, G_B: 0.974, cycle_B: 0.271, idt_B: 0.060

learning rate 0.0000100 -> 0.0000100
saving the model at the end of epoch 812, iters 468504
End of epoch 812 / 950 	 Time Taken: 53 sec
[Rank 0] (epoch: 813, iters: 96, time: 0.149, data: 0.007) , D_A: 0.065, G_A: 0.505, cycle_A: 0.066, idt_A: 0.132, D_B: 0.002, G_B: 0.994, cycle_B: 0.266, idt_B: 0.061

[Rank 0] (epoch: 813, iters: 296, time: 0.029, data: 0.003) , D_A: 0.059, G_A: 0.709, cycle_A: 0.080, idt_A: 0.130, D_B: 0.002, G_B: 0.938, cycle_B: 0.251, idt_B: 0.072

[Rank 0] (epoch: 813, iters: 496, time: 0.170, data: 0.003) , D_A: 0.061, G_A: 0.672, cycle_A: 0.099, idt_A: 0.140, D_B: 0.002, G_B: 0.949, cycle_B: 0.279, idt_B: 0.088

[Rank 0] (epoch: 813, iters: 696, time: 0.029, data: 0.002) , D_A: 0.030, G_A: 0.807, cycle_A: 0.095, idt_A: 0.123, D_B: 0.002, G_B: 0.899, cycle_B: 0.245, idt_B: 0.089

[Rank 0] (epoch: 813, iters: 896, time: 0.029, data: 0.003) , D_A: 0.033, G_A: 0.983, cycle_A: 0.093, idt_A: 0.124, D_B: 0.002, G_B: 1.005, cycle_B: 0.255, idt_B: 0.084

[Rank 0] (epoch: 813, iters: 1096, time: 0.029, data: 0.003) , D_A: 0.051, G_A: 0.730, cycle_A: 0.078, idt_A: 0.135, D_B: 0.004, G_B: 1.008, cycle_B: 0.257, idt_B: 0.065

[Rank 0] (epoch: 813, iters: 1296, time: 0.029, data: 0.003) , D_A: 0.058, G_A: 0.804, cycle_A: 0.083, idt_A: 0.117, D_B: 0.002, G_B: 0.911, cycle_B: 0.226, idt_B: 0.074

[Rank 0] (epoch: 813, iters: 1496, time: 0.130, data: 0.003) , D_A: 0.043, G_A: 0.665, cycle_A: 0.062, idt_A: 0.111, D_B: 0.001, G_B: 0.953, cycle_B: 0.214, idt_B: 0.050

saving the latest model (epoch 813, total_iters 470000)
[Rank 0] (epoch: 813, iters: 1696, time: 0.029, data: 0.002) , D_A: 0.038, G_A: 0.729, cycle_A: 0.080, idt_A: 0.134, D_B: 0.002, G_B: 0.934, cycle_B: 0.255, idt_B: 0.081

[Rank 0] (epoch: 813, iters: 1896, time: 0.030, data: 0.003) , D_A: 0.057, G_A: 0.743, cycle_A: 0.091, idt_A: 0.136, D_B: 0.001, G_B: 0.945, cycle_B: 0.269, idt_B: 0.085

learning rate 0.0000100 -> 0.0000100
saving the model at the end of epoch 813, iters 470432
End of epoch 813 / 950 	 Time Taken: 54 sec
[Rank 0] (epoch: 814, iters: 168, time: 0.132, data: 0.002) , D_A: 0.025, G_A: 1.051, cycle_A: 0.087, idt_A: 0.116, D_B: 0.002, G_B: 0.947, cycle_B: 0.222, idt_B: 0.082

[Rank 0] (epoch: 814, iters: 368, time: 0.030, data: 0.003) , D_A: 0.028, G_A: 0.869, cycle_A: 0.077, idt_A: 0.141, D_B: 0.002, G_B: 0.931, cycle_B: 0.263, idt_B: 0.072

[Rank 0] (epoch: 814, iters: 568, time: 0.150, data: 0.002) , D_A: 0.085, G_A: 0.721, cycle_A: 0.099, idt_A: 0.140, D_B: 0.002, G_B: 0.964, cycle_B: 0.265, idt_B: 0.089

[Rank 0] (epoch: 814, iters: 768, time: 0.030, data: 0.003) , D_A: 0.031, G_A: 0.885, cycle_A: 0.077, idt_A: 0.129, D_B: 0.001, G_B: 0.982, cycle_B: 0.241, idt_B: 0.066

[Rank 0] (epoch: 814, iters: 968, time: 0.030, data: 0.003) , D_A: 0.066, G_A: 0.574, cycle_A: 0.066, idt_A: 0.125, D_B: 0.002, G_B: 0.896, cycle_B: 0.244, idt_B: 0.063

[Rank 0] (epoch: 814, iters: 1168, time: 0.029, data: 0.004) , D_A: 0.038, G_A: 0.831, cycle_A: 0.069, idt_A: 0.129, D_B: 0.001, G_B: 0.975, cycle_B: 0.254, idt_B: 0.061

[Rank 0] (epoch: 814, iters: 1368, time: 0.029, data: 0.002) , D_A: 0.039, G_A: 0.901, cycle_A: 0.089, idt_A: 0.150, D_B: 0.002, G_B: 0.957, cycle_B: 0.279, idt_B: 0.081

[Rank 0] (epoch: 814, iters: 1568, time: 0.125, data: 0.003) , D_A: 0.032, G_A: 0.794, cycle_A: 0.071, idt_A: 0.148, D_B: 0.002, G_B: 0.945, cycle_B: 0.283, idt_B: 0.066

[Rank 0] (epoch: 814, iters: 1768, time: 0.030, data: 0.002) , D_A: 0.038, G_A: 0.689, cycle_A: 0.058, idt_A: 0.122, D_B: 0.002, G_B: 0.910, cycle_B: 0.230, idt_B: 0.056

learning rate 0.0000100 -> 0.0000100
saving the model at the end of epoch 814, iters 472360
End of epoch 814 / 950 	 Time Taken: 53 sec
[Rank 0] (epoch: 815, iters: 40, time: 0.166, data: 0.003) , D_A: 0.039, G_A: 0.722, cycle_A: 0.077, idt_A: 0.134, D_B: 0.003, G_B: 0.939, cycle_B: 0.257, idt_B: 0.070

[Rank 0] (epoch: 815, iters: 240, time: 0.030, data: 0.002) , D_A: 0.040, G_A: 0.779, cycle_A: 0.080, idt_A: 0.140, D_B: 0.002, G_B: 0.947, cycle_B: 0.272, idt_B: 0.069

[Rank 0] (epoch: 815, iters: 440, time: 0.030, data: 0.007) , D_A: 0.025, G_A: 0.951, cycle_A: 0.076, idt_A: 0.122, D_B: 0.002, G_B: 0.942, cycle_B: 0.239, idt_B: 0.071

[Rank 0] (epoch: 815, iters: 640, time: 0.135, data: 0.003) , D_A: 0.034, G_A: 0.874, cycle_A: 0.074, idt_A: 0.138, D_B: 0.002, G_B: 0.889, cycle_B: 0.277, idt_B: 0.062

[Rank 0] (epoch: 815, iters: 840, time: 0.029, data: 0.002) , D_A: 0.034, G_A: 1.016, cycle_A: 0.081, idt_A: 0.139, D_B: 0.002, G_B: 1.025, cycle_B: 0.291, idt_B: 0.074

[Rank 0] (epoch: 815, iters: 1040, time: 0.030, data: 0.002) , D_A: 0.034, G_A: 0.943, cycle_A: 0.080, idt_A: 0.130, D_B: 0.002, G_B: 0.900, cycle_B: 0.260, idt_B: 0.071

[Rank 0] (epoch: 815, iters: 1240, time: 0.029, data: 0.003) , D_A: 0.045, G_A: 0.818, cycle_A: 0.073, idt_A: 0.121, D_B: 0.002, G_B: 1.037, cycle_B: 0.246, idt_B: 0.070

[Rank 0] (epoch: 815, iters: 1440, time: 0.029, data: 0.002) , D_A: 0.025, G_A: 0.827, cycle_A: 0.092, idt_A: 0.110, D_B: 0.004, G_B: 0.958, cycle_B: 0.230, idt_B: 0.086

[Rank 0] (epoch: 815, iters: 1640, time: 0.133, data: 0.003) , D_A: 0.036, G_A: 0.768, cycle_A: 0.062, idt_A: 0.140, D_B: 0.002, G_B: 0.937, cycle_B: 0.287, idt_B: 0.056

[Rank 0] (epoch: 815, iters: 1840, time: 0.030, data: 0.002) , D_A: 0.036, G_A: 0.875, cycle_A: 0.079, idt_A: 0.139, D_B: 0.002, G_B: 0.888, cycle_B: 0.273, idt_B: 0.069

learning rate 0.0000100 -> 0.0000100
saving the model at the end of epoch 815, iters 474288
End of epoch 815 / 950 	 Time Taken: 54 sec
[Rank 0] (epoch: 816, iters: 112, time: 0.179, data: 0.003) , D_A: 0.020, G_A: 0.854, cycle_A: 0.095, idt_A: 0.114, D_B: 0.005, G_B: 0.869, cycle_B: 0.236, idt_B: 0.082

[Rank 0] (epoch: 816, iters: 312, time: 0.029, data: 0.002) , D_A: 0.040, G_A: 0.852, cycle_A: 0.074, idt_A: 0.132, D_B: 0.002, G_B: 1.026, cycle_B: 0.267, idt_B: 0.067

[Rank 0] (epoch: 816, iters: 512, time: 0.030, data: 0.003) , D_A: 0.038, G_A: 1.105, cycle_A: 0.083, idt_A: 0.125, D_B: 0.005, G_B: 0.953, cycle_B: 0.260, idt_B: 0.074

[Rank 0] (epoch: 816, iters: 712, time: 0.135, data: 0.003) , D_A: 0.034, G_A: 0.897, cycle_A: 0.070, idt_A: 0.119, D_B: 0.004, G_B: 0.856, cycle_B: 0.247, idt_B: 0.060

saving the latest model (epoch 816, total_iters 475000)
[Rank 0] (epoch: 816, iters: 912, time: 0.030, data: 0.003) , D_A: 0.023, G_A: 0.905, cycle_A: 0.071, idt_A: 0.105, D_B: 0.011, G_B: 0.945, cycle_B: 0.229, idt_B: 0.056

[Rank 0] (epoch: 816, iters: 1112, time: 0.029, data: 0.003) , D_A: 0.030, G_A: 0.874, cycle_A: 0.097, idt_A: 0.130, D_B: 0.006, G_B: 0.978, cycle_B: 0.260, idt_B: 0.078

[Rank 0] (epoch: 816, iters: 1312, time: 0.026, data: 0.198) , D_A: 0.029, G_A: 0.754, cycle_A: 0.091, idt_A: 0.129, D_B: 0.006, G_B: 0.848, cycle_B: 0.274, idt_B: 0.084

[Rank 0] (epoch: 816, iters: 1512, time: 0.030, data: 0.004) , D_A: 0.027, G_A: 0.759, cycle_A: 0.084, idt_A: 0.136, D_B: 0.004, G_B: 0.932, cycle_B: 0.315, idt_B: 0.080

[Rank 0] (epoch: 816, iters: 1712, time: 0.130, data: 0.002) , D_A: 0.047, G_A: 0.860, cycle_A: 0.090, idt_A: 0.134, D_B: 0.004, G_B: 0.958, cycle_B: 0.294, idt_B: 0.082

[Rank 0] (epoch: 816, iters: 1912, time: 0.029, data: 0.002) , D_A: 0.034, G_A: 0.885, cycle_A: 0.070, idt_A: 0.119, D_B: 0.011, G_B: 0.955, cycle_B: 0.275, idt_B: 0.063

learning rate 0.0000100 -> 0.0000100
saving the model at the end of epoch 816, iters 476216
End of epoch 816 / 950 	 Time Taken: 55 sec
[Rank 0] (epoch: 817, iters: 184, time: 0.134, data: 0.001) , D_A: 0.031, G_A: 0.854, cycle_A: 0.093, idt_A: 0.130, D_B: 0.014, G_B: 1.082, cycle_B: 0.286, idt_B: 0.080

[Rank 0] (epoch: 817, iters: 384, time: 0.029, data: 0.003) , D_A: 0.026, G_A: 0.983, cycle_A: 0.073, idt_A: 0.116, D_B: 0.008, G_B: 0.946, cycle_B: 0.256, idt_B: 0.066

[Rank 0] (epoch: 817, iters: 584, time: 0.029, data: 0.002) , D_A: 0.037, G_A: 0.696, cycle_A: 0.069, idt_A: 0.132, D_B: 0.004, G_B: 1.009, cycle_B: 0.290, idt_B: 0.059

[Rank 0] (epoch: 817, iters: 784, time: 0.126, data: 0.003) , D_A: 0.043, G_A: 0.786, cycle_A: 0.077, idt_A: 0.122, D_B: 0.009, G_B: 0.788, cycle_B: 0.261, idt_B: 0.074

[Rank 0] (epoch: 817, iters: 984, time: 0.030, data: 0.002) , D_A: 0.046, G_A: 0.685, cycle_A: 0.075, idt_A: 0.102, D_B: 0.007, G_B: 1.044, cycle_B: 0.207, idt_B: 0.063

[Rank 0] (epoch: 817, iters: 1184, time: 0.029, data: 0.004) , D_A: 0.038, G_A: 0.736, cycle_A: 0.062, idt_A: 0.123, D_B: 0.007, G_B: 0.987, cycle_B: 0.240, idt_B: 0.054

[Rank 0] (epoch: 817, iters: 1384, time: 0.029, data: 0.002) , D_A: 0.043, G_A: 0.810, cycle_A: 0.078, idt_A: 0.125, D_B: 0.014, G_B: 1.005, cycle_B: 0.271, idt_B: 0.064

[Rank 0] (epoch: 817, iters: 1584, time: 0.030, data: 0.003) , D_A: 0.025, G_A: 0.816, cycle_A: 0.087, idt_A: 0.112, D_B: 0.010, G_B: 0.768, cycle_B: 0.259, idt_B: 0.083

[Rank 0] (epoch: 817, iters: 1784, time: 0.121, data: 0.003) , D_A: 0.024, G_A: 0.997, cycle_A: 0.057, idt_A: 0.121, D_B: 0.008, G_B: 0.852, cycle_B: 0.274, idt_B: 0.049

learning rate 0.0000100 -> 0.0000100
saving the model at the end of epoch 817, iters 478144
End of epoch 817 / 950 	 Time Taken: 53 sec
[Rank 0] (epoch: 818, iters: 56, time: 0.136, data: 0.004) , D_A: 0.035, G_A: 0.708, cycle_A: 0.086, idt_A: 0.140, D_B: 0.007, G_B: 0.848, cycle_B: 0.317, idt_B: 0.074

[Rank 0] (epoch: 818, iters: 256, time: 0.030, data: 0.002) , D_A: 0.026, G_A: 0.987, cycle_A: 0.078, idt_A: 0.125, D_B: 0.011, G_B: 0.941, cycle_B: 0.269, idt_B: 0.069

[Rank 0] (epoch: 818, iters: 456, time: 0.030, data: 0.003) , D_A: 0.034, G_A: 0.707, cycle_A: 0.073, idt_A: 0.132, D_B: 0.033, G_B: 0.983, cycle_B: 0.295, idt_B: 0.069

[Rank 0] (epoch: 818, iters: 656, time: 0.030, data: 0.007) , D_A: 0.026, G_A: 0.911, cycle_A: 0.088, idt_A: 0.146, D_B: 0.016, G_B: 0.924, cycle_B: 0.334, idt_B: 0.082

[Rank 0] (epoch: 818, iters: 856, time: 0.142, data: 0.003) , D_A: 0.042, G_A: 1.303, cycle_A: 0.078, idt_A: 0.146, D_B: 0.015, G_B: 0.831, cycle_B: 0.313, idt_B: 0.071

[Rank 0] (epoch: 818, iters: 1056, time: 0.029, data: 0.003) , D_A: 0.034, G_A: 0.793, cycle_A: 0.085, idt_A: 0.128, D_B: 0.023, G_B: 0.742, cycle_B: 0.305, idt_B: 0.082

[Rank 0] (epoch: 818, iters: 1256, time: 0.030, data: 0.002) , D_A: 0.021, G_A: 0.867, cycle_A: 0.118, idt_A: 0.134, D_B: 0.014, G_B: 0.833, cycle_B: 0.296, idt_B: 0.107

[Rank 0] (epoch: 818, iters: 1456, time: 0.029, data: 0.002) , D_A: 0.030, G_A: 0.903, cycle_A: 0.088, idt_A: 0.131, D_B: 0.031, G_B: 0.916, cycle_B: 0.291, idt_B: 0.084

[Rank 0] (epoch: 818, iters: 1656, time: 0.029, data: 0.003) , D_A: 0.031, G_A: 0.938, cycle_A: 0.075, idt_A: 0.130, D_B: 0.030, G_B: 0.982, cycle_B: 0.279, idt_B: 0.063

[Rank 0] (epoch: 818, iters: 1856, time: 0.147, data: 0.007) , D_A: 0.037, G_A: 0.840, cycle_A: 0.123, idt_A: 0.128, D_B: 0.009, G_B: 0.901, cycle_B: 0.268, idt_B: 0.111

saving the latest model (epoch 818, total_iters 480000)
learning rate 0.0000100 -> 0.0000100
saving the model at the end of epoch 818, iters 480072
End of epoch 818 / 950 	 Time Taken: 54 sec
[Rank 0] (epoch: 819, iters: 128, time: 0.142, data: 0.003) , D_A: 0.026, G_A: 0.939, cycle_A: 0.076, idt_A: 0.140, D_B: 0.014, G_B: 0.915, cycle_B: 0.305, idt_B: 0.068

[Rank 0] (epoch: 819, iters: 328, time: 0.029, data: 0.004) , D_A: 0.039, G_A: 0.861, cycle_A: 0.103, idt_A: 0.124, D_B: 0.008, G_B: 0.891, cycle_B: 0.274, idt_B: 0.090

[Rank 0] (epoch: 819, iters: 528, time: 0.030, data: 0.003) , D_A: 0.041, G_A: 0.840, cycle_A: 0.106, idt_A: 0.117, D_B: 0.012, G_B: 0.773, cycle_B: 0.237, idt_B: 0.094

[Rank 0] (epoch: 819, iters: 728, time: 0.029, data: 0.003) , D_A: 0.031, G_A: 0.826, cycle_A: 0.098, idt_A: 0.121, D_B: 0.005, G_B: 0.939, cycle_B: 0.244, idt_B: 0.096

[Rank 0] (epoch: 819, iters: 928, time: 0.143, data: 0.002) , D_A: 0.039, G_A: 0.855, cycle_A: 0.059, idt_A: 0.114, D_B: 0.004, G_B: 0.950, cycle_B: 0.221, idt_B: 0.055

[Rank 0] (epoch: 819, iters: 1128, time: 0.030, data: 0.003) , D_A: 0.040, G_A: 0.787, cycle_A: 0.105, idt_A: 0.137, D_B: 0.003, G_B: 0.988, cycle_B: 0.255, idt_B: 0.101

[Rank 0] (epoch: 819, iters: 1328, time: 0.030, data: 0.003) , D_A: 0.054, G_A: 0.864, cycle_A: 0.075, idt_A: 0.136, D_B: 0.003, G_B: 1.011, cycle_B: 0.259, idt_B: 0.069

[Rank 0] (epoch: 819, iters: 1528, time: 0.029, data: 0.003) , D_A: 0.033, G_A: 0.831, cycle_A: 0.093, idt_A: 0.145, D_B: 0.004, G_B: 1.047, cycle_B: 0.271, idt_B: 0.091

[Rank 0] (epoch: 819, iters: 1728, time: 0.029, data: 0.002) , D_A: 0.026, G_A: 0.902, cycle_A: 0.083, idt_A: 0.106, D_B: 0.005, G_B: 0.954, cycle_B: 0.201, idt_B: 0.074

[Rank 0] (epoch: 819, iters: 1928, time: 0.114, data: 0.003) , D_A: 0.022, G_A: 1.001, cycle_A: 0.100, idt_A: 0.133, D_B: 0.010, G_B: 0.801, cycle_B: 0.251, idt_B: 0.092

learning rate 0.0000100 -> 0.0000100
saving the model at the end of epoch 819, iters 482000
End of epoch 819 / 950 	 Time Taken: 53 sec
[Rank 0] (epoch: 820, iters: 200, time: 0.135, data: 0.934) , D_A: 0.034, G_A: 1.026, cycle_A: 0.097, idt_A: 0.141, D_B: 0.005, G_B: 0.859, cycle_B: 0.256, idt_B: 0.088

[Rank 0] (epoch: 820, iters: 400, time: 0.029, data: 0.002) , D_A: 0.028, G_A: 0.960, cycle_A: 0.086, idt_A: 0.125, D_B: 0.014, G_B: 0.942, cycle_B: 0.242, idt_B: 0.078

[Rank 0] (epoch: 820, iters: 600, time: 0.029, data: 0.003) , D_A: 0.028, G_A: 1.079, cycle_A: 0.097, idt_A: 0.132, D_B: 0.057, G_B: 1.003, cycle_B: 0.244, idt_B: 0.093

[Rank 0] (epoch: 820, iters: 800, time: 0.030, data: 0.003) , D_A: 0.037, G_A: 0.876, cycle_A: 0.080, idt_A: 0.138, D_B: 0.003, G_B: 0.919, cycle_B: 0.251, idt_B: 0.069

[Rank 0] (epoch: 820, iters: 1000, time: 0.141, data: 0.003) , D_A: 0.028, G_A: 0.819, cycle_A: 0.089, idt_A: 0.127, D_B: 0.003, G_B: 0.947, cycle_B: 0.224, idt_B: 0.080

[Rank 0] (epoch: 820, iters: 1200, time: 0.030, data: 0.001) , D_A: 0.047, G_A: 0.959, cycle_A: 0.060, idt_A: 0.122, D_B: 0.009, G_B: 0.970, cycle_B: 0.216, idt_B: 0.053

[Rank 0] (epoch: 820, iters: 1400, time: 0.029, data: 0.004) , D_A: 0.021, G_A: 0.914, cycle_A: 0.088, idt_A: 0.135, D_B: 0.003, G_B: 0.895, cycle_B: 0.249, idt_B: 0.079

[Rank 0] (epoch: 820, iters: 1600, time: 0.029, data: 0.003) , D_A: 0.024, G_A: 0.856, cycle_A: 0.085, idt_A: 0.129, D_B: 0.005, G_B: 0.906, cycle_B: 0.249, idt_B: 0.075

[Rank 0] (epoch: 820, iters: 1800, time: 0.029, data: 0.003) , D_A: 0.030, G_A: 0.954, cycle_A: 0.072, idt_A: 0.124, D_B: 0.002, G_B: 0.963, cycle_B: 0.227, idt_B: 0.057

learning rate 0.0000100 -> 0.0000100
saving the model at the end of epoch 820, iters 483928
End of epoch 820 / 950 	 Time Taken: 52 sec
[Rank 0] (epoch: 821, iters: 72, time: 0.137, data: 0.002) , D_A: 0.029, G_A: 1.024, cycle_A: 0.076, idt_A: 0.126, D_B: 0.002, G_B: 0.968, cycle_B: 0.224, idt_B: 0.070

[Rank 0] (epoch: 821, iters: 272, time: 0.029, data: 0.003) , D_A: 0.026, G_A: 0.790, cycle_A: 0.071, idt_A: 0.117, D_B: 0.003, G_B: 0.946, cycle_B: 0.216, idt_B: 0.067

[Rank 0] (epoch: 821, iters: 472, time: 0.030, data: 0.002) , D_A: 0.030, G_A: 0.702, cycle_A: 0.087, idt_A: 0.124, D_B: 0.002, G_B: 0.984, cycle_B: 0.234, idt_B: 0.077

[Rank 0] (epoch: 821, iters: 672, time: 0.029, data: 0.004) , D_A: 0.032, G_A: 0.993, cycle_A: 0.097, idt_A: 0.115, D_B: 0.006, G_B: 0.895, cycle_B: 0.215, idt_B: 0.086

[Rank 0] (epoch: 821, iters: 872, time: 0.029, data: 0.002) , D_A: 0.036, G_A: 0.957, cycle_A: 0.085, idt_A: 0.141, D_B: 0.003, G_B: 0.952, cycle_B: 0.263, idt_B: 0.080

[Rank 0] (epoch: 821, iters: 1072, time: 0.147, data: 0.003) , D_A: 0.026, G_A: 0.945, cycle_A: 0.071, idt_A: 0.124, D_B: 0.003, G_B: 1.037, cycle_B: 0.235, idt_B: 0.063

saving the latest model (epoch 821, total_iters 485000)
[Rank 0] (epoch: 821, iters: 1272, time: 0.030, data: 0.002) , D_A: 0.025, G_A: 0.948, cycle_A: 0.072, idt_A: 0.122, D_B: 0.002, G_B: 0.944, cycle_B: 0.209, idt_B: 0.068

[Rank 0] (epoch: 821, iters: 1472, time: 0.029, data: 0.004) , D_A: 0.032, G_A: 0.823, cycle_A: 0.080, idt_A: 0.142, D_B: 0.005, G_B: 0.955, cycle_B: 0.240, idt_B: 0.077

[Rank 0] (epoch: 821, iters: 1672, time: 0.029, data: 0.003) , D_A: 0.023, G_A: 0.797, cycle_A: 0.079, idt_A: 0.132, D_B: 0.002, G_B: 0.939, cycle_B: 0.230, idt_B: 0.071

[Rank 0] (epoch: 821, iters: 1872, time: 0.029, data: 0.003) , D_A: 0.030, G_A: 0.946, cycle_A: 0.089, idt_A: 0.115, D_B: 0.003, G_B: 1.030, cycle_B: 0.202, idt_B: 0.081

learning rate 0.0000100 -> 0.0000100
saving the model at the end of epoch 821, iters 485856
End of epoch 821 / 950 	 Time Taken: 53 sec
[Rank 0] (epoch: 822, iters: 144, time: 0.123, data: 0.002) , D_A: 0.034, G_A: 0.931, cycle_A: 0.073, idt_A: 0.135, D_B: 0.002, G_B: 1.012, cycle_B: 0.233, idt_B: 0.069

[Rank 0] (epoch: 822, iters: 344, time: 0.029, data: 0.002) , D_A: 0.021, G_A: 0.853, cycle_A: 0.083, idt_A: 0.122, D_B: 0.002, G_B: 0.996, cycle_B: 0.208, idt_B: 0.068

[Rank 0] (epoch: 822, iters: 544, time: 0.030, data: 0.002) , D_A: 0.033, G_A: 0.925, cycle_A: 0.085, idt_A: 0.141, D_B: 0.002, G_B: 0.967, cycle_B: 0.244, idt_B: 0.078

[Rank 0] (epoch: 822, iters: 744, time: 0.029, data: 0.004) , D_A: 0.033, G_A: 0.941, cycle_A: 0.063, idt_A: 0.139, D_B: 0.007, G_B: 0.906, cycle_B: 0.250, idt_B: 0.060

[Rank 0] (epoch: 822, iters: 944, time: 0.030, data: 0.003) , D_A: 0.034, G_A: 0.933, cycle_A: 0.078, idt_A: 0.133, D_B: 0.008, G_B: 0.903, cycle_B: 0.236, idt_B: 0.074

[Rank 0] (epoch: 822, iters: 1144, time: 0.122, data: 0.003) , D_A: 0.029, G_A: 0.768, cycle_A: 0.097, idt_A: 0.138, D_B: 0.002, G_B: 0.961, cycle_B: 0.257, idt_B: 0.095

[Rank 0] (epoch: 822, iters: 1344, time: 0.029, data: 0.002) , D_A: 0.030, G_A: 0.901, cycle_A: 0.084, idt_A: 0.134, D_B: 0.004, G_B: 0.868, cycle_B: 0.252, idt_B: 0.079

[Rank 0] (epoch: 822, iters: 1544, time: 0.029, data: 0.004) , D_A: 0.030, G_A: 0.970, cycle_A: 0.079, idt_A: 0.134, D_B: 0.039, G_B: 0.938, cycle_B: 0.240, idt_B: 0.074

[Rank 0] (epoch: 822, iters: 1744, time: 0.030, data: 0.003) , D_A: 0.031, G_A: 0.831, cycle_A: 0.077, idt_A: 0.136, D_B: 0.002, G_B: 0.984, cycle_B: 0.250, idt_B: 0.075

learning rate 0.0000100 -> 0.0000100
saving the model at the end of epoch 822, iters 487784
End of epoch 822 / 950 	 Time Taken: 52 sec
[Rank 0] (epoch: 823, iters: 16, time: 0.141, data: 0.002) , D_A: 0.032, G_A: 1.022, cycle_A: 0.072, idt_A: 0.136, D_B: 0.002, G_B: 0.970, cycle_B: 0.246, idt_B: 0.065

[Rank 0] (epoch: 823, iters: 216, time: 0.119, data: 0.003) , D_A: 0.028, G_A: 0.853, cycle_A: 0.067, idt_A: 0.147, D_B: 0.006, G_B: 0.836, cycle_B: 0.262, idt_B: 0.058

[Rank 0] (epoch: 823, iters: 416, time: 0.030, data: 0.002) , D_A: 0.088, G_A: 1.157, cycle_A: 0.072, idt_A: 0.112, D_B: 0.002, G_B: 0.994, cycle_B: 0.191, idt_B: 0.057

[Rank 0] (epoch: 823, iters: 616, time: 0.029, data: 0.003) , D_A: 0.043, G_A: 1.000, cycle_A: 0.093, idt_A: 0.138, D_B: 0.003, G_B: 1.048, cycle_B: 0.238, idt_B: 0.074

[Rank 0] (epoch: 823, iters: 816, time: 0.030, data: 0.002) , D_A: 0.020, G_A: 0.915, cycle_A: 0.095, idt_A: 0.130, D_B: 0.002, G_B: 0.988, cycle_B: 0.228, idt_B: 0.086

[Rank 0] (epoch: 823, iters: 1016, time: 0.029, data: 0.003) , D_A: 0.044, G_A: 0.896, cycle_A: 0.077, idt_A: 0.136, D_B: 0.002, G_B: 0.953, cycle_B: 0.239, idt_B: 0.073

[Rank 0] (epoch: 823, iters: 1216, time: 0.130, data: 0.002) , D_A: 0.031, G_A: 0.816, cycle_A: 0.086, idt_A: 0.125, D_B: 0.002, G_B: 0.938, cycle_B: 0.222, idt_B: 0.074

[Rank 0] (epoch: 823, iters: 1416, time: 0.029, data: 0.003) , D_A: 0.045, G_A: 0.797, cycle_A: 0.083, idt_A: 0.137, D_B: 0.002, G_B: 0.967, cycle_B: 0.233, idt_B: 0.077

[Rank 0] (epoch: 823, iters: 1616, time: 0.030, data: 0.001) , D_A: 0.035, G_A: 0.956, cycle_A: 0.100, idt_A: 0.124, D_B: 0.004, G_B: 0.964, cycle_B: 0.207, idt_B: 0.081

[Rank 0] (epoch: 823, iters: 1816, time: 0.029, data: 0.003) , D_A: 0.031, G_A: 0.745, cycle_A: 0.077, idt_A: 0.129, D_B: 0.036, G_B: 0.960, cycle_B: 0.227, idt_B: 0.067

learning rate 0.0000100 -> 0.0000100
saving the model at the end of epoch 823, iters 489712
End of epoch 823 / 950 	 Time Taken: 53 sec
[Rank 0] (epoch: 824, iters: 88, time: 0.142, data: 0.002) , D_A: 0.030, G_A: 0.817, cycle_A: 0.076, idt_A: 0.118, D_B: 0.002, G_B: 1.010, cycle_B: 0.199, idt_B: 0.064

[Rank 0] (epoch: 824, iters: 288, time: 0.117, data: 0.002) , D_A: 0.025, G_A: 0.999, cycle_A: 0.069, idt_A: 0.130, D_B: 0.002, G_B: 0.926, cycle_B: 0.215, idt_B: 0.065

saving the latest model (epoch 824, total_iters 490000)
[Rank 0] (epoch: 824, iters: 488, time: 0.030, data: 0.002) , D_A: 0.033, G_A: 1.084, cycle_A: 0.071, idt_A: 0.129, D_B: 0.002, G_B: 1.016, cycle_B: 0.220, idt_B: 0.062

[Rank 0] (epoch: 824, iters: 688, time: 0.030, data: 0.003) , D_A: 0.023, G_A: 0.960, cycle_A: 0.071, idt_A: 0.130, D_B: 0.003, G_B: 0.989, cycle_B: 0.216, idt_B: 0.061

[Rank 0] (epoch: 824, iters: 888, time: 0.030, data: 0.002) , D_A: 0.026, G_A: 0.978, cycle_A: 0.104, idt_A: 0.132, D_B: 0.002, G_B: 1.001, cycle_B: 0.227, idt_B: 0.092

[Rank 0] (epoch: 824, iters: 1088, time: 0.029, data: 0.004) , D_A: 0.041, G_A: 1.052, cycle_A: 0.061, idt_A: 0.127, D_B: 0.007, G_B: 1.026, cycle_B: 0.225, idt_B: 0.059

[Rank 0] (epoch: 824, iters: 1288, time: 0.131, data: 0.002) , D_A: 0.032, G_A: 0.980, cycle_A: 0.064, idt_A: 0.121, D_B: 0.002, G_B: 0.961, cycle_B: 0.206, idt_B: 0.057

[Rank 0] (epoch: 824, iters: 1488, time: 0.029, data: 0.003) , D_A: 0.021, G_A: 0.988, cycle_A: 0.080, idt_A: 0.129, D_B: 0.002, G_B: 0.959, cycle_B: 0.224, idt_B: 0.080

[Rank 0] (epoch: 824, iters: 1688, time: 0.030, data: 0.007) , D_A: 0.023, G_A: 0.967, cycle_A: 0.083, idt_A: 0.119, D_B: 0.001, G_B: 0.981, cycle_B: 0.196, idt_B: 0.076

[Rank 0] (epoch: 824, iters: 1888, time: 0.029, data: 0.003) , D_A: 0.026, G_A: 1.247, cycle_A: 0.081, idt_A: 0.138, D_B: 0.002, G_B: 0.944, cycle_B: 0.222, idt_B: 0.077

learning rate 0.0000100 -> 0.0000100
saving the model at the end of epoch 824, iters 491640
End of epoch 824 / 950 	 Time Taken: 53 sec
[Rank 0] (epoch: 825, iters: 160, time: 0.132, data: 0.002) , D_A: 0.026, G_A: 0.905, cycle_A: 0.075, idt_A: 0.124, D_B: 0.002, G_B: 0.996, cycle_B: 0.209, idt_B: 0.067

[Rank 0] (epoch: 825, iters: 360, time: 0.126, data: 0.003) , D_A: 0.034, G_A: 0.701, cycle_A: 0.075, idt_A: 0.131, D_B: 0.003, G_B: 0.949, cycle_B: 0.209, idt_B: 0.066

[Rank 0] (epoch: 825, iters: 560, time: 0.029, data: 0.004) , D_A: 0.027, G_A: 0.853, cycle_A: 0.077, idt_A: 0.122, D_B: 0.002, G_B: 0.944, cycle_B: 0.204, idt_B: 0.070

[Rank 0] (epoch: 825, iters: 760, time: 0.030, data: 0.003) , D_A: 0.026, G_A: 1.118, cycle_A: 0.070, idt_A: 0.140, D_B: 0.009, G_B: 0.980, cycle_B: 0.222, idt_B: 0.066

[Rank 0] (epoch: 825, iters: 960, time: 0.029, data: 0.003) , D_A: 0.026, G_A: 0.891, cycle_A: 0.062, idt_A: 0.128, D_B: 0.001, G_B: 0.979, cycle_B: 0.217, idt_B: 0.057

[Rank 0] (epoch: 825, iters: 1160, time: 0.029, data: 0.003) , D_A: 0.027, G_A: 0.745, cycle_A: 0.087, idt_A: 0.131, D_B: 0.002, G_B: 0.929, cycle_B: 0.213, idt_B: 0.080

[Rank 0] (epoch: 825, iters: 1360, time: 0.124, data: 0.003) , D_A: 0.028, G_A: 0.970, cycle_A: 0.105, idt_A: 0.115, D_B: 0.001, G_B: 0.945, cycle_B: 0.191, idt_B: 0.096

[Rank 0] (epoch: 825, iters: 1560, time: 0.029, data: 0.004) , D_A: 0.026, G_A: 0.821, cycle_A: 0.068, idt_A: 0.137, D_B: 0.003, G_B: 0.864, cycle_B: 0.224, idt_B: 0.062

[Rank 0] (epoch: 825, iters: 1760, time: 0.030, data: 0.002) , D_A: 0.044, G_A: 0.710, cycle_A: 0.071, idt_A: 0.112, D_B: 0.002, G_B: 0.904, cycle_B: 0.179, idt_B: 0.068

learning rate 0.0000100 -> 0.0000100
saving the model at the end of epoch 825, iters 493568
End of epoch 825 / 950 	 Time Taken: 53 sec
[Rank 0] (epoch: 826, iters: 32, time: 0.160, data: 0.003) , D_A: 0.047, G_A: 0.990, cycle_A: 0.075, idt_A: 0.118, D_B: 0.002, G_B: 0.937, cycle_B: 0.187, idt_B: 0.072

[Rank 0] (epoch: 826, iters: 232, time: 0.030, data: 0.003) , D_A: 0.025, G_A: 0.928, cycle_A: 0.097, idt_A: 0.127, D_B: 0.003, G_B: 0.949, cycle_B: 0.210, idt_B: 0.085

[Rank 0] (epoch: 826, iters: 432, time: 0.137, data: 0.003) , D_A: 0.034, G_A: 0.954, cycle_A: 0.079, idt_A: 0.139, D_B: 0.002, G_B: 0.947, cycle_B: 0.218, idt_B: 0.075

[Rank 0] (epoch: 826, iters: 632, time: 0.030, data: 0.002) , D_A: 0.036, G_A: 0.665, cycle_A: 0.079, idt_A: 0.118, D_B: 0.003, G_B: 0.862, cycle_B: 0.199, idt_B: 0.078

[Rank 0] (epoch: 826, iters: 832, time: 0.030, data: 0.006) , D_A: 0.038, G_A: 0.752, cycle_A: 0.095, idt_A: 0.117, D_B: 0.002, G_B: 0.999, cycle_B: 0.191, idt_B: 0.085

[Rank 0] (epoch: 826, iters: 1032, time: 0.029, data: 0.003) , D_A: 0.022, G_A: 0.684, cycle_A: 0.095, idt_A: 0.118, D_B: 0.002, G_B: 0.904, cycle_B: 0.203, idt_B: 0.090

[Rank 0] (epoch: 826, iters: 1232, time: 0.030, data: 0.003) , D_A: 0.028, G_A: 0.823, cycle_A: 0.084, idt_A: 0.134, D_B: 0.001, G_B: 0.989, cycle_B: 0.216, idt_B: 0.078

[Rank 0] (epoch: 826, iters: 1432, time: 0.143, data: 0.003) , D_A: 0.031, G_A: 0.896, cycle_A: 0.076, idt_A: 0.158, D_B: 0.002, G_B: 1.076, cycle_B: 0.250, idt_B: 0.067

saving the latest model (epoch 826, total_iters 495000)
[Rank 0] (epoch: 826, iters: 1632, time: 0.029, data: 0.003) , D_A: 0.029, G_A: 0.773, cycle_A: 0.064, idt_A: 0.133, D_B: 0.001, G_B: 1.016, cycle_B: 0.224, idt_B: 0.052

[Rank 0] (epoch: 826, iters: 1832, time: 0.029, data: 0.003) , D_A: 0.021, G_A: 0.778, cycle_A: 0.070, idt_A: 0.128, D_B: 0.004, G_B: 0.845, cycle_B: 0.202, idt_B: 0.064

learning rate 0.0000100 -> 0.0000100
saving the model at the end of epoch 826, iters 495496
End of epoch 826 / 950 	 Time Taken: 54 sec
[Rank 0] (epoch: 827, iters: 104, time: 0.137, data: 0.004) , D_A: 0.025, G_A: 0.936, cycle_A: 0.067, idt_A: 0.117, D_B: 0.006, G_B: 0.997, cycle_B: 0.195, idt_B: 0.059

[Rank 0] (epoch: 827, iters: 304, time: 0.030, data: 0.003) , D_A: 0.032, G_A: 0.845, cycle_A: 0.071, idt_A: 0.143, D_B: 0.003, G_B: 0.957, cycle_B: 0.228, idt_B: 0.069

[Rank 0] (epoch: 827, iters: 504, time: 0.131, data: 0.002) , D_A: 0.042, G_A: 0.829, cycle_A: 0.074, idt_A: 0.125, D_B: 0.002, G_B: 1.026, cycle_B: 0.204, idt_B: 0.064

[Rank 0] (epoch: 827, iters: 704, time: 0.030, data: 0.002) , D_A: 0.033, G_A: 1.135, cycle_A: 0.081, idt_A: 0.126, D_B: 0.003, G_B: 0.912, cycle_B: 0.213, idt_B: 0.064

[Rank 0] (epoch: 827, iters: 904, time: 0.030, data: 0.002) , D_A: 0.023, G_A: 0.841, cycle_A: 0.073, idt_A: 0.134, D_B: 0.001, G_B: 0.955, cycle_B: 0.220, idt_B: 0.065

[Rank 0] (epoch: 827, iters: 1104, time: 0.030, data: 0.002) , D_A: 0.033, G_A: 0.989, cycle_A: 0.075, idt_A: 0.109, D_B: 0.006, G_B: 0.947, cycle_B: 0.184, idt_B: 0.071

[Rank 0] (epoch: 827, iters: 1304, time: 0.029, data: 0.002) , D_A: 0.038, G_A: 0.923, cycle_A: 0.082, idt_A: 0.118, D_B: 0.018, G_B: 1.117, cycle_B: 0.204, idt_B: 0.077

[Rank 0] (epoch: 827, iters: 1504, time: 0.126, data: 0.003) , D_A: 0.029, G_A: 0.897, cycle_A: 0.065, idt_A: 0.127, D_B: 0.008, G_B: 0.767, cycle_B: 0.208, idt_B: 0.058

[Rank 0] (epoch: 827, iters: 1704, time: 0.029, data: 0.003) , D_A: 0.031, G_A: 0.851, cycle_A: 0.081, idt_A: 0.149, D_B: 0.004, G_B: 0.981, cycle_B: 0.241, idt_B: 0.075

[Rank 0] (epoch: 827, iters: 1904, time: 0.030, data: 0.002) , D_A: 0.023, G_A: 0.912, cycle_A: 0.080, idt_A: 0.133, D_B: 0.002, G_B: 0.964, cycle_B: 0.224, idt_B: 0.074

learning rate 0.0000100 -> 0.0000100
saving the model at the end of epoch 827, iters 497424
End of epoch 827 / 950 	 Time Taken: 53 sec
[Rank 0] (epoch: 828, iters: 176, time: 0.127, data: 0.002) , D_A: 0.024, G_A: 0.795, cycle_A: 0.068, idt_A: 0.119, D_B: 0.001, G_B: 0.966, cycle_B: 0.184, idt_B: 0.057

[Rank 0] (epoch: 828, iters: 376, time: 0.029, data: 0.002) , D_A: 0.018, G_A: 1.014, cycle_A: 0.095, idt_A: 0.123, D_B: 0.003, G_B: 0.972, cycle_B: 0.198, idt_B: 0.077

[Rank 0] (epoch: 828, iters: 576, time: 0.147, data: 0.003) , D_A: 0.018, G_A: 0.861, cycle_A: 0.076, idt_A: 0.126, D_B: 0.031, G_B: 1.010, cycle_B: 0.201, idt_B: 0.065

[Rank 0] (epoch: 828, iters: 776, time: 0.029, data: 0.003) , D_A: 0.018, G_A: 0.933, cycle_A: 0.082, idt_A: 0.139, D_B: 0.008, G_B: 1.000, cycle_B: 0.202, idt_B: 0.066

[Rank 0] (epoch: 828, iters: 976, time: 0.029, data: 0.002) , D_A: 0.022, G_A: 1.055, cycle_A: 0.066, idt_A: 0.107, D_B: 0.001, G_B: 0.984, cycle_B: 0.164, idt_B: 0.059

[Rank 0] (epoch: 828, iters: 1176, time: 0.030, data: 0.003) , D_A: 0.040, G_A: 0.698, cycle_A: 0.057, idt_A: 0.118, D_B: 0.001, G_B: 0.985, cycle_B: 0.185, idt_B: 0.050

[Rank 0] (epoch: 828, iters: 1376, time: 0.029, data: 0.003) , D_A: 0.031, G_A: 0.898, cycle_A: 0.082, idt_A: 0.127, D_B: 0.001, G_B: 1.013, cycle_B: 0.194, idt_B: 0.081

[Rank 0] (epoch: 828, iters: 1576, time: 0.128, data: 0.002) , D_A: 0.031, G_A: 0.962, cycle_A: 0.084, idt_A: 0.133, D_B: 0.062, G_B: 0.986, cycle_B: 0.209, idt_B: 0.071

[Rank 0] (epoch: 828, iters: 1776, time: 0.030, data: 0.003) , D_A: 0.029, G_A: 0.878, cycle_A: 0.082, idt_A: 0.120, D_B: 0.001, G_B: 0.984, cycle_B: 0.184, idt_B: 0.074

learning rate 0.0000100 -> 0.0000100
saving the model at the end of epoch 828, iters 499352
End of epoch 828 / 950 	 Time Taken: 53 sec
[Rank 0] (epoch: 829, iters: 48, time: 0.158, data: 0.003) , D_A: 0.020, G_A: 0.987, cycle_A: 0.111, idt_A: 0.149, D_B: 0.001, G_B: 0.960, cycle_B: 0.227, idt_B: 0.092

[Rank 0] (epoch: 829, iters: 248, time: 0.029, data: 0.003) , D_A: 0.047, G_A: 0.793, cycle_A: 0.064, idt_A: 0.126, D_B: 0.001, G_B: 0.995, cycle_B: 0.192, idt_B: 0.057

[Rank 0] (epoch: 829, iters: 448, time: 0.029, data: 0.002) , D_A: 0.049, G_A: 0.666, cycle_A: 0.064, idt_A: 0.124, D_B: 0.001, G_B: 0.999, cycle_B: 0.189, idt_B: 0.058

[Rank 0] (epoch: 829, iters: 648, time: 0.122, data: 0.003) , D_A: 0.052, G_A: 0.532, cycle_A: 0.082, idt_A: 0.135, D_B: 0.001, G_B: 0.990, cycle_B: 0.206, idt_B: 0.072

saving the latest model (epoch 829, total_iters 500000)
[Rank 0] (epoch: 829, iters: 848, time: 0.029, data: 0.002) , D_A: 0.041, G_A: 0.747, cycle_A: 0.078, idt_A: 0.128, D_B: 0.001, G_B: 1.033, cycle_B: 0.195, idt_B: 0.070

[Rank 0] (epoch: 829, iters: 1048, time: 0.029, data: 0.003) , D_A: 0.037, G_A: 0.625, cycle_A: 0.079, idt_A: 0.127, D_B: 0.001, G_B: 0.975, cycle_B: 0.188, idt_B: 0.073

[Rank 0] (epoch: 829, iters: 1248, time: 0.029, data: 0.002) , D_A: 0.058, G_A: 0.447, cycle_A: 0.066, idt_A: 0.123, D_B: 0.001, G_B: 1.004, cycle_B: 0.190, idt_B: 0.054

[Rank 0] (epoch: 829, iters: 1448, time: 0.030, data: 0.003) , D_A: 0.036, G_A: 0.830, cycle_A: 0.083, idt_A: 0.155, D_B: 0.002, G_B: 1.007, cycle_B: 0.235, idt_B: 0.079

[Rank 0] (epoch: 829, iters: 1648, time: 0.143, data: 0.003) , D_A: 0.028, G_A: 0.971, cycle_A: 0.107, idt_A: 0.128, D_B: 0.001, G_B: 0.993, cycle_B: 0.200, idt_B: 0.097

[Rank 0] (epoch: 829, iters: 1848, time: 0.029, data: 0.003) , D_A: 0.045, G_A: 0.611, cycle_A: 0.090, idt_A: 0.125, D_B: 0.001, G_B: 0.952, cycle_B: 0.187, idt_B: 0.083

learning rate 0.0000100 -> 0.0000100
saving the model at the end of epoch 829, iters 501280
End of epoch 829 / 950 	 Time Taken: 54 sec
[Rank 0] (epoch: 830, iters: 120, time: 0.128, data: 0.002) , D_A: 0.054, G_A: 0.556, cycle_A: 0.061, idt_A: 0.133, D_B: 0.001, G_B: 0.980, cycle_B: 0.210, idt_B: 0.055

[Rank 0] (epoch: 830, iters: 320, time: 0.029, data: 0.002) , D_A: 0.059, G_A: 0.957, cycle_A: 0.064, idt_A: 0.121, D_B: 0.001, G_B: 0.997, cycle_B: 0.183, idt_B: 0.055

[Rank 0] (epoch: 830, iters: 520, time: 0.030, data: 0.003) , D_A: 0.043, G_A: 0.532, cycle_A: 0.108, idt_A: 0.128, D_B: 0.001, G_B: 0.948, cycle_B: 0.191, idt_B: 0.103

[Rank 0] (epoch: 830, iters: 720, time: 0.133, data: 0.002) , D_A: 0.035, G_A: 0.747, cycle_A: 0.081, idt_A: 0.127, D_B: 0.001, G_B: 1.008, cycle_B: 0.195, idt_B: 0.072

[Rank 0] (epoch: 830, iters: 920, time: 0.030, data: 0.003) , D_A: 0.059, G_A: 0.776, cycle_A: 0.069, idt_A: 0.125, D_B: 0.001, G_B: 0.963, cycle_B: 0.204, idt_B: 0.066

[Rank 0] (epoch: 830, iters: 1120, time: 0.030, data: 0.002) , D_A: 0.031, G_A: 0.765, cycle_A: 0.065, idt_A: 0.127, D_B: 0.001, G_B: 0.985, cycle_B: 0.203, idt_B: 0.060

[Rank 0] (epoch: 830, iters: 1320, time: 0.030, data: 0.002) , D_A: 0.045, G_A: 0.712, cycle_A: 0.090, idt_A: 0.130, D_B: 0.027, G_B: 0.552, cycle_B: 0.199, idt_B: 0.079

[Rank 0] (epoch: 830, iters: 1520, time: 0.030, data: 0.003) , D_A: 0.049, G_A: 0.716, cycle_A: 0.072, idt_A: 0.126, D_B: 0.032, G_B: 0.997, cycle_B: 0.197, idt_B: 0.066

[Rank 0] (epoch: 830, iters: 1720, time: 0.135, data: 0.002) , D_A: 0.059, G_A: 1.043, cycle_A: 0.071, idt_A: 0.134, D_B: 0.001, G_B: 0.969, cycle_B: 0.204, idt_B: 0.065

[Rank 0] (epoch: 830, iters: 1920, time: 0.030, data: 0.003) , D_A: 0.047, G_A: 0.702, cycle_A: 0.056, idt_A: 0.138, D_B: 0.004, G_B: 0.997, cycle_B: 0.205, idt_B: 0.053

learning rate 0.0000100 -> 0.0000100
saving the model at the end of epoch 830, iters 503208
End of epoch 830 / 950 	 Time Taken: 53 sec
[Rank 0] (epoch: 831, iters: 192, time: 0.131, data: 0.002) , D_A: 0.032, G_A: 0.724, cycle_A: 0.079, idt_A: 0.137, D_B: 0.001, G_B: 0.996, cycle_B: 0.233, idt_B: 0.075

[Rank 0] (epoch: 831, iters: 392, time: 0.029, data: 0.003) , D_A: 0.056, G_A: 0.768, cycle_A: 0.058, idt_A: 0.108, D_B: 0.001, G_B: 0.953, cycle_B: 0.168, idt_B: 0.051

[Rank 0] (epoch: 831, iters: 592, time: 0.029, data: 0.002) , D_A: 0.040, G_A: 0.706, cycle_A: 0.088, idt_A: 0.117, D_B: 0.001, G_B: 0.976, cycle_B: 0.181, idt_B: 0.075

[Rank 0] (epoch: 831, iters: 792, time: 0.141, data: 0.003) , D_A: 0.037, G_A: 0.696, cycle_A: 0.083, idt_A: 0.143, D_B: 0.001, G_B: 0.989, cycle_B: 0.231, idt_B: 0.070

[Rank 0] (epoch: 831, iters: 992, time: 0.029, data: 0.003) , D_A: 0.059, G_A: 0.480, cycle_A: 0.090, idt_A: 0.116, D_B: 0.001, G_B: 0.966, cycle_B: 0.184, idt_B: 0.082

[Rank 0] (epoch: 831, iters: 1192, time: 0.029, data: 0.003) , D_A: 0.069, G_A: 0.880, cycle_A: 0.090, idt_A: 0.135, D_B: 0.001, G_B: 0.955, cycle_B: 0.208, idt_B: 0.081

[Rank 0] (epoch: 831, iters: 1392, time: 0.030, data: 0.002) , D_A: 0.056, G_A: 0.521, cycle_A: 0.082, idt_A: 0.138, D_B: 0.001, G_B: 1.008, cycle_B: 0.218, idt_B: 0.078

[Rank 0] (epoch: 831, iters: 1592, time: 0.029, data: 0.004) , D_A: 0.050, G_A: 0.674, cycle_A: 0.104, idt_A: 0.124, D_B: 0.001, G_B: 1.029, cycle_B: 0.191, idt_B: 0.084

[Rank 0] (epoch: 831, iters: 1792, time: 0.123, data: 0.002) , D_A: 0.051, G_A: 0.621, cycle_A: 0.099, idt_A: 0.127, D_B: 0.001, G_B: 1.023, cycle_B: 0.200, idt_B: 0.094

saving the latest model (epoch 831, total_iters 505000)
learning rate 0.0000100 -> 0.0000100
saving the model at the end of epoch 831, iters 505136
End of epoch 831 / 950 	 Time Taken: 53 sec
[Rank 0] (epoch: 832, iters: 64, time: 0.136, data: 0.002) , D_A: 0.065, G_A: 0.556, cycle_A: 0.059, idt_A: 0.122, D_B: 0.024, G_B: 0.936, cycle_B: 0.195, idt_B: 0.053

[Rank 0] (epoch: 832, iters: 264, time: 0.030, data: 0.003) , D_A: 0.080, G_A: 0.772, cycle_A: 0.100, idt_A: 0.138, D_B: 0.001, G_B: 0.970, cycle_B: 0.211, idt_B: 0.092

[Rank 0] (epoch: 832, iters: 464, time: 0.029, data: 0.004) , D_A: 0.041, G_A: 0.560, cycle_A: 0.095, idt_A: 0.118, D_B: 0.001, G_B: 0.974, cycle_B: 0.183, idt_B: 0.084

[Rank 0] (epoch: 832, iters: 664, time: 0.030, data: 0.003) , D_A: 0.066, G_A: 0.810, cycle_A: 0.067, idt_A: 0.124, D_B: 0.001, G_B: 1.016, cycle_B: 0.197, idt_B: 0.062

[Rank 0] (epoch: 832, iters: 864, time: 0.119, data: 0.003) , D_A: 0.039, G_A: 0.825, cycle_A: 0.063, idt_A: 0.123, D_B: 0.001, G_B: 0.959, cycle_B: 0.186, idt_B: 0.058

[Rank 0] (epoch: 832, iters: 1064, time: 0.029, data: 0.002) , D_A: 0.045, G_A: 0.678, cycle_A: 0.068, idt_A: 0.128, D_B: 0.002, G_B: 0.989, cycle_B: 0.197, idt_B: 0.066

[Rank 0] (epoch: 832, iters: 1264, time: 0.029, data: 0.003) , D_A: 0.034, G_A: 0.800, cycle_A: 0.069, idt_A: 0.125, D_B: 0.002, G_B: 1.019, cycle_B: 0.198, idt_B: 0.058

[Rank 0] (epoch: 832, iters: 1464, time: 0.029, data: 0.002) , D_A: 0.060, G_A: 0.629, cycle_A: 0.075, idt_A: 0.141, D_B: 0.002, G_B: 1.008, cycle_B: 0.218, idt_B: 0.068

[Rank 0] (epoch: 832, iters: 1664, time: 0.029, data: 0.003) , D_A: 0.050, G_A: 0.847, cycle_A: 0.059, idt_A: 0.137, D_B: 0.004, G_B: 0.992, cycle_B: 0.210, idt_B: 0.054

[Rank 0] (epoch: 832, iters: 1864, time: 0.131, data: 0.002) , D_A: 0.057, G_A: 0.732, cycle_A: 0.052, idt_A: 0.133, D_B: 0.002, G_B: 0.947, cycle_B: 0.208, idt_B: 0.046

learning rate 0.0000100 -> 0.0000100
saving the model at the end of epoch 832, iters 507064
End of epoch 832 / 950 	 Time Taken: 53 sec
[Rank 0] (epoch: 833, iters: 136, time: 0.132, data: 0.002) , D_A: 0.052, G_A: 0.924, cycle_A: 0.076, idt_A: 0.134, D_B: 0.014, G_B: 0.996, cycle_B: 0.209, idt_B: 0.068

[Rank 0] (epoch: 833, iters: 336, time: 0.029, data: 0.004) , D_A: 0.041, G_A: 0.821, cycle_A: 0.083, idt_A: 0.130, D_B: 0.001, G_B: 0.990, cycle_B: 0.198, idt_B: 0.078

[Rank 0] (epoch: 833, iters: 536, time: 0.030, data: 0.004) , D_A: 0.060, G_A: 0.748, cycle_A: 0.077, idt_A: 0.134, D_B: 0.001, G_B: 1.003, cycle_B: 0.204, idt_B: 0.072

[Rank 0] (epoch: 833, iters: 736, time: 0.029, data: 0.003) , D_A: 0.045, G_A: 0.588, cycle_A: 0.076, idt_A: 0.134, D_B: 0.006, G_B: 0.987, cycle_B: 0.208, idt_B: 0.073

[Rank 0] (epoch: 833, iters: 936, time: 0.139, data: 0.003) , D_A: 0.039, G_A: 0.777, cycle_A: 0.092, idt_A: 0.126, D_B: 0.002, G_B: 0.940, cycle_B: 0.196, idt_B: 0.092

[Rank 0] (epoch: 833, iters: 1136, time: 0.030, data: 0.004) , D_A: 0.047, G_A: 0.794, cycle_A: 0.077, idt_A: 0.139, D_B: 0.001, G_B: 0.996, cycle_B: 0.216, idt_B: 0.064

[Rank 0] (epoch: 833, iters: 1336, time: 0.029, data: 0.002) , D_A: 0.059, G_A: 0.579, cycle_A: 0.070, idt_A: 0.133, D_B: 0.002, G_B: 0.972, cycle_B: 0.202, idt_B: 0.060

[Rank 0] (epoch: 833, iters: 1536, time: 0.029, data: 0.003) , D_A: 0.037, G_A: 0.609, cycle_A: 0.069, idt_A: 0.123, D_B: 0.062, G_B: 0.965, cycle_B: 0.188, idt_B: 0.063

[Rank 0] (epoch: 833, iters: 1736, time: 0.030, data: 0.002) , D_A: 0.033, G_A: 0.795, cycle_A: 0.090, idt_A: 0.139, D_B: 0.001, G_B: 0.974, cycle_B: 0.214, idt_B: 0.083

learning rate 0.0000100 -> 0.0000100
saving the model at the end of epoch 833, iters 508992
End of epoch 833 / 950 	 Time Taken: 53 sec
[Rank 0] (epoch: 834, iters: 8, time: 0.166, data: 0.002) , D_A: 0.038, G_A: 0.665, cycle_A: 0.091, idt_A: 0.124, D_B: 0.001, G_B: 1.012, cycle_B: 0.193, idt_B: 0.072

[Rank 0] (epoch: 834, iters: 208, time: 0.029, data: 0.002) , D_A: 0.033, G_A: 0.853, cycle_A: 0.066, idt_A: 0.134, D_B: 0.002, G_B: 0.994, cycle_B: 0.196, idt_B: 0.061

[Rank 0] (epoch: 834, iters: 408, time: 0.030, data: 0.003) , D_A: 0.035, G_A: 0.811, cycle_A: 0.070, idt_A: 0.135, D_B: 0.024, G_B: 1.008, cycle_B: 0.211, idt_B: 0.066

[Rank 0] (epoch: 834, iters: 608, time: 0.030, data: 0.004) , D_A: 0.058, G_A: 0.622, cycle_A: 0.066, idt_A: 0.120, D_B: 0.001, G_B: 0.935, cycle_B: 0.190, idt_B: 0.059

[Rank 0] (epoch: 834, iters: 808, time: 0.029, data: 0.004) , D_A: 0.064, G_A: 0.774, cycle_A: 0.053, idt_A: 0.121, D_B: 0.001, G_B: 0.989, cycle_B: 0.181, idt_B: 0.046

[Rank 0] (epoch: 834, iters: 1008, time: 0.149, data: 0.003) , D_A: 0.053, G_A: 0.767, cycle_A: 0.077, idt_A: 0.123, D_B: 0.001, G_B: 1.009, cycle_B: 0.198, idt_B: 0.072

saving the latest model (epoch 834, total_iters 510000)
[Rank 0] (epoch: 834, iters: 1208, time: 0.029, data: 0.003) , D_A: 0.043, G_A: 0.739, cycle_A: 0.072, idt_A: 0.118, D_B: 0.006, G_B: 0.817, cycle_B: 0.213, idt_B: 0.065

[Rank 0] (epoch: 834, iters: 1408, time: 0.030, data: 0.002) , D_A: 0.037, G_A: 0.573, cycle_A: 0.078, idt_A: 0.126, D_B: 0.004, G_B: 0.996, cycle_B: 0.221, idt_B: 0.076

[Rank 0] (epoch: 834, iters: 1608, time: 0.029, data: 0.004) , D_A: 0.049, G_A: 0.837, cycle_A: 0.080, idt_A: 0.131, D_B: 0.002, G_B: 0.904, cycle_B: 0.215, idt_B: 0.070

[Rank 0] (epoch: 834, iters: 1808, time: 0.029, data: 0.003) , D_A: 0.039, G_A: 0.713, cycle_A: 0.089, idt_A: 0.145, D_B: 0.006, G_B: 0.819, cycle_B: 0.255, idt_B: 0.081

learning rate 0.0000100 -> 0.0000100
saving the model at the end of epoch 834, iters 510920
End of epoch 834 / 950 	 Time Taken: 53 sec
[Rank 0] (epoch: 835, iters: 80, time: 0.129, data: 0.003) , D_A: 0.045, G_A: 0.881, cycle_A: 0.068, idt_A: 0.117, D_B: 0.002, G_B: 0.973, cycle_B: 0.204, idt_B: 0.061

[Rank 0] (epoch: 835, iters: 280, time: 0.029, data: 0.003) , D_A: 0.039, G_A: 0.690, cycle_A: 0.080, idt_A: 0.123, D_B: 0.003, G_B: 0.980, cycle_B: 0.211, idt_B: 0.073

[Rank 0] (epoch: 835, iters: 480, time: 0.029, data: 0.002) , D_A: 0.073, G_A: 0.850, cycle_A: 0.085, idt_A: 0.124, D_B: 0.001, G_B: 0.994, cycle_B: 0.206, idt_B: 0.078

[Rank 0] (epoch: 835, iters: 680, time: 0.030, data: 0.003) , D_A: 0.047, G_A: 0.739, cycle_A: 0.084, idt_A: 0.129, D_B: 0.003, G_B: 0.921, cycle_B: 0.217, idt_B: 0.073

[Rank 0] (epoch: 835, iters: 880, time: 0.030, data: 0.003) , D_A: 0.051, G_A: 0.646, cycle_A: 0.075, idt_A: 0.123, D_B: 0.002, G_B: 0.971, cycle_B: 0.215, idt_B: 0.070

[Rank 0] (epoch: 835, iters: 1080, time: 0.127, data: 0.004) , D_A: 0.045, G_A: 0.801, cycle_A: 0.081, idt_A: 0.126, D_B: 0.001, G_B: 0.972, cycle_B: 0.211, idt_B: 0.072

[Rank 0] (epoch: 835, iters: 1280, time: 0.029, data: 0.002) , D_A: 0.069, G_A: 0.544, cycle_A: 0.088, idt_A: 0.133, D_B: 0.001, G_B: 0.976, cycle_B: 0.239, idt_B: 0.085

[Rank 0] (epoch: 835, iters: 1480, time: 0.029, data: 0.003) , D_A: 0.028, G_A: 0.774, cycle_A: 0.092, idt_A: 0.131, D_B: 0.001, G_B: 0.954, cycle_B: 0.217, idt_B: 0.080

[Rank 0] (epoch: 835, iters: 1680, time: 0.030, data: 0.002) , D_A: 0.065, G_A: 0.506, cycle_A: 0.080, idt_A: 0.122, D_B: 0.036, G_B: 0.567, cycle_B: 0.208, idt_B: 0.073

[Rank 0] (epoch: 835, iters: 1880, time: 0.029, data: 0.003) , D_A: 0.035, G_A: 0.775, cycle_A: 0.087, idt_A: 0.133, D_B: 0.002, G_B: 0.994, cycle_B: 0.215, idt_B: 0.079

learning rate 0.0000100 -> 0.0000100
saving the model at the end of epoch 835, iters 512848
End of epoch 835 / 950 	 Time Taken: 52 sec
[Rank 0] (epoch: 836, iters: 152, time: 0.134, data: 0.002) , D_A: 0.043, G_A: 0.962, cycle_A: 0.082, idt_A: 0.113, D_B: 0.001, G_B: 1.003, cycle_B: 0.185, idt_B: 0.072

[Rank 0] (epoch: 836, iters: 352, time: 0.030, data: 0.002) , D_A: 0.048, G_A: 0.686, cycle_A: 0.073, idt_A: 0.147, D_B: 0.002, G_B: 0.955, cycle_B: 0.242, idt_B: 0.072

[Rank 0] (epoch: 836, iters: 552, time: 0.029, data: 0.004) , D_A: 0.034, G_A: 0.916, cycle_A: 0.092, idt_A: 0.123, D_B: 0.001, G_B: 0.980, cycle_B: 0.195, idt_B: 0.083

[Rank 0] (epoch: 836, iters: 752, time: 0.029, data: 0.004) , D_A: 0.028, G_A: 0.772, cycle_A: 0.093, idt_A: 0.116, D_B: 0.002, G_B: 0.931, cycle_B: 0.184, idt_B: 0.084

[Rank 0] (epoch: 836, iters: 952, time: 0.029, data: 0.003) , D_A: 0.055, G_A: 0.763, cycle_A: 0.059, idt_A: 0.117, D_B: 0.012, G_B: 0.700, cycle_B: 0.215, idt_B: 0.052

[Rank 0] (epoch: 836, iters: 1152, time: 0.138, data: 0.002) , D_A: 0.048, G_A: 0.583, cycle_A: 0.091, idt_A: 0.127, D_B: 0.011, G_B: 0.711, cycle_B: 0.225, idt_B: 0.079

[Rank 0] (epoch: 836, iters: 1352, time: 0.030, data: 0.002) , D_A: 0.033, G_A: 0.899, cycle_A: 0.095, idt_A: 0.116, D_B: 0.021, G_B: 0.975, cycle_B: 0.219, idt_B: 0.086

[Rank 0] (epoch: 836, iters: 1552, time: 0.029, data: 0.004) , D_A: 0.059, G_A: 0.797, cycle_A: 0.085, idt_A: 0.120, D_B: 0.002, G_B: 0.973, cycle_B: 0.241, idt_B: 0.080

[Rank 0] (epoch: 836, iters: 1752, time: 0.029, data: 0.003) , D_A: 0.051, G_A: 0.940, cycle_A: 0.083, idt_A: 0.120, D_B: 0.003, G_B: 0.943, cycle_B: 0.222, idt_B: 0.079

learning rate 0.0000100 -> 0.0000100
saving the model at the end of epoch 836, iters 514776
End of epoch 836 / 950 	 Time Taken: 53 sec
[Rank 0] (epoch: 837, iters: 24, time: 0.125, data: 0.002) , D_A: 0.047, G_A: 0.782, cycle_A: 0.083, idt_A: 0.121, D_B: 0.002, G_B: 0.955, cycle_B: 0.254, idt_B: 0.071

[Rank 0] (epoch: 837, iters: 224, time: 0.146, data: 0.003) , D_A: 0.027, G_A: 1.065, cycle_A: 0.104, idt_A: 0.141, D_B: 0.004, G_B: 0.895, cycle_B: 0.277, idt_B: 0.099

saving the latest model (epoch 837, total_iters 515000)
[Rank 0] (epoch: 837, iters: 424, time: 0.029, data: 0.004) , D_A: 0.050, G_A: 0.644, cycle_A: 0.053, idt_A: 0.125, D_B: 0.003, G_B: 0.907, cycle_B: 0.278, idt_B: 0.048

[Rank 0] (epoch: 837, iters: 624, time: 0.029, data: 0.004) , D_A: 0.032, G_A: 0.952, cycle_A: 0.054, idt_A: 0.127, D_B: 0.003, G_B: 0.961, cycle_B: 0.249, idt_B: 0.051

[Rank 0] (epoch: 837, iters: 824, time: 0.029, data: 0.003) , D_A: 0.053, G_A: 0.690, cycle_A: 0.094, idt_A: 0.125, D_B: 0.004, G_B: 0.953, cycle_B: 0.254, idt_B: 0.087

[Rank 0] (epoch: 837, iters: 1024, time: 0.030, data: 0.003) , D_A: 0.076, G_A: 0.879, cycle_A: 0.082, idt_A: 0.121, D_B: 0.004, G_B: 0.903, cycle_B: 0.260, idt_B: 0.074

[Rank 0] (epoch: 837, iters: 1224, time: 0.131, data: 0.004) , D_A: 0.055, G_A: 0.934, cycle_A: 0.081, idt_A: 0.122, D_B: 0.003, G_B: 0.980, cycle_B: 0.236, idt_B: 0.076

[Rank 0] (epoch: 837, iters: 1424, time: 0.029, data: 0.003) , D_A: 0.066, G_A: 0.816, cycle_A: 0.062, idt_A: 0.115, D_B: 0.016, G_B: 0.910, cycle_B: 0.238, idt_B: 0.055

[Rank 0] (epoch: 837, iters: 1624, time: 0.030, data: 0.003) , D_A: 0.057, G_A: 0.479, cycle_A: 0.069, idt_A: 0.128, D_B: 0.008, G_B: 1.096, cycle_B: 0.265, idt_B: 0.060

[Rank 0] (epoch: 837, iters: 1824, time: 0.030, data: 0.003) , D_A: 0.063, G_A: 0.888, cycle_A: 0.085, idt_A: 0.132, D_B: 0.004, G_B: 1.000, cycle_B: 0.287, idt_B: 0.078

learning rate 0.0000100 -> 0.0000100
saving the model at the end of epoch 837, iters 516704
End of epoch 837 / 950 	 Time Taken: 53 sec
[Rank 0] (epoch: 838, iters: 96, time: 0.154, data: 0.004) , D_A: 0.047, G_A: 0.571, cycle_A: 0.092, idt_A: 0.126, D_B: 0.007, G_B: 0.786, cycle_B: 0.271, idt_B: 0.086

[Rank 0] (epoch: 838, iters: 296, time: 0.128, data: 0.004) , D_A: 0.075, G_A: 0.911, cycle_A: 0.074, idt_A: 0.159, D_B: 0.004, G_B: 1.087, cycle_B: 0.327, idt_B: 0.066

[Rank 0] (epoch: 838, iters: 496, time: 0.029, data: 0.001) , D_A: 0.038, G_A: 0.821, cycle_A: 0.064, idt_A: 0.140, D_B: 0.003, G_B: 0.926, cycle_B: 0.283, idt_B: 0.060

[Rank 0] (epoch: 838, iters: 696, time: 0.029, data: 0.003) , D_A: 0.031, G_A: 0.830, cycle_A: 0.076, idt_A: 0.127, D_B: 0.007, G_B: 0.915, cycle_B: 0.265, idt_B: 0.067

[Rank 0] (epoch: 838, iters: 896, time: 0.030, data: 0.003) , D_A: 0.026, G_A: 0.900, cycle_A: 0.071, idt_A: 0.125, D_B: 0.006, G_B: 0.999, cycle_B: 0.273, idt_B: 0.064

[Rank 0] (epoch: 838, iters: 1096, time: 0.029, data: 0.003) , D_A: 0.029, G_A: 1.210, cycle_A: 0.067, idt_A: 0.158, D_B: 0.003, G_B: 0.957, cycle_B: 0.329, idt_B: 0.051

[Rank 0] (epoch: 838, iters: 1296, time: 0.125, data: 0.003) , D_A: 0.025, G_A: 0.979, cycle_A: 0.088, idt_A: 0.132, D_B: 0.003, G_B: 0.975, cycle_B: 0.268, idt_B: 0.072

[Rank 0] (epoch: 838, iters: 1496, time: 0.030, data: 0.003) , D_A: 0.021, G_A: 1.087, cycle_A: 0.100, idt_A: 0.117, D_B: 0.033, G_B: 0.931, cycle_B: 0.244, idt_B: 0.084

[Rank 0] (epoch: 838, iters: 1696, time: 0.029, data: 0.003) , D_A: 0.021, G_A: 0.962, cycle_A: 0.090, idt_A: 0.133, D_B: 0.004, G_B: 0.943, cycle_B: 0.267, idt_B: 0.080

[Rank 0] (epoch: 838, iters: 1896, time: 0.030, data: 0.003) , D_A: 0.018, G_A: 1.067, cycle_A: 0.071, idt_A: 0.130, D_B: 0.015, G_B: 0.793, cycle_B: 0.239, idt_B: 0.065

learning rate 0.0000100 -> 0.0000100
saving the model at the end of epoch 838, iters 518632
End of epoch 838 / 950 	 Time Taken: 53 sec
[Rank 0] (epoch: 839, iters: 168, time: 0.126, data: 0.002) , D_A: 0.018, G_A: 0.897, cycle_A: 0.071, idt_A: 0.115, D_B: 0.010, G_B: 0.913, cycle_B: 0.221, idt_B: 0.065

[Rank 0] (epoch: 839, iters: 368, time: 0.124, data: 0.002) , D_A: 0.022, G_A: 1.016, cycle_A: 0.077, idt_A: 0.120, D_B: 0.013, G_B: 0.701, cycle_B: 0.221, idt_B: 0.070

[Rank 0] (epoch: 839, iters: 568, time: 0.030, data: 0.003) , D_A: 0.019, G_A: 0.888, cycle_A: 0.075, idt_A: 0.126, D_B: 0.005, G_B: 0.890, cycle_B: 0.231, idt_B: 0.064

[Rank 0] (epoch: 839, iters: 768, time: 0.030, data: 0.004) , D_A: 0.022, G_A: 0.879, cycle_A: 0.086, idt_A: 0.134, D_B: 0.006, G_B: 0.858, cycle_B: 0.242, idt_B: 0.078

[Rank 0] (epoch: 839, iters: 968, time: 0.030, data: 0.003) , D_A: 0.028, G_A: 0.943, cycle_A: 0.080, idt_A: 0.134, D_B: 0.009, G_B: 0.862, cycle_B: 0.257, idt_B: 0.075

[Rank 0] (epoch: 839, iters: 1168, time: 0.030, data: 0.003) , D_A: 0.062, G_A: 0.569, cycle_A: 0.076, idt_A: 0.119, D_B: 0.011, G_B: 0.910, cycle_B: 0.209, idt_B: 0.075

[Rank 0] (epoch: 839, iters: 1368, time: 0.140, data: 0.004) , D_A: 0.104, G_A: 0.959, cycle_A: 0.088, idt_A: 0.129, D_B: 0.004, G_B: 0.978, cycle_B: 0.228, idt_B: 0.081

saving the latest model (epoch 839, total_iters 520000)
[Rank 0] (epoch: 839, iters: 1568, time: 0.029, data: 0.002) , D_A: 0.051, G_A: 0.883, cycle_A: 0.079, idt_A: 0.118, D_B: 0.004, G_B: 0.897, cycle_B: 0.222, idt_B: 0.073

[Rank 0] (epoch: 839, iters: 1768, time: 0.029, data: 0.003) , D_A: 0.070, G_A: 0.811, cycle_A: 0.100, idt_A: 0.128, D_B: 0.003, G_B: 0.928, cycle_B: 0.240, idt_B: 0.091

learning rate 0.0000100 -> 0.0000100
saving the model at the end of epoch 839, iters 520560
End of epoch 839 / 950 	 Time Taken: 53 sec
[Rank 0] (epoch: 840, iters: 40, time: 0.132, data: 0.002) , D_A: 0.028, G_A: 1.117, cycle_A: 0.091, idt_A: 0.140, D_B: 0.006, G_B: 0.999, cycle_B: 0.240, idt_B: 0.075

[Rank 0] (epoch: 840, iters: 240, time: 0.030, data: 0.001) , D_A: 0.020, G_A: 0.967, cycle_A: 0.079, idt_A: 0.132, D_B: 0.003, G_B: 0.974, cycle_B: 0.239, idt_B: 0.069

[Rank 0] (epoch: 840, iters: 440, time: 0.123, data: 0.002) , D_A: 0.022, G_A: 0.810, cycle_A: 0.058, idt_A: 0.118, D_B: 0.036, G_B: 0.875, cycle_B: 0.211, idt_B: 0.051

[Rank 0] (epoch: 840, iters: 640, time: 0.030, data: 0.003) , D_A: 0.020, G_A: 0.970, cycle_A: 0.073, idt_A: 0.126, D_B: 0.002, G_B: 0.920, cycle_B: 0.222, idt_B: 0.067

[Rank 0] (epoch: 840, iters: 840, time: 0.030, data: 0.002) , D_A: 0.025, G_A: 0.754, cycle_A: 0.075, idt_A: 0.121, D_B: 0.013, G_B: 1.278, cycle_B: 0.235, idt_B: 0.071

[Rank 0] (epoch: 840, iters: 1040, time: 0.030, data: 0.002) , D_A: 0.018, G_A: 1.071, cycle_A: 0.094, idt_A: 0.126, D_B: 0.005, G_B: 0.832, cycle_B: 0.235, idt_B: 0.093

[Rank 0] (epoch: 840, iters: 1240, time: 0.030, data: 0.002) , D_A: 0.015, G_A: 0.965, cycle_A: 0.089, idt_A: 0.114, D_B: 0.004, G_B: 0.915, cycle_B: 0.210, idt_B: 0.084

[Rank 0] (epoch: 840, iters: 1440, time: 0.146, data: 0.003) , D_A: 0.022, G_A: 1.010, cycle_A: 0.093, idt_A: 0.130, D_B: 0.003, G_B: 1.009, cycle_B: 0.223, idt_B: 0.086

[Rank 0] (epoch: 840, iters: 1640, time: 0.030, data: 0.002) , D_A: 0.134, G_A: 0.405, cycle_A: 0.078, idt_A: 0.127, D_B: 0.003, G_B: 1.001, cycle_B: 0.235, idt_B: 0.075

[Rank 0] (epoch: 840, iters: 1840, time: 0.029, data: 0.003) , D_A: 0.023, G_A: 1.033, cycle_A: 0.077, idt_A: 0.124, D_B: 0.004, G_B: 0.934, cycle_B: 0.244, idt_B: 0.074

learning rate 0.0000100 -> 0.0000100
saving the model at the end of epoch 840, iters 522488
End of epoch 840 / 950 	 Time Taken: 53 sec
[Rank 0] (epoch: 841, iters: 112, time: 0.132, data: 0.003) , D_A: 0.017, G_A: 1.122, cycle_A: 0.108, idt_A: 0.133, D_B: 0.005, G_B: 1.053, cycle_B: 0.292, idt_B: 0.097

[Rank 0] (epoch: 841, iters: 312, time: 0.029, data: 0.001) , D_A: 0.019, G_A: 0.852, cycle_A: 0.093, idt_A: 0.143, D_B: 0.003, G_B: 0.945, cycle_B: 0.334, idt_B: 0.083

[Rank 0] (epoch: 841, iters: 512, time: 0.136, data: 0.004) , D_A: 0.015, G_A: 0.979, cycle_A: 0.077, idt_A: 0.121, D_B: 0.007, G_B: 0.822, cycle_B: 0.261, idt_B: 0.068

[Rank 0] (epoch: 841, iters: 712, time: 0.029, data: 0.003) , D_A: 0.021, G_A: 0.875, cycle_A: 0.076, idt_A: 0.148, D_B: 0.004, G_B: 0.960, cycle_B: 0.307, idt_B: 0.068

[Rank 0] (epoch: 841, iters: 912, time: 0.029, data: 0.003) , D_A: 0.020, G_A: 0.920, cycle_A: 0.079, idt_A: 0.131, D_B: 0.004, G_B: 0.953, cycle_B: 0.267, idt_B: 0.074

[Rank 0] (epoch: 841, iters: 1112, time: 0.029, data: 0.003) , D_A: 0.016, G_A: 0.896, cycle_A: 0.076, idt_A: 0.116, D_B: 0.003, G_B: 0.920, cycle_B: 0.229, idt_B: 0.067

[Rank 0] (epoch: 841, iters: 1312, time: 0.029, data: 0.005) , D_A: 0.016, G_A: 1.102, cycle_A: 0.090, idt_A: 0.120, D_B: 0.003, G_B: 1.018, cycle_B: 0.257, idt_B: 0.078

[Rank 0] (epoch: 841, iters: 1512, time: 0.129, data: 0.003) , D_A: 0.016, G_A: 1.098, cycle_A: 0.078, idt_A: 0.142, D_B: 0.003, G_B: 1.093, cycle_B: 0.295, idt_B: 0.072

[Rank 0] (epoch: 841, iters: 1712, time: 0.029, data: 0.003) , D_A: 0.020, G_A: 1.282, cycle_A: 0.061, idt_A: 0.114, D_B: 0.004, G_B: 0.912, cycle_B: 0.242, idt_B: 0.055

[Rank 0] (epoch: 841, iters: 1912, time: 0.030, data: 0.002) , D_A: 0.013, G_A: 0.998, cycle_A: 0.106, idt_A: 0.134, D_B: 0.004, G_B: 0.940, cycle_B: 0.280, idt_B: 0.097

learning rate 0.0000100 -> 0.0000100
saving the model at the end of epoch 841, iters 524416
End of epoch 841 / 950 	 Time Taken: 53 sec
[Rank 0] (epoch: 842, iters: 184, time: 0.145, data: 0.002) , D_A: 0.025, G_A: 1.217, cycle_A: 0.065, idt_A: 0.133, D_B: 0.002, G_B: 0.947, cycle_B: 0.273, idt_B: 0.059

[Rank 0] (epoch: 842, iters: 384, time: 0.030, data: 0.001) , D_A: 0.025, G_A: 0.946, cycle_A: 0.074, idt_A: 0.130, D_B: 0.019, G_B: 1.000, cycle_B: 0.276, idt_B: 0.063

[Rank 0] (epoch: 842, iters: 584, time: 0.119, data: 0.004) , D_A: 0.026, G_A: 1.226, cycle_A: 0.087, idt_A: 0.125, D_B: 0.005, G_B: 0.902, cycle_B: 0.246, idt_B: 0.078

saving the latest model (epoch 842, total_iters 525000)
[Rank 0] (epoch: 842, iters: 784, time: 0.030, data: 0.002) , D_A: 0.159, G_A: 1.009, cycle_A: 0.081, idt_A: 0.139, D_B: 0.003, G_B: 0.964, cycle_B: 0.283, idt_B: 0.075

[Rank 0] (epoch: 842, iters: 984, time: 0.029, data: 0.003) , D_A: 0.058, G_A: 1.344, cycle_A: 0.064, idt_A: 0.140, D_B: 0.002, G_B: 0.986, cycle_B: 0.282, idt_B: 0.060

[Rank 0] (epoch: 842, iters: 1184, time: 0.030, data: 0.002) , D_A: 0.196, G_A: 0.673, cycle_A: 0.055, idt_A: 0.117, D_B: 0.003, G_B: 0.995, cycle_B: 0.249, idt_B: 0.054

[Rank 0] (epoch: 842, iters: 1384, time: 0.029, data: 0.004) , D_A: 0.037, G_A: 0.647, cycle_A: 0.081, idt_A: 0.123, D_B: 0.004, G_B: 0.847, cycle_B: 0.265, idt_B: 0.075

[Rank 0] (epoch: 842, iters: 1584, time: 0.131, data: 0.003) , D_A: 0.042, G_A: 0.672, cycle_A: 0.060, idt_A: 0.119, D_B: 0.003, G_B: 0.953, cycle_B: 0.259, idt_B: 0.053

[Rank 0] (epoch: 842, iters: 1784, time: 0.029, data: 0.003) , D_A: 0.025, G_A: 0.716, cycle_A: 0.071, idt_A: 0.112, D_B: 0.003, G_B: 0.984, cycle_B: 0.235, idt_B: 0.065

learning rate 0.0000100 -> 0.0000100
saving the model at the end of epoch 842, iters 526344
End of epoch 842 / 950 	 Time Taken: 53 sec
[Rank 0] (epoch: 843, iters: 56, time: 0.127, data: 0.002) , D_A: 0.045, G_A: 1.280, cycle_A: 0.079, idt_A: 0.113, D_B: 0.002, G_B: 0.957, cycle_B: 0.231, idt_B: 0.077

[Rank 0] (epoch: 843, iters: 256, time: 0.030, data: 0.003) , D_A: 0.056, G_A: 0.495, cycle_A: 0.120, idt_A: 0.125, D_B: 0.040, G_B: 1.007, cycle_B: 0.257, idt_B: 0.109

[Rank 0] (epoch: 843, iters: 456, time: 0.029, data: 0.004) , D_A: 0.061, G_A: 0.647, cycle_A: 0.091, idt_A: 0.149, D_B: 0.003, G_B: 0.937, cycle_B: 0.284, idt_B: 0.091

[Rank 0] (epoch: 843, iters: 656, time: 0.137, data: 0.003) , D_A: 0.044, G_A: 1.033, cycle_A: 0.076, idt_A: 0.118, D_B: 0.002, G_B: 0.983, cycle_B: 0.235, idt_B: 0.072

[Rank 0] (epoch: 843, iters: 856, time: 0.029, data: 0.003) , D_A: 0.037, G_A: 0.816, cycle_A: 0.080, idt_A: 0.141, D_B: 0.002, G_B: 1.004, cycle_B: 0.283, idt_B: 0.076

[Rank 0] (epoch: 843, iters: 1056, time: 0.029, data: 0.004) , D_A: 0.059, G_A: 0.559, cycle_A: 0.079, idt_A: 0.123, D_B: 0.002, G_B: 0.958, cycle_B: 0.245, idt_B: 0.076

[Rank 0] (epoch: 843, iters: 1256, time: 0.029, data: 0.003) , D_A: 0.035, G_A: 0.835, cycle_A: 0.083, idt_A: 0.130, D_B: 0.002, G_B: 0.992, cycle_B: 0.262, idt_B: 0.075

[Rank 0] (epoch: 843, iters: 1456, time: 0.030, data: 0.003) , D_A: 0.030, G_A: 1.021, cycle_A: 0.099, idt_A: 0.123, D_B: 0.004, G_B: 1.090, cycle_B: 0.256, idt_B: 0.087

[Rank 0] (epoch: 843, iters: 1656, time: 0.144, data: 0.003) , D_A: 0.018, G_A: 0.963, cycle_A: 0.074, idt_A: 0.118, D_B: 0.006, G_B: 0.974, cycle_B: 0.222, idt_B: 0.071

[Rank 0] (epoch: 843, iters: 1856, time: 0.030, data: 0.002) , D_A: 0.018, G_A: 0.910, cycle_A: 0.077, idt_A: 0.111, D_B: 0.002, G_B: 0.974, cycle_B: 0.218, idt_B: 0.071

learning rate 0.0000100 -> 0.0000100
saving the model at the end of epoch 843, iters 528272
End of epoch 843 / 950 	 Time Taken: 53 sec
[Rank 0] (epoch: 844, iters: 128, time: 0.125, data: 0.004) , D_A: 0.021, G_A: 0.840, cycle_A: 0.101, idt_A: 0.139, D_B: 0.003, G_B: 1.064, cycle_B: 0.261, idt_B: 0.095

[Rank 0] (epoch: 844, iters: 328, time: 0.029, data: 0.005) , D_A: 0.015, G_A: 0.928, cycle_A: 0.074, idt_A: 0.139, D_B: 0.002, G_B: 0.987, cycle_B: 0.256, idt_B: 0.059

[Rank 0] (epoch: 844, iters: 528, time: 0.029, data: 0.003) , D_A: 0.021, G_A: 1.042, cycle_A: 0.082, idt_A: 0.136, D_B: 0.004, G_B: 1.020, cycle_B: 0.257, idt_B: 0.077

[Rank 0] (epoch: 844, iters: 728, time: 0.127, data: 0.004) , D_A: 0.020, G_A: 1.033, cycle_A: 0.087, idt_A: 0.131, D_B: 0.031, G_B: 1.063, cycle_B: 0.252, idt_B: 0.077

[Rank 0] (epoch: 844, iters: 928, time: 0.030, data: 0.002) , D_A: 0.022, G_A: 1.118, cycle_A: 0.090, idt_A: 0.138, D_B: 0.003, G_B: 0.960, cycle_B: 0.257, idt_B: 0.086

[Rank 0] (epoch: 844, iters: 1128, time: 0.029, data: 0.003) , D_A: 0.018, G_A: 1.060, cycle_A: 0.101, idt_A: 0.136, D_B: 0.005, G_B: 0.909, cycle_B: 0.248, idt_B: 0.091

[Rank 0] (epoch: 844, iters: 1328, time: 0.030, data: 0.003) , D_A: 0.021, G_A: 1.001, cycle_A: 0.073, idt_A: 0.122, D_B: 0.002, G_B: 0.964, cycle_B: 0.226, idt_B: 0.069

[Rank 0] (epoch: 844, iters: 1528, time: 0.029, data: 0.004) , D_A: 0.033, G_A: 1.012, cycle_A: 0.081, idt_A: 0.127, D_B: 0.002, G_B: 0.983, cycle_B: 0.219, idt_B: 0.080

[Rank 0] (epoch: 844, iters: 1728, time: 0.133, data: 0.002) , D_A: 0.022, G_A: 0.873, cycle_A: 0.073, idt_A: 0.147, D_B: 0.002, G_B: 0.970, cycle_B: 0.236, idt_B: 0.072

saving the latest model (epoch 844, total_iters 530000)
[Rank 0] (epoch: 844, iters: 1928, time: 0.023, data: 0.004) , D_A: 0.030, G_A: 0.858, cycle_A: 0.068, idt_A: 0.143, D_B: 0.001, G_B: 1.004, cycle_B: 0.257, idt_B: 0.059

learning rate 0.0000100 -> 0.0000100
saving the model at the end of epoch 844, iters 530200
End of epoch 844 / 950 	 Time Taken: 53 sec
[Rank 0] (epoch: 845, iters: 200, time: 0.124, data: 1.131) , D_A: 0.022, G_A: 0.969, cycle_A: 0.089, idt_A: 0.150, D_B: 0.002, G_B: 0.971, cycle_B: 0.263, idt_B: 0.091

[Rank 0] (epoch: 845, iters: 400, time: 0.029, data: 0.003) , D_A: 0.016, G_A: 0.980, cycle_A: 0.081, idt_A: 0.116, D_B: 0.014, G_B: 0.972, cycle_B: 0.201, idt_B: 0.070

[Rank 0] (epoch: 845, iters: 600, time: 0.029, data: 0.003) , D_A: 0.014, G_A: 1.103, cycle_A: 0.076, idt_A: 0.130, D_B: 0.002, G_B: 0.978, cycle_B: 0.213, idt_B: 0.073

[Rank 0] (epoch: 845, iters: 800, time: 0.133, data: 0.003) , D_A: 0.020, G_A: 0.777, cycle_A: 0.072, idt_A: 0.119, D_B: 0.002, G_B: 0.889, cycle_B: 0.206, idt_B: 0.062

[Rank 0] (epoch: 845, iters: 1000, time: 0.029, data: 0.003) , D_A: 0.026, G_A: 0.731, cycle_A: 0.070, idt_A: 0.122, D_B: 0.001, G_B: 0.989, cycle_B: 0.214, idt_B: 0.067

[Rank 0] (epoch: 845, iters: 1200, time: 0.030, data: 0.002) , D_A: 0.023, G_A: 0.940, cycle_A: 0.103, idt_A: 0.130, D_B: 0.002, G_B: 0.987, cycle_B: 0.220, idt_B: 0.100

[Rank 0] (epoch: 845, iters: 1400, time: 0.029, data: 0.004) , D_A: 0.014, G_A: 0.858, cycle_A: 0.079, idt_A: 0.129, D_B: 0.002, G_B: 1.021, cycle_B: 0.230, idt_B: 0.078

[Rank 0] (epoch: 845, iters: 1600, time: 0.029, data: 0.003) , D_A: 0.014, G_A: 0.787, cycle_A: 0.062, idt_A: 0.120, D_B: 0.001, G_B: 0.989, cycle_B: 0.205, idt_B: 0.060

[Rank 0] (epoch: 845, iters: 1800, time: 0.137, data: 0.003) , D_A: 0.020, G_A: 1.131, cycle_A: 0.074, idt_A: 0.119, D_B: 0.001, G_B: 0.980, cycle_B: 0.209, idt_B: 0.070

learning rate 0.0000100 -> 0.0000100
saving the model at the end of epoch 845, iters 532128
End of epoch 845 / 950 	 Time Taken: 53 sec
[Rank 0] (epoch: 846, iters: 72, time: 0.147, data: 0.003) , D_A: 0.022, G_A: 1.131, cycle_A: 0.087, idt_A: 0.129, D_B: 0.001, G_B: 1.019, cycle_B: 0.220, idt_B: 0.076

[Rank 0] (epoch: 846, iters: 272, time: 0.030, data: 0.001) , D_A: 0.046, G_A: 0.642, cycle_A: 0.107, idt_A: 0.134, D_B: 0.002, G_B: 0.944, cycle_B: 0.232, idt_B: 0.095

[Rank 0] (epoch: 846, iters: 472, time: 0.029, data: 0.004) , D_A: 0.040, G_A: 0.985, cycle_A: 0.073, idt_A: 0.134, D_B: 0.001, G_B: 1.007, cycle_B: 0.244, idt_B: 0.073

[Rank 0] (epoch: 846, iters: 672, time: 0.029, data: 0.003) , D_A: 0.014, G_A: 0.976, cycle_A: 0.079, idt_A: 0.121, D_B: 0.001, G_B: 0.992, cycle_B: 0.205, idt_B: 0.070

[Rank 0] (epoch: 846, iters: 872, time: 0.134, data: 0.003) , D_A: 0.015, G_A: 0.998, cycle_A: 0.072, idt_A: 0.126, D_B: 0.001, G_B: 0.986, cycle_B: 0.209, idt_B: 0.068

[Rank 0] (epoch: 846, iters: 1072, time: 0.029, data: 0.001) , D_A: 0.018, G_A: 0.911, cycle_A: 0.068, idt_A: 0.134, D_B: 0.001, G_B: 1.019, cycle_B: 0.236, idt_B: 0.068

[Rank 0] (epoch: 846, iters: 1272, time: 0.029, data: 0.004) , D_A: 0.015, G_A: 0.980, cycle_A: 0.082, idt_A: 0.124, D_B: 0.001, G_B: 0.965, cycle_B: 0.209, idt_B: 0.075

[Rank 0] (epoch: 846, iters: 1472, time: 0.029, data: 0.003) , D_A: 0.034, G_A: 1.101, cycle_A: 0.076, idt_A: 0.120, D_B: 0.013, G_B: 0.968, cycle_B: 0.197, idt_B: 0.071

[Rank 0] (epoch: 846, iters: 1672, time: 0.030, data: 0.003) , D_A: 0.031, G_A: 0.909, cycle_A: 0.063, idt_A: 0.135, D_B: 0.001, G_B: 0.997, cycle_B: 0.226, idt_B: 0.060

[Rank 0] (epoch: 846, iters: 1872, time: 0.136, data: 0.003) , D_A: 0.052, G_A: 0.827, cycle_A: 0.073, idt_A: 0.115, D_B: 0.001, G_B: 0.986, cycle_B: 0.187, idt_B: 0.073

learning rate 0.0000100 -> 0.0000100
saving the model at the end of epoch 846, iters 534056
End of epoch 846 / 950 	 Time Taken: 54 sec
[Rank 0] (epoch: 847, iters: 144, time: 0.133, data: 0.002) , D_A: 0.028, G_A: 1.177, cycle_A: 0.085, idt_A: 0.132, D_B: 0.002, G_B: 0.987, cycle_B: 0.218, idt_B: 0.077

[Rank 0] (epoch: 847, iters: 344, time: 0.030, data: 0.002) , D_A: 0.028, G_A: 0.967, cycle_A: 0.065, idt_A: 0.122, D_B: 0.001, G_B: 0.973, cycle_B: 0.205, idt_B: 0.057

[Rank 0] (epoch: 847, iters: 544, time: 0.030, data: 0.003) , D_A: 0.035, G_A: 1.004, cycle_A: 0.069, idt_A: 0.125, D_B: 0.002, G_B: 0.982, cycle_B: 0.228, idt_B: 0.065

[Rank 0] (epoch: 847, iters: 744, time: 0.029, data: 0.004) , D_A: 0.018, G_A: 0.947, cycle_A: 0.092, idt_A: 0.128, D_B: 0.001, G_B: 0.959, cycle_B: 0.215, idt_B: 0.088

[Rank 0] (epoch: 847, iters: 944, time: 0.137, data: 0.003) , D_A: 0.032, G_A: 0.714, cycle_A: 0.051, idt_A: 0.131, D_B: 0.001, G_B: 0.969, cycle_B: 0.224, idt_B: 0.050

saving the latest model (epoch 847, total_iters 535000)
[Rank 0] (epoch: 847, iters: 1144, time: 0.029, data: 0.004) , D_A: 0.031, G_A: 0.741, cycle_A: 0.101, idt_A: 0.124, D_B: 0.001, G_B: 1.004, cycle_B: 0.205, idt_B: 0.097

[Rank 0] (epoch: 847, iters: 1344, time: 0.030, data: 0.002) , D_A: 0.015, G_A: 1.002, cycle_A: 0.068, idt_A: 0.106, D_B: 0.001, G_B: 1.000, cycle_B: 0.173, idt_B: 0.058

[Rank 0] (epoch: 847, iters: 1544, time: 0.029, data: 0.004) , D_A: 0.019, G_A: 1.084, cycle_A: 0.098, idt_A: 0.138, D_B: 0.001, G_B: 1.004, cycle_B: 0.233, idt_B: 0.089

[Rank 0] (epoch: 847, iters: 1744, time: 0.029, data: 0.003) , D_A: 0.013, G_A: 1.027, cycle_A: 0.069, idt_A: 0.131, D_B: 0.001, G_B: 0.985, cycle_B: 0.215, idt_B: 0.063

learning rate 0.0000100 -> 0.0000100
saving the model at the end of epoch 847, iters 535984
End of epoch 847 / 950 	 Time Taken: 52 sec
[Rank 0] (epoch: 848, iters: 16, time: 0.155, data: 0.003) , D_A: 0.016, G_A: 0.974, cycle_A: 0.062, idt_A: 0.140, D_B: 0.001, G_B: 1.001, cycle_B: 0.218, idt_B: 0.057

[Rank 0] (epoch: 848, iters: 216, time: 0.029, data: 0.003) , D_A: 0.014, G_A: 0.976, cycle_A: 0.081, idt_A: 0.144, D_B: 0.001, G_B: 0.972, cycle_B: 0.235, idt_B: 0.074

[Rank 0] (epoch: 848, iters: 416, time: 0.029, data: 0.002) , D_A: 0.023, G_A: 1.033, cycle_A: 0.089, idt_A: 0.135, D_B: 0.001, G_B: 0.957, cycle_B: 0.226, idt_B: 0.082

[Rank 0] (epoch: 848, iters: 616, time: 0.029, data: 0.003) , D_A: 0.038, G_A: 1.056, cycle_A: 0.063, idt_A: 0.135, D_B: 0.001, G_B: 0.977, cycle_B: 0.219, idt_B: 0.060

[Rank 0] (epoch: 848, iters: 816, time: 0.029, data: 0.002) , D_A: 0.029, G_A: 0.758, cycle_A: 0.105, idt_A: 0.131, D_B: 0.001, G_B: 0.992, cycle_B: 0.218, idt_B: 0.099

[Rank 0] (epoch: 848, iters: 1016, time: 0.131, data: 0.003) , D_A: 0.019, G_A: 1.097, cycle_A: 0.065, idt_A: 0.120, D_B: 0.001, G_B: 0.991, cycle_B: 0.204, idt_B: 0.058

[Rank 0] (epoch: 848, iters: 1216, time: 0.029, data: 0.003) , D_A: 0.041, G_A: 0.498, cycle_A: 0.068, idt_A: 0.145, D_B: 0.001, G_B: 1.001, cycle_B: 0.241, idt_B: 0.070

[Rank 0] (epoch: 848, iters: 1416, time: 0.029, data: 0.004) , D_A: 0.020, G_A: 1.130, cycle_A: 0.088, idt_A: 0.118, D_B: 0.001, G_B: 0.974, cycle_B: 0.195, idt_B: 0.079

[Rank 0] (epoch: 848, iters: 1616, time: 0.030, data: 0.003) , D_A: 0.064, G_A: 0.700, cycle_A: 0.076, idt_A: 0.136, D_B: 0.001, G_B: 0.993, cycle_B: 0.223, idt_B: 0.070

[Rank 0] (epoch: 848, iters: 1816, time: 0.029, data: 0.003) , D_A: 0.045, G_A: 0.866, cycle_A: 0.055, idt_A: 0.122, D_B: 0.001, G_B: 0.992, cycle_B: 0.202, idt_B: 0.051

learning rate 0.0000100 -> 0.0000100
saving the model at the end of epoch 848, iters 537912
End of epoch 848 / 950 	 Time Taken: 53 sec
[Rank 0] (epoch: 849, iters: 88, time: 0.140, data: 0.003) , D_A: 0.031, G_A: 1.151, cycle_A: 0.087, idt_A: 0.113, D_B: 0.001, G_B: 1.000, cycle_B: 0.186, idt_B: 0.076

[Rank 0] (epoch: 849, iters: 288, time: 0.030, data: 0.002) , D_A: 0.023, G_A: 0.847, cycle_A: 0.084, idt_A: 0.143, D_B: 0.001, G_B: 1.004, cycle_B: 0.244, idt_B: 0.075

[Rank 0] (epoch: 849, iters: 488, time: 0.030, data: 0.003) , D_A: 0.041, G_A: 0.811, cycle_A: 0.071, idt_A: 0.128, D_B: 0.001, G_B: 0.990, cycle_B: 0.219, idt_B: 0.064

[Rank 0] (epoch: 849, iters: 688, time: 0.030, data: 0.003) , D_A: 0.045, G_A: 1.172, cycle_A: 0.084, idt_A: 0.133, D_B: 0.001, G_B: 1.002, cycle_B: 0.228, idt_B: 0.070

[Rank 0] (epoch: 849, iters: 888, time: 0.030, data: 0.003) , D_A: 0.026, G_A: 0.809, cycle_A: 0.095, idt_A: 0.128, D_B: 0.001, G_B: 0.990, cycle_B: 0.210, idt_B: 0.088

[Rank 0] (epoch: 849, iters: 1088, time: 0.133, data: 0.002) , D_A: 0.029, G_A: 1.118, cycle_A: 0.078, idt_A: 0.131, D_B: 0.002, G_B: 0.983, cycle_B: 0.210, idt_B: 0.078

[Rank 0] (epoch: 849, iters: 1288, time: 0.030, data: 0.003) , D_A: 0.016, G_A: 0.987, cycle_A: 0.066, idt_A: 0.124, D_B: 0.001, G_B: 0.982, cycle_B: 0.206, idt_B: 0.059

[Rank 0] (epoch: 849, iters: 1488, time: 0.029, data: 0.003) , D_A: 0.024, G_A: 0.950, cycle_A: 0.064, idt_A: 0.130, D_B: 0.001, G_B: 1.017, cycle_B: 0.210, idt_B: 0.060

[Rank 0] (epoch: 849, iters: 1688, time: 0.029, data: 0.003) , D_A: 0.045, G_A: 1.031, cycle_A: 0.062, idt_A: 0.123, D_B: 0.001, G_B: 0.992, cycle_B: 0.197, idt_B: 0.054

[Rank 0] (epoch: 849, iters: 1888, time: 0.030, data: 0.003) , D_A: 0.016, G_A: 0.999, cycle_A: 0.088, idt_A: 0.131, D_B: 0.001, G_B: 0.995, cycle_B: 0.206, idt_B: 0.083

learning rate 0.0000100 -> 0.0000100
saving the model at the end of epoch 849, iters 539840
End of epoch 849 / 950 	 Time Taken: 52 sec
[Rank 0] (epoch: 850, iters: 160, time: 0.146, data: 0.002) , D_A: 0.013, G_A: 1.074, cycle_A: 0.088, idt_A: 0.117, D_B: 0.001, G_B: 0.999, cycle_B: 0.192, idt_B: 0.077

saving the latest model (epoch 850, total_iters 540000)
[Rank 0] (epoch: 850, iters: 360, time: 0.029, data: 0.002) , D_A: 0.023, G_A: 0.793, cycle_A: 0.065, idt_A: 0.132, D_B: 0.001, G_B: 1.006, cycle_B: 0.213, idt_B: 0.059

[Rank 0] (epoch: 850, iters: 560, time: 0.029, data: 0.004) , D_A: 0.017, G_A: 0.993, cycle_A: 0.082, idt_A: 0.136, D_B: 0.001, G_B: 0.994, cycle_B: 0.212, idt_B: 0.075

[Rank 0] (epoch: 850, iters: 760, time: 0.029, data: 0.004) , D_A: 0.011, G_A: 0.994, cycle_A: 0.065, idt_A: 0.131, D_B: 0.001, G_B: 0.978, cycle_B: 0.219, idt_B: 0.059

[Rank 0] (epoch: 850, iters: 960, time: 0.029, data: 0.003) , D_A: 0.014, G_A: 0.942, cycle_A: 0.083, idt_A: 0.128, D_B: 0.001, G_B: 0.993, cycle_B: 0.208, idt_B: 0.080

[Rank 0] (epoch: 850, iters: 1160, time: 0.134, data: 0.004) , D_A: 0.013, G_A: 1.010, cycle_A: 0.066, idt_A: 0.133, D_B: 0.001, G_B: 0.995, cycle_B: 0.212, idt_B: 0.058

[Rank 0] (epoch: 850, iters: 1360, time: 0.029, data: 0.003) , D_A: 0.020, G_A: 1.046, cycle_A: 0.078, idt_A: 0.121, D_B: 0.001, G_B: 1.008, cycle_B: 0.192, idt_B: 0.070

[Rank 0] (epoch: 850, iters: 1560, time: 0.029, data: 0.004) , D_A: 0.032, G_A: 1.409, cycle_A: 0.060, idt_A: 0.109, D_B: 0.001, G_B: 1.005, cycle_B: 0.186, idt_B: 0.055

[Rank 0] (epoch: 850, iters: 1760, time: 0.029, data: 0.003) , D_A: 0.016, G_A: 0.952, cycle_A: 0.096, idt_A: 0.125, D_B: 0.001, G_B: 0.994, cycle_B: 0.202, idt_B: 0.088

learning rate 0.0000100 -> 0.0000100
saving the model at the end of epoch 850, iters 541768
End of epoch 850 / 950 	 Time Taken: 53 sec
[Rank 0] (epoch: 851, iters: 32, time: 0.142, data: 0.004) , D_A: 0.012, G_A: 1.003, cycle_A: 0.076, idt_A: 0.121, D_B: 0.001, G_B: 1.022, cycle_B: 0.204, idt_B: 0.065

[Rank 0] (epoch: 851, iters: 232, time: 0.126, data: 0.003) , D_A: 0.018, G_A: 0.964, cycle_A: 0.070, idt_A: 0.131, D_B: 0.001, G_B: 0.992, cycle_B: 0.229, idt_B: 0.061

[Rank 0] (epoch: 851, iters: 432, time: 0.029, data: 0.003) , D_A: 0.014, G_A: 0.963, cycle_A: 0.079, idt_A: 0.119, D_B: 0.001, G_B: 1.082, cycle_B: 0.208, idt_B: 0.075

[Rank 0] (epoch: 851, iters: 632, time: 0.029, data: 0.003) , D_A: 0.017, G_A: 1.019, cycle_A: 0.081, idt_A: 0.128, D_B: 0.001, G_B: 1.003, cycle_B: 0.217, idt_B: 0.077

[Rank 0] (epoch: 851, iters: 832, time: 0.030, data: 0.002) , D_A: 0.020, G_A: 0.937, cycle_A: 0.058, idt_A: 0.122, D_B: 0.000, G_B: 0.992, cycle_B: 0.202, idt_B: 0.055

[Rank 0] (epoch: 851, iters: 1032, time: 0.029, data: 0.003) , D_A: 0.012, G_A: 0.940, cycle_A: 0.052, idt_A: 0.123, D_B: 0.001, G_B: 0.994, cycle_B: 0.201, idt_B: 0.045

[Rank 0] (epoch: 851, iters: 1232, time: 0.136, data: 0.003) , D_A: 0.053, G_A: 0.544, cycle_A: 0.075, idt_A: 0.132, D_B: 0.001, G_B: 1.013, cycle_B: 0.207, idt_B: 0.066

[Rank 0] (epoch: 851, iters: 1432, time: 0.029, data: 0.002) , D_A: 0.028, G_A: 1.014, cycle_A: 0.066, idt_A: 0.135, D_B: 0.001, G_B: 1.004, cycle_B: 0.217, idt_B: 0.061

[Rank 0] (epoch: 851, iters: 1632, time: 0.030, data: 0.003) , D_A: 0.071, G_A: 0.382, cycle_A: 0.090, idt_A: 0.126, D_B: 0.001, G_B: 0.982, cycle_B: 0.207, idt_B: 0.079

[Rank 0] (epoch: 851, iters: 1832, time: 0.029, data: 0.003) , D_A: 0.089, G_A: 0.671, cycle_A: 0.096, idt_A: 0.135, D_B: 0.001, G_B: 1.012, cycle_B: 0.217, idt_B: 0.084

learning rate 0.0000100 -> 0.0000100
saving the model at the end of epoch 851, iters 543696
End of epoch 851 / 950 	 Time Taken: 53 sec
[Rank 0] (epoch: 852, iters: 104, time: 0.159, data: 0.003) , D_A: 0.057, G_A: 0.982, cycle_A: 0.090, idt_A: 0.124, D_B: 0.001, G_B: 1.020, cycle_B: 0.201, idt_B: 0.073

[Rank 0] (epoch: 852, iters: 304, time: 0.138, data: 0.001) , D_A: 0.021, G_A: 0.849, cycle_A: 0.061, idt_A: 0.137, D_B: 0.001, G_B: 1.012, cycle_B: 0.214, idt_B: 0.055

[Rank 0] (epoch: 852, iters: 504, time: 0.029, data: 0.003) , D_A: 0.049, G_A: 0.963, cycle_A: 0.057, idt_A: 0.125, D_B: 0.001, G_B: 0.990, cycle_B: 0.204, idt_B: 0.052

[Rank 0] (epoch: 852, iters: 704, time: 0.029, data: 0.003) , D_A: 0.034, G_A: 0.665, cycle_A: 0.092, idt_A: 0.111, D_B: 0.001, G_B: 1.001, cycle_B: 0.182, idt_B: 0.087

[Rank 0] (epoch: 852, iters: 904, time: 0.030, data: 0.004) , D_A: 0.084, G_A: 0.330, cycle_A: 0.071, idt_A: 0.123, D_B: 0.000, G_B: 0.997, cycle_B: 0.209, idt_B: 0.064

[Rank 0] (epoch: 852, iters: 1104, time: 0.029, data: 0.004) , D_A: 0.072, G_A: 0.569, cycle_A: 0.075, idt_A: 0.120, D_B: 0.000, G_B: 1.002, cycle_B: 0.192, idt_B: 0.068

[Rank 0] (epoch: 852, iters: 1304, time: 0.135, data: 0.003) , D_A: 0.080, G_A: 0.853, cycle_A: 0.084, idt_A: 0.126, D_B: 0.001, G_B: 1.019, cycle_B: 0.205, idt_B: 0.081

saving the latest model (epoch 852, total_iters 545000)
[Rank 0] (epoch: 852, iters: 1504, time: 0.029, data: 0.003) , D_A: 0.040, G_A: 0.463, cycle_A: 0.079, idt_A: 0.125, D_B: 0.001, G_B: 0.978, cycle_B: 0.206, idt_B: 0.071

[Rank 0] (epoch: 852, iters: 1704, time: 0.030, data: 0.003) , D_A: 0.020, G_A: 0.885, cycle_A: 0.076, idt_A: 0.125, D_B: 0.000, G_B: 0.990, cycle_B: 0.196, idt_B: 0.062

[Rank 0] (epoch: 852, iters: 1904, time: 0.029, data: 0.003) , D_A: 0.014, G_A: 0.952, cycle_A: 0.068, idt_A: 0.127, D_B: 0.001, G_B: 0.987, cycle_B: 0.205, idt_B: 0.062

learning rate 0.0000100 -> 0.0000100
saving the model at the end of epoch 852, iters 545624
End of epoch 852 / 950 	 Time Taken: 53 sec
[Rank 0] (epoch: 853, iters: 176, time: 0.150, data: 0.002) , D_A: 0.015, G_A: 0.939, cycle_A: 0.089, idt_A: 0.108, D_B: 0.001, G_B: 0.997, cycle_B: 0.174, idt_B: 0.084

[Rank 0] (epoch: 853, iters: 376, time: 0.130, data: 0.005) , D_A: 0.022, G_A: 0.667, cycle_A: 0.056, idt_A: 0.125, D_B: 0.001, G_B: 1.016, cycle_B: 0.211, idt_B: 0.052

[Rank 0] (epoch: 853, iters: 576, time: 0.029, data: 0.002) , D_A: 0.014, G_A: 0.928, cycle_A: 0.058, idt_A: 0.132, D_B: 0.001, G_B: 1.002, cycle_B: 0.207, idt_B: 0.055

[Rank 0] (epoch: 853, iters: 776, time: 0.029, data: 0.003) , D_A: 0.012, G_A: 0.967, cycle_A: 0.081, idt_A: 0.106, D_B: 0.001, G_B: 0.989, cycle_B: 0.174, idt_B: 0.077

[Rank 0] (epoch: 853, iters: 976, time: 0.030, data: 0.002) , D_A: 0.015, G_A: 0.892, cycle_A: 0.090, idt_A: 0.117, D_B: 0.001, G_B: 1.000, cycle_B: 0.199, idt_B: 0.089

[Rank 0] (epoch: 853, iters: 1176, time: 0.029, data: 0.003) , D_A: 0.015, G_A: 1.020, cycle_A: 0.081, idt_A: 0.124, D_B: 0.001, G_B: 0.979, cycle_B: 0.207, idt_B: 0.073

[Rank 0] (epoch: 853, iters: 1376, time: 0.127, data: 0.003) , D_A: 0.015, G_A: 0.917, cycle_A: 0.082, idt_A: 0.119, D_B: 0.001, G_B: 0.994, cycle_B: 0.197, idt_B: 0.078

[Rank 0] (epoch: 853, iters: 1576, time: 0.029, data: 0.003) , D_A: 0.028, G_A: 1.314, cycle_A: 0.066, idt_A: 0.149, D_B: 0.000, G_B: 1.005, cycle_B: 0.248, idt_B: 0.060

[Rank 0] (epoch: 853, iters: 1776, time: 0.030, data: 0.002) , D_A: 0.108, G_A: 0.396, cycle_A: 0.081, idt_A: 0.130, D_B: 0.001, G_B: 1.007, cycle_B: 0.222, idt_B: 0.069

learning rate 0.0000100 -> 0.0000100
saving the model at the end of epoch 853, iters 547552
End of epoch 853 / 950 	 Time Taken: 53 sec
[Rank 0] (epoch: 854, iters: 48, time: 0.132, data: 0.004) , D_A: 0.066, G_A: 0.462, cycle_A: 0.071, idt_A: 0.130, D_B: 0.001, G_B: 1.008, cycle_B: 0.223, idt_B: 0.068

[Rank 0] (epoch: 854, iters: 248, time: 0.030, data: 0.003) , D_A: 0.044, G_A: 0.544, cycle_A: 0.066, idt_A: 0.133, D_B: 0.001, G_B: 1.006, cycle_B: 0.225, idt_B: 0.060

[Rank 0] (epoch: 854, iters: 448, time: 0.125, data: 0.002) , D_A: 0.048, G_A: 0.675, cycle_A: 0.070, idt_A: 0.119, D_B: 0.001, G_B: 1.010, cycle_B: 0.201, idt_B: 0.061

[Rank 0] (epoch: 854, iters: 648, time: 0.030, data: 0.003) , D_A: 0.048, G_A: 0.530, cycle_A: 0.077, idt_A: 0.117, D_B: 0.001, G_B: 0.990, cycle_B: 0.196, idt_B: 0.074

[Rank 0] (epoch: 854, iters: 848, time: 0.029, data: 0.003) , D_A: 0.048, G_A: 0.574, cycle_A: 0.075, idt_A: 0.121, D_B: 0.001, G_B: 1.043, cycle_B: 0.195, idt_B: 0.071

[Rank 0] (epoch: 854, iters: 1048, time: 0.030, data: 0.003) , D_A: 0.044, G_A: 0.683, cycle_A: 0.087, idt_A: 0.119, D_B: 0.001, G_B: 1.005, cycle_B: 0.198, idt_B: 0.080

[Rank 0] (epoch: 854, iters: 1248, time: 0.029, data: 0.002) , D_A: 0.062, G_A: 0.560, cycle_A: 0.062, idt_A: 0.110, D_B: 0.000, G_B: 0.994, cycle_B: 0.188, idt_B: 0.056

[Rank 0] (epoch: 854, iters: 1448, time: 0.130, data: 0.004) , D_A: 0.076, G_A: 0.795, cycle_A: 0.066, idt_A: 0.123, D_B: 0.001, G_B: 0.990, cycle_B: 0.209, idt_B: 0.064

[Rank 0] (epoch: 854, iters: 1648, time: 0.029, data: 0.003) , D_A: 0.080, G_A: 0.384, cycle_A: 0.087, idt_A: 0.122, D_B: 0.001, G_B: 0.995, cycle_B: 0.205, idt_B: 0.082

[Rank 0] (epoch: 854, iters: 1848, time: 0.029, data: 0.003) , D_A: 0.053, G_A: 0.547, cycle_A: 0.065, idt_A: 0.134, D_B: 0.001, G_B: 0.979, cycle_B: 0.210, idt_B: 0.060

learning rate 0.0000100 -> 0.0000100
saving the model at the end of epoch 854, iters 549480
End of epoch 854 / 950 	 Time Taken: 53 sec
[Rank 0] (epoch: 855, iters: 120, time: 0.155, data: 0.002) , D_A: 0.042, G_A: 0.631, cycle_A: 0.077, idt_A: 0.122, D_B: 0.001, G_B: 1.001, cycle_B: 0.209, idt_B: 0.068

[Rank 0] (epoch: 855, iters: 320, time: 0.029, data: 0.003) , D_A: 0.057, G_A: 0.820, cycle_A: 0.089, idt_A: 0.119, D_B: 0.001, G_B: 0.998, cycle_B: 0.205, idt_B: 0.085

[Rank 0] (epoch: 855, iters: 520, time: 0.123, data: 0.003) , D_A: 0.042, G_A: 0.800, cycle_A: 0.061, idt_A: 0.115, D_B: 0.001, G_B: 0.977, cycle_B: 0.208, idt_B: 0.063

saving the latest model (epoch 855, total_iters 550000)
[Rank 0] (epoch: 855, iters: 720, time: 0.030, data: 0.002) , D_A: 0.052, G_A: 0.750, cycle_A: 0.072, idt_A: 0.115, D_B: 0.001, G_B: 1.012, cycle_B: 0.190, idt_B: 0.071

[Rank 0] (epoch: 855, iters: 920, time: 0.029, data: 0.004) , D_A: 0.025, G_A: 0.822, cycle_A: 0.057, idt_A: 0.122, D_B: 0.001, G_B: 0.978, cycle_B: 0.204, idt_B: 0.057

[Rank 0] (epoch: 855, iters: 1120, time: 0.030, data: 0.002) , D_A: 0.018, G_A: 0.934, cycle_A: 0.087, idt_A: 0.132, D_B: 0.001, G_B: 1.037, cycle_B: 0.229, idt_B: 0.078

[Rank 0] (epoch: 855, iters: 1320, time: 0.029, data: 0.004) , D_A: 0.015, G_A: 0.984, cycle_A: 0.088, idt_A: 0.138, D_B: 0.001, G_B: 0.980, cycle_B: 0.222, idt_B: 0.082

[Rank 0] (epoch: 855, iters: 1520, time: 0.130, data: 0.003) , D_A: 0.017, G_A: 0.999, cycle_A: 0.075, idt_A: 0.132, D_B: 0.001, G_B: 0.996, cycle_B: 0.217, idt_B: 0.068

[Rank 0] (epoch: 855, iters: 1720, time: 0.029, data: 0.002) , D_A: 0.014, G_A: 0.975, cycle_A: 0.061, idt_A: 0.133, D_B: 0.001, G_B: 0.992, cycle_B: 0.212, idt_B: 0.062

[Rank 0] (epoch: 855, iters: 1920, time: 0.030, data: 0.002) , D_A: 0.015, G_A: 0.993, cycle_A: 0.077, idt_A: 0.128, D_B: 0.001, G_B: 1.010, cycle_B: 0.204, idt_B: 0.068

learning rate 0.0000100 -> 0.0000100
saving the model at the end of epoch 855, iters 551408
End of epoch 855 / 950 	 Time Taken: 53 sec
[Rank 0] (epoch: 856, iters: 192, time: 0.141, data: 0.003) , D_A: 0.015, G_A: 0.959, cycle_A: 0.062, idt_A: 0.133, D_B: 0.001, G_B: 1.014, cycle_B: 0.231, idt_B: 0.059

[Rank 0] (epoch: 856, iters: 392, time: 0.030, data: 0.003) , D_A: 0.016, G_A: 0.993, cycle_A: 0.072, idt_A: 0.126, D_B: 0.001, G_B: 0.964, cycle_B: 0.229, idt_B: 0.064

[Rank 0] (epoch: 856, iters: 592, time: 0.128, data: 0.002) , D_A: 0.046, G_A: 0.453, cycle_A: 0.090, idt_A: 0.126, D_B: 0.001, G_B: 1.010, cycle_B: 0.212, idt_B: 0.088

[Rank 0] (epoch: 856, iters: 792, time: 0.029, data: 0.003) , D_A: 0.041, G_A: 0.833, cycle_A: 0.077, idt_A: 0.133, D_B: 0.001, G_B: 0.985, cycle_B: 0.218, idt_B: 0.071

[Rank 0] (epoch: 856, iters: 992, time: 0.029, data: 0.004) , D_A: 0.041, G_A: 0.620, cycle_A: 0.075, idt_A: 0.127, D_B: 0.000, G_B: 0.987, cycle_B: 0.212, idt_B: 0.073

[Rank 0] (epoch: 856, iters: 1192, time: 0.030, data: 0.002) , D_A: 0.036, G_A: 1.044, cycle_A: 0.079, idt_A: 0.138, D_B: 0.001, G_B: 1.000, cycle_B: 0.245, idt_B: 0.074

[Rank 0] (epoch: 856, iters: 1392, time: 0.029, data: 0.004) , D_A: 0.023, G_A: 0.816, cycle_A: 0.081, idt_A: 0.123, D_B: 0.001, G_B: 0.977, cycle_B: 0.211, idt_B: 0.071

[Rank 0] (epoch: 856, iters: 1592, time: 0.130, data: 0.002) , D_A: 0.017, G_A: 0.917, cycle_A: 0.086, idt_A: 0.116, D_B: 0.001, G_B: 0.981, cycle_B: 0.198, idt_B: 0.086

[Rank 0] (epoch: 856, iters: 1792, time: 0.029, data: 0.003) , D_A: 0.018, G_A: 0.867, cycle_A: 0.101, idt_A: 0.114, D_B: 0.001, G_B: 0.975, cycle_B: 0.198, idt_B: 0.095

learning rate 0.0000100 -> 0.0000100
saving the model at the end of epoch 856, iters 553336
End of epoch 856 / 950 	 Time Taken: 53 sec
[Rank 0] (epoch: 857, iters: 64, time: 0.143, data: 0.003) , D_A: 0.017, G_A: 0.987, cycle_A: 0.072, idt_A: 0.122, D_B: 0.000, G_B: 0.993, cycle_B: 0.224, idt_B: 0.064

[Rank 0] (epoch: 857, iters: 264, time: 0.029, data: 0.003) , D_A: 0.013, G_A: 1.011, cycle_A: 0.063, idt_A: 0.128, D_B: 0.001, G_B: 1.009, cycle_B: 0.236, idt_B: 0.059

[Rank 0] (epoch: 857, iters: 464, time: 0.029, data: 0.003) , D_A: 0.011, G_A: 1.119, cycle_A: 0.081, idt_A: 0.116, D_B: 0.001, G_B: 0.980, cycle_B: 0.203, idt_B: 0.079

[Rank 0] (epoch: 857, iters: 664, time: 0.140, data: 0.003) , D_A: 0.013, G_A: 0.934, cycle_A: 0.075, idt_A: 0.127, D_B: 0.001, G_B: 1.009, cycle_B: 0.227, idt_B: 0.070

[Rank 0] (epoch: 857, iters: 864, time: 0.030, data: 0.001) , D_A: 0.013, G_A: 1.028, cycle_A: 0.098, idt_A: 0.138, D_B: 0.001, G_B: 1.036, cycle_B: 0.236, idt_B: 0.093

[Rank 0] (epoch: 857, iters: 1064, time: 0.029, data: 0.004) , D_A: 0.023, G_A: 0.829, cycle_A: 0.076, idt_A: 0.131, D_B: 0.001, G_B: 0.989, cycle_B: 0.223, idt_B: 0.068

[Rank 0] (epoch: 857, iters: 1264, time: 0.030, data: 0.002) , D_A: 0.052, G_A: 0.435, cycle_A: 0.079, idt_A: 0.112, D_B: 0.001, G_B: 0.964, cycle_B: 0.195, idt_B: 0.079

[Rank 0] (epoch: 857, iters: 1464, time: 0.029, data: 0.004) , D_A: 0.041, G_A: 0.460, cycle_A: 0.085, idt_A: 0.118, D_B: 0.001, G_B: 0.978, cycle_B: 0.217, idt_B: 0.082

[Rank 0] (epoch: 857, iters: 1664, time: 0.135, data: 0.003) , D_A: 0.061, G_A: 0.483, cycle_A: 0.087, idt_A: 0.114, D_B: 0.001, G_B: 0.995, cycle_B: 0.203, idt_B: 0.081

saving the latest model (epoch 857, total_iters 555000)
[Rank 0] (epoch: 857, iters: 1864, time: 0.029, data: 0.004) , D_A: 0.026, G_A: 0.987, cycle_A: 0.081, idt_A: 0.117, D_B: 0.001, G_B: 1.015, cycle_B: 0.209, idt_B: 0.077

learning rate 0.0000100 -> 0.0000100
saving the model at the end of epoch 857, iters 555264
End of epoch 857 / 950 	 Time Taken: 53 sec
[Rank 0] (epoch: 858, iters: 136, time: 0.148, data: 0.003) , D_A: 0.038, G_A: 0.629, cycle_A: 0.057, idt_A: 0.113, D_B: 0.001, G_B: 0.981, cycle_B: 0.196, idt_B: 0.051

[Rank 0] (epoch: 858, iters: 336, time: 0.030, data: 0.003) , D_A: 0.065, G_A: 0.780, cycle_A: 0.080, idt_A: 0.125, D_B: 0.001, G_B: 0.980, cycle_B: 0.230, idt_B: 0.077

[Rank 0] (epoch: 858, iters: 536, time: 0.030, data: 0.003) , D_A: 0.045, G_A: 1.050, cycle_A: 0.073, idt_A: 0.122, D_B: 0.001, G_B: 0.976, cycle_B: 0.215, idt_B: 0.068

[Rank 0] (epoch: 858, iters: 736, time: 0.133, data: 0.002) , D_A: 0.033, G_A: 0.741, cycle_A: 0.089, idt_A: 0.132, D_B: 0.001, G_B: 0.983, cycle_B: 0.244, idt_B: 0.081

[Rank 0] (epoch: 858, iters: 936, time: 0.029, data: 0.003) , D_A: 0.039, G_A: 0.673, cycle_A: 0.047, idt_A: 0.120, D_B: 0.001, G_B: 0.986, cycle_B: 0.213, idt_B: 0.044

[Rank 0] (epoch: 858, iters: 1136, time: 0.030, data: 0.002) , D_A: 0.044, G_A: 0.591, cycle_A: 0.083, idt_A: 0.133, D_B: 0.001, G_B: 0.974, cycle_B: 0.245, idt_B: 0.082

[Rank 0] (epoch: 858, iters: 1336, time: 0.030, data: 0.003) , D_A: 0.044, G_A: 1.089, cycle_A: 0.073, idt_A: 0.115, D_B: 0.001, G_B: 0.980, cycle_B: 0.205, idt_B: 0.070

[Rank 0] (epoch: 858, iters: 1536, time: 0.030, data: 0.002) , D_A: 0.042, G_A: 1.300, cycle_A: 0.082, idt_A: 0.133, D_B: 0.001, G_B: 0.990, cycle_B: 0.233, idt_B: 0.078

[Rank 0] (epoch: 858, iters: 1736, time: 0.134, data: 0.003) , D_A: 0.053, G_A: 0.587, cycle_A: 0.083, idt_A: 0.133, D_B: 0.001, G_B: 0.989, cycle_B: 0.236, idt_B: 0.083

learning rate 0.0000100 -> 0.0000100
saving the model at the end of epoch 858, iters 557192
End of epoch 858 / 950 	 Time Taken: 53 sec
[Rank 0] (epoch: 859, iters: 8, time: 0.154, data: 0.003) , D_A: 0.026, G_A: 0.954, cycle_A: 0.091, idt_A: 0.123, D_B: 0.001, G_B: 0.988, cycle_B: 0.228, idt_B: 0.084

[Rank 0] (epoch: 859, iters: 208, time: 0.029, data: 0.003) , D_A: 0.025, G_A: 0.968, cycle_A: 0.091, idt_A: 0.138, D_B: 0.000, G_B: 1.014, cycle_B: 0.248, idt_B: 0.082

[Rank 0] (epoch: 859, iters: 408, time: 0.029, data: 0.003) , D_A: 0.022, G_A: 0.870, cycle_A: 0.073, idt_A: 0.129, D_B: 0.000, G_B: 1.011, cycle_B: 0.218, idt_B: 0.069

[Rank 0] (epoch: 859, iters: 608, time: 0.029, data: 0.004) , D_A: 0.015, G_A: 0.890, cycle_A: 0.065, idt_A: 0.124, D_B: 0.000, G_B: 0.995, cycle_B: 0.222, idt_B: 0.064

[Rank 0] (epoch: 859, iters: 808, time: 0.131, data: 0.004) , D_A: 0.019, G_A: 0.983, cycle_A: 0.068, idt_A: 0.124, D_B: 0.001, G_B: 1.015, cycle_B: 0.216, idt_B: 0.061

[Rank 0] (epoch: 859, iters: 1008, time: 0.029, data: 0.003) , D_A: 0.018, G_A: 0.882, cycle_A: 0.065, idt_A: 0.117, D_B: 0.001, G_B: 0.973, cycle_B: 0.213, idt_B: 0.060

[Rank 0] (epoch: 859, iters: 1208, time: 0.029, data: 0.003) , D_A: 0.021, G_A: 1.028, cycle_A: 0.077, idt_A: 0.120, D_B: 0.001, G_B: 1.016, cycle_B: 0.205, idt_B: 0.074

[Rank 0] (epoch: 859, iters: 1408, time: 0.030, data: 0.002) , D_A: 0.085, G_A: 0.754, cycle_A: 0.063, idt_A: 0.123, D_B: 0.001, G_B: 1.012, cycle_B: 0.236, idt_B: 0.058

[Rank 0] (epoch: 859, iters: 1608, time: 0.029, data: 0.003) , D_A: 0.053, G_A: 0.752, cycle_A: 0.082, idt_A: 0.123, D_B: 0.001, G_B: 1.003, cycle_B: 0.213, idt_B: 0.075

[Rank 0] (epoch: 859, iters: 1808, time: 0.132, data: 0.003) , D_A: 0.034, G_A: 0.657, cycle_A: 0.084, idt_A: 0.127, D_B: 0.001, G_B: 0.988, cycle_B: 0.227, idt_B: 0.085

learning rate 0.0000100 -> 0.0000100
saving the model at the end of epoch 859, iters 559120
End of epoch 859 / 950 	 Time Taken: 53 sec
[Rank 0] (epoch: 860, iters: 80, time: 0.136, data: 0.002) , D_A: 0.045, G_A: 0.770, cycle_A: 0.077, idt_A: 0.125, D_B: 0.001, G_B: 0.978, cycle_B: 0.225, idt_B: 0.074

[Rank 0] (epoch: 860, iters: 280, time: 0.030, data: 0.003) , D_A: 0.060, G_A: 0.870, cycle_A: 0.086, idt_A: 0.121, D_B: 0.001, G_B: 0.996, cycle_B: 0.210, idt_B: 0.081

[Rank 0] (epoch: 860, iters: 480, time: 0.030, data: 0.004) , D_A: 0.062, G_A: 0.677, cycle_A: 0.079, idt_A: 0.124, D_B: 0.001, G_B: 0.936, cycle_B: 0.217, idt_B: 0.071

[Rank 0] (epoch: 860, iters: 680, time: 0.030, data: 0.003) , D_A: 0.023, G_A: 0.893, cycle_A: 0.059, idt_A: 0.131, D_B: 0.000, G_B: 1.002, cycle_B: 0.228, idt_B: 0.058

[Rank 0] (epoch: 860, iters: 880, time: 0.150, data: 0.003) , D_A: 0.051, G_A: 1.216, cycle_A: 0.069, idt_A: 0.125, D_B: 0.001, G_B: 1.010, cycle_B: 0.211, idt_B: 0.064

saving the latest model (epoch 860, total_iters 560000)
[Rank 0] (epoch: 860, iters: 1080, time: 0.030, data: 0.001) , D_A: 0.024, G_A: 0.819, cycle_A: 0.097, idt_A: 0.126, D_B: 0.000, G_B: 0.992, cycle_B: 0.208, idt_B: 0.097

[Rank 0] (epoch: 860, iters: 1280, time: 0.029, data: 0.004) , D_A: 0.016, G_A: 0.858, cycle_A: 0.080, idt_A: 0.129, D_B: 0.001, G_B: 0.993, cycle_B: 0.235, idt_B: 0.074

[Rank 0] (epoch: 860, iters: 1480, time: 0.029, data: 0.002) , D_A: 0.023, G_A: 0.768, cycle_A: 0.078, idt_A: 0.122, D_B: 0.002, G_B: 1.005, cycle_B: 0.207, idt_B: 0.071

[Rank 0] (epoch: 860, iters: 1680, time: 0.029, data: 0.003) , D_A: 0.016, G_A: 0.959, cycle_A: 0.061, idt_A: 0.145, D_B: 0.039, G_B: 0.875, cycle_B: 0.272, idt_B: 0.066

[Rank 0] (epoch: 860, iters: 1880, time: 0.124, data: 0.002) , D_A: 0.015, G_A: 1.108, cycle_A: 0.103, idt_A: 0.118, D_B: 0.068, G_B: 0.304, cycle_B: 0.216, idt_B: 0.102

learning rate 0.0000100 -> 0.0000100
saving the model at the end of epoch 860, iters 561048
End of epoch 860 / 950 	 Time Taken: 53 sec
[Rank 0] (epoch: 861, iters: 152, time: 0.131, data: 0.003) , D_A: 0.013, G_A: 0.998, cycle_A: 0.076, idt_A: 0.106, D_B: 0.002, G_B: 0.970, cycle_B: 0.194, idt_B: 0.072

[Rank 0] (epoch: 861, iters: 352, time: 0.030, data: 0.003) , D_A: 0.017, G_A: 0.829, cycle_A: 0.080, idt_A: 0.112, D_B: 0.001, G_B: 0.944, cycle_B: 0.205, idt_B: 0.074

[Rank 0] (epoch: 861, iters: 552, time: 0.029, data: 0.003) , D_A: 0.020, G_A: 1.126, cycle_A: 0.072, idt_A: 0.123, D_B: 0.003, G_B: 0.919, cycle_B: 0.226, idt_B: 0.066

[Rank 0] (epoch: 861, iters: 752, time: 0.029, data: 0.004) , D_A: 0.013, G_A: 0.944, cycle_A: 0.086, idt_A: 0.116, D_B: 0.002, G_B: 1.000, cycle_B: 0.228, idt_B: 0.085

[Rank 0] (epoch: 861, iters: 952, time: 0.137, data: 0.002) , D_A: 0.012, G_A: 1.055, cycle_A: 0.089, idt_A: 0.127, D_B: 0.002, G_B: 0.937, cycle_B: 0.239, idt_B: 0.085

[Rank 0] (epoch: 861, iters: 1152, time: 0.030, data: 0.004) , D_A: 0.016, G_A: 0.979, cycle_A: 0.075, idt_A: 0.136, D_B: 0.002, G_B: 0.918, cycle_B: 0.236, idt_B: 0.071

[Rank 0] (epoch: 861, iters: 1352, time: 0.030, data: 0.002) , D_A: 0.014, G_A: 1.012, cycle_A: 0.079, idt_A: 0.124, D_B: 0.003, G_B: 0.924, cycle_B: 0.217, idt_B: 0.080

[Rank 0] (epoch: 861, iters: 1552, time: 0.030, data: 0.003) , D_A: 0.020, G_A: 1.073, cycle_A: 0.051, idt_A: 0.146, D_B: 0.001, G_B: 1.059, cycle_B: 0.264, idt_B: 0.051

[Rank 0] (epoch: 861, iters: 1752, time: 0.029, data: 0.003) , D_A: 0.019, G_A: 1.018, cycle_A: 0.073, idt_A: 0.135, D_B: 0.002, G_B: 0.938, cycle_B: 0.237, idt_B: 0.064

learning rate 0.0000100 -> 0.0000100
saving the model at the end of epoch 861, iters 562976
End of epoch 861 / 950 	 Time Taken: 53 sec
[Rank 0] (epoch: 862, iters: 24, time: 0.144, data: 0.004) , D_A: 0.057, G_A: 0.584, cycle_A: 0.084, idt_A: 0.124, D_B: 0.004, G_B: 1.092, cycle_B: 0.222, idt_B: 0.085

[Rank 0] (epoch: 862, iters: 224, time: 0.029, data: 0.003) , D_A: 0.046, G_A: 0.428, cycle_A: 0.086, idt_A: 0.125, D_B: 0.002, G_B: 0.915, cycle_B: 0.220, idt_B: 0.076

[Rank 0] (epoch: 862, iters: 424, time: 0.029, data: 0.003) , D_A: 0.038, G_A: 0.977, cycle_A: 0.076, idt_A: 0.116, D_B: 0.007, G_B: 0.920, cycle_B: 0.220, idt_B: 0.070

[Rank 0] (epoch: 862, iters: 624, time: 0.030, data: 0.003) , D_A: 0.042, G_A: 0.786, cycle_A: 0.052, idt_A: 0.127, D_B: 0.079, G_B: 1.101, cycle_B: 0.214, idt_B: 0.049

[Rank 0] (epoch: 862, iters: 824, time: 0.029, data: 0.004) , D_A: 0.049, G_A: 0.366, cycle_A: 0.064, idt_A: 0.108, D_B: 0.002, G_B: 0.983, cycle_B: 0.187, idt_B: 0.062

[Rank 0] (epoch: 862, iters: 1024, time: 0.141, data: 0.002) , D_A: 0.046, G_A: 1.049, cycle_A: 0.046, idt_A: 0.109, D_B: 0.023, G_B: 0.966, cycle_B: 0.189, idt_B: 0.042

[Rank 0] (epoch: 862, iters: 1224, time: 0.030, data: 0.004) , D_A: 0.051, G_A: 0.516, cycle_A: 0.078, idt_A: 0.124, D_B: 0.002, G_B: 0.989, cycle_B: 0.210, idt_B: 0.072

[Rank 0] (epoch: 862, iters: 1424, time: 0.029, data: 0.003) , D_A: 0.042, G_A: 1.374, cycle_A: 0.082, idt_A: 0.148, D_B: 0.001, G_B: 0.970, cycle_B: 0.235, idt_B: 0.078

[Rank 0] (epoch: 862, iters: 1624, time: 0.029, data: 0.004) , D_A: 0.043, G_A: 0.936, cycle_A: 0.068, idt_A: 0.126, D_B: 0.002, G_B: 0.976, cycle_B: 0.206, idt_B: 0.069

[Rank 0] (epoch: 862, iters: 1824, time: 0.030, data: 0.003) , D_A: 0.037, G_A: 0.759, cycle_A: 0.091, idt_A: 0.143, D_B: 0.041, G_B: 1.072, cycle_B: 0.239, idt_B: 0.085

learning rate 0.0000100 -> 0.0000100
saving the model at the end of epoch 862, iters 564904
End of epoch 862 / 950 	 Time Taken: 52 sec
[Rank 0] (epoch: 863, iters: 96, time: 0.135, data: 0.003) , D_A: 0.036, G_A: 1.044, cycle_A: 0.069, idt_A: 0.123, D_B: 0.001, G_B: 0.975, cycle_B: 0.202, idt_B: 0.065

saving the latest model (epoch 863, total_iters 565000)
[Rank 0] (epoch: 863, iters: 296, time: 0.029, data: 0.003) , D_A: 0.067, G_A: 0.726, cycle_A: 0.083, idt_A: 0.145, D_B: 0.001, G_B: 1.023, cycle_B: 0.241, idt_B: 0.082

[Rank 0] (epoch: 863, iters: 496, time: 0.030, data: 0.003) , D_A: 0.054, G_A: 0.533, cycle_A: 0.078, idt_A: 0.122, D_B: 0.002, G_B: 0.952, cycle_B: 0.190, idt_B: 0.070

[Rank 0] (epoch: 863, iters: 696, time: 0.029, data: 0.004) , D_A: 0.023, G_A: 0.862, cycle_A: 0.091, idt_A: 0.103, D_B: 0.002, G_B: 0.975, cycle_B: 0.173, idt_B: 0.090

[Rank 0] (epoch: 863, iters: 896, time: 0.030, data: 0.003) , D_A: 0.016, G_A: 0.995, cycle_A: 0.077, idt_A: 0.121, D_B: 0.001, G_B: 0.976, cycle_B: 0.192, idt_B: 0.077

[Rank 0] (epoch: 863, iters: 1096, time: 0.134, data: 0.003) , D_A: 0.014, G_A: 0.935, cycle_A: 0.090, idt_A: 0.113, D_B: 0.001, G_B: 0.955, cycle_B: 0.187, idt_B: 0.094

[Rank 0] (epoch: 863, iters: 1296, time: 0.030, data: 0.002) , D_A: 0.017, G_A: 1.010, cycle_A: 0.077, idt_A: 0.120, D_B: 0.001, G_B: 0.985, cycle_B: 0.199, idt_B: 0.071

[Rank 0] (epoch: 863, iters: 1496, time: 0.029, data: 0.003) , D_A: 0.015, G_A: 0.974, cycle_A: 0.079, idt_A: 0.128, D_B: 0.001, G_B: 0.967, cycle_B: 0.209, idt_B: 0.072

[Rank 0] (epoch: 863, iters: 1696, time: 0.030, data: 0.003) , D_A: 0.015, G_A: 1.131, cycle_A: 0.062, idt_A: 0.132, D_B: 0.001, G_B: 0.984, cycle_B: 0.205, idt_B: 0.060

[Rank 0] (epoch: 863, iters: 1896, time: 0.029, data: 0.003) , D_A: 0.016, G_A: 1.028, cycle_A: 0.070, idt_A: 0.127, D_B: 0.001, G_B: 0.980, cycle_B: 0.211, idt_B: 0.064

learning rate 0.0000100 -> 0.0000100
saving the model at the end of epoch 863, iters 566832
End of epoch 863 / 950 	 Time Taken: 52 sec
[Rank 0] (epoch: 864, iters: 168, time: 0.131, data: 0.001) , D_A: 0.015, G_A: 0.986, cycle_A: 0.090, idt_A: 0.122, D_B: 0.029, G_B: 0.982, cycle_B: 0.199, idt_B: 0.078

[Rank 0] (epoch: 864, iters: 368, time: 0.030, data: 0.002) , D_A: 0.014, G_A: 0.881, cycle_A: 0.083, idt_A: 0.126, D_B: 0.001, G_B: 0.978, cycle_B: 0.211, idt_B: 0.082

[Rank 0] (epoch: 864, iters: 568, time: 0.030, data: 0.004) , D_A: 0.013, G_A: 0.961, cycle_A: 0.070, idt_A: 0.139, D_B: 0.001, G_B: 0.974, cycle_B: 0.229, idt_B: 0.069

[Rank 0] (epoch: 864, iters: 768, time: 0.029, data: 0.003) , D_A: 0.014, G_A: 0.871, cycle_A: 0.081, idt_A: 0.119, D_B: 0.001, G_B: 0.959, cycle_B: 0.208, idt_B: 0.082

[Rank 0] (epoch: 864, iters: 968, time: 0.029, data: 0.003) , D_A: 0.012, G_A: 0.966, cycle_A: 0.066, idt_A: 0.130, D_B: 0.001, G_B: 0.972, cycle_B: 0.220, idt_B: 0.063

[Rank 0] (epoch: 864, iters: 1168, time: 0.153, data: 0.002) , D_A: 0.015, G_A: 1.014, cycle_A: 0.088, idt_A: 0.143, D_B: 0.001, G_B: 0.993, cycle_B: 0.227, idt_B: 0.080

[Rank 0] (epoch: 864, iters: 1368, time: 0.030, data: 0.001) , D_A: 0.013, G_A: 0.986, cycle_A: 0.081, idt_A: 0.120, D_B: 0.002, G_B: 0.954, cycle_B: 0.198, idt_B: 0.081

[Rank 0] (epoch: 864, iters: 1568, time: 0.029, data: 0.004) , D_A: 0.015, G_A: 0.937, cycle_A: 0.082, idt_A: 0.129, D_B: 0.002, G_B: 1.083, cycle_B: 0.219, idt_B: 0.080

[Rank 0] (epoch: 864, iters: 1768, time: 0.029, data: 0.003) , D_A: 0.015, G_A: 0.921, cycle_A: 0.063, idt_A: 0.124, D_B: 0.021, G_B: 0.940, cycle_B: 0.210, idt_B: 0.061

learning rate 0.0000100 -> 0.0000100
saving the model at the end of epoch 864, iters 568760
End of epoch 864 / 950 	 Time Taken: 53 sec
[Rank 0] (epoch: 865, iters: 40, time: 0.167, data: 0.003) , D_A: 0.014, G_A: 1.011, cycle_A: 0.075, idt_A: 0.109, D_B: 0.001, G_B: 1.019, cycle_B: 0.176, idt_B: 0.064

[Rank 0] (epoch: 865, iters: 240, time: 0.134, data: 0.002) , D_A: 0.015, G_A: 1.074, cycle_A: 0.071, idt_A: 0.131, D_B: 0.015, G_B: 1.010, cycle_B: 0.203, idt_B: 0.066

[Rank 0] (epoch: 865, iters: 440, time: 0.030, data: 0.001) , D_A: 0.018, G_A: 0.950, cycle_A: 0.093, idt_A: 0.138, D_B: 0.005, G_B: 0.804, cycle_B: 0.235, idt_B: 0.089

[Rank 0] (epoch: 865, iters: 640, time: 0.029, data: 0.003) , D_A: 0.036, G_A: 0.707, cycle_A: 0.082, idt_A: 0.124, D_B: 0.008, G_B: 0.794, cycle_B: 0.201, idt_B: 0.076

[Rank 0] (epoch: 865, iters: 840, time: 0.029, data: 0.002) , D_A: 0.077, G_A: 0.992, cycle_A: 0.092, idt_A: 0.113, D_B: 0.002, G_B: 1.013, cycle_B: 0.190, idt_B: 0.086

[Rank 0] (epoch: 865, iters: 1040, time: 0.030, data: 0.003) , D_A: 0.016, G_A: 0.966, cycle_A: 0.077, idt_A: 0.133, D_B: 0.002, G_B: 1.025, cycle_B: 0.217, idt_B: 0.068

[Rank 0] (epoch: 865, iters: 1240, time: 0.133, data: 0.003) , D_A: 0.012, G_A: 0.942, cycle_A: 0.085, idt_A: 0.117, D_B: 0.001, G_B: 0.981, cycle_B: 0.193, idt_B: 0.077

saving the latest model (epoch 865, total_iters 570000)
[Rank 0] (epoch: 865, iters: 1440, time: 0.029, data: 0.004) , D_A: 0.012, G_A: 0.969, cycle_A: 0.090, idt_A: 0.121, D_B: 0.001, G_B: 0.962, cycle_B: 0.201, idt_B: 0.078

[Rank 0] (epoch: 865, iters: 1640, time: 0.030, data: 0.002) , D_A: 0.014, G_A: 0.948, cycle_A: 0.080, idt_A: 0.108, D_B: 0.002, G_B: 0.950, cycle_B: 0.194, idt_B: 0.079

[Rank 0] (epoch: 865, iters: 1840, time: 0.029, data: 0.003) , D_A: 0.013, G_A: 0.879, cycle_A: 0.063, idt_A: 0.127, D_B: 0.002, G_B: 0.968, cycle_B: 0.202, idt_B: 0.055

learning rate 0.0000100 -> 0.0000100
saving the model at the end of epoch 865, iters 570688
End of epoch 865 / 950 	 Time Taken: 54 sec
[Rank 0] (epoch: 866, iters: 112, time: 0.153, data: 0.002) , D_A: 0.015, G_A: 0.912, cycle_A: 0.071, idt_A: 0.122, D_B: 0.001, G_B: 0.991, cycle_B: 0.206, idt_B: 0.069

[Rank 0] (epoch: 866, iters: 312, time: 0.142, data: 0.003) , D_A: 0.012, G_A: 0.982, cycle_A: 0.085, idt_A: 0.123, D_B: 0.001, G_B: 0.974, cycle_B: 0.193, idt_B: 0.076

[Rank 0] (epoch: 866, iters: 512, time: 0.030, data: 0.001) , D_A: 0.012, G_A: 0.891, cycle_A: 0.084, idt_A: 0.131, D_B: 0.003, G_B: 0.887, cycle_B: 0.225, idt_B: 0.077

[Rank 0] (epoch: 866, iters: 712, time: 0.029, data: 0.004) , D_A: 0.018, G_A: 1.152, cycle_A: 0.099, idt_A: 0.139, D_B: 0.003, G_B: 1.004, cycle_B: 0.228, idt_B: 0.085

[Rank 0] (epoch: 866, iters: 912, time: 0.029, data: 0.002) , D_A: 0.157, G_A: 0.853, cycle_A: 0.080, idt_A: 0.131, D_B: 0.002, G_B: 0.963, cycle_B: 0.214, idt_B: 0.079

[Rank 0] (epoch: 866, iters: 1112, time: 0.029, data: 0.003) , D_A: 0.042, G_A: 0.481, cycle_A: 0.074, idt_A: 0.124, D_B: 0.001, G_B: 0.973, cycle_B: 0.194, idt_B: 0.070

[Rank 0] (epoch: 866, iters: 1312, time: 0.129, data: 0.002) , D_A: 0.032, G_A: 0.923, cycle_A: 0.086, idt_A: 0.136, D_B: 0.010, G_B: 0.772, cycle_B: 0.232, idt_B: 0.084

[Rank 0] (epoch: 866, iters: 1512, time: 0.029, data: 0.003) , D_A: 0.073, G_A: 0.965, cycle_A: 0.055, idt_A: 0.137, D_B: 0.011, G_B: 0.965, cycle_B: 0.231, idt_B: 0.051

[Rank 0] (epoch: 866, iters: 1712, time: 0.030, data: 0.003) , D_A: 0.054, G_A: 0.518, cycle_A: 0.074, idt_A: 0.138, D_B: 0.009, G_B: 1.005, cycle_B: 0.223, idt_B: 0.073

[Rank 0] (epoch: 866, iters: 1912, time: 0.029, data: 0.003) , D_A: 0.054, G_A: 0.689, cycle_A: 0.068, idt_A: 0.112, D_B: 0.002, G_B: 0.909, cycle_B: 0.181, idt_B: 0.062

learning rate 0.0000100 -> 0.0000100
saving the model at the end of epoch 866, iters 572616
End of epoch 866 / 950 	 Time Taken: 53 sec
[Rank 0] (epoch: 867, iters: 184, time: 0.154, data: 0.001) , D_A: 0.021, G_A: 1.048, cycle_A: 0.091, idt_A: 0.140, D_B: 0.007, G_B: 0.773, cycle_B: 0.227, idt_B: 0.086

[Rank 0] (epoch: 867, iters: 384, time: 0.121, data: 0.002) , D_A: 0.074, G_A: 0.405, cycle_A: 0.068, idt_A: 0.132, D_B: 0.001, G_B: 0.949, cycle_B: 0.210, idt_B: 0.067

[Rank 0] (epoch: 867, iters: 584, time: 0.029, data: 0.003) , D_A: 0.076, G_A: 0.828, cycle_A: 0.089, idt_A: 0.131, D_B: 0.018, G_B: 0.984, cycle_B: 0.201, idt_B: 0.083

[Rank 0] (epoch: 867, iters: 784, time: 0.029, data: 0.003) , D_A: 0.036, G_A: 0.507, cycle_A: 0.057, idt_A: 0.124, D_B: 0.005, G_B: 0.775, cycle_B: 0.210, idt_B: 0.055

[Rank 0] (epoch: 867, iters: 984, time: 0.029, data: 0.003) , D_A: 0.044, G_A: 0.656, cycle_A: 0.070, idt_A: 0.123, D_B: 0.002, G_B: 0.953, cycle_B: 0.202, idt_B: 0.064

[Rank 0] (epoch: 867, iters: 1184, time: 0.030, data: 0.002) , D_A: 0.068, G_A: 0.462, cycle_A: 0.072, idt_A: 0.126, D_B: 0.002, G_B: 0.989, cycle_B: 0.206, idt_B: 0.070

[Rank 0] (epoch: 867, iters: 1384, time: 0.144, data: 0.003) , D_A: 0.034, G_A: 0.639, cycle_A: 0.087, idt_A: 0.122, D_B: 0.004, G_B: 0.863, cycle_B: 0.198, idt_B: 0.073

[Rank 0] (epoch: 867, iters: 1584, time: 0.029, data: 0.003) , D_A: 0.042, G_A: 0.840, cycle_A: 0.078, idt_A: 0.144, D_B: 0.051, G_B: 1.184, cycle_B: 0.214, idt_B: 0.079

[Rank 0] (epoch: 867, iters: 1784, time: 0.029, data: 0.003) , D_A: 0.052, G_A: 0.579, cycle_A: 0.069, idt_A: 0.127, D_B: 0.002, G_B: 0.985, cycle_B: 0.206, idt_B: 0.062

learning rate 0.0000100 -> 0.0000100
saving the model at the end of epoch 867, iters 574544
End of epoch 867 / 950 	 Time Taken: 53 sec
[Rank 0] (epoch: 868, iters: 56, time: 0.133, data: 0.002) , D_A: 0.018, G_A: 0.946, cycle_A: 0.070, idt_A: 0.114, D_B: 0.001, G_B: 0.965, cycle_B: 0.178, idt_B: 0.064

[Rank 0] (epoch: 868, iters: 256, time: 0.029, data: 0.002) , D_A: 0.019, G_A: 0.904, cycle_A: 0.092, idt_A: 0.122, D_B: 0.005, G_B: 0.849, cycle_B: 0.213, idt_B: 0.084

[Rank 0] (epoch: 868, iters: 456, time: 0.139, data: 0.002) , D_A: 0.018, G_A: 0.916, cycle_A: 0.075, idt_A: 0.121, D_B: 0.003, G_B: 0.879, cycle_B: 0.206, idt_B: 0.070

saving the latest model (epoch 868, total_iters 575000)
[Rank 0] (epoch: 868, iters: 656, time: 0.029, data: 0.003) , D_A: 0.013, G_A: 1.024, cycle_A: 0.056, idt_A: 0.133, D_B: 0.001, G_B: 0.978, cycle_B: 0.212, idt_B: 0.049

[Rank 0] (epoch: 868, iters: 856, time: 0.029, data: 0.002) , D_A: 0.015, G_A: 0.972, cycle_A: 0.076, idt_A: 0.128, D_B: 0.005, G_B: 0.775, cycle_B: 0.218, idt_B: 0.067

[Rank 0] (epoch: 868, iters: 1056, time: 0.029, data: 0.004) , D_A: 0.018, G_A: 0.952, cycle_A: 0.072, idt_A: 0.117, D_B: 0.002, G_B: 0.948, cycle_B: 0.198, idt_B: 0.060

[Rank 0] (epoch: 868, iters: 1256, time: 0.029, data: 0.003) , D_A: 0.022, G_A: 1.346, cycle_A: 0.072, idt_A: 0.120, D_B: 0.004, G_B: 0.855, cycle_B: 0.208, idt_B: 0.065

[Rank 0] (epoch: 868, iters: 1456, time: 0.132, data: 0.003) , D_A: 0.021, G_A: 1.026, cycle_A: 0.100, idt_A: 0.115, D_B: 0.004, G_B: 0.994, cycle_B: 0.210, idt_B: 0.093

[Rank 0] (epoch: 868, iters: 1656, time: 0.030, data: 0.002) , D_A: 0.079, G_A: 0.388, cycle_A: 0.088, idt_A: 0.130, D_B: 0.003, G_B: 0.892, cycle_B: 0.227, idt_B: 0.074

[Rank 0] (epoch: 868, iters: 1856, time: 0.029, data: 0.004) , D_A: 0.033, G_A: 0.809, cycle_A: 0.081, idt_A: 0.139, D_B: 0.005, G_B: 0.884, cycle_B: 0.230, idt_B: 0.074

learning rate 0.0000100 -> 0.0000100
saving the model at the end of epoch 868, iters 576472
End of epoch 868 / 950 	 Time Taken: 53 sec
[Rank 0] (epoch: 869, iters: 128, time: 0.134, data: 0.003) , D_A: 0.066, G_A: 0.477, cycle_A: 0.073, idt_A: 0.125, D_B: 0.009, G_B: 0.926, cycle_B: 0.221, idt_B: 0.068

[Rank 0] (epoch: 869, iters: 328, time: 0.029, data: 0.004) , D_A: 0.027, G_A: 1.101, cycle_A: 0.089, idt_A: 0.128, D_B: 0.006, G_B: 0.877, cycle_B: 0.206, idt_B: 0.085

[Rank 0] (epoch: 869, iters: 528, time: 0.148, data: 0.003) , D_A: 0.027, G_A: 1.071, cycle_A: 0.057, idt_A: 0.110, D_B: 0.003, G_B: 0.954, cycle_B: 0.181, idt_B: 0.057

[Rank 0] (epoch: 869, iters: 728, time: 0.030, data: 0.002) , D_A: 0.023, G_A: 0.956, cycle_A: 0.090, idt_A: 0.121, D_B: 0.004, G_B: 0.947, cycle_B: 0.188, idt_B: 0.087

[Rank 0] (epoch: 869, iters: 928, time: 0.029, data: 0.003) , D_A: 0.016, G_A: 0.905, cycle_A: 0.083, idt_A: 0.114, D_B: 0.001, G_B: 1.014, cycle_B: 0.175, idt_B: 0.079

[Rank 0] (epoch: 869, iters: 1128, time: 0.030, data: 0.002) , D_A: 0.014, G_A: 0.974, cycle_A: 0.080, idt_A: 0.121, D_B: 0.005, G_B: 0.753, cycle_B: 0.202, idt_B: 0.074

[Rank 0] (epoch: 869, iters: 1328, time: 0.029, data: 0.003) , D_A: 0.014, G_A: 1.030, cycle_A: 0.066, idt_A: 0.123, D_B: 0.002, G_B: 1.008, cycle_B: 0.196, idt_B: 0.063

[Rank 0] (epoch: 869, iters: 1528, time: 0.125, data: 0.003) , D_A: 0.013, G_A: 0.938, cycle_A: 0.077, idt_A: 0.114, D_B: 0.007, G_B: 0.962, cycle_B: 0.179, idt_B: 0.071

[Rank 0] (epoch: 869, iters: 1728, time: 0.029, data: 0.003) , D_A: 0.012, G_A: 0.959, cycle_A: 0.095, idt_A: 0.128, D_B: 0.001, G_B: 0.961, cycle_B: 0.203, idt_B: 0.089

[Rank 0] (epoch: 869, iters: 1928, time: 0.023, data: 0.003) , D_A: 0.010, G_A: 0.987, cycle_A: 0.075, idt_A: 0.109, D_B: 0.001, G_B: 0.941, cycle_B: 0.171, idt_B: 0.074

learning rate 0.0000100 -> 0.0000100
saving the model at the end of epoch 869, iters 578400
End of epoch 869 / 950 	 Time Taken: 53 sec
[Rank 0] (epoch: 870, iters: 200, time: 0.136, data: 1.321) , D_A: 0.013, G_A: 0.987, cycle_A: 0.090, idt_A: 0.122, D_B: 0.002, G_B: 0.949, cycle_B: 0.195, idt_B: 0.084

[Rank 0] (epoch: 870, iters: 400, time: 0.029, data: 0.002) , D_A: 0.011, G_A: 1.016, cycle_A: 0.102, idt_A: 0.105, D_B: 0.002, G_B: 1.005, cycle_B: 0.162, idt_B: 0.094

[Rank 0] (epoch: 870, iters: 600, time: 0.135, data: 0.003) , D_A: 0.012, G_A: 0.990, cycle_A: 0.066, idt_A: 0.126, D_B: 0.002, G_B: 0.894, cycle_B: 0.194, idt_B: 0.063

[Rank 0] (epoch: 870, iters: 800, time: 0.030, data: 0.003) , D_A: 0.011, G_A: 0.966, cycle_A: 0.055, idt_A: 0.112, D_B: 0.004, G_B: 0.935, cycle_B: 0.175, idt_B: 0.055

[Rank 0] (epoch: 870, iters: 1000, time: 0.029, data: 0.002) , D_A: 0.012, G_A: 1.019, cycle_A: 0.075, idt_A: 0.110, D_B: 0.002, G_B: 0.992, cycle_B: 0.160, idt_B: 0.070

[Rank 0] (epoch: 870, iters: 1200, time: 0.030, data: 0.003) , D_A: 0.011, G_A: 0.992, cycle_A: 0.072, idt_A: 0.122, D_B: 0.001, G_B: 0.953, cycle_B: 0.189, idt_B: 0.064

[Rank 0] (epoch: 870, iters: 1400, time: 0.029, data: 0.002) , D_A: 0.014, G_A: 0.891, cycle_A: 0.085, idt_A: 0.126, D_B: 0.001, G_B: 1.006, cycle_B: 0.186, idt_B: 0.081

[Rank 0] (epoch: 870, iters: 1600, time: 0.133, data: 0.003) , D_A: 0.013, G_A: 1.029, cycle_A: 0.062, idt_A: 0.131, D_B: 0.002, G_B: 0.968, cycle_B: 0.201, idt_B: 0.055

saving the latest model (epoch 870, total_iters 580000)
[Rank 0] (epoch: 870, iters: 1800, time: 0.030, data: 0.002) , D_A: 0.013, G_A: 0.901, cycle_A: 0.070, idt_A: 0.106, D_B: 0.005, G_B: 0.888, cycle_B: 0.167, idt_B: 0.064

learning rate 0.0000100 -> 0.0000100
saving the model at the end of epoch 870, iters 580328
End of epoch 870 / 950 	 Time Taken: 54 sec
[Rank 0] (epoch: 871, iters: 72, time: 0.176, data: 0.004) , D_A: 0.012, G_A: 1.156, cycle_A: 0.090, idt_A: 0.120, D_B: 0.002, G_B: 0.995, cycle_B: 0.188, idt_B: 0.085

[Rank 0] (epoch: 871, iters: 272, time: 0.030, data: 0.001) , D_A: 0.010, G_A: 0.956, cycle_A: 0.060, idt_A: 0.114, D_B: 0.001, G_B: 0.992, cycle_B: 0.176, idt_B: 0.058

[Rank 0] (epoch: 871, iters: 472, time: 0.029, data: 0.003) , D_A: 0.012, G_A: 0.998, cycle_A: 0.083, idt_A: 0.140, D_B: 0.001, G_B: 0.996, cycle_B: 0.207, idt_B: 0.077

[Rank 0] (epoch: 871, iters: 672, time: 0.147, data: 0.003) , D_A: 0.012, G_A: 0.991, cycle_A: 0.091, idt_A: 0.136, D_B: 0.001, G_B: 0.996, cycle_B: 0.201, idt_B: 0.083

[Rank 0] (epoch: 871, iters: 872, time: 0.029, data: 0.003) , D_A: 0.011, G_A: 1.063, cycle_A: 0.099, idt_A: 0.120, D_B: 0.005, G_B: 0.945, cycle_B: 0.181, idt_B: 0.088

[Rank 0] (epoch: 871, iters: 1072, time: 0.030, data: 0.002) , D_A: 0.010, G_A: 0.987, cycle_A: 0.091, idt_A: 0.132, D_B: 0.001, G_B: 0.966, cycle_B: 0.201, idt_B: 0.081

[Rank 0] (epoch: 871, iters: 1272, time: 0.029, data: 0.003) , D_A: 0.010, G_A: 1.066, cycle_A: 0.072, idt_A: 0.124, D_B: 0.001, G_B: 0.957, cycle_B: 0.195, idt_B: 0.068

[Rank 0] (epoch: 871, iters: 1472, time: 0.029, data: 0.003) , D_A: 0.010, G_A: 0.936, cycle_A: 0.072, idt_A: 0.124, D_B: 0.003, G_B: 0.973, cycle_B: 0.194, idt_B: 0.069

[Rank 0] (epoch: 871, iters: 1672, time: 0.135, data: 0.003) , D_A: 0.017, G_A: 1.310, cycle_A: 0.057, idt_A: 0.114, D_B: 0.009, G_B: 1.021, cycle_B: 0.174, idt_B: 0.055

[Rank 0] (epoch: 871, iters: 1872, time: 0.030, data: 0.002) , D_A: 0.013, G_A: 0.999, cycle_A: 0.077, idt_A: 0.127, D_B: 0.001, G_B: 0.954, cycle_B: 0.191, idt_B: 0.073

learning rate 0.0000100 -> 0.0000100
saving the model at the end of epoch 871, iters 582256
End of epoch 871 / 950 	 Time Taken: 54 sec
[Rank 0] (epoch: 872, iters: 144, time: 0.152, data: 0.003) , D_A: 0.008, G_A: 1.022, cycle_A: 0.069, idt_A: 0.131, D_B: 0.001, G_B: 0.975, cycle_B: 0.204, idt_B: 0.064

[Rank 0] (epoch: 872, iters: 344, time: 0.030, data: 0.001) , D_A: 0.009, G_A: 0.964, cycle_A: 0.087, idt_A: 0.123, D_B: 0.001, G_B: 0.992, cycle_B: 0.183, idt_B: 0.085

[Rank 0] (epoch: 872, iters: 544, time: 0.029, data: 0.004) , D_A: 0.010, G_A: 0.963, cycle_A: 0.078, idt_A: 0.113, D_B: 0.001, G_B: 0.962, cycle_B: 0.167, idt_B: 0.069

[Rank 0] (epoch: 872, iters: 744, time: 0.140, data: 0.003) , D_A: 0.010, G_A: 0.999, cycle_A: 0.077, idt_A: 0.131, D_B: 0.001, G_B: 1.009, cycle_B: 0.203, idt_B: 0.076

[Rank 0] (epoch: 872, iters: 944, time: 0.029, data: 0.003) , D_A: 0.012, G_A: 0.938, cycle_A: 0.081, idt_A: 0.122, D_B: 0.001, G_B: 0.947, cycle_B: 0.195, idt_B: 0.076

[Rank 0] (epoch: 872, iters: 1144, time: 0.030, data: 0.003) , D_A: 0.011, G_A: 0.945, cycle_A: 0.085, idt_A: 0.115, D_B: 0.006, G_B: 0.934, cycle_B: 0.189, idt_B: 0.079

[Rank 0] (epoch: 872, iters: 1344, time: 0.029, data: 0.003) , D_A: 0.014, G_A: 0.981, cycle_A: 0.072, idt_A: 0.134, D_B: 0.008, G_B: 0.770, cycle_B: 0.226, idt_B: 0.064

[Rank 0] (epoch: 872, iters: 1544, time: 0.029, data: 0.003) , D_A: 0.123, G_A: 0.577, cycle_A: 0.075, idt_A: 0.129, D_B: 0.004, G_B: 0.836, cycle_B: 0.214, idt_B: 0.071

[Rank 0] (epoch: 872, iters: 1744, time: 0.152, data: 0.003) , D_A: 0.025, G_A: 0.979, cycle_A: 0.044, idt_A: 0.130, D_B: 0.002, G_B: 0.967, cycle_B: 0.206, idt_B: 0.040

learning rate 0.0000100 -> 0.0000100
saving the model at the end of epoch 872, iters 584184
End of epoch 872 / 950 	 Time Taken: 54 sec
[Rank 0] (epoch: 873, iters: 16, time: 0.137, data: 0.001) , D_A: 0.068, G_A: 0.848, cycle_A: 0.069, idt_A: 0.136, D_B: 0.001, G_B: 0.993, cycle_B: 0.210, idt_B: 0.060

[Rank 0] (epoch: 873, iters: 216, time: 0.029, data: 0.003) , D_A: 0.136, G_A: 0.359, cycle_A: 0.071, idt_A: 0.125, D_B: 0.084, G_B: 1.087, cycle_B: 0.233, idt_B: 0.060

[Rank 0] (epoch: 873, iters: 416, time: 0.030, data: 0.002) , D_A: 0.033, G_A: 0.686, cycle_A: 0.077, idt_A: 0.125, D_B: 0.056, G_B: 0.970, cycle_B: 0.198, idt_B: 0.069

[Rank 0] (epoch: 873, iters: 616, time: 0.029, data: 0.003) , D_A: 0.059, G_A: 0.541, cycle_A: 0.074, idt_A: 0.132, D_B: 0.002, G_B: 0.849, cycle_B: 0.200, idt_B: 0.075

[Rank 0] (epoch: 873, iters: 816, time: 0.142, data: 0.002) , D_A: 0.021, G_A: 1.079, cycle_A: 0.063, idt_A: 0.120, D_B: 0.002, G_B: 0.921, cycle_B: 0.185, idt_B: 0.061

saving the latest model (epoch 873, total_iters 585000)
[Rank 0] (epoch: 873, iters: 1016, time: 0.029, data: 0.002) , D_A: 0.049, G_A: 0.608, cycle_A: 0.078, idt_A: 0.141, D_B: 0.004, G_B: 0.854, cycle_B: 0.229, idt_B: 0.069

[Rank 0] (epoch: 873, iters: 1216, time: 0.030, data: 0.002) , D_A: 0.036, G_A: 0.636, cycle_A: 0.089, idt_A: 0.139, D_B: 0.001, G_B: 0.975, cycle_B: 0.224, idt_B: 0.079

[Rank 0] (epoch: 873, iters: 1416, time: 0.029, data: 0.004) , D_A: 0.039, G_A: 0.996, cycle_A: 0.065, idt_A: 0.116, D_B: 0.001, G_B: 1.031, cycle_B: 0.195, idt_B: 0.063

[Rank 0] (epoch: 873, iters: 1616, time: 0.029, data: 0.002) , D_A: 0.050, G_A: 0.651, cycle_A: 0.080, idt_A: 0.133, D_B: 0.002, G_B: 0.926, cycle_B: 0.226, idt_B: 0.079

[Rank 0] (epoch: 873, iters: 1816, time: 0.146, data: 0.003) , D_A: 0.041, G_A: 0.752, cycle_A: 0.082, idt_A: 0.126, D_B: 0.001, G_B: 0.961, cycle_B: 0.196, idt_B: 0.079

learning rate 0.0000100 -> 0.0000100
saving the model at the end of epoch 873, iters 586112
End of epoch 873 / 950 	 Time Taken: 54 sec
[Rank 0] (epoch: 874, iters: 88, time: 0.134, data: 0.001) , D_A: 0.051, G_A: 0.932, cycle_A: 0.060, idt_A: 0.134, D_B: 0.001, G_B: 1.019, cycle_B: 0.214, idt_B: 0.055

[Rank 0] (epoch: 874, iters: 288, time: 0.030, data: 0.002) , D_A: 0.022, G_A: 0.954, cycle_A: 0.071, idt_A: 0.133, D_B: 0.001, G_B: 0.950, cycle_B: 0.211, idt_B: 0.066

[Rank 0] (epoch: 874, iters: 488, time: 0.030, data: 0.002) , D_A: 0.016, G_A: 1.029, cycle_A: 0.076, idt_A: 0.125, D_B: 0.001, G_B: 0.950, cycle_B: 0.190, idt_B: 0.073

[Rank 0] (epoch: 874, iters: 688, time: 0.029, data: 0.002) , D_A: 0.013, G_A: 1.068, cycle_A: 0.075, idt_A: 0.118, D_B: 0.001, G_B: 0.987, cycle_B: 0.187, idt_B: 0.071

[Rank 0] (epoch: 874, iters: 888, time: 0.135, data: 0.002) , D_A: 0.012, G_A: 0.955, cycle_A: 0.074, idt_A: 0.127, D_B: 0.004, G_B: 0.855, cycle_B: 0.193, idt_B: 0.068

[Rank 0] (epoch: 874, iters: 1088, time: 0.029, data: 0.003) , D_A: 0.011, G_A: 1.015, cycle_A: 0.091, idt_A: 0.121, D_B: 0.001, G_B: 0.941, cycle_B: 0.195, idt_B: 0.086

[Rank 0] (epoch: 874, iters: 1288, time: 0.029, data: 0.004) , D_A: 0.014, G_A: 0.899, cycle_A: 0.073, idt_A: 0.142, D_B: 0.001, G_B: 0.974, cycle_B: 0.227, idt_B: 0.071

[Rank 0] (epoch: 874, iters: 1488, time: 0.029, data: 0.003) , D_A: 0.011, G_A: 1.055, cycle_A: 0.054, idt_A: 0.115, D_B: 0.012, G_B: 0.968, cycle_B: 0.183, idt_B: 0.052

[Rank 0] (epoch: 874, iters: 1688, time: 0.029, data: 0.003) , D_A: 0.010, G_A: 1.016, cycle_A: 0.066, idt_A: 0.127, D_B: 0.066, G_B: 0.955, cycle_B: 0.198, idt_B: 0.056

[Rank 0] (epoch: 874, iters: 1888, time: 0.131, data: 0.003) , D_A: 0.018, G_A: 0.810, cycle_A: 0.092, idt_A: 0.125, D_B: 0.001, G_B: 0.959, cycle_B: 0.199, idt_B: 0.080

learning rate 0.0000100 -> 0.0000100
saving the model at the end of epoch 874, iters 588040
End of epoch 874 / 950 	 Time Taken: 53 sec
[Rank 0] (epoch: 875, iters: 160, time: 0.152, data: 0.002) , D_A: 0.012, G_A: 1.019, cycle_A: 0.078, idt_A: 0.118, D_B: 0.001, G_B: 0.972, cycle_B: 0.180, idt_B: 0.073

[Rank 0] (epoch: 875, iters: 360, time: 0.029, data: 0.003) , D_A: 0.011, G_A: 0.949, cycle_A: 0.085, idt_A: 0.113, D_B: 0.001, G_B: 0.941, cycle_B: 0.178, idt_B: 0.085

[Rank 0] (epoch: 875, iters: 560, time: 0.030, data: 0.002) , D_A: 0.031, G_A: 1.173, cycle_A: 0.069, idt_A: 0.122, D_B: 0.001, G_B: 0.947, cycle_B: 0.183, idt_B: 0.060

[Rank 0] (epoch: 875, iters: 760, time: 0.030, data: 0.003) , D_A: 0.011, G_A: 0.915, cycle_A: 0.079, idt_A: 0.113, D_B: 0.026, G_B: 0.919, cycle_B: 0.195, idt_B: 0.078

[Rank 0] (epoch: 875, iters: 960, time: 0.146, data: 0.003) , D_A: 0.012, G_A: 0.844, cycle_A: 0.071, idt_A: 0.129, D_B: 0.004, G_B: 0.859, cycle_B: 0.219, idt_B: 0.067

[Rank 0] (epoch: 875, iters: 1160, time: 0.030, data: 0.001) , D_A: 0.010, G_A: 0.983, cycle_A: 0.086, idt_A: 0.128, D_B: 0.041, G_B: 0.933, cycle_B: 0.209, idt_B: 0.073

[Rank 0] (epoch: 875, iters: 1360, time: 0.029, data: 0.003) , D_A: 0.013, G_A: 1.023, cycle_A: 0.068, idt_A: 0.126, D_B: 0.002, G_B: 0.975, cycle_B: 0.203, idt_B: 0.063

[Rank 0] (epoch: 875, iters: 1560, time: 0.029, data: 0.002) , D_A: 0.022, G_A: 0.924, cycle_A: 0.078, idt_A: 0.119, D_B: 0.052, G_B: 0.903, cycle_B: 0.187, idt_B: 0.074

[Rank 0] (epoch: 875, iters: 1760, time: 0.029, data: 0.003) , D_A: 0.048, G_A: 0.546, cycle_A: 0.082, idt_A: 0.121, D_B: 0.013, G_B: 0.981, cycle_B: 0.191, idt_B: 0.077

learning rate 0.0000100 -> 0.0000100
saving the model at the end of epoch 875, iters 589968
End of epoch 875 / 950 	 Time Taken: 53 sec
[Rank 0] (epoch: 876, iters: 32, time: 0.150, data: 0.004) , D_A: 0.094, G_A: 0.658, cycle_A: 0.077, idt_A: 0.132, D_B: 0.002, G_B: 0.884, cycle_B: 0.210, idt_B: 0.074

saving the latest model (epoch 876, total_iters 590000)
[Rank 0] (epoch: 876, iters: 232, time: 0.029, data: 0.003) , D_A: 0.016, G_A: 0.953, cycle_A: 0.072, idt_A: 0.128, D_B: 0.002, G_B: 1.034, cycle_B: 0.248, idt_B: 0.066

[Rank 0] (epoch: 876, iters: 432, time: 0.029, data: 0.003) , D_A: 0.013, G_A: 0.895, cycle_A: 0.066, idt_A: 0.129, D_B: 0.035, G_B: 1.091, cycle_B: 0.273, idt_B: 0.065

[Rank 0] (epoch: 876, iters: 632, time: 0.030, data: 0.003) , D_A: 0.013, G_A: 1.113, cycle_A: 0.069, idt_A: 0.125, D_B: 0.056, G_B: 1.010, cycle_B: 0.245, idt_B: 0.064

[Rank 0] (epoch: 876, iters: 832, time: 0.029, data: 0.004) , D_A: 0.013, G_A: 0.915, cycle_A: 0.069, idt_A: 0.125, D_B: 0.008, G_B: 0.929, cycle_B: 0.246, idt_B: 0.070

[Rank 0] (epoch: 876, iters: 1032, time: 0.131, data: 0.003) , D_A: 0.012, G_A: 0.962, cycle_A: 0.103, idt_A: 0.143, D_B: 0.025, G_B: 0.895, cycle_B: 0.267, idt_B: 0.087

[Rank 0] (epoch: 876, iters: 1232, time: 0.029, data: 0.003) , D_A: 0.009, G_A: 1.021, cycle_A: 0.076, idt_A: 0.123, D_B: 0.014, G_B: 0.795, cycle_B: 0.226, idt_B: 0.075

[Rank 0] (epoch: 876, iters: 1432, time: 0.030, data: 0.003) , D_A: 0.012, G_A: 0.958, cycle_A: 0.052, idt_A: 0.132, D_B: 0.015, G_B: 0.771, cycle_B: 0.270, idt_B: 0.049

[Rank 0] (epoch: 876, iters: 1632, time: 0.029, data: 0.004) , D_A: 0.010, G_A: 1.018, cycle_A: 0.093, idt_A: 0.124, D_B: 0.017, G_B: 0.967, cycle_B: 0.260, idt_B: 0.088

[Rank 0] (epoch: 876, iters: 1832, time: 0.029, data: 0.003) , D_A: 0.012, G_A: 0.930, cycle_A: 0.080, idt_A: 0.125, D_B: 0.005, G_B: 0.929, cycle_B: 0.250, idt_B: 0.076

learning rate 0.0000100 -> 0.0000100
saving the model at the end of epoch 876, iters 591896
End of epoch 876 / 950 	 Time Taken: 52 sec
[Rank 0] (epoch: 877, iters: 104, time: 0.135, data: 0.003) , D_A: 0.011, G_A: 1.048, cycle_A: 0.059, idt_A: 0.112, D_B: 0.004, G_B: 1.017, cycle_B: 0.234, idt_B: 0.055

[Rank 0] (epoch: 877, iters: 304, time: 0.030, data: 0.003) , D_A: 0.010, G_A: 1.019, cycle_A: 0.081, idt_A: 0.120, D_B: 0.004, G_B: 0.944, cycle_B: 0.251, idt_B: 0.077

[Rank 0] (epoch: 877, iters: 504, time: 0.030, data: 0.003) , D_A: 0.011, G_A: 1.016, cycle_A: 0.079, idt_A: 0.113, D_B: 0.003, G_B: 0.945, cycle_B: 0.234, idt_B: 0.075

[Rank 0] (epoch: 877, iters: 704, time: 0.030, data: 0.002) , D_A: 0.013, G_A: 0.955, cycle_A: 0.094, idt_A: 0.138, D_B: 0.008, G_B: 0.892, cycle_B: 0.279, idt_B: 0.093

[Rank 0] (epoch: 877, iters: 904, time: 0.030, data: 0.002) , D_A: 0.011, G_A: 1.038, cycle_A: 0.070, idt_A: 0.131, D_B: 0.005, G_B: 0.947, cycle_B: 0.273, idt_B: 0.063

[Rank 0] (epoch: 877, iters: 1104, time: 0.137, data: 0.002) , D_A: 0.014, G_A: 0.861, cycle_A: 0.097, idt_A: 0.127, D_B: 0.010, G_B: 0.812, cycle_B: 0.269, idt_B: 0.090

[Rank 0] (epoch: 877, iters: 1304, time: 0.029, data: 0.003) , D_A: 0.017, G_A: 1.112, cycle_A: 0.083, idt_A: 0.119, D_B: 0.004, G_B: 0.889, cycle_B: 0.245, idt_B: 0.078

[Rank 0] (epoch: 877, iters: 1504, time: 0.030, data: 0.004) , D_A: 0.146, G_A: 0.408, cycle_A: 0.083, idt_A: 0.109, D_B: 0.004, G_B: 0.939, cycle_B: 0.195, idt_B: 0.079

[Rank 0] (epoch: 877, iters: 1704, time: 0.030, data: 0.002) , D_A: 0.024, G_A: 0.671, cycle_A: 0.081, idt_A: 0.127, D_B: 0.003, G_B: 1.049, cycle_B: 0.236, idt_B: 0.073

[Rank 0] (epoch: 877, iters: 1904, time: 0.030, data: 0.004) , D_A: 0.090, G_A: 0.586, cycle_A: 0.077, idt_A: 0.100, D_B: 0.005, G_B: 0.952, cycle_B: 0.178, idt_B: 0.072

learning rate 0.0000100 -> 0.0000100
saving the model at the end of epoch 877, iters 593824
End of epoch 877 / 950 	 Time Taken: 53 sec
[Rank 0] (epoch: 878, iters: 176, time: 0.146, data: 0.002) , D_A: 0.036, G_A: 0.845, cycle_A: 0.102, idt_A: 0.107, D_B: 0.006, G_B: 1.120, cycle_B: 0.184, idt_B: 0.095

[Rank 0] (epoch: 878, iters: 376, time: 0.029, data: 0.004) , D_A: 0.052, G_A: 0.676, cycle_A: 0.087, idt_A: 0.116, D_B: 0.006, G_B: 0.999, cycle_B: 0.204, idt_B: 0.085

[Rank 0] (epoch: 878, iters: 576, time: 0.029, data: 0.004) , D_A: 0.020, G_A: 0.941, cycle_A: 0.080, idt_A: 0.116, D_B: 0.002, G_B: 0.946, cycle_B: 0.197, idt_B: 0.073

[Rank 0] (epoch: 878, iters: 776, time: 0.029, data: 0.002) , D_A: 0.051, G_A: 0.423, cycle_A: 0.083, idt_A: 0.129, D_B: 0.019, G_B: 1.002, cycle_B: 0.215, idt_B: 0.073

[Rank 0] (epoch: 878, iters: 976, time: 0.029, data: 0.004) , D_A: 0.057, G_A: 0.784, cycle_A: 0.064, idt_A: 0.133, D_B: 0.002, G_B: 0.960, cycle_B: 0.225, idt_B: 0.061

[Rank 0] (epoch: 878, iters: 1176, time: 0.138, data: 0.003) , D_A: 0.103, G_A: 0.858, cycle_A: 0.081, idt_A: 0.116, D_B: 0.003, G_B: 0.954, cycle_B: 0.194, idt_B: 0.077

saving the latest model (epoch 878, total_iters 595000)
[Rank 0] (epoch: 878, iters: 1376, time: 0.030, data: 0.003) , D_A: 0.063, G_A: 0.502, cycle_A: 0.077, idt_A: 0.122, D_B: 0.002, G_B: 0.946, cycle_B: 0.199, idt_B: 0.070

[Rank 0] (epoch: 878, iters: 1576, time: 0.029, data: 0.004) , D_A: 0.026, G_A: 1.020, cycle_A: 0.065, idt_A: 0.136, D_B: 0.027, G_B: 1.062, cycle_B: 0.241, idt_B: 0.057

[Rank 0] (epoch: 878, iters: 1776, time: 0.029, data: 0.003) , D_A: 0.053, G_A: 0.761, cycle_A: 0.099, idt_A: 0.118, D_B: 0.002, G_B: 0.975, cycle_B: 0.199, idt_B: 0.098

learning rate 0.0000100 -> 0.0000100
saving the model at the end of epoch 878, iters 595752
End of epoch 878 / 950 	 Time Taken: 53 sec
[Rank 0] (epoch: 879, iters: 48, time: 0.135, data: 0.004) , D_A: 0.043, G_A: 0.546, cycle_A: 0.071, idt_A: 0.115, D_B: 0.002, G_B: 0.953, cycle_B: 0.192, idt_B: 0.067

[Rank 0] (epoch: 879, iters: 248, time: 0.131, data: 0.002) , D_A: 0.040, G_A: 0.716, cycle_A: 0.080, idt_A: 0.130, D_B: 0.001, G_B: 0.996, cycle_B: 0.216, idt_B: 0.075

[Rank 0] (epoch: 879, iters: 448, time: 0.030, data: 0.002) , D_A: 0.038, G_A: 1.062, cycle_A: 0.072, idt_A: 0.134, D_B: 0.001, G_B: 0.980, cycle_B: 0.215, idt_B: 0.066

[Rank 0] (epoch: 879, iters: 648, time: 0.029, data: 0.004) , D_A: 0.014, G_A: 0.901, cycle_A: 0.065, idt_A: 0.136, D_B: 0.003, G_B: 0.885, cycle_B: 0.216, idt_B: 0.061

[Rank 0] (epoch: 879, iters: 848, time: 0.029, data: 0.003) , D_A: 0.015, G_A: 0.949, cycle_A: 0.087, idt_A: 0.112, D_B: 0.003, G_B: 0.981, cycle_B: 0.183, idt_B: 0.082

[Rank 0] (epoch: 879, iters: 1048, time: 0.029, data: 0.004) , D_A: 0.012, G_A: 0.943, cycle_A: 0.072, idt_A: 0.108, D_B: 0.025, G_B: 0.932, cycle_B: 0.176, idt_B: 0.064

[Rank 0] (epoch: 879, iters: 1248, time: 0.125, data: 0.003) , D_A: 0.011, G_A: 0.983, cycle_A: 0.081, idt_A: 0.122, D_B: 0.002, G_B: 0.943, cycle_B: 0.197, idt_B: 0.077

[Rank 0] (epoch: 879, iters: 1448, time: 0.029, data: 0.003) , D_A: 0.013, G_A: 0.890, cycle_A: 0.067, idt_A: 0.118, D_B: 0.006, G_B: 0.828, cycle_B: 0.214, idt_B: 0.067

[Rank 0] (epoch: 879, iters: 1648, time: 0.030, data: 0.003) , D_A: 0.010, G_A: 0.957, cycle_A: 0.074, idt_A: 0.123, D_B: 0.015, G_B: 0.907, cycle_B: 0.238, idt_B: 0.066

[Rank 0] (epoch: 879, iters: 1848, time: 0.029, data: 0.004) , D_A: 0.015, G_A: 1.082, cycle_A: 0.075, idt_A: 0.118, D_B: 0.003, G_B: 0.951, cycle_B: 0.232, idt_B: 0.071

learning rate 0.0000100 -> 0.0000100
saving the model at the end of epoch 879, iters 597680
End of epoch 879 / 950 	 Time Taken: 53 sec
[Rank 0] (epoch: 880, iters: 120, time: 0.165, data: 0.003) , D_A: 0.014, G_A: 0.860, cycle_A: 0.052, idt_A: 0.124, D_B: 0.002, G_B: 0.973, cycle_B: 0.247, idt_B: 0.053

[Rank 0] (epoch: 880, iters: 320, time: 0.132, data: 0.002) , D_A: 0.014, G_A: 1.092, cycle_A: 0.097, idt_A: 0.124, D_B: 0.003, G_B: 0.870, cycle_B: 0.222, idt_B: 0.089

[Rank 0] (epoch: 880, iters: 520, time: 0.030, data: 0.002) , D_A: 0.012, G_A: 0.912, cycle_A: 0.067, idt_A: 0.120, D_B: 0.003, G_B: 0.908, cycle_B: 0.232, idt_B: 0.064

[Rank 0] (epoch: 880, iters: 720, time: 0.030, data: 0.003) , D_A: 0.012, G_A: 1.181, cycle_A: 0.072, idt_A: 0.120, D_B: 0.003, G_B: 0.909, cycle_B: 0.224, idt_B: 0.068

[Rank 0] (epoch: 880, iters: 920, time: 0.029, data: 0.004) , D_A: 0.022, G_A: 1.021, cycle_A: 0.078, idt_A: 0.126, D_B: 0.002, G_B: 0.958, cycle_B: 0.213, idt_B: 0.073

[Rank 0] (epoch: 880, iters: 1120, time: 0.029, data: 0.003) , D_A: 0.010, G_A: 0.937, cycle_A: 0.068, idt_A: 0.127, D_B: 0.002, G_B: 0.941, cycle_B: 0.226, idt_B: 0.061

[Rank 0] (epoch: 880, iters: 1320, time: 0.142, data: 0.003) , D_A: 0.012, G_A: 1.049, cycle_A: 0.077, idt_A: 0.114, D_B: 0.001, G_B: 0.945, cycle_B: 0.209, idt_B: 0.075

[Rank 0] (epoch: 880, iters: 1520, time: 0.029, data: 0.003) , D_A: 0.010, G_A: 1.001, cycle_A: 0.073, idt_A: 0.118, D_B: 0.001, G_B: 0.942, cycle_B: 0.205, idt_B: 0.072

[Rank 0] (epoch: 880, iters: 1720, time: 0.029, data: 0.004) , D_A: 0.011, G_A: 1.098, cycle_A: 0.071, idt_A: 0.113, D_B: 0.002, G_B: 0.918, cycle_B: 0.196, idt_B: 0.072

[Rank 0] (epoch: 880, iters: 1920, time: 0.030, data: 0.004) , D_A: 0.010, G_A: 1.047, cycle_A: 0.071, idt_A: 0.110, D_B: 0.001, G_B: 0.979, cycle_B: 0.200, idt_B: 0.064

learning rate 0.0000100 -> 0.0000100
saving the model at the end of epoch 880, iters 599608
End of epoch 880 / 950 	 Time Taken: 53 sec
[Rank 0] (epoch: 881, iters: 192, time: 0.137, data: 0.002) , D_A: 0.012, G_A: 1.061, cycle_A: 0.076, idt_A: 0.123, D_B: 0.002, G_B: 0.967, cycle_B: 0.230, idt_B: 0.073

[Rank 0] (epoch: 881, iters: 392, time: 0.134, data: 0.003) , D_A: 0.010, G_A: 0.982, cycle_A: 0.074, idt_A: 0.109, D_B: 0.001, G_B: 0.978, cycle_B: 0.196, idt_B: 0.067

saving the latest model (epoch 881, total_iters 600000)
[Rank 0] (epoch: 881, iters: 592, time: 0.029, data: 0.003) , D_A: 0.014, G_A: 0.900, cycle_A: 0.073, idt_A: 0.128, D_B: 0.002, G_B: 0.991, cycle_B: 0.221, idt_B: 0.066

[Rank 0] (epoch: 881, iters: 792, time: 0.029, data: 0.004) , D_A: 0.012, G_A: 1.059, cycle_A: 0.091, idt_A: 0.122, D_B: 0.002, G_B: 1.062, cycle_B: 0.221, idt_B: 0.085

[Rank 0] (epoch: 881, iters: 992, time: 0.030, data: 0.003) , D_A: 0.018, G_A: 1.232, cycle_A: 0.074, idt_A: 0.119, D_B: 0.001, G_B: 0.945, cycle_B: 0.197, idt_B: 0.075

[Rank 0] (epoch: 881, iters: 1192, time: 0.029, data: 0.004) , D_A: 0.030, G_A: 0.819, cycle_A: 0.075, idt_A: 0.121, D_B: 0.001, G_B: 0.971, cycle_B: 0.218, idt_B: 0.071

[Rank 0] (epoch: 881, iters: 1392, time: 0.133, data: 0.003) , D_A: 0.067, G_A: 1.048, cycle_A: 0.081, idt_A: 0.125, D_B: 0.001, G_B: 0.976, cycle_B: 0.231, idt_B: 0.072

[Rank 0] (epoch: 881, iters: 1592, time: 0.030, data: 0.004) , D_A: 0.048, G_A: 0.537, cycle_A: 0.086, idt_A: 0.120, D_B: 0.001, G_B: 0.962, cycle_B: 0.214, idt_B: 0.079

[Rank 0] (epoch: 881, iters: 1792, time: 0.030, data: 0.003) , D_A: 0.107, G_A: 0.540, cycle_A: 0.070, idt_A: 0.117, D_B: 0.001, G_B: 0.985, cycle_B: 0.202, idt_B: 0.069

learning rate 0.0000100 -> 0.0000100
saving the model at the end of epoch 881, iters 601536
End of epoch 881 / 950 	 Time Taken: 53 sec
[Rank 0] (epoch: 882, iters: 64, time: 0.141, data: 0.004) , D_A: 0.032, G_A: 0.669, cycle_A: 0.085, idt_A: 0.135, D_B: 0.001, G_B: 0.942, cycle_B: 0.237, idt_B: 0.084

[Rank 0] (epoch: 882, iters: 264, time: 0.029, data: 0.005) , D_A: 0.071, G_A: 0.456, cycle_A: 0.077, idt_A: 0.116, D_B: 0.002, G_B: 0.981, cycle_B: 0.203, idt_B: 0.071

[Rank 0] (epoch: 882, iters: 464, time: 0.142, data: 0.004) , D_A: 0.089, G_A: 0.726, cycle_A: 0.089, idt_A: 0.122, D_B: 0.001, G_B: 0.945, cycle_B: 0.220, idt_B: 0.084

[Rank 0] (epoch: 882, iters: 664, time: 0.030, data: 0.004) , D_A: 0.040, G_A: 0.585, cycle_A: 0.072, idt_A: 0.123, D_B: 0.001, G_B: 0.955, cycle_B: 0.217, idt_B: 0.069

[Rank 0] (epoch: 882, iters: 864, time: 0.030, data: 0.003) , D_A: 0.055, G_A: 0.766, cycle_A: 0.083, idt_A: 0.128, D_B: 0.001, G_B: 0.993, cycle_B: 0.220, idt_B: 0.073

[Rank 0] (epoch: 882, iters: 1064, time: 0.030, data: 0.004) , D_A: 0.021, G_A: 0.931, cycle_A: 0.064, idt_A: 0.131, D_B: 0.001, G_B: 0.991, cycle_B: 0.234, idt_B: 0.063

[Rank 0] (epoch: 882, iters: 1264, time: 0.030, data: 0.002) , D_A: 0.022, G_A: 0.926, cycle_A: 0.053, idt_A: 0.122, D_B: 0.001, G_B: 1.046, cycle_B: 0.220, idt_B: 0.047

[Rank 0] (epoch: 882, iters: 1464, time: 0.147, data: 0.004) , D_A: 0.011, G_A: 1.018, cycle_A: 0.100, idt_A: 0.114, D_B: 0.001, G_B: 0.973, cycle_B: 0.200, idt_B: 0.093

[Rank 0] (epoch: 882, iters: 1664, time: 0.030, data: 0.003) , D_A: 0.011, G_A: 0.973, cycle_A: 0.061, idt_A: 0.124, D_B: 0.001, G_B: 1.001, cycle_B: 0.208, idt_B: 0.056

[Rank 0] (epoch: 882, iters: 1864, time: 0.029, data: 0.003) , D_A: 0.014, G_A: 1.060, cycle_A: 0.062, idt_A: 0.127, D_B: 0.001, G_B: 1.009, cycle_B: 0.217, idt_B: 0.061

learning rate 0.0000100 -> 0.0000100
saving the model at the end of epoch 882, iters 603464
End of epoch 882 / 950 	 Time Taken: 54 sec
[Rank 0] (epoch: 883, iters: 136, time: 0.166, data: 0.003) , D_A: 0.012, G_A: 1.034, cycle_A: 0.084, idt_A: 0.122, D_B: 0.001, G_B: 0.998, cycle_B: 0.207, idt_B: 0.078

[Rank 0] (epoch: 883, iters: 336, time: 0.029, data: 0.001) , D_A: 0.010, G_A: 0.962, cycle_A: 0.062, idt_A: 0.126, D_B: 0.001, G_B: 1.023, cycle_B: 0.223, idt_B: 0.060

[Rank 0] (epoch: 883, iters: 536, time: 0.133, data: 0.003) , D_A: 0.014, G_A: 1.221, cycle_A: 0.070, idt_A: 0.112, D_B: 0.001, G_B: 0.987, cycle_B: 0.210, idt_B: 0.065

[Rank 0] (epoch: 883, iters: 736, time: 0.029, data: 0.003) , D_A: 0.010, G_A: 1.002, cycle_A: 0.089, idt_A: 0.123, D_B: 0.001, G_B: 0.942, cycle_B: 0.220, idt_B: 0.088

[Rank 0] (epoch: 883, iters: 936, time: 0.029, data: 0.002) , D_A: 0.012, G_A: 1.033, cycle_A: 0.050, idt_A: 0.146, D_B: 0.002, G_B: 0.956, cycle_B: 0.260, idt_B: 0.046

[Rank 0] (epoch: 883, iters: 1136, time: 0.030, data: 0.003) , D_A: 0.010, G_A: 0.990, cycle_A: 0.071, idt_A: 0.122, D_B: 0.001, G_B: 0.985, cycle_B: 0.212, idt_B: 0.062

[Rank 0] (epoch: 883, iters: 1336, time: 0.029, data: 0.004) , D_A: 0.010, G_A: 0.996, cycle_A: 0.104, idt_A: 0.122, D_B: 0.001, G_B: 1.025, cycle_B: 0.212, idt_B: 0.094

[Rank 0] (epoch: 883, iters: 1536, time: 0.130, data: 0.003) , D_A: 0.010, G_A: 1.007, cycle_A: 0.056, idt_A: 0.128, D_B: 0.001, G_B: 1.032, cycle_B: 0.241, idt_B: 0.053

saving the latest model (epoch 883, total_iters 605000)
[Rank 0] (epoch: 883, iters: 1736, time: 0.029, data: 0.004) , D_A: 0.012, G_A: 0.964, cycle_A: 0.058, idt_A: 0.112, D_B: 0.001, G_B: 1.034, cycle_B: 0.204, idt_B: 0.055

learning rate 0.0000100 -> 0.0000100
saving the model at the end of epoch 883, iters 605392
End of epoch 883 / 950 	 Time Taken: 53 sec
[Rank 0] (epoch: 884, iters: 8, time: 0.156, data: 0.003) , D_A: 0.011, G_A: 1.026, cycle_A: 0.067, idt_A: 0.129, D_B: 0.004, G_B: 1.003, cycle_B: 0.234, idt_B: 0.061

[Rank 0] (epoch: 884, iters: 208, time: 0.029, data: 0.004) , D_A: 0.011, G_A: 0.983, cycle_A: 0.076, idt_A: 0.128, D_B: 0.001, G_B: 0.990, cycle_B: 0.228, idt_B: 0.066

[Rank 0] (epoch: 884, iters: 408, time: 0.029, data: 0.004) , D_A: 0.015, G_A: 1.300, cycle_A: 0.066, idt_A: 0.105, D_B: 0.001, G_B: 1.010, cycle_B: 0.173, idt_B: 0.061

[Rank 0] (epoch: 884, iters: 608, time: 0.153, data: 0.004) , D_A: 0.016, G_A: 0.936, cycle_A: 0.072, idt_A: 0.126, D_B: 0.001, G_B: 1.022, cycle_B: 0.220, idt_B: 0.066

[Rank 0] (epoch: 884, iters: 808, time: 0.029, data: 0.003) , D_A: 0.010, G_A: 0.954, cycle_A: 0.075, idt_A: 0.133, D_B: 0.001, G_B: 0.947, cycle_B: 0.228, idt_B: 0.066

[Rank 0] (epoch: 884, iters: 1008, time: 0.029, data: 0.004) , D_A: 0.014, G_A: 0.928, cycle_A: 0.079, idt_A: 0.137, D_B: 0.001, G_B: 0.954, cycle_B: 0.234, idt_B: 0.080

[Rank 0] (epoch: 884, iters: 1208, time: 0.029, data: 0.003) , D_A: 0.013, G_A: 0.823, cycle_A: 0.053, idt_A: 0.111, D_B: 0.001, G_B: 0.961, cycle_B: 0.194, idt_B: 0.051

[Rank 0] (epoch: 884, iters: 1408, time: 0.029, data: 0.003) , D_A: 0.125, G_A: 0.565, cycle_A: 0.087, idt_A: 0.137, D_B: 0.001, G_B: 0.968, cycle_B: 0.224, idt_B: 0.087

[Rank 0] (epoch: 884, iters: 1608, time: 0.140, data: 0.003) , D_A: 0.058, G_A: 0.546, cycle_A: 0.075, idt_A: 0.121, D_B: 0.001, G_B: 1.044, cycle_B: 0.209, idt_B: 0.071

[Rank 0] (epoch: 884, iters: 1808, time: 0.029, data: 0.003) , D_A: 0.013, G_A: 0.912, cycle_A: 0.059, idt_A: 0.114, D_B: 0.001, G_B: 0.965, cycle_B: 0.200, idt_B: 0.053

learning rate 0.0000100 -> 0.0000100
saving the model at the end of epoch 884, iters 607320
End of epoch 884 / 950 	 Time Taken: 54 sec
[Rank 0] (epoch: 885, iters: 80, time: 0.162, data: 0.004) , D_A: 0.013, G_A: 1.076, cycle_A: 0.093, idt_A: 0.123, D_B: 0.001, G_B: 1.011, cycle_B: 0.227, idt_B: 0.091

[Rank 0] (epoch: 885, iters: 280, time: 0.029, data: 0.002) , D_A: 0.015, G_A: 0.990, cycle_A: 0.048, idt_A: 0.107, D_B: 0.001, G_B: 0.985, cycle_B: 0.190, idt_B: 0.046

[Rank 0] (epoch: 885, iters: 480, time: 0.030, data: 0.004) , D_A: 0.012, G_A: 1.025, cycle_A: 0.075, idt_A: 0.120, D_B: 0.001, G_B: 0.974, cycle_B: 0.205, idt_B: 0.072

[Rank 0] (epoch: 885, iters: 680, time: 0.142, data: 0.002) , D_A: 0.010, G_A: 0.790, cycle_A: 0.063, idt_A: 0.119, D_B: 0.001, G_B: 1.022, cycle_B: 0.201, idt_B: 0.061

[Rank 0] (epoch: 885, iters: 880, time: 0.029, data: 0.002) , D_A: 0.011, G_A: 0.947, cycle_A: 0.098, idt_A: 0.133, D_B: 0.001, G_B: 1.026, cycle_B: 0.237, idt_B: 0.100

[Rank 0] (epoch: 885, iters: 1080, time: 0.029, data: 0.003) , D_A: 0.009, G_A: 1.016, cycle_A: 0.057, idt_A: 0.124, D_B: 0.001, G_B: 0.989, cycle_B: 0.206, idt_B: 0.053

[Rank 0] (epoch: 885, iters: 1280, time: 0.030, data: 0.002) , D_A: 0.012, G_A: 0.908, cycle_A: 0.069, idt_A: 0.118, D_B: 0.001, G_B: 0.969, cycle_B: 0.190, idt_B: 0.063

[Rank 0] (epoch: 885, iters: 1480, time: 0.029, data: 0.004) , D_A: 0.010, G_A: 0.971, cycle_A: 0.095, idt_A: 0.135, D_B: 0.001, G_B: 0.989, cycle_B: 0.233, idt_B: 0.083

[Rank 0] (epoch: 885, iters: 1680, time: 0.134, data: 0.003) , D_A: 0.009, G_A: 1.028, cycle_A: 0.072, idt_A: 0.108, D_B: 0.001, G_B: 0.980, cycle_B: 0.178, idt_B: 0.070

[Rank 0] (epoch: 885, iters: 1880, time: 0.029, data: 0.003) , D_A: 0.013, G_A: 0.918, cycle_A: 0.076, idt_A: 0.119, D_B: 0.001, G_B: 1.001, cycle_B: 0.195, idt_B: 0.074

learning rate 0.0000100 -> 0.0000100
saving the model at the end of epoch 885, iters 609248
End of epoch 885 / 950 	 Time Taken: 53 sec
[Rank 0] (epoch: 886, iters: 152, time: 0.146, data: 0.001) , D_A: 0.010, G_A: 1.004, cycle_A: 0.078, idt_A: 0.133, D_B: 0.000, G_B: 1.005, cycle_B: 0.237, idt_B: 0.073

[Rank 0] (epoch: 886, iters: 352, time: 0.030, data: 0.002) , D_A: 0.009, G_A: 0.966, cycle_A: 0.053, idt_A: 0.114, D_B: 0.001, G_B: 0.968, cycle_B: 0.191, idt_B: 0.050

[Rank 0] (epoch: 886, iters: 552, time: 0.030, data: 0.002) , D_A: 0.010, G_A: 0.960, cycle_A: 0.057, idt_A: 0.119, D_B: 0.001, G_B: 0.974, cycle_B: 0.187, idt_B: 0.054

[Rank 0] (epoch: 886, iters: 752, time: 0.139, data: 0.002) , D_A: 0.011, G_A: 0.998, cycle_A: 0.086, idt_A: 0.117, D_B: 0.001, G_B: 0.974, cycle_B: 0.198, idt_B: 0.083

saving the latest model (epoch 886, total_iters 610000)
[Rank 0] (epoch: 886, iters: 952, time: 0.030, data: 0.003) , D_A: 0.009, G_A: 1.035, cycle_A: 0.059, idt_A: 0.109, D_B: 0.001, G_B: 0.958, cycle_B: 0.193, idt_B: 0.054

[Rank 0] (epoch: 886, iters: 1152, time: 0.030, data: 0.002) , D_A: 0.008, G_A: 1.044, cycle_A: 0.073, idt_A: 0.118, D_B: 0.001, G_B: 0.961, cycle_B: 0.204, idt_B: 0.067

[Rank 0] (epoch: 886, iters: 1352, time: 0.029, data: 0.003) , D_A: 0.009, G_A: 0.999, cycle_A: 0.094, idt_A: 0.123, D_B: 0.001, G_B: 0.976, cycle_B: 0.207, idt_B: 0.088

[Rank 0] (epoch: 886, iters: 1552, time: 0.030, data: 0.003) , D_A: 0.012, G_A: 0.927, cycle_A: 0.070, idt_A: 0.132, D_B: 0.001, G_B: 1.023, cycle_B: 0.223, idt_B: 0.064

[Rank 0] (epoch: 886, iters: 1752, time: 0.135, data: 0.003) , D_A: 0.012, G_A: 1.007, cycle_A: 0.070, idt_A: 0.135, D_B: 0.001, G_B: 1.029, cycle_B: 0.231, idt_B: 0.063

learning rate 0.0000100 -> 0.0000100
saving the model at the end of epoch 886, iters 611176
End of epoch 886 / 950 	 Time Taken: 54 sec
[Rank 0] (epoch: 887, iters: 24, time: 0.163, data: 0.003) , D_A: 0.010, G_A: 0.977, cycle_A: 0.071, idt_A: 0.122, D_B: 0.000, G_B: 0.990, cycle_B: 0.206, idt_B: 0.067

[Rank 0] (epoch: 887, iters: 224, time: 0.029, data: 0.001) , D_A: 0.011, G_A: 1.065, cycle_A: 0.101, idt_A: 0.121, D_B: 0.001, G_B: 0.999, cycle_B: 0.210, idt_B: 0.094

[Rank 0] (epoch: 887, iters: 424, time: 0.029, data: 0.004) , D_A: 0.013, G_A: 1.091, cycle_A: 0.082, idt_A: 0.134, D_B: 0.000, G_B: 0.996, cycle_B: 0.225, idt_B: 0.076

[Rank 0] (epoch: 887, iters: 624, time: 0.029, data: 0.003) , D_A: 0.009, G_A: 0.971, cycle_A: 0.069, idt_A: 0.136, D_B: 0.001, G_B: 1.029, cycle_B: 0.234, idt_B: 0.059

[Rank 0] (epoch: 887, iters: 824, time: 0.150, data: 0.003) , D_A: 0.008, G_A: 0.944, cycle_A: 0.075, idt_A: 0.129, D_B: 0.000, G_B: 0.978, cycle_B: 0.212, idt_B: 0.070

[Rank 0] (epoch: 887, iters: 1024, time: 0.030, data: 0.003) , D_A: 0.009, G_A: 1.023, cycle_A: 0.082, idt_A: 0.122, D_B: 0.001, G_B: 0.976, cycle_B: 0.215, idt_B: 0.075

[Rank 0] (epoch: 887, iters: 1224, time: 0.029, data: 0.004) , D_A: 0.010, G_A: 0.994, cycle_A: 0.069, idt_A: 0.140, D_B: 0.000, G_B: 1.002, cycle_B: 0.243, idt_B: 0.063

[Rank 0] (epoch: 887, iters: 1424, time: 0.029, data: 0.003) , D_A: 0.009, G_A: 0.995, cycle_A: 0.068, idt_A: 0.129, D_B: 0.001, G_B: 1.004, cycle_B: 0.211, idt_B: 0.059

[Rank 0] (epoch: 887, iters: 1624, time: 0.030, data: 0.003) , D_A: 0.009, G_A: 0.980, cycle_A: 0.077, idt_A: 0.128, D_B: 0.001, G_B: 1.031, cycle_B: 0.212, idt_B: 0.071

[Rank 0] (epoch: 887, iters: 1824, time: 0.125, data: 0.004) , D_A: 0.009, G_A: 0.955, cycle_A: 0.084, idt_A: 0.122, D_B: 0.001, G_B: 0.990, cycle_B: 0.205, idt_B: 0.074

learning rate 0.0000100 -> 0.0000100
saving the model at the end of epoch 887, iters 613104
End of epoch 887 / 950 	 Time Taken: 53 sec
[Rank 0] (epoch: 888, iters: 96, time: 0.140, data: 0.003) , D_A: 0.009, G_A: 0.949, cycle_A: 0.063, idt_A: 0.121, D_B: 0.001, G_B: 0.986, cycle_B: 0.201, idt_B: 0.055

[Rank 0] (epoch: 888, iters: 296, time: 0.030, data: 0.004) , D_A: 0.013, G_A: 1.034, cycle_A: 0.074, idt_A: 0.130, D_B: 0.001, G_B: 0.977, cycle_B: 0.209, idt_B: 0.074

[Rank 0] (epoch: 888, iters: 496, time: 0.029, data: 0.004) , D_A: 0.009, G_A: 0.958, cycle_A: 0.078, idt_A: 0.133, D_B: 0.001, G_B: 0.985, cycle_B: 0.224, idt_B: 0.072

[Rank 0] (epoch: 888, iters: 696, time: 0.030, data: 0.004) , D_A: 0.010, G_A: 1.000, cycle_A: 0.080, idt_A: 0.124, D_B: 0.000, G_B: 1.037, cycle_B: 0.211, idt_B: 0.074

[Rank 0] (epoch: 888, iters: 896, time: 0.141, data: 0.003) , D_A: 0.010, G_A: 1.036, cycle_A: 0.082, idt_A: 0.111, D_B: 0.001, G_B: 1.006, cycle_B: 0.192, idt_B: 0.073

[Rank 0] (epoch: 888, iters: 1096, time: 0.030, data: 0.002) , D_A: 0.010, G_A: 0.964, cycle_A: 0.078, idt_A: 0.121, D_B: 0.001, G_B: 0.985, cycle_B: 0.208, idt_B: 0.070

[Rank 0] (epoch: 888, iters: 1296, time: 0.030, data: 0.003) , D_A: 0.014, G_A: 1.042, cycle_A: 0.076, idt_A: 0.117, D_B: 0.001, G_B: 0.994, cycle_B: 0.198, idt_B: 0.072

[Rank 0] (epoch: 888, iters: 1496, time: 0.029, data: 0.004) , D_A: 0.011, G_A: 1.100, cycle_A: 0.073, idt_A: 0.133, D_B: 0.000, G_B: 0.976, cycle_B: 0.224, idt_B: 0.068

[Rank 0] (epoch: 888, iters: 1696, time: 0.030, data: 0.003) , D_A: 0.013, G_A: 0.983, cycle_A: 0.097, idt_A: 0.116, D_B: 0.001, G_B: 1.053, cycle_B: 0.200, idt_B: 0.088

[Rank 0] (epoch: 888, iters: 1896, time: 0.125, data: 0.003) , D_A: 0.021, G_A: 0.783, cycle_A: 0.074, idt_A: 0.125, D_B: 0.001, G_B: 0.990, cycle_B: 0.217, idt_B: 0.069

saving the latest model (epoch 888, total_iters 615000)
learning rate 0.0000100 -> 0.0000100
saving the model at the end of epoch 888, iters 615032
End of epoch 888 / 950 	 Time Taken: 53 sec
[Rank 0] (epoch: 889, iters: 168, time: 0.148, data: 0.003) , D_A: 0.012, G_A: 0.872, cycle_A: 0.093, idt_A: 0.128, D_B: 0.001, G_B: 0.955, cycle_B: 0.208, idt_B: 0.086

[Rank 0] (epoch: 889, iters: 368, time: 0.030, data: 0.004) , D_A: 0.065, G_A: 0.792, cycle_A: 0.060, idt_A: 0.135, D_B: 0.001, G_B: 1.006, cycle_B: 0.226, idt_B: 0.054

[Rank 0] (epoch: 889, iters: 568, time: 0.029, data: 0.003) , D_A: 0.022, G_A: 0.852, cycle_A: 0.088, idt_A: 0.129, D_B: 0.001, G_B: 0.979, cycle_B: 0.221, idt_B: 0.082

[Rank 0] (epoch: 889, iters: 768, time: 0.030, data: 0.004) , D_A: 0.039, G_A: 0.801, cycle_A: 0.075, idt_A: 0.119, D_B: 0.001, G_B: 0.991, cycle_B: 0.215, idt_B: 0.072

[Rank 0] (epoch: 889, iters: 968, time: 0.156, data: 0.003) , D_A: 0.016, G_A: 1.019, cycle_A: 0.086, idt_A: 0.135, D_B: 0.001, G_B: 0.973, cycle_B: 0.235, idt_B: 0.083

[Rank 0] (epoch: 889, iters: 1168, time: 0.030, data: 0.003) , D_A: 0.025, G_A: 1.016, cycle_A: 0.079, idt_A: 0.126, D_B: 0.001, G_B: 1.001, cycle_B: 0.212, idt_B: 0.076

[Rank 0] (epoch: 889, iters: 1368, time: 0.029, data: 0.003) , D_A: 0.013, G_A: 0.917, cycle_A: 0.059, idt_A: 0.121, D_B: 0.001, G_B: 1.026, cycle_B: 0.210, idt_B: 0.057

[Rank 0] (epoch: 889, iters: 1568, time: 0.029, data: 0.004) , D_A: 0.008, G_A: 0.955, cycle_A: 0.071, idt_A: 0.130, D_B: 0.001, G_B: 0.992, cycle_B: 0.225, idt_B: 0.068

[Rank 0] (epoch: 889, iters: 1768, time: 0.029, data: 0.004) , D_A: 0.008, G_A: 0.962, cycle_A: 0.085, idt_A: 0.129, D_B: 0.000, G_B: 1.013, cycle_B: 0.234, idt_B: 0.084

learning rate 0.0000100 -> 0.0000100
saving the model at the end of epoch 889, iters 616960
End of epoch 889 / 950 	 Time Taken: 53 sec
[Rank 0] (epoch: 890, iters: 40, time: 0.136, data: 0.003) , D_A: 0.009, G_A: 1.158, cycle_A: 0.070, idt_A: 0.109, D_B: 0.001, G_B: 0.956, cycle_B: 0.190, idt_B: 0.063

[Rank 0] (epoch: 890, iters: 240, time: 0.029, data: 0.003) , D_A: 0.007, G_A: 0.973, cycle_A: 0.066, idt_A: 0.120, D_B: 0.000, G_B: 0.982, cycle_B: 0.212, idt_B: 0.062

[Rank 0] (epoch: 890, iters: 440, time: 0.029, data: 0.003) , D_A: 0.009, G_A: 0.977, cycle_A: 0.075, idt_A: 0.123, D_B: 0.001, G_B: 0.994, cycle_B: 0.202, idt_B: 0.069

[Rank 0] (epoch: 890, iters: 640, time: 0.029, data: 0.001) , D_A: 0.008, G_A: 1.085, cycle_A: 0.072, idt_A: 0.128, D_B: 0.001, G_B: 0.978, cycle_B: 0.210, idt_B: 0.064

[Rank 0] (epoch: 890, iters: 840, time: 0.029, data: 0.004) , D_A: 0.008, G_A: 0.979, cycle_A: 0.062, idt_A: 0.134, D_B: 0.001, G_B: 0.984, cycle_B: 0.222, idt_B: 0.057

[Rank 0] (epoch: 890, iters: 1040, time: 0.147, data: 0.004) , D_A: 0.008, G_A: 0.987, cycle_A: 0.071, idt_A: 0.135, D_B: 0.000, G_B: 1.015, cycle_B: 0.239, idt_B: 0.063

[Rank 0] (epoch: 890, iters: 1240, time: 0.029, data: 0.003) , D_A: 0.014, G_A: 0.896, cycle_A: 0.071, idt_A: 0.129, D_B: 0.001, G_B: 1.019, cycle_B: 0.219, idt_B: 0.069

[Rank 0] (epoch: 890, iters: 1440, time: 0.030, data: 0.002) , D_A: 0.010, G_A: 0.930, cycle_A: 0.068, idt_A: 0.130, D_B: 0.001, G_B: 1.025, cycle_B: 0.234, idt_B: 0.061

[Rank 0] (epoch: 890, iters: 1640, time: 0.029, data: 0.004) , D_A: 0.009, G_A: 0.946, cycle_A: 0.066, idt_A: 0.126, D_B: 0.001, G_B: 0.989, cycle_B: 0.209, idt_B: 0.062

[Rank 0] (epoch: 890, iters: 1840, time: 0.030, data: 0.003) , D_A: 0.139, G_A: 0.343, cycle_A: 0.064, idt_A: 0.129, D_B: 0.000, G_B: 0.996, cycle_B: 0.210, idt_B: 0.058

learning rate 0.0000100 -> 0.0000100
saving the model at the end of epoch 890, iters 618888
End of epoch 890 / 950 	 Time Taken: 53 sec
[Rank 0] (epoch: 891, iters: 112, time: 0.158, data: 0.004) , D_A: 0.025, G_A: 0.877, cycle_A: 0.078, idt_A: 0.124, D_B: 0.001, G_B: 1.000, cycle_B: 0.203, idt_B: 0.069

[Rank 0] (epoch: 891, iters: 312, time: 0.030, data: 0.001) , D_A: 0.041, G_A: 0.831, cycle_A: 0.065, idt_A: 0.125, D_B: 0.000, G_B: 0.969, cycle_B: 0.210, idt_B: 0.056

[Rank 0] (epoch: 891, iters: 512, time: 0.029, data: 0.004) , D_A: 0.119, G_A: 0.842, cycle_A: 0.083, idt_A: 0.115, D_B: 0.000, G_B: 0.986, cycle_B: 0.193, idt_B: 0.075

[Rank 0] (epoch: 891, iters: 712, time: 0.029, data: 0.004) , D_A: 0.022, G_A: 1.070, cycle_A: 0.071, idt_A: 0.136, D_B: 0.001, G_B: 0.974, cycle_B: 0.215, idt_B: 0.066

[Rank 0] (epoch: 891, iters: 912, time: 0.029, data: 0.004) , D_A: 0.052, G_A: 1.086, cycle_A: 0.084, idt_A: 0.124, D_B: 0.000, G_B: 1.025, cycle_B: 0.209, idt_B: 0.076

[Rank 0] (epoch: 891, iters: 1112, time: 0.137, data: 0.002) , D_A: 0.126, G_A: 0.818, cycle_A: 0.080, idt_A: 0.118, D_B: 0.001, G_B: 0.993, cycle_B: 0.184, idt_B: 0.072

saving the latest model (epoch 891, total_iters 620000)
[Rank 0] (epoch: 891, iters: 1312, time: 0.029, data: 0.004) , D_A: 0.037, G_A: 0.561, cycle_A: 0.063, idt_A: 0.122, D_B: 0.001, G_B: 0.982, cycle_B: 0.208, idt_B: 0.061

[Rank 0] (epoch: 891, iters: 1512, time: 0.030, data: 0.003) , D_A: 0.036, G_A: 0.690, cycle_A: 0.070, idt_A: 0.138, D_B: 0.000, G_B: 0.986, cycle_B: 0.224, idt_B: 0.066

[Rank 0] (epoch: 891, iters: 1712, time: 0.030, data: 0.003) , D_A: 0.025, G_A: 0.883, cycle_A: 0.061, idt_A: 0.120, D_B: 0.001, G_B: 1.030, cycle_B: 0.200, idt_B: 0.056

[Rank 0] (epoch: 891, iters: 1912, time: 0.030, data: 0.003) , D_A: 0.012, G_A: 0.972, cycle_A: 0.081, idt_A: 0.132, D_B: 0.000, G_B: 0.990, cycle_B: 0.215, idt_B: 0.076

learning rate 0.0000100 -> 0.0000100
saving the model at the end of epoch 891, iters 620816
End of epoch 891 / 950 	 Time Taken: 53 sec
[Rank 0] (epoch: 892, iters: 184, time: 0.144, data: 0.003) , D_A: 0.019, G_A: 1.065, cycle_A: 0.101, idt_A: 0.144, D_B: 0.000, G_B: 0.994, cycle_B: 0.252, idt_B: 0.096

[Rank 0] (epoch: 892, iters: 384, time: 0.030, data: 0.002) , D_A: 0.009, G_A: 0.971, cycle_A: 0.058, idt_A: 0.133, D_B: 0.000, G_B: 0.977, cycle_B: 0.228, idt_B: 0.053

[Rank 0] (epoch: 892, iters: 584, time: 0.030, data: 0.003) , D_A: 0.012, G_A: 1.093, cycle_A: 0.094, idt_A: 0.108, D_B: 0.000, G_B: 0.975, cycle_B: 0.174, idt_B: 0.081

[Rank 0] (epoch: 892, iters: 784, time: 0.030, data: 0.003) , D_A: 0.049, G_A: 0.528, cycle_A: 0.072, idt_A: 0.126, D_B: 0.001, G_B: 0.989, cycle_B: 0.205, idt_B: 0.065

[Rank 0] (epoch: 892, iters: 984, time: 0.029, data: 0.003) , D_A: 0.020, G_A: 0.873, cycle_A: 0.080, idt_A: 0.131, D_B: 0.000, G_B: 0.990, cycle_B: 0.222, idt_B: 0.077

[Rank 0] (epoch: 892, iters: 1184, time: 0.155, data: 0.003) , D_A: 0.054, G_A: 1.231, cycle_A: 0.076, idt_A: 0.110, D_B: 0.000, G_B: 0.978, cycle_B: 0.178, idt_B: 0.075

[Rank 0] (epoch: 892, iters: 1384, time: 0.029, data: 0.004) , D_A: 0.040, G_A: 0.467, cycle_A: 0.081, idt_A: 0.119, D_B: 0.001, G_B: 1.020, cycle_B: 0.199, idt_B: 0.073

[Rank 0] (epoch: 892, iters: 1584, time: 0.030, data: 0.003) , D_A: 0.037, G_A: 0.797, cycle_A: 0.080, idt_A: 0.125, D_B: 0.000, G_B: 0.991, cycle_B: 0.204, idt_B: 0.073

[Rank 0] (epoch: 892, iters: 1784, time: 0.029, data: 0.003) , D_A: 0.023, G_A: 1.069, cycle_A: 0.086, idt_A: 0.102, D_B: 0.001, G_B: 0.975, cycle_B: 0.177, idt_B: 0.081

learning rate 0.0000100 -> 0.0000100
saving the model at the end of epoch 892, iters 622744
End of epoch 892 / 950 	 Time Taken: 52 sec
[Rank 0] (epoch: 893, iters: 56, time: 0.147, data: 0.004) , D_A: 0.034, G_A: 0.557, cycle_A: 0.075, idt_A: 0.120, D_B: 0.000, G_B: 1.005, cycle_B: 0.198, idt_B: 0.073

[Rank 0] (epoch: 893, iters: 256, time: 0.135, data: 0.004) , D_A: 0.055, G_A: 1.025, cycle_A: 0.070, idt_A: 0.122, D_B: 0.002, G_B: 0.904, cycle_B: 0.202, idt_B: 0.066

[Rank 0] (epoch: 893, iters: 456, time: 0.029, data: 0.004) , D_A: 0.036, G_A: 0.787, cycle_A: 0.080, idt_A: 0.123, D_B: 0.001, G_B: 0.984, cycle_B: 0.211, idt_B: 0.078

[Rank 0] (epoch: 893, iters: 656, time: 0.029, data: 0.004) , D_A: 0.049, G_A: 1.136, cycle_A: 0.062, idt_A: 0.110, D_B: 0.001, G_B: 0.958, cycle_B: 0.182, idt_B: 0.058

[Rank 0] (epoch: 893, iters: 856, time: 0.029, data: 0.003) , D_A: 0.059, G_A: 0.654, cycle_A: 0.067, idt_A: 0.105, D_B: 0.001, G_B: 1.002, cycle_B: 0.170, idt_B: 0.067

[Rank 0] (epoch: 893, iters: 1056, time: 0.029, data: 0.004) , D_A: 0.027, G_A: 0.987, cycle_A: 0.071, idt_A: 0.113, D_B: 0.001, G_B: 0.966, cycle_B: 0.193, idt_B: 0.072

[Rank 0] (epoch: 893, iters: 1256, time: 0.134, data: 0.003) , D_A: 0.065, G_A: 0.972, cycle_A: 0.063, idt_A: 0.126, D_B: 0.001, G_B: 0.972, cycle_B: 0.207, idt_B: 0.060

[Rank 0] (epoch: 893, iters: 1456, time: 0.029, data: 0.002) , D_A: 0.050, G_A: 0.562, cycle_A: 0.087, idt_A: 0.139, D_B: 0.001, G_B: 0.981, cycle_B: 0.222, idt_B: 0.078

[Rank 0] (epoch: 893, iters: 1656, time: 0.030, data: 0.003) , D_A: 0.040, G_A: 0.803, cycle_A: 0.062, idt_A: 0.125, D_B: 0.001, G_B: 1.005, cycle_B: 0.220, idt_B: 0.055

[Rank 0] (epoch: 893, iters: 1856, time: 0.030, data: 0.004) , D_A: 0.024, G_A: 0.972, cycle_A: 0.068, idt_A: 0.137, D_B: 0.001, G_B: 0.991, cycle_B: 0.223, idt_B: 0.066

learning rate 0.0000100 -> 0.0000100
saving the model at the end of epoch 893, iters 624672
End of epoch 893 / 950 	 Time Taken: 53 sec
[Rank 0] (epoch: 894, iters: 128, time: 0.148, data: 0.004) , D_A: 0.044, G_A: 0.700, cycle_A: 0.086, idt_A: 0.123, D_B: 0.001, G_B: 1.023, cycle_B: 0.207, idt_B: 0.081

[Rank 0] (epoch: 894, iters: 328, time: 0.125, data: 0.002) , D_A: 0.017, G_A: 0.885, cycle_A: 0.089, idt_A: 0.121, D_B: 0.001, G_B: 0.992, cycle_B: 0.208, idt_B: 0.080

saving the latest model (epoch 894, total_iters 625000)
[Rank 0] (epoch: 894, iters: 528, time: 0.030, data: 0.002) , D_A: 0.012, G_A: 0.936, cycle_A: 0.077, idt_A: 0.122, D_B: 0.000, G_B: 0.973, cycle_B: 0.210, idt_B: 0.068

[Rank 0] (epoch: 894, iters: 728, time: 0.029, data: 0.003) , D_A: 0.013, G_A: 0.988, cycle_A: 0.083, idt_A: 0.127, D_B: 0.001, G_B: 0.999, cycle_B: 0.230, idt_B: 0.079

[Rank 0] (epoch: 894, iters: 928, time: 0.029, data: 0.002) , D_A: 0.011, G_A: 0.950, cycle_A: 0.075, idt_A: 0.124, D_B: 0.000, G_B: 1.014, cycle_B: 0.213, idt_B: 0.069

[Rank 0] (epoch: 894, iters: 1128, time: 0.029, data: 0.004) , D_A: 0.012, G_A: 0.989, cycle_A: 0.087, idt_A: 0.116, D_B: 0.001, G_B: 1.053, cycle_B: 0.200, idt_B: 0.085

[Rank 0] (epoch: 894, iters: 1328, time: 0.133, data: 0.003) , D_A: 0.010, G_A: 0.999, cycle_A: 0.079, idt_A: 0.118, D_B: 0.000, G_B: 0.968, cycle_B: 0.206, idt_B: 0.072

[Rank 0] (epoch: 894, iters: 1528, time: 0.029, data: 0.003) , D_A: 0.012, G_A: 0.946, cycle_A: 0.077, idt_A: 0.130, D_B: 0.001, G_B: 1.002, cycle_B: 0.221, idt_B: 0.068

[Rank 0] (epoch: 894, iters: 1728, time: 0.029, data: 0.002) , D_A: 0.010, G_A: 0.986, cycle_A: 0.084, idt_A: 0.149, D_B: 0.001, G_B: 0.984, cycle_B: 0.254, idt_B: 0.081

[Rank 0] (epoch: 894, iters: 1928, time: 0.023, data: 0.004) , D_A: 0.009, G_A: 1.032, cycle_A: 0.077, idt_A: 0.112, D_B: 0.001, G_B: 0.971, cycle_B: 0.187, idt_B: 0.071

learning rate 0.0000100 -> 0.0000100
saving the model at the end of epoch 894, iters 626600
End of epoch 894 / 950 	 Time Taken: 53 sec
[Rank 0] (epoch: 895, iters: 200, time: 0.141, data: 1.229) , D_A: 0.016, G_A: 1.006, cycle_A: 0.068, idt_A: 0.127, D_B: 0.001, G_B: 1.008, cycle_B: 0.214, idt_B: 0.059

[Rank 0] (epoch: 895, iters: 400, time: 0.130, data: 0.002) , D_A: 0.012, G_A: 0.970, cycle_A: 0.077, idt_A: 0.127, D_B: 0.001, G_B: 1.045, cycle_B: 0.221, idt_B: 0.071

[Rank 0] (epoch: 895, iters: 600, time: 0.030, data: 0.003) , D_A: 0.041, G_A: 0.663, cycle_A: 0.060, idt_A: 0.122, D_B: 0.000, G_B: 0.999, cycle_B: 0.212, idt_B: 0.058

[Rank 0] (epoch: 895, iters: 800, time: 0.030, data: 0.003) , D_A: 0.099, G_A: 0.524, cycle_A: 0.088, idt_A: 0.124, D_B: 0.000, G_B: 1.004, cycle_B: 0.216, idt_B: 0.087

[Rank 0] (epoch: 895, iters: 1000, time: 0.030, data: 0.002) , D_A: 0.019, G_A: 0.997, cycle_A: 0.068, idt_A: 0.111, D_B: 0.001, G_B: 1.086, cycle_B: 0.199, idt_B: 0.062

[Rank 0] (epoch: 895, iters: 1200, time: 0.030, data: 0.002) , D_A: 0.013, G_A: 0.983, cycle_A: 0.079, idt_A: 0.129, D_B: 0.001, G_B: 1.001, cycle_B: 0.220, idt_B: 0.076

[Rank 0] (epoch: 895, iters: 1400, time: 0.154, data: 0.003) , D_A: 0.010, G_A: 0.978, cycle_A: 0.075, idt_A: 0.128, D_B: 0.000, G_B: 0.980, cycle_B: 0.215, idt_B: 0.067

[Rank 0] (epoch: 895, iters: 1600, time: 0.030, data: 0.002) , D_A: 0.011, G_A: 0.997, cycle_A: 0.070, idt_A: 0.122, D_B: 0.001, G_B: 0.990, cycle_B: 0.205, idt_B: 0.069

[Rank 0] (epoch: 895, iters: 1800, time: 0.029, data: 0.003) , D_A: 0.010, G_A: 0.956, cycle_A: 0.059, idt_A: 0.109, D_B: 0.000, G_B: 0.986, cycle_B: 0.185, idt_B: 0.056

learning rate 0.0000100 -> 0.0000100
saving the model at the end of epoch 895, iters 628528
End of epoch 895 / 950 	 Time Taken: 54 sec
[Rank 0] (epoch: 896, iters: 72, time: 0.134, data: 0.004) , D_A: 0.010, G_A: 1.001, cycle_A: 0.074, idt_A: 0.115, D_B: 0.001, G_B: 0.970, cycle_B: 0.194, idt_B: 0.071

[Rank 0] (epoch: 896, iters: 272, time: 0.030, data: 0.004) , D_A: 0.010, G_A: 0.946, cycle_A: 0.072, idt_A: 0.129, D_B: 0.001, G_B: 1.026, cycle_B: 0.222, idt_B: 0.065

[Rank 0] (epoch: 896, iters: 472, time: 0.135, data: 0.003) , D_A: 0.010, G_A: 1.028, cycle_A: 0.069, idt_A: 0.112, D_B: 0.000, G_B: 0.979, cycle_B: 0.187, idt_B: 0.067

[Rank 0] (epoch: 896, iters: 672, time: 0.030, data: 0.003) , D_A: 0.012, G_A: 1.205, cycle_A: 0.076, idt_A: 0.132, D_B: 0.000, G_B: 1.000, cycle_B: 0.221, idt_B: 0.072

[Rank 0] (epoch: 896, iters: 872, time: 0.030, data: 0.004) , D_A: 0.015, G_A: 0.983, cycle_A: 0.088, idt_A: 0.148, D_B: 0.000, G_B: 1.009, cycle_B: 0.253, idt_B: 0.083

[Rank 0] (epoch: 896, iters: 1072, time: 0.030, data: 0.002) , D_A: 0.012, G_A: 1.040, cycle_A: 0.078, idt_A: 0.126, D_B: 0.001, G_B: 0.998, cycle_B: 0.216, idt_B: 0.077

[Rank 0] (epoch: 896, iters: 1272, time: 0.030, data: 0.003) , D_A: 0.012, G_A: 1.286, cycle_A: 0.070, idt_A: 0.123, D_B: 0.000, G_B: 0.988, cycle_B: 0.210, idt_B: 0.062

[Rank 0] (epoch: 896, iters: 1472, time: 0.130, data: 0.003) , D_A: 0.010, G_A: 0.976, cycle_A: 0.084, idt_A: 0.132, D_B: 0.001, G_B: 1.001, cycle_B: 0.228, idt_B: 0.078

saving the latest model (epoch 896, total_iters 630000)
[Rank 0] (epoch: 896, iters: 1672, time: 0.030, data: 0.003) , D_A: 0.008, G_A: 1.023, cycle_A: 0.089, idt_A: 0.126, D_B: 0.001, G_B: 0.922, cycle_B: 0.220, idt_B: 0.083

[Rank 0] (epoch: 896, iters: 1872, time: 0.030, data: 0.003) , D_A: 0.009, G_A: 0.954, cycle_A: 0.062, idt_A: 0.122, D_B: 0.001, G_B: 1.052, cycle_B: 0.208, idt_B: 0.062

learning rate 0.0000100 -> 0.0000100
saving the model at the end of epoch 896, iters 630456
End of epoch 896 / 950 	 Time Taken: 53 sec
[Rank 0] (epoch: 897, iters: 144, time: 0.139, data: 0.003) , D_A: 0.008, G_A: 0.928, cycle_A: 0.052, idt_A: 0.137, D_B: 0.000, G_B: 0.972, cycle_B: 0.231, idt_B: 0.050

[Rank 0] (epoch: 897, iters: 344, time: 0.030, data: 0.002) , D_A: 0.013, G_A: 1.098, cycle_A: 0.071, idt_A: 0.128, D_B: 0.001, G_B: 1.022, cycle_B: 0.220, idt_B: 0.065

[Rank 0] (epoch: 897, iters: 544, time: 0.131, data: 0.003) , D_A: 0.044, G_A: 0.550, cycle_A: 0.074, idt_A: 0.123, D_B: 0.001, G_B: 1.008, cycle_B: 0.215, idt_B: 0.074

[Rank 0] (epoch: 897, iters: 744, time: 0.030, data: 0.003) , D_A: 0.062, G_A: 0.346, cycle_A: 0.087, idt_A: 0.128, D_B: 0.000, G_B: 1.001, cycle_B: 0.214, idt_B: 0.083

[Rank 0] (epoch: 897, iters: 944, time: 0.030, data: 0.003) , D_A: 0.012, G_A: 0.920, cycle_A: 0.077, idt_A: 0.124, D_B: 0.001, G_B: 0.948, cycle_B: 0.202, idt_B: 0.074

[Rank 0] (epoch: 897, iters: 1144, time: 0.030, data: 0.003) , D_A: 0.009, G_A: 0.994, cycle_A: 0.063, idt_A: 0.126, D_B: 0.001, G_B: 0.989, cycle_B: 0.221, idt_B: 0.063

[Rank 0] (epoch: 897, iters: 1344, time: 0.030, data: 0.002) , D_A: 0.011, G_A: 0.996, cycle_A: 0.077, idt_A: 0.129, D_B: 0.001, G_B: 0.962, cycle_B: 0.228, idt_B: 0.075

[Rank 0] (epoch: 897, iters: 1544, time: 0.155, data: 0.002) , D_A: 0.007, G_A: 0.961, cycle_A: 0.077, idt_A: 0.123, D_B: 0.001, G_B: 0.980, cycle_B: 0.216, idt_B: 0.070

[Rank 0] (epoch: 897, iters: 1744, time: 0.030, data: 0.003) , D_A: 0.008, G_A: 1.026, cycle_A: 0.082, idt_A: 0.125, D_B: 0.001, G_B: 0.999, cycle_B: 0.210, idt_B: 0.072

learning rate 0.0000100 -> 0.0000100
saving the model at the end of epoch 897, iters 632384
End of epoch 897 / 950 	 Time Taken: 54 sec
[Rank 0] (epoch: 898, iters: 16, time: 0.173, data: 0.002) , D_A: 0.008, G_A: 0.974, cycle_A: 0.085, idt_A: 0.123, D_B: 0.000, G_B: 0.982, cycle_B: 0.219, idt_B: 0.084

[Rank 0] (epoch: 898, iters: 216, time: 0.029, data: 0.003) , D_A: 0.007, G_A: 0.984, cycle_A: 0.080, idt_A: 0.143, D_B: 0.000, G_B: 1.002, cycle_B: 0.244, idt_B: 0.077

[Rank 0] (epoch: 898, iters: 416, time: 0.030, data: 0.004) , D_A: 0.008, G_A: 0.981, cycle_A: 0.059, idt_A: 0.130, D_B: 0.000, G_B: 0.978, cycle_B: 0.236, idt_B: 0.061

[Rank 0] (epoch: 898, iters: 616, time: 0.125, data: 0.004) , D_A: 0.007, G_A: 1.029, cycle_A: 0.067, idt_A: 0.097, D_B: 0.001, G_B: 0.976, cycle_B: 0.162, idt_B: 0.059

[Rank 0] (epoch: 898, iters: 816, time: 0.029, data: 0.002) , D_A: 0.008, G_A: 1.039, cycle_A: 0.075, idt_A: 0.121, D_B: 0.000, G_B: 0.962, cycle_B: 0.214, idt_B: 0.071

[Rank 0] (epoch: 898, iters: 1016, time: 0.029, data: 0.003) , D_A: 0.007, G_A: 0.995, cycle_A: 0.077, idt_A: 0.117, D_B: 0.000, G_B: 1.002, cycle_B: 0.209, idt_B: 0.075

[Rank 0] (epoch: 898, iters: 1216, time: 0.029, data: 0.004) , D_A: 0.009, G_A: 1.019, cycle_A: 0.059, idt_A: 0.136, D_B: 0.001, G_B: 1.011, cycle_B: 0.239, idt_B: 0.051

[Rank 0] (epoch: 898, iters: 1416, time: 0.029, data: 0.003) , D_A: 0.009, G_A: 1.017, cycle_A: 0.085, idt_A: 0.130, D_B: 0.000, G_B: 0.985, cycle_B: 0.228, idt_B: 0.079

[Rank 0] (epoch: 898, iters: 1616, time: 0.149, data: 0.003) , D_A: 0.008, G_A: 0.952, cycle_A: 0.075, idt_A: 0.127, D_B: 0.001, G_B: 0.977, cycle_B: 0.219, idt_B: 0.069

[Rank 0] (epoch: 898, iters: 1816, time: 0.030, data: 0.002) , D_A: 0.009, G_A: 0.960, cycle_A: 0.046, idt_A: 0.131, D_B: 0.000, G_B: 0.997, cycle_B: 0.228, idt_B: 0.043

learning rate 0.0000100 -> 0.0000100
saving the model at the end of epoch 898, iters 634312
End of epoch 898 / 950 	 Time Taken: 53 sec
[Rank 0] (epoch: 899, iters: 88, time: 0.136, data: 0.004) , D_A: 0.007, G_A: 0.986, cycle_A: 0.061, idt_A: 0.115, D_B: 0.000, G_B: 0.992, cycle_B: 0.195, idt_B: 0.057

[Rank 0] (epoch: 899, iters: 288, time: 0.030, data: 0.004) , D_A: 0.008, G_A: 0.962, cycle_A: 0.078, idt_A: 0.126, D_B: 0.001, G_B: 0.984, cycle_B: 0.223, idt_B: 0.075

[Rank 0] (epoch: 899, iters: 488, time: 0.029, data: 0.003) , D_A: 0.011, G_A: 1.030, cycle_A: 0.094, idt_A: 0.129, D_B: 0.001, G_B: 1.015, cycle_B: 0.231, idt_B: 0.093

[Rank 0] (epoch: 899, iters: 688, time: 0.137, data: 0.003) , D_A: 0.009, G_A: 1.055, cycle_A: 0.093, idt_A: 0.137, D_B: 0.000, G_B: 1.023, cycle_B: 0.228, idt_B: 0.089

saving the latest model (epoch 899, total_iters 635000)
[Rank 0] (epoch: 899, iters: 888, time: 0.029, data: 0.004) , D_A: 0.011, G_A: 0.958, cycle_A: 0.083, idt_A: 0.125, D_B: 0.001, G_B: 0.981, cycle_B: 0.227, idt_B: 0.082

[Rank 0] (epoch: 899, iters: 1088, time: 0.030, data: 0.003) , D_A: 0.020, G_A: 0.757, cycle_A: 0.066, idt_A: 0.138, D_B: 0.000, G_B: 0.984, cycle_B: 0.249, idt_B: 0.062

[Rank 0] (epoch: 899, iters: 1288, time: 0.030, data: 0.003) , D_A: 0.009, G_A: 0.919, cycle_A: 0.071, idt_A: 0.134, D_B: 0.001, G_B: 0.960, cycle_B: 0.220, idt_B: 0.065

[Rank 0] (epoch: 899, iters: 1488, time: 0.029, data: 0.003) , D_A: 0.195, G_A: 0.143, cycle_A: 0.086, idt_A: 0.125, D_B: 0.001, G_B: 0.983, cycle_B: 0.213, idt_B: 0.084

[Rank 0] (epoch: 899, iters: 1688, time: 0.144, data: 0.003) , D_A: 0.067, G_A: 0.454, cycle_A: 0.079, idt_A: 0.128, D_B: 0.001, G_B: 0.961, cycle_B: 0.219, idt_B: 0.074

[Rank 0] (epoch: 899, iters: 1888, time: 0.030, data: 0.003) , D_A: 0.044, G_A: 0.488, cycle_A: 0.062, idt_A: 0.119, D_B: 0.000, G_B: 0.987, cycle_B: 0.203, idt_B: 0.059

learning rate 0.0000100 -> 0.0000100
saving the model at the end of epoch 899, iters 636240
End of epoch 899 / 950 	 Time Taken: 54 sec
[Rank 0] (epoch: 900, iters: 160, time: 0.137, data: 0.003) , D_A: 0.047, G_A: 0.576, cycle_A: 0.078, idt_A: 0.117, D_B: 0.001, G_B: 0.991, cycle_B: 0.196, idt_B: 0.072

[Rank 0] (epoch: 900, iters: 360, time: 0.030, data: 0.001) , D_A: 0.014, G_A: 0.911, cycle_A: 0.081, idt_A: 0.126, D_B: 0.000, G_B: 0.992, cycle_B: 0.222, idt_B: 0.079

[Rank 0] (epoch: 900, iters: 560, time: 0.029, data: 0.002) , D_A: 0.010, G_A: 0.962, cycle_A: 0.091, idt_A: 0.124, D_B: 0.001, G_B: 0.961, cycle_B: 0.214, idt_B: 0.092

[Rank 0] (epoch: 900, iters: 760, time: 0.136, data: 0.003) , D_A: 0.010, G_A: 0.894, cycle_A: 0.064, idt_A: 0.124, D_B: 0.000, G_B: 0.985, cycle_B: 0.216, idt_B: 0.056

[Rank 0] (epoch: 900, iters: 960, time: 0.030, data: 0.002) , D_A: 0.010, G_A: 1.004, cycle_A: 0.059, idt_A: 0.118, D_B: 0.000, G_B: 0.997, cycle_B: 0.208, idt_B: 0.053

[Rank 0] (epoch: 900, iters: 1160, time: 0.029, data: 0.003) , D_A: 0.010, G_A: 1.078, cycle_A: 0.079, idt_A: 0.121, D_B: 0.000, G_B: 0.983, cycle_B: 0.211, idt_B: 0.074

[Rank 0] (epoch: 900, iters: 1360, time: 0.030, data: 0.002) , D_A: 0.010, G_A: 0.947, cycle_A: 0.078, idt_A: 0.136, D_B: 0.001, G_B: 1.008, cycle_B: 0.220, idt_B: 0.072

[Rank 0] (epoch: 900, iters: 1560, time: 0.029, data: 0.003) , D_A: 0.011, G_A: 0.977, cycle_A: 0.076, idt_A: 0.123, D_B: 0.000, G_B: 1.018, cycle_B: 0.213, idt_B: 0.068

[Rank 0] (epoch: 900, iters: 1760, time: 0.137, data: 0.004) , D_A: 0.009, G_A: 1.000, cycle_A: 0.087, idt_A: 0.125, D_B: 0.000, G_B: 1.021, cycle_B: 0.233, idt_B: 0.083

learning rate 0.0000100 -> 0.0000098
saving the model at the end of epoch 900, iters 638168
End of epoch 900 / 950 	 Time Taken: 53 sec
[Rank 0] (epoch: 901, iters: 32, time: 0.187, data: 0.002) , D_A: 0.010, G_A: 1.101, cycle_A: 0.075, idt_A: 0.118, D_B: 0.001, G_B: 0.954, cycle_B: 0.217, idt_B: 0.072

[Rank 0] (epoch: 901, iters: 232, time: 0.030, data: 0.002) , D_A: 0.008, G_A: 0.973, cycle_A: 0.063, idt_A: 0.124, D_B: 0.001, G_B: 0.951, cycle_B: 0.216, idt_B: 0.058

[Rank 0] (epoch: 901, iters: 432, time: 0.030, data: 0.006) , D_A: 0.009, G_A: 0.980, cycle_A: 0.071, idt_A: 0.132, D_B: 0.001, G_B: 0.963, cycle_B: 0.228, idt_B: 0.068

[Rank 0] (epoch: 901, iters: 632, time: 0.029, data: 0.003) , D_A: 0.008, G_A: 0.981, cycle_A: 0.081, idt_A: 0.121, D_B: 0.000, G_B: 0.981, cycle_B: 0.208, idt_B: 0.074

[Rank 0] (epoch: 901, iters: 832, time: 0.143, data: 0.002) , D_A: 0.008, G_A: 1.001, cycle_A: 0.082, idt_A: 0.125, D_B: 0.001, G_B: 0.964, cycle_B: 0.209, idt_B: 0.079

[Rank 0] (epoch: 901, iters: 1032, time: 0.029, data: 0.003) , D_A: 0.007, G_A: 0.991, cycle_A: 0.071, idt_A: 0.121, D_B: 0.001, G_B: 0.960, cycle_B: 0.208, idt_B: 0.067

[Rank 0] (epoch: 901, iters: 1232, time: 0.030, data: 0.003) , D_A: 0.011, G_A: 0.970, cycle_A: 0.090, idt_A: 0.139, D_B: 0.000, G_B: 1.019, cycle_B: 0.245, idt_B: 0.085

[Rank 0] (epoch: 901, iters: 1432, time: 0.029, data: 0.004) , D_A: 0.008, G_A: 1.038, cycle_A: 0.074, idt_A: 0.120, D_B: 0.000, G_B: 0.997, cycle_B: 0.207, idt_B: 0.071

[Rank 0] (epoch: 901, iters: 1632, time: 0.030, data: 0.002) , D_A: 0.008, G_A: 1.021, cycle_A: 0.070, idt_A: 0.111, D_B: 0.000, G_B: 1.020, cycle_B: 0.202, idt_B: 0.064

[Rank 0] (epoch: 901, iters: 1832, time: 0.132, data: 0.004) , D_A: 0.008, G_A: 1.009, cycle_A: 0.065, idt_A: 0.113, D_B: 0.001, G_B: 0.943, cycle_B: 0.192, idt_B: 0.059

saving the latest model (epoch 901, total_iters 640000)
learning rate 0.0000098 -> 0.0000096
saving the model at the end of epoch 901, iters 640096
End of epoch 901 / 950 	 Time Taken: 54 sec
[Rank 0] (epoch: 902, iters: 104, time: 0.139, data: 0.002) , D_A: 0.008, G_A: 0.988, cycle_A: 0.084, idt_A: 0.127, D_B: 0.000, G_B: 0.973, cycle_B: 0.220, idt_B: 0.074

[Rank 0] (epoch: 902, iters: 304, time: 0.029, data: 0.001) , D_A: 0.008, G_A: 1.009, cycle_A: 0.085, idt_A: 0.130, D_B: 0.001, G_B: 0.912, cycle_B: 0.229, idt_B: 0.078

[Rank 0] (epoch: 902, iters: 504, time: 0.030, data: 0.002) , D_A: 0.008, G_A: 1.022, cycle_A: 0.066, idt_A: 0.120, D_B: 0.001, G_B: 0.999, cycle_B: 0.211, idt_B: 0.061

[Rank 0] (epoch: 902, iters: 704, time: 0.029, data: 0.003) , D_A: 0.011, G_A: 1.025, cycle_A: 0.084, idt_A: 0.102, D_B: 0.001, G_B: 1.071, cycle_B: 0.182, idt_B: 0.074

[Rank 0] (epoch: 902, iters: 904, time: 0.127, data: 0.003) , D_A: 0.008, G_A: 1.034, cycle_A: 0.072, idt_A: 0.126, D_B: 0.001, G_B: 1.016, cycle_B: 0.220, idt_B: 0.069

[Rank 0] (epoch: 902, iters: 1104, time: 0.029, data: 0.003) , D_A: 0.009, G_A: 0.941, cycle_A: 0.085, idt_A: 0.129, D_B: 0.001, G_B: 0.991, cycle_B: 0.232, idt_B: 0.076

[Rank 0] (epoch: 902, iters: 1304, time: 0.030, data: 0.002) , D_A: 0.008, G_A: 0.987, cycle_A: 0.091, idt_A: 0.116, D_B: 0.001, G_B: 1.016, cycle_B: 0.205, idt_B: 0.083

[Rank 0] (epoch: 902, iters: 1504, time: 0.029, data: 0.003) , D_A: 0.013, G_A: 1.047, cycle_A: 0.076, idt_A: 0.122, D_B: 0.002, G_B: 0.999, cycle_B: 0.230, idt_B: 0.067

[Rank 0] (epoch: 902, iters: 1704, time: 0.030, data: 0.002) , D_A: 0.008, G_A: 1.021, cycle_A: 0.090, idt_A: 0.129, D_B: 0.001, G_B: 0.913, cycle_B: 0.232, idt_B: 0.080

[Rank 0] (epoch: 902, iters: 1904, time: 0.135, data: 0.003) , D_A: 0.009, G_A: 0.993, cycle_A: 0.075, idt_A: 0.119, D_B: 0.005, G_B: 0.982, cycle_B: 0.219, idt_B: 0.070

learning rate 0.0000096 -> 0.0000094
saving the model at the end of epoch 902, iters 642024
End of epoch 902 / 950 	 Time Taken: 53 sec
[Rank 0] (epoch: 903, iters: 176, time: 0.154, data: 0.003) , D_A: 0.008, G_A: 0.957, cycle_A: 0.097, idt_A: 0.138, D_B: 0.001, G_B: 0.927, cycle_B: 0.248, idt_B: 0.081

[Rank 0] (epoch: 903, iters: 376, time: 0.030, data: 0.002) , D_A: 0.008, G_A: 1.046, cycle_A: 0.088, idt_A: 0.115, D_B: 0.001, G_B: 0.973, cycle_B: 0.215, idt_B: 0.072

[Rank 0] (epoch: 903, iters: 576, time: 0.029, data: 0.003) , D_A: 0.011, G_A: 0.934, cycle_A: 0.082, idt_A: 0.132, D_B: 0.001, G_B: 0.985, cycle_B: 0.241, idt_B: 0.061

[Rank 0] (epoch: 903, iters: 776, time: 0.030, data: 0.002) , D_A: 0.012, G_A: 1.116, cycle_A: 0.116, idt_A: 0.132, D_B: 0.001, G_B: 0.953, cycle_B: 0.230, idt_B: 0.100

[Rank 0] (epoch: 903, iters: 976, time: 0.150, data: 0.003) , D_A: 0.009, G_A: 1.003, cycle_A: 0.085, idt_A: 0.121, D_B: 0.003, G_B: 0.927, cycle_B: 0.234, idt_B: 0.071

[Rank 0] (epoch: 903, iters: 1176, time: 0.030, data: 0.003) , D_A: 0.008, G_A: 0.988, cycle_A: 0.098, idt_A: 0.135, D_B: 0.002, G_B: 0.981, cycle_B: 0.256, idt_B: 0.083

[Rank 0] (epoch: 903, iters: 1376, time: 0.029, data: 0.004) , D_A: 0.009, G_A: 1.062, cycle_A: 0.098, idt_A: 0.123, D_B: 0.068, G_B: 0.948, cycle_B: 0.225, idt_B: 0.079

[Rank 0] (epoch: 903, iters: 1576, time: 0.029, data: 0.003) , D_A: 0.009, G_A: 0.987, cycle_A: 0.081, idt_A: 0.133, D_B: 0.014, G_B: 0.987, cycle_B: 0.250, idt_B: 0.063

[Rank 0] (epoch: 903, iters: 1776, time: 0.029, data: 0.003) , D_A: 0.009, G_A: 1.091, cycle_A: 0.109, idt_A: 0.115, D_B: 0.003, G_B: 0.885, cycle_B: 0.217, idt_B: 0.087

learning rate 0.0000094 -> 0.0000092
saving the model at the end of epoch 903, iters 643952
End of epoch 903 / 950 	 Time Taken: 53 sec
[Rank 0] (epoch: 904, iters: 48, time: 0.169, data: 0.002) , D_A: 0.007, G_A: 1.057, cycle_A: 0.089, idt_A: 0.118, D_B: 0.042, G_B: 1.040, cycle_B: 0.224, idt_B: 0.074

[Rank 0] (epoch: 904, iters: 248, time: 0.029, data: 0.002) , D_A: 0.008, G_A: 0.991, cycle_A: 0.088, idt_A: 0.121, D_B: 0.002, G_B: 1.040, cycle_B: 0.224, idt_B: 0.073

[Rank 0] (epoch: 904, iters: 448, time: 0.030, data: 0.003) , D_A: 0.009, G_A: 1.020, cycle_A: 0.084, idt_A: 0.122, D_B: 0.002, G_B: 0.900, cycle_B: 0.233, idt_B: 0.068

[Rank 0] (epoch: 904, iters: 648, time: 0.030, data: 0.004) , D_A: 0.009, G_A: 0.937, cycle_A: 0.081, idt_A: 0.120, D_B: 0.020, G_B: 0.975, cycle_B: 0.234, idt_B: 0.063

[Rank 0] (epoch: 904, iters: 848, time: 0.030, data: 0.007) , D_A: 0.007, G_A: 0.977, cycle_A: 0.079, idt_A: 0.128, D_B: 0.001, G_B: 0.988, cycle_B: 0.237, idt_B: 0.063

[Rank 0] (epoch: 904, iters: 1048, time: 0.145, data: 0.003) , D_A: 0.009, G_A: 0.946, cycle_A: 0.078, idt_A: 0.136, D_B: 0.001, G_B: 0.994, cycle_B: 0.242, idt_B: 0.063

saving the latest model (epoch 904, total_iters 645000)
[Rank 0] (epoch: 904, iters: 1248, time: 0.029, data: 0.002) , D_A: 0.009, G_A: 0.905, cycle_A: 0.081, idt_A: 0.113, D_B: 0.001, G_B: 0.988, cycle_B: 0.188, idt_B: 0.066

[Rank 0] (epoch: 904, iters: 1448, time: 0.029, data: 0.002) , D_A: 0.011, G_A: 1.094, cycle_A: 0.092, idt_A: 0.118, D_B: 0.001, G_B: 0.993, cycle_B: 0.207, idt_B: 0.076

[Rank 0] (epoch: 904, iters: 1648, time: 0.029, data: 0.003) , D_A: 0.008, G_A: 1.023, cycle_A: 0.099, idt_A: 0.114, D_B: 0.001, G_B: 1.008, cycle_B: 0.202, idt_B: 0.089

[Rank 0] (epoch: 904, iters: 1848, time: 0.029, data: 0.006) , D_A: 0.007, G_A: 0.943, cycle_A: 0.078, idt_A: 0.128, D_B: 0.000, G_B: 0.991, cycle_B: 0.226, idt_B: 0.064

learning rate 0.0000092 -> 0.0000090
saving the model at the end of epoch 904, iters 645880
End of epoch 904 / 950 	 Time Taken: 53 sec
[Rank 0] (epoch: 905, iters: 120, time: 0.143, data: 0.002) , D_A: 0.007, G_A: 1.029, cycle_A: 0.075, idt_A: 0.135, D_B: 0.001, G_B: 0.983, cycle_B: 0.232, idt_B: 0.062

[Rank 0] (epoch: 905, iters: 320, time: 0.029, data: 0.003) , D_A: 0.007, G_A: 1.015, cycle_A: 0.049, idt_A: 0.128, D_B: 0.001, G_B: 1.017, cycle_B: 0.231, idt_B: 0.042

[Rank 0] (epoch: 905, iters: 520, time: 0.029, data: 0.002) , D_A: 0.012, G_A: 1.229, cycle_A: 0.094, idt_A: 0.148, D_B: 0.001, G_B: 0.992, cycle_B: 0.246, idt_B: 0.072

[Rank 0] (epoch: 905, iters: 720, time: 0.029, data: 0.003) , D_A: 0.029, G_A: 0.779, cycle_A: 0.064, idt_A: 0.127, D_B: 0.057, G_B: 0.987, cycle_B: 0.214, idt_B: 0.051

[Rank 0] (epoch: 905, iters: 920, time: 0.030, data: 0.003) , D_A: 0.098, G_A: 0.434, cycle_A: 0.086, idt_A: 0.136, D_B: 0.001, G_B: 0.991, cycle_B: 0.216, idt_B: 0.068

[Rank 0] (epoch: 905, iters: 1120, time: 0.133, data: 0.004) , D_A: 0.023, G_A: 0.831, cycle_A: 0.100, idt_A: 0.115, D_B: 0.002, G_B: 0.915, cycle_B: 0.199, idt_B: 0.095

[Rank 0] (epoch: 905, iters: 1320, time: 0.029, data: 0.003) , D_A: 0.024, G_A: 1.113, cycle_A: 0.085, idt_A: 0.138, D_B: 0.002, G_B: 0.965, cycle_B: 0.230, idt_B: 0.073

[Rank 0] (epoch: 905, iters: 1520, time: 0.029, data: 0.003) , D_A: 0.049, G_A: 0.842, cycle_A: 0.102, idt_A: 0.112, D_B: 0.001, G_B: 0.997, cycle_B: 0.191, idt_B: 0.096

[Rank 0] (epoch: 905, iters: 1720, time: 0.030, data: 0.002) , D_A: 0.015, G_A: 0.951, cycle_A: 0.079, idt_A: 0.130, D_B: 0.001, G_B: 0.987, cycle_B: 0.212, idt_B: 0.069

[Rank 0] (epoch: 905, iters: 1920, time: 0.029, data: 0.004) , D_A: 0.010, G_A: 0.945, cycle_A: 0.091, idt_A: 0.111, D_B: 0.006, G_B: 0.978, cycle_B: 0.177, idt_B: 0.079

learning rate 0.0000090 -> 0.0000088
saving the model at the end of epoch 905, iters 647808
End of epoch 905 / 950 	 Time Taken: 52 sec
[Rank 0] (epoch: 906, iters: 192, time: 0.133, data: 0.001) , D_A: 0.008, G_A: 0.995, cycle_A: 0.069, idt_A: 0.134, D_B: 0.024, G_B: 0.973, cycle_B: 0.213, idt_B: 0.067

[Rank 0] (epoch: 906, iters: 392, time: 0.029, data: 0.003) , D_A: 0.009, G_A: 1.166, cycle_A: 0.081, idt_A: 0.124, D_B: 0.002, G_B: 0.974, cycle_B: 0.202, idt_B: 0.073

[Rank 0] (epoch: 906, iters: 592, time: 0.029, data: 0.004) , D_A: 0.007, G_A: 1.063, cycle_A: 0.079, idt_A: 0.121, D_B: 0.023, G_B: 0.887, cycle_B: 0.196, idt_B: 0.068

[Rank 0] (epoch: 906, iters: 792, time: 0.029, data: 0.004) , D_A: 0.007, G_A: 1.024, cycle_A: 0.081, idt_A: 0.116, D_B: 0.001, G_B: 0.975, cycle_B: 0.193, idt_B: 0.078

[Rank 0] (epoch: 906, iters: 992, time: 0.030, data: 0.003) , D_A: 0.006, G_A: 0.958, cycle_A: 0.062, idt_A: 0.110, D_B: 0.002, G_B: 0.980, cycle_B: 0.181, idt_B: 0.059

[Rank 0] (epoch: 906, iters: 1192, time: 0.146, data: 0.005) , D_A: 0.006, G_A: 0.972, cycle_A: 0.095, idt_A: 0.117, D_B: 0.002, G_B: 0.913, cycle_B: 0.194, idt_B: 0.091

[Rank 0] (epoch: 906, iters: 1392, time: 0.029, data: 0.002) , D_A: 0.007, G_A: 0.974, cycle_A: 0.077, idt_A: 0.108, D_B: 0.001, G_B: 0.981, cycle_B: 0.182, idt_B: 0.073

[Rank 0] (epoch: 906, iters: 1592, time: 0.029, data: 0.003) , D_A: 0.006, G_A: 1.060, cycle_A: 0.077, idt_A: 0.106, D_B: 0.001, G_B: 1.007, cycle_B: 0.168, idt_B: 0.072

[Rank 0] (epoch: 906, iters: 1792, time: 0.030, data: 0.003) , D_A: 0.006, G_A: 0.998, cycle_A: 0.072, idt_A: 0.122, D_B: 0.001, G_B: 1.000, cycle_B: 0.193, idt_B: 0.072

learning rate 0.0000088 -> 0.0000086
saving the model at the end of epoch 906, iters 649736
End of epoch 906 / 950 	 Time Taken: 52 sec
[Rank 0] (epoch: 907, iters: 64, time: 0.156, data: 0.003) , D_A: 0.007, G_A: 0.923, cycle_A: 0.074, idt_A: 0.124, D_B: 0.001, G_B: 1.005, cycle_B: 0.196, idt_B: 0.063

[Rank 0] (epoch: 907, iters: 264, time: 0.127, data: 0.004) , D_A: 0.007, G_A: 1.093, cycle_A: 0.079, idt_A: 0.123, D_B: 0.000, G_B: 1.003, cycle_B: 0.204, idt_B: 0.073

saving the latest model (epoch 907, total_iters 650000)
[Rank 0] (epoch: 907, iters: 464, time: 0.029, data: 0.003) , D_A: 0.008, G_A: 0.995, cycle_A: 0.061, idt_A: 0.135, D_B: 0.002, G_B: 0.985, cycle_B: 0.232, idt_B: 0.060

[Rank 0] (epoch: 907, iters: 664, time: 0.030, data: 0.002) , D_A: 0.006, G_A: 1.031, cycle_A: 0.071, idt_A: 0.121, D_B: 0.001, G_B: 0.981, cycle_B: 0.193, idt_B: 0.074

[Rank 0] (epoch: 907, iters: 864, time: 0.029, data: 0.004) , D_A: 0.006, G_A: 0.975, cycle_A: 0.051, idt_A: 0.125, D_B: 0.053, G_B: 1.032, cycle_B: 0.208, idt_B: 0.045

[Rank 0] (epoch: 907, iters: 1064, time: 0.029, data: 0.003) , D_A: 0.006, G_A: 0.963, cycle_A: 0.073, idt_A: 0.133, D_B: 0.001, G_B: 0.990, cycle_B: 0.211, idt_B: 0.067

[Rank 0] (epoch: 907, iters: 1264, time: 0.135, data: 0.003) , D_A: 0.005, G_A: 0.991, cycle_A: 0.079, idt_A: 0.121, D_B: 0.002, G_B: 0.923, cycle_B: 0.206, idt_B: 0.077

[Rank 0] (epoch: 907, iters: 1464, time: 0.030, data: 0.002) , D_A: 0.006, G_A: 1.109, cycle_A: 0.069, idt_A: 0.127, D_B: 0.001, G_B: 0.928, cycle_B: 0.206, idt_B: 0.070

[Rank 0] (epoch: 907, iters: 1664, time: 0.029, data: 0.003) , D_A: 0.016, G_A: 0.962, cycle_A: 0.051, idt_A: 0.134, D_B: 0.001, G_B: 0.965, cycle_B: 0.219, idt_B: 0.046

[Rank 0] (epoch: 907, iters: 1864, time: 0.029, data: 0.003) , D_A: 0.006, G_A: 0.992, cycle_A: 0.079, idt_A: 0.116, D_B: 0.001, G_B: 0.978, cycle_B: 0.193, idt_B: 0.079

learning rate 0.0000086 -> 0.0000084
saving the model at the end of epoch 907, iters 651664
End of epoch 907 / 950 	 Time Taken: 54 sec
[Rank 0] (epoch: 908, iters: 136, time: 0.136, data: 0.003) , D_A: 0.007, G_A: 0.973, cycle_A: 0.071, idt_A: 0.123, D_B: 0.001, G_B: 0.991, cycle_B: 0.202, idt_B: 0.072

[Rank 0] (epoch: 908, iters: 336, time: 0.141, data: 0.003) , D_A: 0.005, G_A: 1.014, cycle_A: 0.071, idt_A: 0.125, D_B: 0.001, G_B: 1.010, cycle_B: 0.198, idt_B: 0.068

[Rank 0] (epoch: 908, iters: 536, time: 0.030, data: 0.003) , D_A: 0.006, G_A: 0.941, cycle_A: 0.073, idt_A: 0.118, D_B: 0.001, G_B: 1.008, cycle_B: 0.189, idt_B: 0.067

[Rank 0] (epoch: 908, iters: 736, time: 0.030, data: 0.002) , D_A: 0.005, G_A: 1.059, cycle_A: 0.080, idt_A: 0.119, D_B: 0.001, G_B: 0.921, cycle_B: 0.187, idt_B: 0.080

[Rank 0] (epoch: 908, iters: 936, time: 0.029, data: 0.003) , D_A: 0.005, G_A: 0.984, cycle_A: 0.090, idt_A: 0.124, D_B: 0.001, G_B: 1.010, cycle_B: 0.196, idt_B: 0.078

[Rank 0] (epoch: 908, iters: 1136, time: 0.030, data: 0.002) , D_A: 0.007, G_A: 1.027, cycle_A: 0.075, idt_A: 0.123, D_B: 0.001, G_B: 0.974, cycle_B: 0.204, idt_B: 0.073

[Rank 0] (epoch: 908, iters: 1336, time: 0.156, data: 0.004) , D_A: 0.005, G_A: 0.972, cycle_A: 0.097, idt_A: 0.129, D_B: 0.006, G_B: 0.969, cycle_B: 0.231, idt_B: 0.092

[Rank 0] (epoch: 908, iters: 1536, time: 0.030, data: 0.002) , D_A: 0.007, G_A: 1.016, cycle_A: 0.078, idt_A: 0.123, D_B: 0.003, G_B: 0.964, cycle_B: 0.213, idt_B: 0.072

[Rank 0] (epoch: 908, iters: 1736, time: 0.029, data: 0.004) , D_A: 0.008, G_A: 1.084, cycle_A: 0.071, idt_A: 0.121, D_B: 0.003, G_B: 0.976, cycle_B: 0.217, idt_B: 0.064

learning rate 0.0000084 -> 0.0000082
saving the model at the end of epoch 908, iters 653592
End of epoch 908 / 950 	 Time Taken: 54 sec
[Rank 0] (epoch: 909, iters: 8, time: 0.170, data: 0.003) , D_A: 0.015, G_A: 0.980, cycle_A: 0.087, idt_A: 0.102, D_B: 0.003, G_B: 0.898, cycle_B: 0.180, idt_B: 0.083

[Rank 0] (epoch: 909, iters: 208, time: 0.030, data: 0.004) , D_A: 0.163, G_A: 0.807, cycle_A: 0.078, idt_A: 0.124, D_B: 0.004, G_B: 0.944, cycle_B: 0.207, idt_B: 0.079

[Rank 0] (epoch: 909, iters: 408, time: 0.137, data: 0.003) , D_A: 0.030, G_A: 0.481, cycle_A: 0.047, idt_A: 0.138, D_B: 0.002, G_B: 0.955, cycle_B: 0.234, idt_B: 0.043

[Rank 0] (epoch: 909, iters: 608, time: 0.030, data: 0.003) , D_A: 0.077, G_A: 0.782, cycle_A: 0.067, idt_A: 0.118, D_B: 0.003, G_B: 0.928, cycle_B: 0.188, idt_B: 0.068

[Rank 0] (epoch: 909, iters: 808, time: 0.029, data: 0.003) , D_A: 0.028, G_A: 0.737, cycle_A: 0.074, idt_A: 0.123, D_B: 0.002, G_B: 0.985, cycle_B: 0.213, idt_B: 0.073

[Rank 0] (epoch: 909, iters: 1008, time: 0.030, data: 0.002) , D_A: 0.026, G_A: 0.733, cycle_A: 0.090, idt_A: 0.135, D_B: 0.004, G_B: 0.840, cycle_B: 0.229, idt_B: 0.096

[Rank 0] (epoch: 909, iters: 1208, time: 0.029, data: 0.004) , D_A: 0.046, G_A: 0.486, cycle_A: 0.064, idt_A: 0.132, D_B: 0.002, G_B: 1.076, cycle_B: 0.236, idt_B: 0.060

[Rank 0] (epoch: 909, iters: 1408, time: 0.144, data: 0.003) , D_A: 0.115, G_A: 0.816, cycle_A: 0.075, idt_A: 0.121, D_B: 0.002, G_B: 0.998, cycle_B: 0.210, idt_B: 0.075

saving the latest model (epoch 909, total_iters 655000)
[Rank 0] (epoch: 909, iters: 1608, time: 0.029, data: 0.003) , D_A: 0.037, G_A: 0.565, cycle_A: 0.084, idt_A: 0.121, D_B: 0.001, G_B: 0.959, cycle_B: 0.207, idt_B: 0.078

[Rank 0] (epoch: 909, iters: 1808, time: 0.030, data: 0.002) , D_A: 0.030, G_A: 0.890, cycle_A: 0.064, idt_A: 0.119, D_B: 0.033, G_B: 0.844, cycle_B: 0.203, idt_B: 0.063

learning rate 0.0000082 -> 0.0000080
saving the model at the end of epoch 909, iters 655520
End of epoch 909 / 950 	 Time Taken: 54 sec
[Rank 0] (epoch: 910, iters: 80, time: 0.172, data: 0.004) , D_A: 0.013, G_A: 0.979, cycle_A: 0.054, idt_A: 0.127, D_B: 0.002, G_B: 0.953, cycle_B: 0.209, idt_B: 0.051

[Rank 0] (epoch: 910, iters: 280, time: 0.029, data: 0.004) , D_A: 0.012, G_A: 0.980, cycle_A: 0.064, idt_A: 0.109, D_B: 0.003, G_B: 0.887, cycle_B: 0.170, idt_B: 0.060

[Rank 0] (epoch: 910, iters: 480, time: 0.128, data: 0.002) , D_A: 0.009, G_A: 0.993, cycle_A: 0.071, idt_A: 0.145, D_B: 0.001, G_B: 1.019, cycle_B: 0.236, idt_B: 0.069

[Rank 0] (epoch: 910, iters: 680, time: 0.029, data: 0.003) , D_A: 0.008, G_A: 0.999, cycle_A: 0.078, idt_A: 0.129, D_B: 0.001, G_B: 1.001, cycle_B: 0.202, idt_B: 0.075

[Rank 0] (epoch: 910, iters: 880, time: 0.030, data: 0.003) , D_A: 0.007, G_A: 0.961, cycle_A: 0.076, idt_A: 0.139, D_B: 0.001, G_B: 0.954, cycle_B: 0.227, idt_B: 0.073

[Rank 0] (epoch: 910, iters: 1080, time: 0.029, data: 0.003) , D_A: 0.008, G_A: 1.007, cycle_A: 0.061, idt_A: 0.136, D_B: 0.032, G_B: 1.000, cycle_B: 0.219, idt_B: 0.059

[Rank 0] (epoch: 910, iters: 1280, time: 0.030, data: 0.002) , D_A: 0.008, G_A: 0.952, cycle_A: 0.072, idt_A: 0.107, D_B: 0.001, G_B: 0.977, cycle_B: 0.170, idt_B: 0.071

[Rank 0] (epoch: 910, iters: 1480, time: 0.136, data: 0.003) , D_A: 0.009, G_A: 0.997, cycle_A: 0.068, idt_A: 0.119, D_B: 0.002, G_B: 0.890, cycle_B: 0.198, idt_B: 0.066

[Rank 0] (epoch: 910, iters: 1680, time: 0.030, data: 0.001) , D_A: 0.007, G_A: 0.998, cycle_A: 0.086, idt_A: 0.127, D_B: 0.034, G_B: 0.954, cycle_B: 0.197, idt_B: 0.084

[Rank 0] (epoch: 910, iters: 1880, time: 0.030, data: 0.003) , D_A: 0.007, G_A: 0.931, cycle_A: 0.067, idt_A: 0.113, D_B: 0.002, G_B: 0.904, cycle_B: 0.183, idt_B: 0.065

learning rate 0.0000080 -> 0.0000078
saving the model at the end of epoch 910, iters 657448
End of epoch 910 / 950 	 Time Taken: 53 sec
[Rank 0] (epoch: 911, iters: 152, time: 0.159, data: 0.002) , D_A: 0.008, G_A: 1.002, cycle_A: 0.067, idt_A: 0.151, D_B: 0.030, G_B: 1.010, cycle_B: 0.230, idt_B: 0.058

[Rank 0] (epoch: 911, iters: 352, time: 0.030, data: 0.001) , D_A: 0.008, G_A: 0.967, cycle_A: 0.073, idt_A: 0.126, D_B: 0.030, G_B: 0.966, cycle_B: 0.205, idt_B: 0.070

[Rank 0] (epoch: 911, iters: 552, time: 0.135, data: 0.003) , D_A: 0.028, G_A: 0.602, cycle_A: 0.066, idt_A: 0.130, D_B: 0.001, G_B: 0.983, cycle_B: 0.197, idt_B: 0.065

[Rank 0] (epoch: 911, iters: 752, time: 0.030, data: 0.002) , D_A: 0.024, G_A: 1.166, cycle_A: 0.086, idt_A: 0.116, D_B: 0.001, G_B: 0.962, cycle_B: 0.188, idt_B: 0.080

[Rank 0] (epoch: 911, iters: 952, time: 0.030, data: 0.004) , D_A: 0.046, G_A: 0.465, cycle_A: 0.076, idt_A: 0.133, D_B: 0.001, G_B: 0.995, cycle_B: 0.204, idt_B: 0.073

[Rank 0] (epoch: 911, iters: 1152, time: 0.029, data: 0.003) , D_A: 0.047, G_A: 0.405, cycle_A: 0.088, idt_A: 0.128, D_B: 0.009, G_B: 0.773, cycle_B: 0.229, idt_B: 0.085

[Rank 0] (epoch: 911, iters: 1352, time: 0.030, data: 0.002) , D_A: 0.034, G_A: 0.654, cycle_A: 0.064, idt_A: 0.133, D_B: 0.001, G_B: 0.982, cycle_B: 0.203, idt_B: 0.057

[Rank 0] (epoch: 911, iters: 1552, time: 0.157, data: 0.007) , D_A: 0.034, G_A: 0.748, cycle_A: 0.049, idt_A: 0.147, D_B: 0.035, G_B: 0.975, cycle_B: 0.234, idt_B: 0.048

[Rank 0] (epoch: 911, iters: 1752, time: 0.029, data: 0.001) , D_A: 0.038, G_A: 0.805, cycle_A: 0.092, idt_A: 0.120, D_B: 0.001, G_B: 0.974, cycle_B: 0.186, idt_B: 0.083

learning rate 0.0000078 -> 0.0000076
saving the model at the end of epoch 911, iters 659376
End of epoch 911 / 950 	 Time Taken: 53 sec
[Rank 0] (epoch: 912, iters: 24, time: 0.153, data: 0.003) , D_A: 0.071, G_A: 0.545, cycle_A: 0.085, idt_A: 0.109, D_B: 0.002, G_B: 0.950, cycle_B: 0.172, idt_B: 0.083

[Rank 0] (epoch: 912, iters: 224, time: 0.030, data: 0.003) , D_A: 0.046, G_A: 1.348, cycle_A: 0.056, idt_A: 0.130, D_B: 0.003, G_B: 0.976, cycle_B: 0.213, idt_B: 0.059

[Rank 0] (epoch: 912, iters: 424, time: 0.029, data: 0.005) , D_A: 0.034, G_A: 0.871, cycle_A: 0.069, idt_A: 0.117, D_B: 0.001, G_B: 0.966, cycle_B: 0.184, idt_B: 0.060

[Rank 0] (epoch: 912, iters: 624, time: 0.131, data: 0.002) , D_A: 0.059, G_A: 1.103, cycle_A: 0.047, idt_A: 0.143, D_B: 0.001, G_B: 0.979, cycle_B: 0.226, idt_B: 0.044

saving the latest model (epoch 912, total_iters 660000)
[Rank 0] (epoch: 912, iters: 824, time: 0.029, data: 0.003) , D_A: 0.072, G_A: 0.951, cycle_A: 0.071, idt_A: 0.123, D_B: 0.001, G_B: 0.971, cycle_B: 0.202, idt_B: 0.068

[Rank 0] (epoch: 912, iters: 1024, time: 0.030, data: 0.003) , D_A: 0.022, G_A: 1.092, cycle_A: 0.074, idt_A: 0.132, D_B: 0.001, G_B: 0.980, cycle_B: 0.209, idt_B: 0.064

[Rank 0] (epoch: 912, iters: 1224, time: 0.029, data: 0.003) , D_A: 0.044, G_A: 0.796, cycle_A: 0.081, idt_A: 0.113, D_B: 0.001, G_B: 0.988, cycle_B: 0.172, idt_B: 0.078

[Rank 0] (epoch: 912, iters: 1424, time: 0.030, data: 0.003) , D_A: 0.069, G_A: 0.761, cycle_A: 0.080, idt_A: 0.108, D_B: 0.001, G_B: 0.969, cycle_B: 0.166, idt_B: 0.073

[Rank 0] (epoch: 912, iters: 1624, time: 0.132, data: 0.003) , D_A: 0.048, G_A: 0.617, cycle_A: 0.076, idt_A: 0.120, D_B: 0.001, G_B: 1.015, cycle_B: 0.191, idt_B: 0.070

[Rank 0] (epoch: 912, iters: 1824, time: 0.029, data: 0.003) , D_A: 0.047, G_A: 0.661, cycle_A: 0.079, idt_A: 0.128, D_B: 0.001, G_B: 0.993, cycle_B: 0.206, idt_B: 0.075

learning rate 0.0000076 -> 0.0000075
saving the model at the end of epoch 912, iters 661304
End of epoch 912 / 950 	 Time Taken: 54 sec
[Rank 0] (epoch: 913, iters: 96, time: 0.138, data: 0.003) , D_A: 0.042, G_A: 0.542, cycle_A: 0.059, idt_A: 0.131, D_B: 0.000, G_B: 1.003, cycle_B: 0.203, idt_B: 0.060

[Rank 0] (epoch: 913, iters: 296, time: 0.030, data: 0.003) , D_A: 0.042, G_A: 0.780, cycle_A: 0.077, idt_A: 0.140, D_B: 0.001, G_B: 0.993, cycle_B: 0.210, idt_B: 0.075

[Rank 0] (epoch: 913, iters: 496, time: 0.030, data: 0.003) , D_A: 0.055, G_A: 0.492, cycle_A: 0.085, idt_A: 0.120, D_B: 0.001, G_B: 0.981, cycle_B: 0.188, idt_B: 0.083

[Rank 0] (epoch: 913, iters: 696, time: 0.126, data: 0.004) , D_A: 0.096, G_A: 0.665, cycle_A: 0.075, idt_A: 0.136, D_B: 0.000, G_B: 1.008, cycle_B: 0.213, idt_B: 0.072

[Rank 0] (epoch: 913, iters: 896, time: 0.029, data: 0.004) , D_A: 0.048, G_A: 0.540, cycle_A: 0.064, idt_A: 0.121, D_B: 0.001, G_B: 0.995, cycle_B: 0.191, idt_B: 0.059

[Rank 0] (epoch: 913, iters: 1096, time: 0.030, data: 0.003) , D_A: 0.041, G_A: 0.686, cycle_A: 0.090, idt_A: 0.101, D_B: 0.001, G_B: 1.009, cycle_B: 0.152, idt_B: 0.086

[Rank 0] (epoch: 913, iters: 1296, time: 0.029, data: 0.003) , D_A: 0.022, G_A: 0.789, cycle_A: 0.073, idt_A: 0.117, D_B: 0.024, G_B: 0.984, cycle_B: 0.182, idt_B: 0.064

[Rank 0] (epoch: 913, iters: 1496, time: 0.030, data: 0.003) , D_A: 0.049, G_A: 0.641, cycle_A: 0.067, idt_A: 0.137, D_B: 0.015, G_B: 0.672, cycle_B: 0.244, idt_B: 0.061

[Rank 0] (epoch: 913, iters: 1696, time: 0.133, data: 0.003) , D_A: 0.045, G_A: 0.898, cycle_A: 0.086, idt_A: 0.138, D_B: 0.003, G_B: 0.999, cycle_B: 0.267, idt_B: 0.081

[Rank 0] (epoch: 913, iters: 1896, time: 0.030, data: 0.002) , D_A: 0.017, G_A: 0.980, cycle_A: 0.067, idt_A: 0.118, D_B: 0.002, G_B: 0.961, cycle_B: 0.190, idt_B: 0.061

learning rate 0.0000075 -> 0.0000073
saving the model at the end of epoch 913, iters 663232
End of epoch 913 / 950 	 Time Taken: 53 sec
[Rank 0] (epoch: 914, iters: 168, time: 0.148, data: 0.002) , D_A: 0.027, G_A: 0.971, cycle_A: 0.068, idt_A: 0.117, D_B: 0.003, G_B: 0.879, cycle_B: 0.188, idt_B: 0.066

[Rank 0] (epoch: 914, iters: 368, time: 0.030, data: 0.001) , D_A: 0.013, G_A: 0.914, cycle_A: 0.061, idt_A: 0.127, D_B: 0.003, G_B: 0.889, cycle_B: 0.217, idt_B: 0.056

[Rank 0] (epoch: 914, iters: 568, time: 0.029, data: 0.004) , D_A: 0.012, G_A: 0.952, cycle_A: 0.091, idt_A: 0.120, D_B: 0.007, G_B: 0.900, cycle_B: 0.243, idt_B: 0.092

[Rank 0] (epoch: 914, iters: 768, time: 0.144, data: 0.002) , D_A: 0.009, G_A: 1.036, cycle_A: 0.087, idt_A: 0.117, D_B: 0.007, G_B: 0.876, cycle_B: 0.231, idt_B: 0.087

[Rank 0] (epoch: 914, iters: 968, time: 0.029, data: 0.003) , D_A: 0.010, G_A: 0.991, cycle_A: 0.074, idt_A: 0.126, D_B: 0.007, G_B: 0.988, cycle_B: 0.236, idt_B: 0.068

[Rank 0] (epoch: 914, iters: 1168, time: 0.030, data: 0.002) , D_A: 0.010, G_A: 0.990, cycle_A: 0.090, idt_A: 0.129, D_B: 0.011, G_B: 0.821, cycle_B: 0.228, idt_B: 0.087

[Rank 0] (epoch: 914, iters: 1368, time: 0.029, data: 0.003) , D_A: 0.011, G_A: 0.984, cycle_A: 0.084, idt_A: 0.112, D_B: 0.007, G_B: 0.817, cycle_B: 0.215, idt_B: 0.081

[Rank 0] (epoch: 914, iters: 1568, time: 0.029, data: 0.003) , D_A: 0.010, G_A: 0.970, cycle_A: 0.100, idt_A: 0.144, D_B: 0.007, G_B: 0.891, cycle_B: 0.266, idt_B: 0.088

[Rank 0] (epoch: 914, iters: 1768, time: 0.130, data: 0.003) , D_A: 0.010, G_A: 1.034, cycle_A: 0.081, idt_A: 0.143, D_B: 0.013, G_B: 0.892, cycle_B: 0.284, idt_B: 0.071

saving the latest model (epoch 914, total_iters 665000)
learning rate 0.0000073 -> 0.0000071
saving the model at the end of epoch 914, iters 665160
End of epoch 914 / 950 	 Time Taken: 54 sec
[Rank 0] (epoch: 915, iters: 40, time: 0.153, data: 0.002) , D_A: 0.010, G_A: 0.955, cycle_A: 0.079, idt_A: 0.121, D_B: 0.009, G_B: 0.886, cycle_B: 0.240, idt_B: 0.075

[Rank 0] (epoch: 915, iters: 240, time: 0.029, data: 0.001) , D_A: 0.010, G_A: 1.062, cycle_A: 0.105, idt_A: 0.116, D_B: 0.010, G_B: 0.831, cycle_B: 0.242, idt_B: 0.096

[Rank 0] (epoch: 915, iters: 440, time: 0.030, data: 0.002) , D_A: 0.010, G_A: 0.917, cycle_A: 0.072, idt_A: 0.124, D_B: 0.018, G_B: 0.877, cycle_B: 0.252, idt_B: 0.072

[Rank 0] (epoch: 915, iters: 640, time: 0.029, data: 0.003) , D_A: 0.010, G_A: 0.922, cycle_A: 0.085, idt_A: 0.116, D_B: 0.007, G_B: 0.887, cycle_B: 0.233, idt_B: 0.080

[Rank 0] (epoch: 915, iters: 840, time: 0.128, data: 0.003) , D_A: 0.011, G_A: 0.931, cycle_A: 0.079, idt_A: 0.118, D_B: 0.028, G_B: 1.035, cycle_B: 0.247, idt_B: 0.069

[Rank 0] (epoch: 915, iters: 1040, time: 0.029, data: 0.003) , D_A: 0.009, G_A: 1.031, cycle_A: 0.080, idt_A: 0.137, D_B: 0.025, G_B: 0.829, cycle_B: 0.294, idt_B: 0.065

[Rank 0] (epoch: 915, iters: 1240, time: 0.030, data: 0.002) , D_A: 0.009, G_A: 0.983, cycle_A: 0.088, idt_A: 0.117, D_B: 0.011, G_B: 0.789, cycle_B: 0.229, idt_B: 0.085

[Rank 0] (epoch: 915, iters: 1440, time: 0.029, data: 0.003) , D_A: 0.010, G_A: 1.016, cycle_A: 0.080, idt_A: 0.125, D_B: 0.010, G_B: 0.748, cycle_B: 0.258, idt_B: 0.076

[Rank 0] (epoch: 915, iters: 1640, time: 0.030, data: 0.003) , D_A: 0.012, G_A: 0.991, cycle_A: 0.048, idt_A: 0.121, D_B: 0.025, G_B: 0.910, cycle_B: 0.252, idt_B: 0.044

[Rank 0] (epoch: 915, iters: 1840, time: 0.135, data: 0.003) , D_A: 0.008, G_A: 1.001, cycle_A: 0.077, idt_A: 0.124, D_B: 0.011, G_B: 0.892, cycle_B: 0.261, idt_B: 0.071

learning rate 0.0000071 -> 0.0000069
saving the model at the end of epoch 915, iters 667088
End of epoch 915 / 950 	 Time Taken: 53 sec
[Rank 0] (epoch: 916, iters: 112, time: 0.130, data: 0.002) , D_A: 0.010, G_A: 0.996, cycle_A: 0.069, idt_A: 0.131, D_B: 0.030, G_B: 1.010, cycle_B: 0.280, idt_B: 0.059

[Rank 0] (epoch: 916, iters: 312, time: 0.029, data: 0.002) , D_A: 0.017, G_A: 0.732, cycle_A: 0.078, idt_A: 0.117, D_B: 0.018, G_B: 0.854, cycle_B: 0.231, idt_B: 0.075

[Rank 0] (epoch: 916, iters: 512, time: 0.030, data: 0.003) , D_A: 0.012, G_A: 0.999, cycle_A: 0.067, idt_A: 0.110, D_B: 0.025, G_B: 0.845, cycle_B: 0.222, idt_B: 0.062

[Rank 0] (epoch: 916, iters: 712, time: 0.029, data: 0.004) , D_A: 0.009, G_A: 0.937, cycle_A: 0.079, idt_A: 0.139, D_B: 0.004, G_B: 0.916, cycle_B: 0.286, idt_B: 0.074

[Rank 0] (epoch: 916, iters: 912, time: 0.134, data: 0.002) , D_A: 0.009, G_A: 0.999, cycle_A: 0.075, idt_A: 0.118, D_B: 0.003, G_B: 0.988, cycle_B: 0.232, idt_B: 0.070

[Rank 0] (epoch: 916, iters: 1112, time: 0.029, data: 0.003) , D_A: 0.009, G_A: 0.985, cycle_A: 0.072, idt_A: 0.128, D_B: 0.004, G_B: 0.969, cycle_B: 0.250, idt_B: 0.068

[Rank 0] (epoch: 916, iters: 1312, time: 0.029, data: 0.003) , D_A: 0.010, G_A: 1.007, cycle_A: 0.082, idt_A: 0.125, D_B: 0.003, G_B: 0.990, cycle_B: 0.235, idt_B: 0.075

[Rank 0] (epoch: 916, iters: 1512, time: 0.029, data: 0.003) , D_A: 0.018, G_A: 0.997, cycle_A: 0.072, idt_A: 0.132, D_B: 0.002, G_B: 1.012, cycle_B: 0.245, idt_B: 0.062

[Rank 0] (epoch: 916, iters: 1712, time: 0.030, data: 0.002) , D_A: 0.038, G_A: 0.628, cycle_A: 0.077, idt_A: 0.132, D_B: 0.003, G_B: 0.933, cycle_B: 0.235, idt_B: 0.072

[Rank 0] (epoch: 916, iters: 1912, time: 0.129, data: 0.004) , D_A: 0.008, G_A: 0.983, cycle_A: 0.063, idt_A: 0.116, D_B: 0.041, G_B: 0.901, cycle_B: 0.220, idt_B: 0.061

learning rate 0.0000069 -> 0.0000067
saving the model at the end of epoch 916, iters 669016
End of epoch 916 / 950 	 Time Taken: 53 sec
[Rank 0] (epoch: 917, iters: 184, time: 0.153, data: 0.002) , D_A: 0.012, G_A: 1.098, cycle_A: 0.070, idt_A: 0.128, D_B: 0.002, G_B: 0.971, cycle_B: 0.221, idt_B: 0.064

[Rank 0] (epoch: 917, iters: 384, time: 0.030, data: 0.001) , D_A: 0.011, G_A: 1.076, cycle_A: 0.080, idt_A: 0.125, D_B: 0.004, G_B: 0.894, cycle_B: 0.251, idt_B: 0.073

[Rank 0] (epoch: 917, iters: 584, time: 0.030, data: 0.002) , D_A: 0.015, G_A: 0.993, cycle_A: 0.060, idt_A: 0.130, D_B: 0.002, G_B: 1.003, cycle_B: 0.236, idt_B: 0.054

[Rank 0] (epoch: 917, iters: 784, time: 0.029, data: 0.003) , D_A: 0.011, G_A: 0.930, cycle_A: 0.057, idt_A: 0.131, D_B: 0.001, G_B: 0.971, cycle_B: 0.244, idt_B: 0.051

[Rank 0] (epoch: 917, iters: 984, time: 0.144, data: 0.002) , D_A: 0.060, G_A: 1.188, cycle_A: 0.101, idt_A: 0.114, D_B: 0.002, G_B: 0.972, cycle_B: 0.208, idt_B: 0.097

saving the latest model (epoch 917, total_iters 670000)
[Rank 0] (epoch: 917, iters: 1184, time: 0.030, data: 0.003) , D_A: 0.045, G_A: 1.373, cycle_A: 0.058, idt_A: 0.134, D_B: 0.002, G_B: 0.998, cycle_B: 0.240, idt_B: 0.058

[Rank 0] (epoch: 917, iters: 1384, time: 0.030, data: 0.003) , D_A: 0.033, G_A: 0.763, cycle_A: 0.072, idt_A: 0.126, D_B: 0.001, G_B: 0.955, cycle_B: 0.229, idt_B: 0.069

[Rank 0] (epoch: 917, iters: 1584, time: 0.030, data: 0.003) , D_A: 0.104, G_A: 0.316, cycle_A: 0.065, idt_A: 0.122, D_B: 0.004, G_B: 0.977, cycle_B: 0.214, idt_B: 0.063

[Rank 0] (epoch: 917, iters: 1784, time: 0.030, data: 0.002) , D_A: 0.058, G_A: 1.061, cycle_A: 0.063, idt_A: 0.110, D_B: 0.005, G_B: 0.902, cycle_B: 0.203, idt_B: 0.059

learning rate 0.0000067 -> 0.0000065
saving the model at the end of epoch 917, iters 670944
End of epoch 917 / 950 	 Time Taken: 53 sec
[Rank 0] (epoch: 918, iters: 56, time: 0.144, data: 0.003) , D_A: 0.027, G_A: 0.723, cycle_A: 0.085, idt_A: 0.121, D_B: 0.003, G_B: 0.874, cycle_B: 0.203, idt_B: 0.078

[Rank 0] (epoch: 918, iters: 256, time: 0.030, data: 0.003) , D_A: 0.052, G_A: 0.736, cycle_A: 0.058, idt_A: 0.126, D_B: 0.010, G_B: 0.979, cycle_B: 0.218, idt_B: 0.056

[Rank 0] (epoch: 918, iters: 456, time: 0.029, data: 0.004) , D_A: 0.038, G_A: 0.821, cycle_A: 0.075, idt_A: 0.124, D_B: 0.001, G_B: 0.959, cycle_B: 0.223, idt_B: 0.073

[Rank 0] (epoch: 918, iters: 656, time: 0.030, data: 0.003) , D_A: 0.049, G_A: 0.496, cycle_A: 0.067, idt_A: 0.117, D_B: 0.001, G_B: 0.972, cycle_B: 0.208, idt_B: 0.063

[Rank 0] (epoch: 918, iters: 856, time: 0.029, data: 0.003) , D_A: 0.056, G_A: 0.742, cycle_A: 0.069, idt_A: 0.124, D_B: 0.001, G_B: 0.983, cycle_B: 0.217, idt_B: 0.063

[Rank 0] (epoch: 918, iters: 1056, time: 0.135, data: 0.003) , D_A: 0.058, G_A: 1.045, cycle_A: 0.079, idt_A: 0.116, D_B: 0.004, G_B: 0.890, cycle_B: 0.203, idt_B: 0.071

[Rank 0] (epoch: 918, iters: 1256, time: 0.029, data: 0.004) , D_A: 0.017, G_A: 0.948, cycle_A: 0.081, idt_A: 0.115, D_B: 0.001, G_B: 0.999, cycle_B: 0.184, idt_B: 0.078

[Rank 0] (epoch: 918, iters: 1456, time: 0.029, data: 0.003) , D_A: 0.011, G_A: 0.943, cycle_A: 0.052, idt_A: 0.114, D_B: 0.001, G_B: 1.000, cycle_B: 0.199, idt_B: 0.053

[Rank 0] (epoch: 918, iters: 1656, time: 0.029, data: 0.003) , D_A: 0.010, G_A: 0.985, cycle_A: 0.079, idt_A: 0.122, D_B: 0.001, G_B: 0.979, cycle_B: 0.209, idt_B: 0.073

[Rank 0] (epoch: 918, iters: 1856, time: 0.030, data: 0.003) , D_A: 0.011, G_A: 0.948, cycle_A: 0.063, idt_A: 0.116, D_B: 0.001, G_B: 1.022, cycle_B: 0.198, idt_B: 0.061

learning rate 0.0000065 -> 0.0000063
saving the model at the end of epoch 918, iters 672872
End of epoch 918 / 950 	 Time Taken: 52 sec
[Rank 0] (epoch: 919, iters: 128, time: 0.159, data: 0.004) , D_A: 0.010, G_A: 0.975, cycle_A: 0.048, idt_A: 0.132, D_B: 0.002, G_B: 0.912, cycle_B: 0.230, idt_B: 0.045

[Rank 0] (epoch: 919, iters: 328, time: 0.030, data: 0.003) , D_A: 0.010, G_A: 0.967, cycle_A: 0.071, idt_A: 0.138, D_B: 0.001, G_B: 1.001, cycle_B: 0.232, idt_B: 0.070

[Rank 0] (epoch: 919, iters: 528, time: 0.030, data: 0.004) , D_A: 0.015, G_A: 0.791, cycle_A: 0.071, idt_A: 0.132, D_B: 0.001, G_B: 0.998, cycle_B: 0.221, idt_B: 0.066

[Rank 0] (epoch: 919, iters: 728, time: 0.030, data: 0.003) , D_A: 0.014, G_A: 1.204, cycle_A: 0.064, idt_A: 0.134, D_B: 0.002, G_B: 0.960, cycle_B: 0.229, idt_B: 0.063

[Rank 0] (epoch: 919, iters: 928, time: 0.030, data: 0.002) , D_A: 0.023, G_A: 0.649, cycle_A: 0.077, idt_A: 0.125, D_B: 0.001, G_B: 0.995, cycle_B: 0.207, idt_B: 0.075

[Rank 0] (epoch: 919, iters: 1128, time: 0.134, data: 0.003) , D_A: 0.012, G_A: 0.932, cycle_A: 0.075, idt_A: 0.129, D_B: 0.001, G_B: 0.967, cycle_B: 0.207, idt_B: 0.074

[Rank 0] (epoch: 919, iters: 1328, time: 0.030, data: 0.003) , D_A: 0.010, G_A: 0.977, cycle_A: 0.063, idt_A: 0.134, D_B: 0.001, G_B: 1.048, cycle_B: 0.237, idt_B: 0.061

[Rank 0] (epoch: 919, iters: 1528, time: 0.029, data: 0.003) , D_A: 0.013, G_A: 1.218, cycle_A: 0.080, idt_A: 0.119, D_B: 0.001, G_B: 0.992, cycle_B: 0.205, idt_B: 0.078

[Rank 0] (epoch: 919, iters: 1728, time: 0.030, data: 0.003) , D_A: 0.035, G_A: 0.638, cycle_A: 0.086, idt_A: 0.117, D_B: 0.001, G_B: 0.940, cycle_B: 0.192, idt_B: 0.081

[Rank 0] (epoch: 919, iters: 1928, time: 0.023, data: 0.003) , D_A: 0.030, G_A: 0.794, cycle_A: 0.086, idt_A: 0.134, D_B: 0.005, G_B: 0.823, cycle_B: 0.217, idt_B: 0.079

learning rate 0.0000063 -> 0.0000061
saving the model at the end of epoch 919, iters 674800
End of epoch 919 / 950 	 Time Taken: 53 sec
[Rank 0] (epoch: 920, iters: 200, time: 0.157, data: 0.837) , D_A: 0.026, G_A: 0.694, cycle_A: 0.069, idt_A: 0.133, D_B: 0.010, G_B: 0.728, cycle_B: 0.237, idt_B: 0.065

saving the latest model (epoch 920, total_iters 675000)
[Rank 0] (epoch: 920, iters: 400, time: 0.029, data: 0.001) , D_A: 0.034, G_A: 1.222, cycle_A: 0.079, idt_A: 0.124, D_B: 0.006, G_B: 0.833, cycle_B: 0.216, idt_B: 0.074

[Rank 0] (epoch: 920, iters: 600, time: 0.029, data: 0.003) , D_A: 0.071, G_A: 0.565, cycle_A: 0.075, idt_A: 0.116, D_B: 0.003, G_B: 0.980, cycle_B: 0.195, idt_B: 0.077

[Rank 0] (epoch: 920, iters: 800, time: 0.030, data: 0.003) , D_A: 0.076, G_A: 0.648, cycle_A: 0.073, idt_A: 0.127, D_B: 0.003, G_B: 0.998, cycle_B: 0.215, idt_B: 0.070

[Rank 0] (epoch: 920, iters: 1000, time: 0.030, data: 0.003) , D_A: 0.035, G_A: 0.839, cycle_A: 0.086, idt_A: 0.118, D_B: 0.001, G_B: 0.956, cycle_B: 0.200, idt_B: 0.084

[Rank 0] (epoch: 920, iters: 1200, time: 0.135, data: 0.003) , D_A: 0.082, G_A: 0.295, cycle_A: 0.066, idt_A: 0.118, D_B: 0.001, G_B: 0.966, cycle_B: 0.192, idt_B: 0.062

[Rank 0] (epoch: 920, iters: 1400, time: 0.029, data: 0.002) , D_A: 0.030, G_A: 0.887, cycle_A: 0.064, idt_A: 0.123, D_B: 0.001, G_B: 0.978, cycle_B: 0.199, idt_B: 0.059

[Rank 0] (epoch: 920, iters: 1600, time: 0.030, data: 0.002) , D_A: 0.019, G_A: 1.204, cycle_A: 0.072, idt_A: 0.127, D_B: 0.001, G_B: 0.989, cycle_B: 0.198, idt_B: 0.065

[Rank 0] (epoch: 920, iters: 1800, time: 0.029, data: 0.003) , D_A: 0.014, G_A: 1.020, cycle_A: 0.059, idt_A: 0.130, D_B: 0.002, G_B: 0.950, cycle_B: 0.209, idt_B: 0.059

learning rate 0.0000061 -> 0.0000059
saving the model at the end of epoch 920, iters 676728
End of epoch 920 / 950 	 Time Taken: 52 sec
[Rank 0] (epoch: 921, iters: 72, time: 0.145, data: 0.003) , D_A: 0.010, G_A: 0.956, cycle_A: 0.083, idt_A: 0.129, D_B: 0.003, G_B: 0.916, cycle_B: 0.213, idt_B: 0.078

[Rank 0] (epoch: 921, iters: 272, time: 0.138, data: 0.002) , D_A: 0.010, G_A: 1.008, cycle_A: 0.085, idt_A: 0.121, D_B: 0.002, G_B: 0.937, cycle_B: 0.186, idt_B: 0.080

[Rank 0] (epoch: 921, iters: 472, time: 0.030, data: 0.002) , D_A: 0.010, G_A: 1.003, cycle_A: 0.071, idt_A: 0.120, D_B: 0.004, G_B: 0.979, cycle_B: 0.193, idt_B: 0.066

[Rank 0] (epoch: 921, iters: 672, time: 0.029, data: 0.003) , D_A: 0.012, G_A: 1.048, cycle_A: 0.078, idt_A: 0.101, D_B: 0.001, G_B: 0.998, cycle_B: 0.167, idt_B: 0.078

[Rank 0] (epoch: 921, iters: 872, time: 0.030, data: 0.002) , D_A: 0.009, G_A: 1.008, cycle_A: 0.074, idt_A: 0.132, D_B: 0.002, G_B: 0.942, cycle_B: 0.211, idt_B: 0.068

[Rank 0] (epoch: 921, iters: 1072, time: 0.029, data: 0.003) , D_A: 0.011, G_A: 1.127, cycle_A: 0.074, idt_A: 0.105, D_B: 0.002, G_B: 0.928, cycle_B: 0.171, idt_B: 0.071

[Rank 0] (epoch: 921, iters: 1272, time: 0.138, data: 0.002) , D_A: 0.026, G_A: 0.816, cycle_A: 0.065, idt_A: 0.112, D_B: 0.004, G_B: 0.840, cycle_B: 0.182, idt_B: 0.065

[Rank 0] (epoch: 921, iters: 1472, time: 0.029, data: 0.003) , D_A: 0.038, G_A: 0.710, cycle_A: 0.070, idt_A: 0.128, D_B: 0.019, G_B: 0.945, cycle_B: 0.203, idt_B: 0.066

[Rank 0] (epoch: 921, iters: 1672, time: 0.030, data: 0.003) , D_A: 0.141, G_A: 0.729, cycle_A: 0.068, idt_A: 0.110, D_B: 0.001, G_B: 0.999, cycle_B: 0.172, idt_B: 0.067

[Rank 0] (epoch: 921, iters: 1872, time: 0.029, data: 0.003) , D_A: 0.108, G_A: 0.740, cycle_A: 0.057, idt_A: 0.123, D_B: 0.001, G_B: 0.961, cycle_B: 0.201, idt_B: 0.056

learning rate 0.0000059 -> 0.0000057
saving the model at the end of epoch 921, iters 678656
End of epoch 921 / 950 	 Time Taken: 53 sec
[Rank 0] (epoch: 922, iters: 144, time: 0.151, data: 0.003) , D_A: 0.018, G_A: 0.895, cycle_A: 0.064, idt_A: 0.126, D_B: 0.004, G_B: 0.873, cycle_B: 0.213, idt_B: 0.060

[Rank 0] (epoch: 922, iters: 344, time: 0.164, data: 0.001) , D_A: 0.065, G_A: 0.554, cycle_A: 0.089, idt_A: 0.114, D_B: 0.003, G_B: 0.921, cycle_B: 0.197, idt_B: 0.085

[Rank 0] (epoch: 922, iters: 544, time: 0.029, data: 0.004) , D_A: 0.060, G_A: 0.709, cycle_A: 0.055, idt_A: 0.139, D_B: 0.035, G_B: 0.933, cycle_B: 0.236, idt_B: 0.054

[Rank 0] (epoch: 922, iters: 744, time: 0.030, data: 0.003) , D_A: 0.074, G_A: 0.535, cycle_A: 0.075, idt_A: 0.104, D_B: 0.002, G_B: 0.928, cycle_B: 0.171, idt_B: 0.070

[Rank 0] (epoch: 922, iters: 944, time: 0.029, data: 0.003) , D_A: 0.058, G_A: 0.513, cycle_A: 0.089, idt_A: 0.140, D_B: 0.002, G_B: 0.926, cycle_B: 0.227, idt_B: 0.086

[Rank 0] (epoch: 922, iters: 1144, time: 0.030, data: 0.003) , D_A: 0.046, G_A: 0.845, cycle_A: 0.073, idt_A: 0.131, D_B: 0.002, G_B: 0.925, cycle_B: 0.216, idt_B: 0.072

[Rank 0] (epoch: 922, iters: 1344, time: 0.143, data: 0.004) , D_A: 0.053, G_A: 0.458, cycle_A: 0.048, idt_A: 0.113, D_B: 0.002, G_B: 0.926, cycle_B: 0.185, idt_B: 0.048

saving the latest model (epoch 922, total_iters 680000)
[Rank 0] (epoch: 922, iters: 1544, time: 0.029, data: 0.002) , D_A: 0.048, G_A: 1.237, cycle_A: 0.069, idt_A: 0.116, D_B: 0.001, G_B: 0.962, cycle_B: 0.185, idt_B: 0.061

[Rank 0] (epoch: 922, iters: 1744, time: 0.029, data: 0.003) , D_A: 0.030, G_A: 0.943, cycle_A: 0.084, idt_A: 0.109, D_B: 0.001, G_B: 0.970, cycle_B: 0.180, idt_B: 0.076

learning rate 0.0000057 -> 0.0000055
saving the model at the end of epoch 922, iters 680584
End of epoch 922 / 950 	 Time Taken: 54 sec
[Rank 0] (epoch: 923, iters: 16, time: 0.135, data: 0.002) , D_A: 0.082, G_A: 0.473, cycle_A: 0.074, idt_A: 0.123, D_B: 0.001, G_B: 1.008, cycle_B: 0.198, idt_B: 0.073

[Rank 0] (epoch: 923, iters: 216, time: 0.029, data: 0.003) , D_A: 0.043, G_A: 0.705, cycle_A: 0.071, idt_A: 0.132, D_B: 0.028, G_B: 1.009, cycle_B: 0.214, idt_B: 0.068

[Rank 0] (epoch: 923, iters: 416, time: 0.136, data: 0.003) , D_A: 0.087, G_A: 0.508, cycle_A: 0.068, idt_A: 0.113, D_B: 0.001, G_B: 0.978, cycle_B: 0.179, idt_B: 0.069

[Rank 0] (epoch: 923, iters: 616, time: 0.029, data: 0.003) , D_A: 0.036, G_A: 0.723, cycle_A: 0.071, idt_A: 0.128, D_B: 0.001, G_B: 0.984, cycle_B: 0.209, idt_B: 0.064

[Rank 0] (epoch: 923, iters: 816, time: 0.030, data: 0.002) , D_A: 0.148, G_A: 0.461, cycle_A: 0.073, idt_A: 0.125, D_B: 0.001, G_B: 0.969, cycle_B: 0.209, idt_B: 0.072

[Rank 0] (epoch: 923, iters: 1016, time: 0.029, data: 0.004) , D_A: 0.032, G_A: 0.706, cycle_A: 0.062, idt_A: 0.105, D_B: 0.002, G_B: 1.007, cycle_B: 0.180, idt_B: 0.057

[Rank 0] (epoch: 923, iters: 1216, time: 0.029, data: 0.003) , D_A: 0.064, G_A: 0.616, cycle_A: 0.054, idt_A: 0.126, D_B: 0.048, G_B: 0.919, cycle_B: 0.207, idt_B: 0.050

[Rank 0] (epoch: 923, iters: 1416, time: 0.150, data: 0.003) , D_A: 0.050, G_A: 1.258, cycle_A: 0.086, idt_A: 0.118, D_B: 0.003, G_B: 0.881, cycle_B: 0.182, idt_B: 0.079

[Rank 0] (epoch: 923, iters: 1616, time: 0.030, data: 0.001) , D_A: 0.034, G_A: 0.830, cycle_A: 0.089, idt_A: 0.131, D_B: 0.001, G_B: 0.996, cycle_B: 0.201, idt_B: 0.084

[Rank 0] (epoch: 923, iters: 1816, time: 0.029, data: 0.004) , D_A: 0.074, G_A: 0.669, cycle_A: 0.067, idt_A: 0.121, D_B: 0.001, G_B: 1.048, cycle_B: 0.198, idt_B: 0.069

learning rate 0.0000055 -> 0.0000053
saving the model at the end of epoch 923, iters 682512
End of epoch 923 / 950 	 Time Taken: 53 sec
[Rank 0] (epoch: 924, iters: 88, time: 0.171, data: 0.002) , D_A: 0.078, G_A: 0.473, cycle_A: 0.066, idt_A: 0.141, D_B: 0.014, G_B: 0.979, cycle_B: 0.221, idt_B: 0.061

[Rank 0] (epoch: 924, iters: 288, time: 0.030, data: 0.001) , D_A: 0.061, G_A: 1.023, cycle_A: 0.073, idt_A: 0.111, D_B: 0.069, G_B: 0.993, cycle_B: 0.181, idt_B: 0.071

[Rank 0] (epoch: 924, iters: 488, time: 0.165, data: 0.003) , D_A: 0.073, G_A: 0.355, cycle_A: 0.073, idt_A: 0.130, D_B: 0.001, G_B: 1.017, cycle_B: 0.210, idt_B: 0.067

[Rank 0] (epoch: 924, iters: 688, time: 0.030, data: 0.003) , D_A: 0.083, G_A: 0.476, cycle_A: 0.096, idt_A: 0.119, D_B: 0.001, G_B: 0.990, cycle_B: 0.191, idt_B: 0.092

[Rank 0] (epoch: 924, iters: 888, time: 0.030, data: 0.003) , D_A: 0.057, G_A: 0.987, cycle_A: 0.082, idt_A: 0.118, D_B: 0.001, G_B: 0.977, cycle_B: 0.180, idt_B: 0.077

[Rank 0] (epoch: 924, iters: 1088, time: 0.029, data: 0.003) , D_A: 0.060, G_A: 0.650, cycle_A: 0.079, idt_A: 0.111, D_B: 0.001, G_B: 0.984, cycle_B: 0.180, idt_B: 0.070

[Rank 0] (epoch: 924, iters: 1288, time: 0.029, data: 0.006) , D_A: 0.079, G_A: 0.552, cycle_A: 0.079, idt_A: 0.131, D_B: 0.001, G_B: 0.984, cycle_B: 0.208, idt_B: 0.079

[Rank 0] (epoch: 924, iters: 1488, time: 0.138, data: 0.003) , D_A: 0.050, G_A: 0.685, cycle_A: 0.086, idt_A: 0.120, D_B: 0.001, G_B: 0.992, cycle_B: 0.192, idt_B: 0.079

[Rank 0] (epoch: 924, iters: 1688, time: 0.029, data: 0.001) , D_A: 0.089, G_A: 0.602, cycle_A: 0.081, idt_A: 0.118, D_B: 0.001, G_B: 1.015, cycle_B: 0.187, idt_B: 0.075

[Rank 0] (epoch: 924, iters: 1888, time: 0.029, data: 0.007) , D_A: 0.068, G_A: 0.594, cycle_A: 0.080, idt_A: 0.119, D_B: 0.001, G_B: 0.999, cycle_B: 0.189, idt_B: 0.075

learning rate 0.0000053 -> 0.0000051
saving the model at the end of epoch 924, iters 684440
End of epoch 924 / 950 	 Time Taken: 55 sec
[Rank 0] (epoch: 925, iters: 160, time: 0.158, data: 0.001) , D_A: 0.084, G_A: 0.748, cycle_A: 0.054, idt_A: 0.114, D_B: 0.026, G_B: 0.985, cycle_B: 0.168, idt_B: 0.054

[Rank 0] (epoch: 925, iters: 360, time: 0.029, data: 0.003) , D_A: 0.045, G_A: 1.054, cycle_A: 0.067, idt_A: 0.143, D_B: 0.001, G_B: 0.987, cycle_B: 0.228, idt_B: 0.066

[Rank 0] (epoch: 925, iters: 560, time: 0.138, data: 0.002) , D_A: 0.076, G_A: 0.622, cycle_A: 0.076, idt_A: 0.122, D_B: 0.003, G_B: 0.902, cycle_B: 0.205, idt_B: 0.071

saving the latest model (epoch 925, total_iters 685000)
[Rank 0] (epoch: 925, iters: 760, time: 0.029, data: 0.002) , D_A: 0.050, G_A: 0.631, cycle_A: 0.084, idt_A: 0.122, D_B: 0.002, G_B: 0.979, cycle_B: 0.186, idt_B: 0.088

[Rank 0] (epoch: 925, iters: 960, time: 0.029, data: 0.003) , D_A: 0.061, G_A: 0.595, cycle_A: 0.074, idt_A: 0.118, D_B: 0.001, G_B: 0.942, cycle_B: 0.191, idt_B: 0.069

[Rank 0] (epoch: 925, iters: 1160, time: 0.029, data: 0.005) , D_A: 0.045, G_A: 0.908, cycle_A: 0.065, idt_A: 0.116, D_B: 0.002, G_B: 0.906, cycle_B: 0.188, idt_B: 0.064

[Rank 0] (epoch: 925, iters: 1360, time: 0.029, data: 0.004) , D_A: 0.082, G_A: 0.369, cycle_A: 0.064, idt_A: 0.118, D_B: 0.003, G_B: 0.877, cycle_B: 0.187, idt_B: 0.060

[Rank 0] (epoch: 925, iters: 1560, time: 0.142, data: 0.003) , D_A: 0.042, G_A: 0.638, cycle_A: 0.069, idt_A: 0.115, D_B: 0.001, G_B: 0.939, cycle_B: 0.181, idt_B: 0.063

[Rank 0] (epoch: 925, iters: 1760, time: 0.029, data: 0.002) , D_A: 0.033, G_A: 0.856, cycle_A: 0.083, idt_A: 0.129, D_B: 0.001, G_B: 0.971, cycle_B: 0.201, idt_B: 0.074

learning rate 0.0000051 -> 0.0000049
saving the model at the end of epoch 925, iters 686368
End of epoch 925 / 950 	 Time Taken: 54 sec
[Rank 0] (epoch: 926, iters: 32, time: 0.160, data: 0.003) , D_A: 0.074, G_A: 0.551, cycle_A: 0.082, idt_A: 0.130, D_B: 0.001, G_B: 0.965, cycle_B: 0.206, idt_B: 0.076

[Rank 0] (epoch: 926, iters: 232, time: 0.030, data: 0.003) , D_A: 0.086, G_A: 0.710, cycle_A: 0.055, idt_A: 0.113, D_B: 0.001, G_B: 1.024, cycle_B: 0.181, idt_B: 0.051

[Rank 0] (epoch: 926, iters: 432, time: 0.030, data: 0.003) , D_A: 0.050, G_A: 0.819, cycle_A: 0.078, idt_A: 0.124, D_B: 0.001, G_B: 1.006, cycle_B: 0.197, idt_B: 0.077

[Rank 0] (epoch: 926, iters: 632, time: 0.138, data: 0.003) , D_A: 0.071, G_A: 0.518, cycle_A: 0.077, idt_A: 0.132, D_B: 0.001, G_B: 1.017, cycle_B: 0.204, idt_B: 0.074

[Rank 0] (epoch: 926, iters: 832, time: 0.030, data: 0.002) , D_A: 0.054, G_A: 0.812, cycle_A: 0.052, idt_A: 0.117, D_B: 0.001, G_B: 0.976, cycle_B: 0.181, idt_B: 0.046

[Rank 0] (epoch: 926, iters: 1032, time: 0.030, data: 0.003) , D_A: 0.084, G_A: 0.560, cycle_A: 0.068, idt_A: 0.131, D_B: 0.001, G_B: 1.006, cycle_B: 0.192, idt_B: 0.066

[Rank 0] (epoch: 926, iters: 1232, time: 0.030, data: 0.002) , D_A: 0.071, G_A: 0.723, cycle_A: 0.074, idt_A: 0.130, D_B: 0.003, G_B: 0.959, cycle_B: 0.210, idt_B: 0.071

[Rank 0] (epoch: 926, iters: 1432, time: 0.029, data: 0.003) , D_A: 0.054, G_A: 0.496, cycle_A: 0.067, idt_A: 0.127, D_B: 0.010, G_B: 0.803, cycle_B: 0.239, idt_B: 0.068

[Rank 0] (epoch: 926, iters: 1632, time: 0.130, data: 0.003) , D_A: 0.049, G_A: 0.917, cycle_A: 0.078, idt_A: 0.135, D_B: 0.007, G_B: 0.927, cycle_B: 0.241, idt_B: 0.081

[Rank 0] (epoch: 926, iters: 1832, time: 0.030, data: 0.002) , D_A: 0.044, G_A: 0.524, cycle_A: 0.077, idt_A: 0.137, D_B: 0.004, G_B: 0.907, cycle_B: 0.236, idt_B: 0.077

learning rate 0.0000049 -> 0.0000047
saving the model at the end of epoch 926, iters 688296
End of epoch 926 / 950 	 Time Taken: 54 sec
[Rank 0] (epoch: 927, iters: 104, time: 0.144, data: 0.003) , D_A: 0.072, G_A: 0.618, cycle_A: 0.070, idt_A: 0.108, D_B: 0.003, G_B: 0.914, cycle_B: 0.195, idt_B: 0.065

[Rank 0] (epoch: 927, iters: 304, time: 0.029, data: 0.005) , D_A: 0.065, G_A: 0.636, cycle_A: 0.067, idt_A: 0.102, D_B: 0.002, G_B: 0.918, cycle_B: 0.179, idt_B: 0.063

[Rank 0] (epoch: 927, iters: 504, time: 0.029, data: 0.003) , D_A: 0.042, G_A: 0.629, cycle_A: 0.061, idt_A: 0.106, D_B: 0.023, G_B: 0.890, cycle_B: 0.175, idt_B: 0.060

[Rank 0] (epoch: 927, iters: 704, time: 0.144, data: 0.003) , D_A: 0.090, G_A: 0.533, cycle_A: 0.072, idt_A: 0.130, D_B: 0.004, G_B: 0.880, cycle_B: 0.225, idt_B: 0.072

[Rank 0] (epoch: 927, iters: 904, time: 0.030, data: 0.003) , D_A: 0.069, G_A: 0.705, cycle_A: 0.052, idt_A: 0.125, D_B: 0.003, G_B: 0.904, cycle_B: 0.208, idt_B: 0.058

[Rank 0] (epoch: 927, iters: 1104, time: 0.029, data: 0.004) , D_A: 0.102, G_A: 0.589, cycle_A: 0.071, idt_A: 0.118, D_B: 0.004, G_B: 0.885, cycle_B: 0.185, idt_B: 0.071

[Rank 0] (epoch: 927, iters: 1304, time: 0.030, data: 0.002) , D_A: 0.073, G_A: 0.490, cycle_A: 0.059, idt_A: 0.124, D_B: 0.018, G_B: 0.945, cycle_B: 0.201, idt_B: 0.058

[Rank 0] (epoch: 927, iters: 1504, time: 0.029, data: 0.003) , D_A: 0.046, G_A: 0.603, cycle_A: 0.078, idt_A: 0.132, D_B: 0.002, G_B: 0.973, cycle_B: 0.216, idt_B: 0.076

[Rank 0] (epoch: 927, iters: 1704, time: 0.130, data: 0.002) , D_A: 0.051, G_A: 0.583, cycle_A: 0.068, idt_A: 0.124, D_B: 0.003, G_B: 0.878, cycle_B: 0.199, idt_B: 0.068

saving the latest model (epoch 927, total_iters 690000)
[Rank 0] (epoch: 927, iters: 1904, time: 0.030, data: 0.004) , D_A: 0.066, G_A: 0.643, cycle_A: 0.077, idt_A: 0.123, D_B: 0.004, G_B: 0.981, cycle_B: 0.192, idt_B: 0.073

learning rate 0.0000047 -> 0.0000045
saving the model at the end of epoch 927, iters 690224
End of epoch 927 / 950 	 Time Taken: 53 sec
[Rank 0] (epoch: 928, iters: 176, time: 0.164, data: 0.002) , D_A: 0.076, G_A: 0.520, cycle_A: 0.077, idt_A: 0.125, D_B: 0.001, G_B: 0.980, cycle_B: 0.203, idt_B: 0.078

[Rank 0] (epoch: 928, iters: 376, time: 0.030, data: 0.003) , D_A: 0.093, G_A: 0.457, cycle_A: 0.075, idt_A: 0.120, D_B: 0.002, G_B: 0.938, cycle_B: 0.196, idt_B: 0.070

[Rank 0] (epoch: 928, iters: 576, time: 0.029, data: 0.007) , D_A: 0.096, G_A: 0.587, cycle_A: 0.056, idt_A: 0.125, D_B: 0.027, G_B: 0.935, cycle_B: 0.206, idt_B: 0.048

[Rank 0] (epoch: 928, iters: 776, time: 0.156, data: 0.003) , D_A: 0.072, G_A: 0.544, cycle_A: 0.086, idt_A: 0.118, D_B: 0.002, G_B: 0.948, cycle_B: 0.187, idt_B: 0.085

[Rank 0] (epoch: 928, iters: 976, time: 0.029, data: 0.002) , D_A: 0.064, G_A: 0.702, cycle_A: 0.089, idt_A: 0.120, D_B: 0.002, G_B: 0.998, cycle_B: 0.189, idt_B: 0.091

[Rank 0] (epoch: 928, iters: 1176, time: 0.030, data: 0.003) , D_A: 0.055, G_A: 0.565, cycle_A: 0.089, idt_A: 0.118, D_B: 0.002, G_B: 1.005, cycle_B: 0.188, idt_B: 0.090

[Rank 0] (epoch: 928, iters: 1376, time: 0.029, data: 0.005) , D_A: 0.070, G_A: 1.265, cycle_A: 0.077, idt_A: 0.122, D_B: 0.002, G_B: 0.964, cycle_B: 0.205, idt_B: 0.071

[Rank 0] (epoch: 928, iters: 1576, time: 0.029, data: 0.002) , D_A: 0.067, G_A: 0.717, cycle_A: 0.083, idt_A: 0.110, D_B: 0.001, G_B: 0.992, cycle_B: 0.179, idt_B: 0.081

[Rank 0] (epoch: 928, iters: 1776, time: 0.143, data: 0.003) , D_A: 0.051, G_A: 0.673, cycle_A: 0.080, idt_A: 0.125, D_B: 0.004, G_B: 0.979, cycle_B: 0.201, idt_B: 0.072

learning rate 0.0000045 -> 0.0000043
saving the model at the end of epoch 928, iters 692152
End of epoch 928 / 950 	 Time Taken: 54 sec
[Rank 0] (epoch: 929, iters: 48, time: 0.159, data: 0.001) , D_A: 0.059, G_A: 0.562, cycle_A: 0.049, idt_A: 0.131, D_B: 0.001, G_B: 0.973, cycle_B: 0.206, idt_B: 0.050

[Rank 0] (epoch: 929, iters: 248, time: 0.029, data: 0.003) , D_A: 0.070, G_A: 0.455, cycle_A: 0.046, idt_A: 0.142, D_B: 0.040, G_B: 1.044, cycle_B: 0.231, idt_B: 0.045

[Rank 0] (epoch: 929, iters: 448, time: 0.030, data: 0.003) , D_A: 0.106, G_A: 0.569, cycle_A: 0.077, idt_A: 0.105, D_B: 0.001, G_B: 0.982, cycle_B: 0.179, idt_B: 0.070

[Rank 0] (epoch: 929, iters: 648, time: 0.030, data: 0.003) , D_A: 0.077, G_A: 0.771, cycle_A: 0.081, idt_A: 0.121, D_B: 0.001, G_B: 0.995, cycle_B: 0.193, idt_B: 0.084

[Rank 0] (epoch: 929, iters: 848, time: 0.148, data: 0.003) , D_A: 0.087, G_A: 0.560, cycle_A: 0.071, idt_A: 0.109, D_B: 0.004, G_B: 0.850, cycle_B: 0.183, idt_B: 0.069

[Rank 0] (epoch: 929, iters: 1048, time: 0.030, data: 0.003) , D_A: 0.086, G_A: 0.591, cycle_A: 0.061, idt_A: 0.122, D_B: 0.001, G_B: 0.980, cycle_B: 0.202, idt_B: 0.059

[Rank 0] (epoch: 929, iters: 1248, time: 0.030, data: 0.003) , D_A: 0.100, G_A: 0.513, cycle_A: 0.056, idt_A: 0.124, D_B: 0.003, G_B: 1.144, cycle_B: 0.197, idt_B: 0.056

[Rank 0] (epoch: 929, iters: 1448, time: 0.030, data: 0.003) , D_A: 0.092, G_A: 0.735, cycle_A: 0.082, idt_A: 0.120, D_B: 0.002, G_B: 0.909, cycle_B: 0.188, idt_B: 0.075

[Rank 0] (epoch: 929, iters: 1648, time: 0.030, data: 0.002) , D_A: 0.092, G_A: 0.544, cycle_A: 0.072, idt_A: 0.131, D_B: 0.003, G_B: 0.947, cycle_B: 0.202, idt_B: 0.072

[Rank 0] (epoch: 929, iters: 1848, time: 0.135, data: 0.003) , D_A: 0.086, G_A: 0.492, cycle_A: 0.070, idt_A: 0.115, D_B: 0.003, G_B: 0.914, cycle_B: 0.191, idt_B: 0.071

learning rate 0.0000043 -> 0.0000041
saving the model at the end of epoch 929, iters 694080
End of epoch 929 / 950 	 Time Taken: 54 sec
[Rank 0] (epoch: 930, iters: 120, time: 0.144, data: 0.003) , D_A: 0.096, G_A: 0.683, cycle_A: 0.058, idt_A: 0.117, D_B: 0.002, G_B: 0.948, cycle_B: 0.200, idt_B: 0.055

[Rank 0] (epoch: 930, iters: 320, time: 0.030, data: 0.002) , D_A: 0.117, G_A: 0.626, cycle_A: 0.063, idt_A: 0.128, D_B: 0.003, G_B: 0.915, cycle_B: 0.212, idt_B: 0.063

[Rank 0] (epoch: 930, iters: 520, time: 0.029, data: 0.002) , D_A: 0.080, G_A: 0.572, cycle_A: 0.052, idt_A: 0.128, D_B: 0.002, G_B: 0.924, cycle_B: 0.210, idt_B: 0.051

[Rank 0] (epoch: 930, iters: 720, time: 0.029, data: 0.003) , D_A: 0.096, G_A: 0.587, cycle_A: 0.069, idt_A: 0.135, D_B: 0.001, G_B: 0.993, cycle_B: 0.221, idt_B: 0.069

[Rank 0] (epoch: 930, iters: 920, time: 0.148, data: 0.002) , D_A: 0.075, G_A: 0.556, cycle_A: 0.072, idt_A: 0.130, D_B: 0.001, G_B: 1.010, cycle_B: 0.215, idt_B: 0.071

saving the latest model (epoch 930, total_iters 695000)
[Rank 0] (epoch: 930, iters: 1120, time: 0.029, data: 0.004) , D_A: 0.111, G_A: 0.457, cycle_A: 0.073, idt_A: 0.119, D_B: 0.001, G_B: 0.962, cycle_B: 0.204, idt_B: 0.073

[Rank 0] (epoch: 930, iters: 1320, time: 0.030, data: 0.003) , D_A: 0.092, G_A: 0.492, cycle_A: 0.067, idt_A: 0.113, D_B: 0.001, G_B: 0.982, cycle_B: 0.181, idt_B: 0.064

[Rank 0] (epoch: 930, iters: 1520, time: 0.030, data: 0.003) , D_A: 0.073, G_A: 0.575, cycle_A: 0.054, idt_A: 0.119, D_B: 0.009, G_B: 0.961, cycle_B: 0.200, idt_B: 0.050

[Rank 0] (epoch: 930, iters: 1720, time: 0.030, data: 0.003) , D_A: 0.082, G_A: 0.659, cycle_A: 0.095, idt_A: 0.112, D_B: 0.002, G_B: 0.960, cycle_B: 0.199, idt_B: 0.095

[Rank 0] (epoch: 930, iters: 1920, time: 0.127, data: 0.004) , D_A: 0.096, G_A: 0.583, cycle_A: 0.059, idt_A: 0.113, D_B: 0.001, G_B: 0.930, cycle_B: 0.194, idt_B: 0.054

learning rate 0.0000041 -> 0.0000039
saving the model at the end of epoch 930, iters 696008
End of epoch 930 / 950 	 Time Taken: 54 sec
[Rank 0] (epoch: 931, iters: 192, time: 0.152, data: 0.002) , D_A: 0.054, G_A: 0.622, cycle_A: 0.064, idt_A: 0.126, D_B: 0.001, G_B: 0.967, cycle_B: 0.212, idt_B: 0.061

[Rank 0] (epoch: 931, iters: 392, time: 0.029, data: 0.004) , D_A: 0.075, G_A: 1.390, cycle_A: 0.056, idt_A: 0.131, D_B: 0.002, G_B: 0.972, cycle_B: 0.216, idt_B: 0.052

[Rank 0] (epoch: 931, iters: 592, time: 0.030, data: 0.003) , D_A: 0.060, G_A: 0.832, cycle_A: 0.060, idt_A: 0.117, D_B: 0.002, G_B: 0.960, cycle_B: 0.196, idt_B: 0.056

[Rank 0] (epoch: 931, iters: 792, time: 0.030, data: 0.003) , D_A: 0.076, G_A: 0.538, cycle_A: 0.077, idt_A: 0.112, D_B: 0.001, G_B: 0.982, cycle_B: 0.187, idt_B: 0.078

[Rank 0] (epoch: 931, iters: 992, time: 0.134, data: 0.002) , D_A: 0.088, G_A: 0.542, cycle_A: 0.081, idt_A: 0.130, D_B: 0.003, G_B: 0.974, cycle_B: 0.235, idt_B: 0.074

[Rank 0] (epoch: 931, iters: 1192, time: 0.029, data: 0.004) , D_A: 0.077, G_A: 0.785, cycle_A: 0.073, idt_A: 0.103, D_B: 0.002, G_B: 0.999, cycle_B: 0.173, idt_B: 0.070

[Rank 0] (epoch: 931, iters: 1392, time: 0.030, data: 0.003) , D_A: 0.084, G_A: 0.484, cycle_A: 0.071, idt_A: 0.128, D_B: 0.001, G_B: 0.983, cycle_B: 0.217, idt_B: 0.068

[Rank 0] (epoch: 931, iters: 1592, time: 0.029, data: 0.003) , D_A: 0.105, G_A: 0.493, cycle_A: 0.057, idt_A: 0.106, D_B: 0.001, G_B: 1.019, cycle_B: 0.177, idt_B: 0.050

[Rank 0] (epoch: 931, iters: 1792, time: 0.030, data: 0.002) , D_A: 0.092, G_A: 0.565, cycle_A: 0.077, idt_A: 0.120, D_B: 0.004, G_B: 0.893, cycle_B: 0.211, idt_B: 0.074

learning rate 0.0000039 -> 0.0000037
saving the model at the end of epoch 931, iters 697936
End of epoch 931 / 950 	 Time Taken: 53 sec
[Rank 0] (epoch: 932, iters: 64, time: 0.151, data: 0.003) , D_A: 0.089, G_A: 0.522, cycle_A: 0.079, idt_A: 0.129, D_B: 0.040, G_B: 0.986, cycle_B: 0.237, idt_B: 0.079

[Rank 0] (epoch: 932, iters: 264, time: 0.029, data: 0.003) , D_A: 0.097, G_A: 0.571, cycle_A: 0.062, idt_A: 0.120, D_B: 0.026, G_B: 0.936, cycle_B: 0.221, idt_B: 0.058

[Rank 0] (epoch: 932, iters: 464, time: 0.030, data: 0.004) , D_A: 0.082, G_A: 0.515, cycle_A: 0.084, idt_A: 0.107, D_B: 0.003, G_B: 0.901, cycle_B: 0.191, idt_B: 0.083

[Rank 0] (epoch: 932, iters: 664, time: 0.029, data: 0.004) , D_A: 0.054, G_A: 0.719, cycle_A: 0.066, idt_A: 0.121, D_B: 0.006, G_B: 0.956, cycle_B: 0.205, idt_B: 0.061

[Rank 0] (epoch: 932, iters: 864, time: 0.030, data: 0.004) , D_A: 0.072, G_A: 0.517, cycle_A: 0.073, idt_A: 0.120, D_B: 0.002, G_B: 0.993, cycle_B: 0.201, idt_B: 0.068

[Rank 0] (epoch: 932, iters: 1064, time: 0.150, data: 0.003) , D_A: 0.094, G_A: 0.506, cycle_A: 0.058, idt_A: 0.126, D_B: 0.003, G_B: 0.946, cycle_B: 0.205, idt_B: 0.056

[Rank 0] (epoch: 932, iters: 1264, time: 0.030, data: 0.002) , D_A: 0.059, G_A: 0.610, cycle_A: 0.086, idt_A: 0.115, D_B: 0.003, G_B: 0.978, cycle_B: 0.186, idt_B: 0.080

[Rank 0] (epoch: 932, iters: 1464, time: 0.029, data: 0.003) , D_A: 0.098, G_A: 0.545, cycle_A: 0.084, idt_A: 0.121, D_B: 0.003, G_B: 0.936, cycle_B: 0.207, idt_B: 0.080

[Rank 0] (epoch: 932, iters: 1664, time: 0.029, data: 0.003) , D_A: 0.079, G_A: 0.831, cycle_A: 0.078, idt_A: 0.123, D_B: 0.003, G_B: 0.958, cycle_B: 0.210, idt_B: 0.081

[Rank 0] (epoch: 932, iters: 1864, time: 0.029, data: 0.003) , D_A: 0.089, G_A: 0.594, cycle_A: 0.091, idt_A: 0.110, D_B: 0.003, G_B: 1.022, cycle_B: 0.175, idt_B: 0.089

learning rate 0.0000037 -> 0.0000035
saving the model at the end of epoch 932, iters 699864
End of epoch 932 / 950 	 Time Taken: 53 sec
[Rank 0] (epoch: 933, iters: 136, time: 0.141, data: 0.003) , D_A: 0.082, G_A: 0.546, cycle_A: 0.083, idt_A: 0.118, D_B: 0.003, G_B: 0.975, cycle_B: 0.196, idt_B: 0.075

saving the latest model (epoch 933, total_iters 700000)
[Rank 0] (epoch: 933, iters: 336, time: 0.030, data: 0.001) , D_A: 0.105, G_A: 0.587, cycle_A: 0.076, idt_A: 0.121, D_B: 0.002, G_B: 0.928, cycle_B: 0.201, idt_B: 0.062

[Rank 0] (epoch: 933, iters: 536, time: 0.029, data: 0.004) , D_A: 0.080, G_A: 0.502, cycle_A: 0.076, idt_A: 0.104, D_B: 0.011, G_B: 0.925, cycle_B: 0.164, idt_B: 0.075

[Rank 0] (epoch: 933, iters: 736, time: 0.029, data: 0.002) , D_A: 0.092, G_A: 0.530, cycle_A: 0.072, idt_A: 0.118, D_B: 0.003, G_B: 1.004, cycle_B: 0.204, idt_B: 0.060

[Rank 0] (epoch: 933, iters: 936, time: 0.030, data: 0.003) , D_A: 0.069, G_A: 0.528, cycle_A: 0.076, idt_A: 0.131, D_B: 0.006, G_B: 0.851, cycle_B: 0.215, idt_B: 0.069

[Rank 0] (epoch: 933, iters: 1136, time: 0.133, data: 0.002) , D_A: 0.088, G_A: 0.637, cycle_A: 0.068, idt_A: 0.122, D_B: 0.003, G_B: 1.007, cycle_B: 0.204, idt_B: 0.064

[Rank 0] (epoch: 933, iters: 1336, time: 0.029, data: 0.003) , D_A: 0.100, G_A: 0.585, cycle_A: 0.069, idt_A: 0.119, D_B: 0.029, G_B: 0.989, cycle_B: 0.196, idt_B: 0.063

[Rank 0] (epoch: 933, iters: 1536, time: 0.030, data: 0.003) , D_A: 0.058, G_A: 0.648, cycle_A: 0.052, idt_A: 0.126, D_B: 0.004, G_B: 0.964, cycle_B: 0.206, idt_B: 0.048

[Rank 0] (epoch: 933, iters: 1736, time: 0.030, data: 0.003) , D_A: 0.073, G_A: 0.589, cycle_A: 0.078, idt_A: 0.120, D_B: 0.010, G_B: 0.968, cycle_B: 0.194, idt_B: 0.068

learning rate 0.0000035 -> 0.0000033
saving the model at the end of epoch 933, iters 701792
End of epoch 933 / 950 	 Time Taken: 53 sec
[Rank 0] (epoch: 934, iters: 8, time: 0.137, data: 0.003) , D_A: 0.059, G_A: 0.723, cycle_A: 0.094, idt_A: 0.126, D_B: 0.010, G_B: 1.019, cycle_B: 0.210, idt_B: 0.082

[Rank 0] (epoch: 934, iters: 208, time: 0.135, data: 0.002) , D_A: 0.091, G_A: 0.501, cycle_A: 0.073, idt_A: 0.126, D_B: 0.008, G_B: 0.988, cycle_B: 0.208, idt_B: 0.068

[Rank 0] (epoch: 934, iters: 408, time: 0.029, data: 0.004) , D_A: 0.087, G_A: 0.661, cycle_A: 0.072, idt_A: 0.109, D_B: 0.005, G_B: 0.942, cycle_B: 0.185, idt_B: 0.070

[Rank 0] (epoch: 934, iters: 608, time: 0.030, data: 0.003) , D_A: 0.082, G_A: 0.681, cycle_A: 0.063, idt_A: 0.133, D_B: 0.005, G_B: 0.960, cycle_B: 0.211, idt_B: 0.064

[Rank 0] (epoch: 934, iters: 808, time: 0.029, data: 0.004) , D_A: 0.082, G_A: 0.557, cycle_A: 0.077, idt_A: 0.124, D_B: 0.004, G_B: 1.042, cycle_B: 0.199, idt_B: 0.077

[Rank 0] (epoch: 934, iters: 1008, time: 0.030, data: 0.002) , D_A: 0.072, G_A: 0.549, cycle_A: 0.072, idt_A: 0.133, D_B: 0.006, G_B: 0.899, cycle_B: 0.243, idt_B: 0.070

[Rank 0] (epoch: 934, iters: 1208, time: 0.151, data: 0.003) , D_A: 0.102, G_A: 0.515, cycle_A: 0.048, idt_A: 0.120, D_B: 0.004, G_B: 0.998, cycle_B: 0.207, idt_B: 0.048

[Rank 0] (epoch: 934, iters: 1408, time: 0.030, data: 0.001) , D_A: 0.064, G_A: 0.713, cycle_A: 0.093, idt_A: 0.119, D_B: 0.003, G_B: 1.054, cycle_B: 0.218, idt_B: 0.085

[Rank 0] (epoch: 934, iters: 1608, time: 0.029, data: 0.004) , D_A: 0.076, G_A: 0.529, cycle_A: 0.052, idt_A: 0.107, D_B: 0.005, G_B: 0.889, cycle_B: 0.194, idt_B: 0.050

[Rank 0] (epoch: 934, iters: 1808, time: 0.029, data: 0.003) , D_A: 0.065, G_A: 0.532, cycle_A: 0.075, idt_A: 0.122, D_B: 0.003, G_B: 0.935, cycle_B: 0.217, idt_B: 0.073

learning rate 0.0000033 -> 0.0000031
saving the model at the end of epoch 934, iters 703720
End of epoch 934 / 950 	 Time Taken: 54 sec
[Rank 0] (epoch: 935, iters: 80, time: 0.155, data: 0.003) , D_A: 0.045, G_A: 0.732, cycle_A: 0.062, idt_A: 0.119, D_B: 0.008, G_B: 0.868, cycle_B: 0.215, idt_B: 0.057

[Rank 0] (epoch: 935, iters: 280, time: 0.136, data: 0.002) , D_A: 0.084, G_A: 0.514, cycle_A: 0.071, idt_A: 0.137, D_B: 0.004, G_B: 1.001, cycle_B: 0.246, idt_B: 0.068

[Rank 0] (epoch: 935, iters: 480, time: 0.030, data: 0.004) , D_A: 0.076, G_A: 0.676, cycle_A: 0.068, idt_A: 0.119, D_B: 0.005, G_B: 0.957, cycle_B: 0.209, idt_B: 0.064

[Rank 0] (epoch: 935, iters: 680, time: 0.030, data: 0.002) , D_A: 0.095, G_A: 0.711, cycle_A: 0.070, idt_A: 0.119, D_B: 0.004, G_B: 1.004, cycle_B: 0.212, idt_B: 0.067

[Rank 0] (epoch: 935, iters: 880, time: 0.030, data: 0.002) , D_A: 0.073, G_A: 0.806, cycle_A: 0.063, idt_A: 0.130, D_B: 0.004, G_B: 0.895, cycle_B: 0.234, idt_B: 0.063

[Rank 0] (epoch: 935, iters: 1080, time: 0.030, data: 0.002) , D_A: 0.074, G_A: 0.585, cycle_A: 0.072, idt_A: 0.113, D_B: 0.012, G_B: 0.970, cycle_B: 0.199, idt_B: 0.069

[Rank 0] (epoch: 935, iters: 1280, time: 0.141, data: 0.003) , D_A: 0.068, G_A: 0.596, cycle_A: 0.062, idt_A: 0.120, D_B: 0.024, G_B: 0.955, cycle_B: 0.212, idt_B: 0.059

saving the latest model (epoch 935, total_iters 705000)
[Rank 0] (epoch: 935, iters: 1480, time: 0.029, data: 0.002) , D_A: 0.053, G_A: 0.726, cycle_A: 0.070, idt_A: 0.141, D_B: 0.022, G_B: 1.011, cycle_B: 0.246, idt_B: 0.063

[Rank 0] (epoch: 935, iters: 1680, time: 0.030, data: 0.003) , D_A: 0.058, G_A: 0.589, cycle_A: 0.084, idt_A: 0.124, D_B: 0.003, G_B: 0.997, cycle_B: 0.214, idt_B: 0.073

[Rank 0] (epoch: 935, iters: 1880, time: 0.030, data: 0.004) , D_A: 0.089, G_A: 0.613, cycle_A: 0.070, idt_A: 0.115, D_B: 0.021, G_B: 0.923, cycle_B: 0.208, idt_B: 0.067

learning rate 0.0000031 -> 0.0000029
saving the model at the end of epoch 935, iters 705648
End of epoch 935 / 950 	 Time Taken: 54 sec
[Rank 0] (epoch: 936, iters: 152, time: 0.153, data: 0.003) , D_A: 0.072, G_A: 0.657, cycle_A: 0.058, idt_A: 0.115, D_B: 0.002, G_B: 0.997, cycle_B: 0.209, idt_B: 0.060

[Rank 0] (epoch: 936, iters: 352, time: 0.134, data: 0.001) , D_A: 0.098, G_A: 0.465, cycle_A: 0.079, idt_A: 0.128, D_B: 0.003, G_B: 1.035, cycle_B: 0.224, idt_B: 0.076

[Rank 0] (epoch: 936, iters: 552, time: 0.029, data: 0.002) , D_A: 0.053, G_A: 0.722, cycle_A: 0.084, idt_A: 0.122, D_B: 0.020, G_B: 0.970, cycle_B: 0.218, idt_B: 0.077

[Rank 0] (epoch: 936, iters: 752, time: 0.029, data: 0.002) , D_A: 0.085, G_A: 0.644, cycle_A: 0.066, idt_A: 0.109, D_B: 0.003, G_B: 0.915, cycle_B: 0.205, idt_B: 0.065

[Rank 0] (epoch: 936, iters: 952, time: 0.029, data: 0.002) , D_A: 0.066, G_A: 0.612, cycle_A: 0.067, idt_A: 0.123, D_B: 0.002, G_B: 1.025, cycle_B: 0.228, idt_B: 0.068

[Rank 0] (epoch: 936, iters: 1152, time: 0.030, data: 0.002) , D_A: 0.082, G_A: 0.661, cycle_A: 0.091, idt_A: 0.120, D_B: 0.004, G_B: 0.988, cycle_B: 0.212, idt_B: 0.089

[Rank 0] (epoch: 936, iters: 1352, time: 0.143, data: 0.003) , D_A: 0.082, G_A: 0.582, cycle_A: 0.081, idt_A: 0.113, D_B: 0.011, G_B: 0.840, cycle_B: 0.202, idt_B: 0.083

[Rank 0] (epoch: 936, iters: 1552, time: 0.029, data: 0.003) , D_A: 0.095, G_A: 0.531, cycle_A: 0.081, idt_A: 0.122, D_B: 0.004, G_B: 1.009, cycle_B: 0.227, idt_B: 0.083

[Rank 0] (epoch: 936, iters: 1752, time: 0.029, data: 0.003) , D_A: 0.073, G_A: 0.674, cycle_A: 0.064, idt_A: 0.116, D_B: 0.007, G_B: 0.890, cycle_B: 0.203, idt_B: 0.062

learning rate 0.0000029 -> 0.0000027
saving the model at the end of epoch 936, iters 707576
End of epoch 936 / 950 	 Time Taken: 53 sec
[Rank 0] (epoch: 937, iters: 24, time: 0.153, data: 0.002) , D_A: 0.097, G_A: 0.540, cycle_A: 0.080, idt_A: 0.122, D_B: 0.004, G_B: 0.879, cycle_B: 0.221, idt_B: 0.081

[Rank 0] (epoch: 937, iters: 224, time: 0.030, data: 0.001) , D_A: 0.082, G_A: 0.649, cycle_A: 0.051, idt_A: 0.125, D_B: 0.005, G_B: 0.934, cycle_B: 0.217, idt_B: 0.052

[Rank 0] (epoch: 937, iters: 424, time: 0.145, data: 0.004) , D_A: 0.066, G_A: 0.686, cycle_A: 0.071, idt_A: 0.118, D_B: 0.003, G_B: 0.973, cycle_B: 0.205, idt_B: 0.072

[Rank 0] (epoch: 937, iters: 624, time: 0.029, data: 0.003) , D_A: 0.076, G_A: 0.608, cycle_A: 0.086, idt_A: 0.117, D_B: 0.004, G_B: 0.950, cycle_B: 0.203, idt_B: 0.085

[Rank 0] (epoch: 937, iters: 824, time: 0.030, data: 0.002) , D_A: 0.072, G_A: 0.635, cycle_A: 0.071, idt_A: 0.100, D_B: 0.002, G_B: 0.956, cycle_B: 0.178, idt_B: 0.066

[Rank 0] (epoch: 937, iters: 1024, time: 0.029, data: 0.004) , D_A: 0.073, G_A: 0.591, cycle_A: 0.070, idt_A: 0.132, D_B: 0.005, G_B: 0.914, cycle_B: 0.236, idt_B: 0.070

[Rank 0] (epoch: 937, iters: 1224, time: 0.029, data: 0.003) , D_A: 0.061, G_A: 0.669, cycle_A: 0.067, idt_A: 0.138, D_B: 0.003, G_B: 1.024, cycle_B: 0.234, idt_B: 0.062

[Rank 0] (epoch: 937, iters: 1424, time: 0.155, data: 0.003) , D_A: 0.097, G_A: 0.501, cycle_A: 0.078, idt_A: 0.108, D_B: 0.004, G_B: 0.898, cycle_B: 0.186, idt_B: 0.078

[Rank 0] (epoch: 937, iters: 1624, time: 0.030, data: 0.002) , D_A: 0.068, G_A: 0.658, cycle_A: 0.068, idt_A: 0.128, D_B: 0.003, G_B: 0.962, cycle_B: 0.222, idt_B: 0.070

[Rank 0] (epoch: 937, iters: 1824, time: 0.029, data: 0.004) , D_A: 0.065, G_A: 0.768, cycle_A: 0.085, idt_A: 0.122, D_B: 0.003, G_B: 1.005, cycle_B: 0.217, idt_B: 0.078

learning rate 0.0000027 -> 0.0000025
saving the model at the end of epoch 937, iters 709504
End of epoch 937 / 950 	 Time Taken: 54 sec
[Rank 0] (epoch: 938, iters: 96, time: 0.145, data: 0.002) , D_A: 0.096, G_A: 0.643, cycle_A: 0.074, idt_A: 0.124, D_B: 0.005, G_B: 0.949, cycle_B: 0.213, idt_B: 0.070

[Rank 0] (epoch: 938, iters: 296, time: 0.029, data: 0.004) , D_A: 0.100, G_A: 0.593, cycle_A: 0.061, idt_A: 0.134, D_B: 0.004, G_B: 0.991, cycle_B: 0.237, idt_B: 0.059

[Rank 0] (epoch: 938, iters: 496, time: 0.138, data: 0.003) , D_A: 0.069, G_A: 0.644, cycle_A: 0.091, idt_A: 0.128, D_B: 0.003, G_B: 0.997, cycle_B: 0.227, idt_B: 0.091

saving the latest model (epoch 938, total_iters 710000)
[Rank 0] (epoch: 938, iters: 696, time: 0.030, data: 0.002) , D_A: 0.097, G_A: 0.572, cycle_A: 0.094, idt_A: 0.119, D_B: 0.005, G_B: 0.953, cycle_B: 0.203, idt_B: 0.091

[Rank 0] (epoch: 938, iters: 896, time: 0.030, data: 0.003) , D_A: 0.067, G_A: 0.600, cycle_A: 0.075, idt_A: 0.130, D_B: 0.004, G_B: 1.014, cycle_B: 0.230, idt_B: 0.075

[Rank 0] (epoch: 938, iters: 1096, time: 0.029, data: 0.003) , D_A: 0.086, G_A: 0.711, cycle_A: 0.055, idt_A: 0.122, D_B: 0.003, G_B: 0.965, cycle_B: 0.208, idt_B: 0.052

[Rank 0] (epoch: 938, iters: 1296, time: 0.030, data: 0.003) , D_A: 0.109, G_A: 0.654, cycle_A: 0.072, idt_A: 0.104, D_B: 0.003, G_B: 0.938, cycle_B: 0.182, idt_B: 0.068

[Rank 0] (epoch: 938, iters: 1496, time: 0.136, data: 0.003) , D_A: 0.078, G_A: 0.691, cycle_A: 0.072, idt_A: 0.119, D_B: 0.004, G_B: 0.954, cycle_B: 0.212, idt_B: 0.075

[Rank 0] (epoch: 938, iters: 1696, time: 0.030, data: 0.003) , D_A: 0.111, G_A: 0.570, cycle_A: 0.117, idt_A: 0.119, D_B: 0.004, G_B: 0.979, cycle_B: 0.203, idt_B: 0.105

[Rank 0] (epoch: 938, iters: 1896, time: 0.030, data: 0.003) , D_A: 0.070, G_A: 0.644, cycle_A: 0.093, idt_A: 0.140, D_B: 0.004, G_B: 0.945, cycle_B: 0.236, idt_B: 0.091

learning rate 0.0000025 -> 0.0000024
saving the model at the end of epoch 938, iters 711432
End of epoch 938 / 950 	 Time Taken: 54 sec
[Rank 0] (epoch: 939, iters: 168, time: 0.161, data: 0.002) , D_A: 0.093, G_A: 0.672, cycle_A: 0.063, idt_A: 0.124, D_B: 0.009, G_B: 1.010, cycle_B: 0.227, idt_B: 0.060

[Rank 0] (epoch: 939, iters: 368, time: 0.029, data: 0.002) , D_A: 0.083, G_A: 0.590, cycle_A: 0.084, idt_A: 0.120, D_B: 0.003, G_B: 0.971, cycle_B: 0.212, idt_B: 0.079

[Rank 0] (epoch: 939, iters: 568, time: 0.159, data: 0.003) , D_A: 0.085, G_A: 0.611, cycle_A: 0.075, idt_A: 0.144, D_B: 0.003, G_B: 1.022, cycle_B: 0.242, idt_B: 0.067

[Rank 0] (epoch: 939, iters: 768, time: 0.030, data: 0.002) , D_A: 0.077, G_A: 0.655, cycle_A: 0.085, idt_A: 0.123, D_B: 0.002, G_B: 0.986, cycle_B: 0.226, idt_B: 0.087

[Rank 0] (epoch: 939, iters: 968, time: 0.030, data: 0.003) , D_A: 0.077, G_A: 0.742, cycle_A: 0.068, idt_A: 0.115, D_B: 0.017, G_B: 1.017, cycle_B: 0.198, idt_B: 0.068

[Rank 0] (epoch: 939, iters: 1168, time: 0.029, data: 0.003) , D_A: 0.073, G_A: 0.602, cycle_A: 0.082, idt_A: 0.127, D_B: 0.003, G_B: 0.940, cycle_B: 0.209, idt_B: 0.079

[Rank 0] (epoch: 939, iters: 1368, time: 0.030, data: 0.003) , D_A: 0.096, G_A: 0.648, cycle_A: 0.078, idt_A: 0.106, D_B: 0.003, G_B: 0.956, cycle_B: 0.190, idt_B: 0.076

[Rank 0] (epoch: 939, iters: 1568, time: 0.143, data: 0.003) , D_A: 0.098, G_A: 0.670, cycle_A: 0.089, idt_A: 0.122, D_B: 0.002, G_B: 0.947, cycle_B: 0.208, idt_B: 0.086

[Rank 0] (epoch: 939, iters: 1768, time: 0.030, data: 0.001) , D_A: 0.074, G_A: 0.594, cycle_A: 0.101, idt_A: 0.142, D_B: 0.003, G_B: 0.970, cycle_B: 0.253, idt_B: 0.089

learning rate 0.0000024 -> 0.0000022
saving the model at the end of epoch 939, iters 713360
End of epoch 939 / 950 	 Time Taken: 54 sec
[Rank 0] (epoch: 940, iters: 40, time: 0.178, data: 0.003) , D_A: 0.065, G_A: 0.659, cycle_A: 0.070, idt_A: 0.126, D_B: 0.006, G_B: 0.985, cycle_B: 0.216, idt_B: 0.060

[Rank 0] (epoch: 940, iters: 240, time: 0.030, data: 0.003) , D_A: 0.063, G_A: 0.678, cycle_A: 0.092, idt_A: 0.134, D_B: 0.004, G_B: 0.969, cycle_B: 0.244, idt_B: 0.081

[Rank 0] (epoch: 940, iters: 440, time: 0.029, data: 0.003) , D_A: 0.110, G_A: 0.691, cycle_A: 0.078, idt_A: 0.124, D_B: 0.007, G_B: 1.011, cycle_B: 0.228, idt_B: 0.075

[Rank 0] (epoch: 940, iters: 640, time: 0.152, data: 0.003) , D_A: 0.081, G_A: 0.605, cycle_A: 0.066, idt_A: 0.117, D_B: 0.005, G_B: 0.966, cycle_B: 0.207, idt_B: 0.062

[Rank 0] (epoch: 940, iters: 840, time: 0.030, data: 0.002) , D_A: 0.083, G_A: 0.598, cycle_A: 0.057, idt_A: 0.126, D_B: 0.005, G_B: 1.024, cycle_B: 0.221, idt_B: 0.051

[Rank 0] (epoch: 940, iters: 1040, time: 0.030, data: 0.003) , D_A: 0.100, G_A: 0.617, cycle_A: 0.062, idt_A: 0.119, D_B: 0.002, G_B: 0.998, cycle_B: 0.205, idt_B: 0.059

[Rank 0] (epoch: 940, iters: 1240, time: 0.030, data: 0.003) , D_A: 0.104, G_A: 0.586, cycle_A: 0.076, idt_A: 0.126, D_B: 0.003, G_B: 0.995, cycle_B: 0.231, idt_B: 0.074

[Rank 0] (epoch: 940, iters: 1440, time: 0.029, data: 0.002) , D_A: 0.074, G_A: 0.680, cycle_A: 0.075, idt_A: 0.135, D_B: 0.003, G_B: 0.967, cycle_B: 0.224, idt_B: 0.071

[Rank 0] (epoch: 940, iters: 1640, time: 0.154, data: 0.002) , D_A: 0.086, G_A: 0.642, cycle_A: 0.065, idt_A: 0.121, D_B: 0.003, G_B: 0.990, cycle_B: 0.206, idt_B: 0.065

saving the latest model (epoch 940, total_iters 715000)
[Rank 0] (epoch: 940, iters: 1840, time: 0.030, data: 0.002) , D_A: 0.090, G_A: 0.691, cycle_A: 0.070, idt_A: 0.115, D_B: 0.005, G_B: 0.845, cycle_B: 0.206, idt_B: 0.067

learning rate 0.0000022 -> 0.0000020
saving the model at the end of epoch 940, iters 715288
End of epoch 940 / 950 	 Time Taken: 54 sec
[Rank 0] (epoch: 941, iters: 112, time: 0.160, data: 0.003) , D_A: 0.056, G_A: 0.647, cycle_A: 0.074, idt_A: 0.140, D_B: 0.003, G_B: 0.976, cycle_B: 0.245, idt_B: 0.065

[Rank 0] (epoch: 941, iters: 312, time: 0.029, data: 0.003) , D_A: 0.057, G_A: 0.602, cycle_A: 0.084, idt_A: 0.112, D_B: 0.002, G_B: 0.944, cycle_B: 0.191, idt_B: 0.086

[Rank 0] (epoch: 941, iters: 512, time: 0.030, data: 0.003) , D_A: 0.098, G_A: 0.534, cycle_A: 0.079, idt_A: 0.119, D_B: 0.011, G_B: 0.933, cycle_B: 0.206, idt_B: 0.076

[Rank 0] (epoch: 941, iters: 712, time: 0.141, data: 0.003) , D_A: 0.105, G_A: 0.536, cycle_A: 0.076, idt_A: 0.119, D_B: 0.003, G_B: 0.945, cycle_B: 0.202, idt_B: 0.071

[Rank 0] (epoch: 941, iters: 912, time: 0.030, data: 0.001) , D_A: 0.084, G_A: 0.652, cycle_A: 0.081, idt_A: 0.116, D_B: 0.002, G_B: 1.000, cycle_B: 0.198, idt_B: 0.079

[Rank 0] (epoch: 941, iters: 1112, time: 0.029, data: 0.004) , D_A: 0.091, G_A: 0.652, cycle_A: 0.081, idt_A: 0.108, D_B: 0.004, G_B: 1.029, cycle_B: 0.185, idt_B: 0.074

[Rank 0] (epoch: 941, iters: 1312, time: 0.030, data: 0.002) , D_A: 0.078, G_A: 0.725, cycle_A: 0.069, idt_A: 0.111, D_B: 0.004, G_B: 0.916, cycle_B: 0.195, idt_B: 0.064

[Rank 0] (epoch: 941, iters: 1512, time: 0.030, data: 0.003) , D_A: 0.083, G_A: 0.685, cycle_A: 0.074, idt_A: 0.120, D_B: 0.010, G_B: 0.937, cycle_B: 0.210, idt_B: 0.073

[Rank 0] (epoch: 941, iters: 1712, time: 0.132, data: 0.002) , D_A: 0.086, G_A: 0.624, cycle_A: 0.081, idt_A: 0.145, D_B: 0.004, G_B: 0.974, cycle_B: 0.255, idt_B: 0.074

[Rank 0] (epoch: 941, iters: 1912, time: 0.030, data: 0.003) , D_A: 0.087, G_A: 0.632, cycle_A: 0.084, idt_A: 0.116, D_B: 0.003, G_B: 0.951, cycle_B: 0.202, idt_B: 0.076

learning rate 0.0000020 -> 0.0000018
saving the model at the end of epoch 941, iters 717216
End of epoch 941 / 950 	 Time Taken: 53 sec
[Rank 0] (epoch: 942, iters: 184, time: 0.142, data: 0.002) , D_A: 0.077, G_A: 0.628, cycle_A: 0.066, idt_A: 0.132, D_B: 0.002, G_B: 1.019, cycle_B: 0.226, idt_B: 0.061

[Rank 0] (epoch: 942, iters: 384, time: 0.030, data: 0.001) , D_A: 0.093, G_A: 0.500, cycle_A: 0.066, idt_A: 0.121, D_B: 0.003, G_B: 0.956, cycle_B: 0.230, idt_B: 0.059

[Rank 0] (epoch: 942, iters: 584, time: 0.029, data: 0.004) , D_A: 0.078, G_A: 0.591, cycle_A: 0.066, idt_A: 0.128, D_B: 0.003, G_B: 0.951, cycle_B: 0.223, idt_B: 0.066

[Rank 0] (epoch: 942, iters: 784, time: 0.148, data: 0.002) , D_A: 0.107, G_A: 0.587, cycle_A: 0.070, idt_A: 0.125, D_B: 0.004, G_B: 0.964, cycle_B: 0.221, idt_B: 0.071

[Rank 0] (epoch: 942, iters: 984, time: 0.029, data: 0.003) , D_A: 0.087, G_A: 0.701, cycle_A: 0.070, idt_A: 0.121, D_B: 0.019, G_B: 1.003, cycle_B: 0.214, idt_B: 0.066

[Rank 0] (epoch: 942, iters: 1184, time: 0.030, data: 0.002) , D_A: 0.078, G_A: 0.612, cycle_A: 0.072, idt_A: 0.115, D_B: 0.002, G_B: 0.997, cycle_B: 0.193, idt_B: 0.066

[Rank 0] (epoch: 942, iters: 1384, time: 0.029, data: 0.004) , D_A: 0.076, G_A: 0.669, cycle_A: 0.090, idt_A: 0.134, D_B: 0.003, G_B: 0.964, cycle_B: 0.246, idt_B: 0.084

[Rank 0] (epoch: 942, iters: 1584, time: 0.029, data: 0.003) , D_A: 0.106, G_A: 0.634, cycle_A: 0.069, idt_A: 0.131, D_B: 0.002, G_B: 0.935, cycle_B: 0.228, idt_B: 0.069

[Rank 0] (epoch: 942, iters: 1784, time: 0.142, data: 0.003) , D_A: 0.072, G_A: 0.680, cycle_A: 0.058, idt_A: 0.122, D_B: 0.025, G_B: 0.926, cycle_B: 0.212, idt_B: 0.053

learning rate 0.0000018 -> 0.0000016
saving the model at the end of epoch 942, iters 719144
End of epoch 942 / 950 	 Time Taken: 54 sec
[Rank 0] (epoch: 943, iters: 56, time: 0.170, data: 0.002) , D_A: 0.087, G_A: 0.627, cycle_A: 0.048, idt_A: 0.122, D_B: 0.002, G_B: 0.994, cycle_B: 0.204, idt_B: 0.046

[Rank 0] (epoch: 943, iters: 256, time: 0.029, data: 0.002) , D_A: 0.069, G_A: 0.623, cycle_A: 0.055, idt_A: 0.127, D_B: 0.020, G_B: 0.969, cycle_B: 0.217, idt_B: 0.054

[Rank 0] (epoch: 943, iters: 456, time: 0.029, data: 0.003) , D_A: 0.088, G_A: 0.698, cycle_A: 0.065, idt_A: 0.115, D_B: 0.003, G_B: 0.942, cycle_B: 0.188, idt_B: 0.064

[Rank 0] (epoch: 943, iters: 656, time: 0.030, data: 0.002) , D_A: 0.079, G_A: 0.627, cycle_A: 0.090, idt_A: 0.121, D_B: 0.027, G_B: 0.963, cycle_B: 0.214, idt_B: 0.086

[Rank 0] (epoch: 943, iters: 856, time: 0.138, data: 0.004) , D_A: 0.105, G_A: 0.637, cycle_A: 0.078, idt_A: 0.130, D_B: 0.001, G_B: 1.005, cycle_B: 0.229, idt_B: 0.073

saving the latest model (epoch 943, total_iters 720000)
[Rank 0] (epoch: 943, iters: 1056, time: 0.030, data: 0.003) , D_A: 0.093, G_A: 0.652, cycle_A: 0.091, idt_A: 0.112, D_B: 0.003, G_B: 0.961, cycle_B: 0.192, idt_B: 0.083

[Rank 0] (epoch: 943, iters: 1256, time: 0.029, data: 0.003) , D_A: 0.084, G_A: 0.636, cycle_A: 0.062, idt_A: 0.121, D_B: 0.003, G_B: 1.007, cycle_B: 0.215, idt_B: 0.063

[Rank 0] (epoch: 943, iters: 1456, time: 0.030, data: 0.002) , D_A: 0.095, G_A: 0.702, cycle_A: 0.071, idt_A: 0.121, D_B: 0.003, G_B: 1.019, cycle_B: 0.216, idt_B: 0.069

[Rank 0] (epoch: 943, iters: 1656, time: 0.029, data: 0.004) , D_A: 0.108, G_A: 0.613, cycle_A: 0.084, idt_A: 0.105, D_B: 0.003, G_B: 0.952, cycle_B: 0.184, idt_B: 0.081

[Rank 0] (epoch: 943, iters: 1856, time: 0.140, data: 0.003) , D_A: 0.080, G_A: 0.537, cycle_A: 0.061, idt_A: 0.114, D_B: 0.003, G_B: 0.933, cycle_B: 0.201, idt_B: 0.061

learning rate 0.0000016 -> 0.0000014
saving the model at the end of epoch 943, iters 721072
End of epoch 943 / 950 	 Time Taken: 54 sec
[Rank 0] (epoch: 944, iters: 128, time: 0.155, data: 0.003) , D_A: 0.105, G_A: 0.610, cycle_A: 0.077, idt_A: 0.118, D_B: 0.003, G_B: 0.938, cycle_B: 0.197, idt_B: 0.074

[Rank 0] (epoch: 944, iters: 328, time: 0.030, data: 0.005) , D_A: 0.088, G_A: 0.556, cycle_A: 0.074, idt_A: 0.114, D_B: 0.003, G_B: 1.004, cycle_B: 0.199, idt_B: 0.074

[Rank 0] (epoch: 944, iters: 528, time: 0.029, data: 0.004) , D_A: 0.088, G_A: 0.547, cycle_A: 0.080, idt_A: 0.130, D_B: 0.004, G_B: 1.033, cycle_B: 0.233, idt_B: 0.083

[Rank 0] (epoch: 944, iters: 728, time: 0.029, data: 0.003) , D_A: 0.116, G_A: 0.643, cycle_A: 0.077, idt_A: 0.117, D_B: 0.003, G_B: 1.035, cycle_B: 0.204, idt_B: 0.069

[Rank 0] (epoch: 944, iters: 928, time: 0.139, data: 0.004) , D_A: 0.094, G_A: 0.591, cycle_A: 0.072, idt_A: 0.111, D_B: 0.003, G_B: 0.943, cycle_B: 0.196, idt_B: 0.067

[Rank 0] (epoch: 944, iters: 1128, time: 0.029, data: 0.003) , D_A: 0.094, G_A: 0.640, cycle_A: 0.054, idt_A: 0.108, D_B: 0.023, G_B: 1.007, cycle_B: 0.191, idt_B: 0.051

[Rank 0] (epoch: 944, iters: 1328, time: 0.029, data: 0.003) , D_A: 0.088, G_A: 0.651, cycle_A: 0.070, idt_A: 0.126, D_B: 0.002, G_B: 0.991, cycle_B: 0.228, idt_B: 0.065

[Rank 0] (epoch: 944, iters: 1528, time: 0.030, data: 0.002) , D_A: 0.061, G_A: 0.718, cycle_A: 0.092, idt_A: 0.122, D_B: 0.003, G_B: 0.960, cycle_B: 0.207, idt_B: 0.087

[Rank 0] (epoch: 944, iters: 1728, time: 0.029, data: 0.004) , D_A: 0.072, G_A: 0.591, cycle_A: 0.069, idt_A: 0.117, D_B: 0.026, G_B: 1.026, cycle_B: 0.204, idt_B: 0.063

[Rank 0] (epoch: 944, iters: 1928, time: 0.125, data: 0.003) , D_A: 0.072, G_A: 0.667, cycle_A: 0.059, idt_A: 0.121, D_B: 0.003, G_B: 1.013, cycle_B: 0.212, idt_B: 0.054

learning rate 0.0000014 -> 0.0000012
saving the model at the end of epoch 944, iters 723000
End of epoch 944 / 950 	 Time Taken: 53 sec
[Rank 0] (epoch: 945, iters: 200, time: 0.154, data: 0.752) , D_A: 0.082, G_A: 0.657, cycle_A: 0.074, idt_A: 0.128, D_B: 0.019, G_B: 0.938, cycle_B: 0.214, idt_B: 0.070

[Rank 0] (epoch: 945, iters: 400, time: 0.029, data: 0.002) , D_A: 0.086, G_A: 0.568, cycle_A: 0.088, idt_A: 0.131, D_B: 0.003, G_B: 0.995, cycle_B: 0.235, idt_B: 0.083

[Rank 0] (epoch: 945, iters: 600, time: 0.029, data: 0.003) , D_A: 0.105, G_A: 0.560, cycle_A: 0.076, idt_A: 0.112, D_B: 0.004, G_B: 0.958, cycle_B: 0.194, idt_B: 0.072

[Rank 0] (epoch: 945, iters: 800, time: 0.030, data: 0.003) , D_A: 0.094, G_A: 0.597, cycle_A: 0.059, idt_A: 0.124, D_B: 0.003, G_B: 1.022, cycle_B: 0.229, idt_B: 0.054

[Rank 0] (epoch: 945, iters: 1000, time: 0.130, data: 0.004) , D_A: 0.112, G_A: 0.698, cycle_A: 0.086, idt_A: 0.120, D_B: 0.005, G_B: 1.020, cycle_B: 0.215, idt_B: 0.078

[Rank 0] (epoch: 945, iters: 1200, time: 0.030, data: 0.003) , D_A: 0.076, G_A: 0.632, cycle_A: 0.078, idt_A: 0.138, D_B: 0.008, G_B: 1.010, cycle_B: 0.249, idt_B: 0.069

[Rank 0] (epoch: 945, iters: 1400, time: 0.029, data: 0.003) , D_A: 0.093, G_A: 0.681, cycle_A: 0.089, idt_A: 0.121, D_B: 0.002, G_B: 0.997, cycle_B: 0.205, idt_B: 0.086

[Rank 0] (epoch: 945, iters: 1600, time: 0.030, data: 0.003) , D_A: 0.088, G_A: 0.624, cycle_A: 0.054, idt_A: 0.140, D_B: 0.002, G_B: 0.969, cycle_B: 0.240, idt_B: 0.051

[Rank 0] (epoch: 945, iters: 1800, time: 0.029, data: 0.004) , D_A: 0.072, G_A: 0.675, cycle_A: 0.070, idt_A: 0.121, D_B: 0.002, G_B: 0.972, cycle_B: 0.214, idt_B: 0.067

learning rate 0.0000012 -> 0.0000010
saving the model at the end of epoch 945, iters 724928
End of epoch 945 / 950 	 Time Taken: 52 sec
[Rank 0] (epoch: 946, iters: 72, time: 0.186, data: 0.003) , D_A: 0.089, G_A: 0.636, cycle_A: 0.090, idt_A: 0.116, D_B: 0.015, G_B: 1.003, cycle_B: 0.202, idt_B: 0.088

saving the latest model (epoch 946, total_iters 725000)
[Rank 0] (epoch: 946, iters: 272, time: 0.030, data: 0.001) , D_A: 0.063, G_A: 0.653, cycle_A: 0.082, idt_A: 0.126, D_B: 0.004, G_B: 0.978, cycle_B: 0.215, idt_B: 0.077

[Rank 0] (epoch: 946, iters: 472, time: 0.029, data: 0.003) , D_A: 0.065, G_A: 0.563, cycle_A: 0.073, idt_A: 0.118, D_B: 0.004, G_B: 0.948, cycle_B: 0.208, idt_B: 0.068

[Rank 0] (epoch: 946, iters: 672, time: 0.030, data: 0.002) , D_A: 0.082, G_A: 0.582, cycle_A: 0.050, idt_A: 0.131, D_B: 0.005, G_B: 0.933, cycle_B: 0.242, idt_B: 0.046

[Rank 0] (epoch: 946, iters: 872, time: 0.029, data: 0.003) , D_A: 0.083, G_A: 0.661, cycle_A: 0.082, idt_A: 0.123, D_B: 0.003, G_B: 0.966, cycle_B: 0.205, idt_B: 0.074

[Rank 0] (epoch: 946, iters: 1072, time: 0.133, data: 0.002) , D_A: 0.101, G_A: 0.618, cycle_A: 0.081, idt_A: 0.113, D_B: 0.006, G_B: 1.030, cycle_B: 0.193, idt_B: 0.082

[Rank 0] (epoch: 946, iters: 1272, time: 0.029, data: 0.003) , D_A: 0.080, G_A: 0.663, cycle_A: 0.066, idt_A: 0.115, D_B: 0.003, G_B: 1.039, cycle_B: 0.199, idt_B: 0.065

[Rank 0] (epoch: 946, iters: 1472, time: 0.030, data: 0.003) , D_A: 0.082, G_A: 0.620, cycle_A: 0.083, idt_A: 0.119, D_B: 0.003, G_B: 0.979, cycle_B: 0.217, idt_B: 0.077

[Rank 0] (epoch: 946, iters: 1672, time: 0.029, data: 0.003) , D_A: 0.090, G_A: 0.641, cycle_A: 0.072, idt_A: 0.106, D_B: 0.002, G_B: 0.960, cycle_B: 0.193, idt_B: 0.069

[Rank 0] (epoch: 946, iters: 1872, time: 0.030, data: 0.002) , D_A: 0.069, G_A: 0.616, cycle_A: 0.082, idt_A: 0.119, D_B: 0.002, G_B: 0.942, cycle_B: 0.208, idt_B: 0.076

learning rate 0.0000010 -> 0.0000008
saving the model at the end of epoch 946, iters 726856
End of epoch 946 / 950 	 Time Taken: 53 sec
[Rank 0] (epoch: 947, iters: 144, time: 0.176, data: 0.002) , D_A: 0.055, G_A: 0.677, cycle_A: 0.060, idt_A: 0.131, D_B: 0.003, G_B: 1.008, cycle_B: 0.229, idt_B: 0.058

[Rank 0] (epoch: 947, iters: 344, time: 0.029, data: 0.002) , D_A: 0.107, G_A: 0.665, cycle_A: 0.066, idt_A: 0.110, D_B: 0.003, G_B: 0.934, cycle_B: 0.197, idt_B: 0.063

[Rank 0] (epoch: 947, iters: 544, time: 0.030, data: 0.003) , D_A: 0.086, G_A: 0.621, cycle_A: 0.093, idt_A: 0.106, D_B: 0.002, G_B: 0.963, cycle_B: 0.188, idt_B: 0.092

[Rank 0] (epoch: 947, iters: 744, time: 0.029, data: 0.004) , D_A: 0.086, G_A: 0.677, cycle_A: 0.065, idt_A: 0.124, D_B: 0.006, G_B: 0.987, cycle_B: 0.222, idt_B: 0.058

[Rank 0] (epoch: 947, iters: 944, time: 0.030, data: 0.002) , D_A: 0.079, G_A: 0.642, cycle_A: 0.067, idt_A: 0.118, D_B: 0.002, G_B: 1.009, cycle_B: 0.214, idt_B: 0.059

[Rank 0] (epoch: 947, iters: 1144, time: 0.144, data: 0.004) , D_A: 0.102, G_A: 0.630, cycle_A: 0.070, idt_A: 0.137, D_B: 0.003, G_B: 0.987, cycle_B: 0.230, idt_B: 0.070

[Rank 0] (epoch: 947, iters: 1344, time: 0.030, data: 0.002) , D_A: 0.094, G_A: 0.550, cycle_A: 0.085, idt_A: 0.114, D_B: 0.002, G_B: 1.018, cycle_B: 0.209, idt_B: 0.079

[Rank 0] (epoch: 947, iters: 1544, time: 0.030, data: 0.004) , D_A: 0.082, G_A: 0.652, cycle_A: 0.081, idt_A: 0.117, D_B: 0.002, G_B: 0.983, cycle_B: 0.205, idt_B: 0.078

[Rank 0] (epoch: 947, iters: 1744, time: 0.030, data: 0.003) , D_A: 0.108, G_A: 0.556, cycle_A: 0.088, idt_A: 0.107, D_B: 0.006, G_B: 0.794, cycle_B: 0.192, idt_B: 0.086

learning rate 0.0000008 -> 0.0000006
saving the model at the end of epoch 947, iters 728784
End of epoch 947 / 950 	 Time Taken: 53 sec
[Rank 0] (epoch: 948, iters: 16, time: 0.178, data: 0.004) , D_A: 0.105, G_A: 0.626, cycle_A: 0.088, idt_A: 0.109, D_B: 0.017, G_B: 0.928, cycle_B: 0.192, idt_B: 0.084

[Rank 0] (epoch: 948, iters: 216, time: 0.146, data: 0.005) , D_A: 0.097, G_A: 0.616, cycle_A: 0.092, idt_A: 0.128, D_B: 0.009, G_B: 0.929, cycle_B: 0.239, idt_B: 0.088

[Rank 0] (epoch: 948, iters: 416, time: 0.029, data: 0.003) , D_A: 0.078, G_A: 0.580, cycle_A: 0.090, idt_A: 0.135, D_B: 0.002, G_B: 0.964, cycle_B: 0.231, idt_B: 0.082

[Rank 0] (epoch: 948, iters: 616, time: 0.030, data: 0.003) , D_A: 0.070, G_A: 0.668, cycle_A: 0.061, idt_A: 0.131, D_B: 0.019, G_B: 0.909, cycle_B: 0.232, idt_B: 0.060

[Rank 0] (epoch: 948, iters: 816, time: 0.030, data: 0.003) , D_A: 0.084, G_A: 0.627, cycle_A: 0.079, idt_A: 0.126, D_B: 0.003, G_B: 0.962, cycle_B: 0.229, idt_B: 0.076

[Rank 0] (epoch: 948, iters: 1016, time: 0.029, data: 0.003) , D_A: 0.071, G_A: 0.617, cycle_A: 0.084, idt_A: 0.119, D_B: 0.002, G_B: 0.978, cycle_B: 0.210, idt_B: 0.083

[Rank 0] (epoch: 948, iters: 1216, time: 0.147, data: 0.003) , D_A: 0.068, G_A: 0.660, cycle_A: 0.046, idt_A: 0.120, D_B: 0.004, G_B: 0.923, cycle_B: 0.214, idt_B: 0.041

saving the latest model (epoch 948, total_iters 730000)
[Rank 0] (epoch: 948, iters: 1416, time: 0.029, data: 0.003) , D_A: 0.084, G_A: 0.597, cycle_A: 0.071, idt_A: 0.130, D_B: 0.002, G_B: 0.970, cycle_B: 0.229, idt_B: 0.072

[Rank 0] (epoch: 948, iters: 1616, time: 0.029, data: 0.003) , D_A: 0.095, G_A: 0.627, cycle_A: 0.079, idt_A: 0.130, D_B: 0.002, G_B: 0.988, cycle_B: 0.234, idt_B: 0.071

[Rank 0] (epoch: 948, iters: 1816, time: 0.029, data: 0.004) , D_A: 0.102, G_A: 0.677, cycle_A: 0.049, idt_A: 0.101, D_B: 0.015, G_B: 0.969, cycle_B: 0.178, idt_B: 0.048

learning rate 0.0000006 -> 0.0000004
saving the model at the end of epoch 948, iters 730712
End of epoch 948 / 950 	 Time Taken: 54 sec
[Rank 0] (epoch: 949, iters: 88, time: 0.153, data: 0.002) , D_A: 0.080, G_A: 0.596, cycle_A: 0.071, idt_A: 0.114, D_B: 0.039, G_B: 0.997, cycle_B: 0.200, idt_B: 0.064

[Rank 0] (epoch: 949, iters: 288, time: 0.134, data: 0.001) , D_A: 0.075, G_A: 0.560, cycle_A: 0.063, idt_A: 0.121, D_B: 0.002, G_B: 0.960, cycle_B: 0.216, idt_B: 0.066

[Rank 0] (epoch: 949, iters: 488, time: 0.029, data: 0.003) , D_A: 0.090, G_A: 0.614, cycle_A: 0.089, idt_A: 0.135, D_B: 0.011, G_B: 1.044, cycle_B: 0.250, idt_B: 0.085

[Rank 0] (epoch: 949, iters: 688, time: 0.029, data: 0.003) , D_A: 0.099, G_A: 0.646, cycle_A: 0.088, idt_A: 0.120, D_B: 0.023, G_B: 0.946, cycle_B: 0.211, idt_B: 0.085

[Rank 0] (epoch: 949, iters: 888, time: 0.029, data: 0.003) , D_A: 0.102, G_A: 0.569, cycle_A: 0.049, idt_A: 0.126, D_B: 0.004, G_B: 1.001, cycle_B: 0.223, idt_B: 0.047

[Rank 0] (epoch: 949, iters: 1088, time: 0.030, data: 0.002) , D_A: 0.059, G_A: 0.721, cycle_A: 0.054, idt_A: 0.123, D_B: 0.002, G_B: 0.981, cycle_B: 0.224, idt_B: 0.049

[Rank 0] (epoch: 949, iters: 1288, time: 0.136, data: 0.003) , D_A: 0.105, G_A: 0.648, cycle_A: 0.081, idt_A: 0.124, D_B: 0.003, G_B: 0.966, cycle_B: 0.227, idt_B: 0.075

[Rank 0] (epoch: 949, iters: 1488, time: 0.030, data: 0.003) , D_A: 0.110, G_A: 0.597, cycle_A: 0.078, idt_A: 0.115, D_B: 0.002, G_B: 0.988, cycle_B: 0.211, idt_B: 0.073

[Rank 0] (epoch: 949, iters: 1688, time: 0.030, data: 0.003) , D_A: 0.103, G_A: 0.599, cycle_A: 0.085, idt_A: 0.125, D_B: 0.002, G_B: 0.974, cycle_B: 0.217, idt_B: 0.078

[Rank 0] (epoch: 949, iters: 1888, time: 0.030, data: 0.003) , D_A: 0.084, G_A: 0.611, cycle_A: 0.081, idt_A: 0.105, D_B: 0.002, G_B: 0.972, cycle_B: 0.183, idt_B: 0.078

learning rate 0.0000004 -> 0.0000002
saving the model at the end of epoch 949, iters 732640
End of epoch 949 / 950 	 Time Taken: 53 sec
[Rank 0] (epoch: 950, iters: 160, time: 0.161, data: 0.003) , D_A: 0.073, G_A: 0.579, cycle_A: 0.102, idt_A: 0.114, D_B: 0.017, G_B: 0.984, cycle_B: 0.200, idt_B: 0.099

[Rank 0] (epoch: 950, iters: 360, time: 0.151, data: 0.004) , D_A: 0.112, G_A: 0.628, cycle_A: 0.069, idt_A: 0.125, D_B: 0.002, G_B: 0.973, cycle_B: 0.222, idt_B: 0.068

[Rank 0] (epoch: 950, iters: 560, time: 0.030, data: 0.002) , D_A: 0.093, G_A: 0.588, cycle_A: 0.079, idt_A: 0.132, D_B: 0.004, G_B: 0.974, cycle_B: 0.242, idt_B: 0.075

[Rank 0] (epoch: 950, iters: 760, time: 0.030, data: 0.003) , D_A: 0.096, G_A: 0.591, cycle_A: 0.087, idt_A: 0.126, D_B: 0.002, G_B: 0.958, cycle_B: 0.217, idt_B: 0.081

[Rank 0] (epoch: 950, iters: 960, time: 0.030, data: 0.002) , D_A: 0.069, G_A: 0.579, cycle_A: 0.090, idt_A: 0.117, D_B: 0.003, G_B: 1.013, cycle_B: 0.208, idt_B: 0.080

[Rank 0] (epoch: 950, iters: 1160, time: 0.030, data: 0.002) , D_A: 0.074, G_A: 0.621, cycle_A: 0.091, idt_A: 0.118, D_B: 0.002, G_B: 0.945, cycle_B: 0.204, idt_B: 0.092

[Rank 0] (epoch: 950, iters: 1360, time: 0.148, data: 0.003) , D_A: 0.078, G_A: 0.748, cycle_A: 0.074, idt_A: 0.109, D_B: 0.006, G_B: 0.992, cycle_B: 0.192, idt_B: 0.072

[Rank 0] (epoch: 950, iters: 1560, time: 0.030, data: 0.003) , D_A: 0.090, G_A: 0.645, cycle_A: 0.062, idt_A: 0.121, D_B: 0.004, G_B: 0.996, cycle_B: 0.216, idt_B: 0.058

[Rank 0] (epoch: 950, iters: 1760, time: 0.030, data: 0.003) , D_A: 0.100, G_A: 0.567, cycle_A: 0.081, idt_A: 0.122, D_B: 0.002, G_B: 0.994, cycle_B: 0.220, idt_B: 0.075

learning rate 0.0000002 -> 0.0000000
saving the model at the end of epoch 950, iters 734568
End of epoch 950 / 950 	 Time Taken: 54 sec
